{"vertexCount":63117,"xMinusArea":1.0778915882110596,"bboxSize":[15.428359031677246,5.889194488525391,21.104562759399414],"totalArea":436.6268615722656,"yMinusArea":3.712672472000122,"bboxCenter":[0.006487846374511719,0.28435027599334717,0.012501716613769531],"alignmentTransform":[-0.7132402062416077,0,0.7009196877479553,0,0,1,0,0,-0.7009196877479553,0,-0.7132402062416077,0,-4.093634128570557,0,4.71823787689209,1],"georeferenceLatitude":45.639974658264094,"faceCount":375030,"horizontalUpArea":135.1252899169922,"xPlusArea":1.7438335418701172,"georeferenceRotation":0.08342655003070831,"zMinusArea":1.6013966798782349,"georeferenceAltitude":39.43125915527344,"zPlusArea":2.9823989868164062,"georeferenceLongitude":-122.67647080266377,"yAlignmentRotation":-2.3649065494537354}