{"yAlignmentRotation":-1.0336418151855469,"alignmentTransform":[0.5116932988166809,0.0,0.8591681718826294,0.0,0.0,1.0,0.0,0.0,-0.8591681718826294,0.0,0.5116932988166809,0.0,-2.5814409255981445,0.0,4.927252769470215,1.0]}