{
  "t_03" : -0.6378589,
  "fy" : 707.7124,
  "height" : 768,
  "blur_score" : 1922.1274,
  "t_23" : -0.9573678,
  "cy" : 386.6539,
  "t_21" : -0.9868313,
  "t_12" : 0.6956847,
  "cx" : 513.4752,
  "center_depth" : 3.2009475,
  "t_20" : 0.1527153,
  "t_22" : 0.053306058,
  "t_02" : 0.7163666,
  "angular_velocity" : 3.4028235e+38,
  "manual_keyframe" : false,
  "fx" : 707.7124,
  "t_11" : -0.07301177,
  "width" : 1024,
  "t_00" : 0.68263155,
  "t_13" : 0.062473033,
  "t_10" : -0.7146272,
  "t_01" : 0.14433567,
  "timestamp" : 306289569361
}