{
  "t_13" : -0.46495765,
  "t_02" : -0.00052482873,
  "cy" : 386.44238,
  "t_10" : -0.98392385,
  "cx" : 514.72394,
  "angular_velocity" : 3.4028235e+38,
  "center_depth" : 6.050677,
  "height" : 768,
  "t_03" : -1.4247164,
  "t_20" : 0.1288431,
  "t_23" : -2.239503,
  "t_11" : -0.122551106,
  "fy" : 707.1502,
  "t_01" : -0.9923237,
  "blur_score" : 502.0337,
  "t_12" : -0.12990463,
  "fx" : 707.1502,
  "t_22" : -0.9915263,
  "width" : 1024,
  "timestamp" : 306296055409,
  "manual_keyframe" : false,
  "t_21" : 0.016581332,
  "t_00" : 0.12366663
}