{
  "t_22" : -0.36050978,
  "width" : 1024,
  "t_10" : -0.8576241,
  "fy" : 707.34393,
  "t_11" : -0.096887775,
  "t_02" : 0.7841804,
  "t_20" : -0.10763823,
  "blur_score" : 1624.1594,
  "fx" : 707.34393,
  "t_23" : -1.518932,
  "center_depth" : 3.4912171,
  "height" : 768,
  "t_21" : -0.92652386,
  "timestamp" : 306292153777,
  "cx" : 513.98584,
  "t_00" : 0.50288665,
  "t_12" : 0.505068,
  "manual_keyframe" : false,
  "t_03" : -1.1985719,
  "t_13" : -0.3618369,
  "cy" : 386.3929,
  "t_01" : -0.36354643,
  "angular_velocity" : 3.4028235e+38
}