{
  "t_02" : -0.23397665,
  "cy" : 386.6669,
  "t_10" : -0.9919839,
  "t_13" : -0.46958902,
  "cx" : 514.73706,
  "angular_velocity" : 3.4028235e+38,
  "center_depth" : 4.863586,
  "height" : 768,
  "t_03" : -1.259616,
  "t_20" : -0.121300146,
  "t_23" : -2.4984841,
  "t_11" : -0.06259549,
  "fy" : 707.39954,
  "t_01" : -0.9715968,
  "blur_score" : 226.77893,
  "t_12" : 0.10977214,
  "fx" : 707.39954,
  "t_22" : -0.9660254,
  "width" : 1024,
  "timestamp" : 306297339279,
  "manual_keyframe" : false,
  "t_21" : 0.22821322,
  "t_00" : 0.035417378
}