{
  "t_22" : -0.9076372,
  "width" : 1024,
  "t_10" : -0.95346266,
  "fy" : 707.11206,
  "t_11" : -0.13294801,
  "t_02" : 0.32087508,
  "t_20" : -0.20666736,
  "blur_score" : 1188.0575,
  "fx" : 707.11206,
  "t_23" : -1.7380915,
  "center_depth" : 4.239042,
  "height" : 768,
  "t_21" : -0.36535367,
  "timestamp" : 306294087919,
  "cx" : 514.43414,
  "t_00" : 0.21953973,
  "t_12" : 0.27061766,
  "manual_keyframe" : false,
  "t_03" : -1.6609676,
  "t_13" : -0.57940966,
  "cy" : 386.37292,
  "t_01" : -0.9213259,
  "angular_velocity" : 3.4028235e+38
}