{
  "t_22" : -0.9701942,
  "width" : 1024,
  "t_10" : -0.9792191,
  "t_11" : -0.1031618,
  "fy" : 707.13745,
  "t_02" : 0.16803432,
  "t_20" : -0.15321918,
  "blur_score" : 788.32056,
  "fx" : 707.13745,
  "t_23" : -1.8974535,
  "center_depth" : 3.4556878,
  "height" : 768,
  "t_21" : -0.18774214,
  "timestamp" : 306294721518,
  "cx" : 514.5331,
  "t_12" : 0.17460728,
  "t_00" : 0.13286811,
  "manual_keyframe" : false,
  "t_03" : -1.6840438,
  "t_13" : -0.54463685,
  "cy" : 386.37384,
  "t_01" : -0.9767858,
  "angular_velocity" : 3.4028235e+38
}