{
  "t_02" : 0.11854444,
  "cy" : 386.38565,
  "t_10" : -0.9901914,
  "t_13" : -0.5178588,
  "cx" : 514.6372,
  "angular_velocity" : 3.4028235e+38,
  "center_depth" : 3.882948,
  "height" : 768,
  "t_03" : -1.6348752,
  "t_20" : -0.059501767,
  "t_23" : -1.9875304,
  "t_11" : -0.11811485,
  "fy" : 707.1423,
  "t_01" : -0.9848687,
  "blur_score" : 784.2571,
  "fx" : 707.1423,
  "t_12" : 0.07463292,
  "t_22" : -0.99013996,
  "width" : 1024,
  "timestamp" : 306295121685,
  "manual_keyframe" : false,
  "t_21" : -0.12681635,
  "t_00" : 0.12641491
}