{
  "manual_keyframe" : false,
  "t_23" : -2.70051,
  "height" : 768,
  "t_03" : -1.0744869,
  "t_01" : -0.9892592,
  "t_13" : -0.56690675,
  "cy" : 386.87518,
  "t_22" : -0.9035992,
  "fx" : 707.9856,
  "t_11" : -0.054599,
  "t_10" : -0.91370064,
  "cx" : 514.43536,
  "center_depth" : 2.1820593,
  "angular_velocity" : 3.4028235e+38,
  "t_00" : -0.0052677067,
  "timestamp" : 306298773212,
  "blur_score" : 672.7022,
  "t_20" : -0.40635392,
  "t_02" : -0.14607681,
  "fy" : 707.9856,
  "t_12" : 0.40270367,
  "width" : 1024,
  "t_21" : 0.13559182
}