{
  "t_03" : -1.07106,
  "fy" : 707.4138,
  "height" : 768,
  "blur_score" : 1490.398,
  "t_23" : -1.4661342,
  "cy" : 386.37805,
  "t_21" : -0.9712242,
  "t_12" : 0.5698597,
  "cx" : 513.982,
  "center_depth" : 3.3485758,
  "t_20" : -0.0008689259,
  "t_22" : -0.23816542,
  "t_02" : 0.78647137,
  "angular_velocity" : 3.4028235e+38,
  "manual_keyframe" : false,
  "fx" : 707.4138,
  "t_11" : -0.13901746,
  "width" : 1024,
  "t_13" : -0.23634484,
  "t_10" : -0.80989766,
  "t_00" : 0.5865706,
  "t_01" : -0.19338472,
  "timestamp" : 306291620220
}