{
  "t_03" : -1.5172175,
  "fy" : 707.2026,
  "height" : 768,
  "blur_score" : 1221.137,
  "t_23" : -1.6628112,
  "cy" : 386.56155,
  "t_21" : -0.71804196,
  "t_12" : 0.4008688,
  "cx" : 514.261,
  "center_depth" : 3.7553332,
  "t_20" : -0.20480186,
  "t_22" : -0.6651854,
  "t_02" : 0.62994635,
  "angular_velocity" : 3.4028235e+38,
  "manual_keyframe" : false,
  "fx" : 707.2026,
  "t_11" : -0.11201808,
  "width" : 1024,
  "t_00" : 0.3623535,
  "t_10" : -0.9092613,
  "t_13" : -0.5784738,
  "t_01" : -0.68692595,
  "timestamp" : 306293354279
}