{
  "t_10" : -0.64066875,
  "t_13" : 0.066552565,
  "t_22" : 0.3634029,
  "t_11" : -0.011983457,
  "t_01" : 0.57885116,
  "cy" : 386.9287,
  "blur_score" : 1731.5944,
  "fx" : 708.9211,
  "t_00" : 0.6216051,
  "t_21" : -0.81534505,
  "cx" : 513.3098,
  "center_depth" : 2.8117032,
  "height" : 768,
  "t_12" : 0.7677239,
  "timestamp" : 306287585196,
  "manual_keyframe" : false,
  "fy" : 708.9211,
  "t_03" : -0.254437,
  "angular_velocity" : 3.4028235e+38,
  "t_23" : -0.4958129,
  "t_02" : 0.52776736,
  "t_20" : 0.45072234,
  "width" : 1024
}