{
  "t_02" : 0.73520505,
  "cy" : 386.81042,
  "t_10" : -0.73151755,
  "t_13" : -0.06686403,
  "cx" : 513.5297,
  "angular_velocity" : 3.4028235e+38,
  "center_depth" : 3.0870569,
  "height" : 768,
  "t_03" : -0.82259476,
  "t_20" : 0.07904012,
  "t_23" : -1.1019485,
  "t_11" : -0.0808389,
  "fy" : 707.7728,
  "t_01" : 0.028960977,
  "blur_score" : 1845.6996,
  "fx" : 707.7728,
  "t_12" : 0.6770134,
  "t_22" : -0.03356074,
  "width" : 1024,
  "timestamp" : 306290269655,
  "manual_keyframe" : false,
  "t_21" : -0.9963063,
  "t_00" : 0.6772257
}