{
  "t_10" : -0.68224293,
  "cy" : 386.92868,
  "t_13" : 0.07928691,
  "t_02" : 0.600765,
  "cx" : 513.3489,
  "angular_velocity" : 3.4028235e+38,
  "center_depth" : 3.04633,
  "height" : 768,
  "t_03" : -0.35770655,
  "t_20" : 0.4009464,
  "t_23" : -0.63165796,
  "t_11" : -0.04157445,
  "fy" : 708.5494,
  "t_01" : 0.51506776,
  "blur_score" : 2087.2412,
  "t_12" : 0.72994256,
  "fx" : 708.5494,
  "t_22" : 0.3259835,
  "width" : 1024,
  "timestamp" : 306288068732,
  "manual_keyframe" : false,
  "t_21" : -0.85614055,
  "t_00" : 0.6113809
}