{
  "fy" : 707.16766,
  "t_01" : -0.99121344,
  "t_21" : -0.06766824,
  "t_00" : 0.109727845,
  "t_10" : -0.9922005,
  "cy" : 386.3418,
  "t_02" : 0.07386243,
  "timestamp" : 306295621894,
  "fx" : 707.16766,
  "center_depth" : 6.4783573,
  "t_23" : -2.1167502,
  "t_22" : -0.9959533,
  "angular_velocity" : 3.4028235e+38,
  "t_11" : -0.11365236,
  "cx" : 514.64185,
  "t_12" : -0.051199757,
  "t_20" : 0.05914452,
  "blur_score" : 534.93115,
  "t_13" : -0.48872462,
  "width" : 1024,
  "height" : 768,
  "t_03" : -1.5226245,
  "manual_keyframe" : false
}