{
  "t_22" : -0.14207654,
  "width" : 1024,
  "t_10" : -0.78002065,
  "fy" : 707.4456,
  "t_11" : -0.10363874,
  "t_02" : 0.7739427,
  "t_20" : 0.019090815,
  "blur_score" : 1592.129,
  "fx" : 707.4456,
  "t_23" : -1.3589877,
  "center_depth" : 3.161196,
  "height" : 768,
  "t_21" : -0.98967135,
  "timestamp" : 306291153358,
  "cx" : 513.49945,
  "t_12" : 0.6171115,
  "t_00" : 0.62546235,
  "manual_keyframe" : false,
  "t_03" : -0.9866015,
  "t_13" : -0.20783028,
  "cy" : 386.5624,
  "t_01" : -0.09904145,
  "angular_velocity" : 3.4028235e+38
}