{
  "t_10" : -0.9430918,
  "t_13" : -0.5343962,
  "t_22" : -0.9156945,
  "t_11" : -0.03885387,
  "t_01" : -0.9726022,
  "cy" : 386.7166,
  "blur_score" : 720.41327,
  "fx" : 707.6584,
  "t_00" : -0.04011794,
  "t_21" : 0.22920547,
  "cx" : 514.61804,
  "center_depth" : 2.334686,
  "height" : 768,
  "t_12" : 0.3302549,
  "timestamp" : 306298056246,
  "manual_keyframe" : false,
  "fy" : 707.6584,
  "t_03" : -1.1612859,
  "angular_velocity" : 3.4028235e+38,
  "t_23" : -2.5461643,
  "t_02" : -0.22898757,
  "t_20" : -0.3301037,
  "width" : 1024
}