{
  "t_01" : -0.9819827,
  "fy" : 708.27466,
  "t_21" : 0.17658825,
  "t_00" : -0.020838572,
  "t_02" : -0.18781774,
  "t_10" : -0.89022416,
  "cy" : 386.62628,
  "timestamp" : 306299706936,
  "fx" : 708.27466,
  "center_depth" : 2.159525,
  "t_23" : -3.0134604,
  "t_22" : -0.87278277,
  "angular_velocity" : 3.4028235e+38,
  "t_11" : -0.067278154,
  "cx" : 514.2957,
  "t_12" : 0.4505272,
  "t_20" : -0.45504597,
  "blur_score" : 631.36005,
  "t_13" : -0.5865178,
  "width" : 1024,
  "height" : 768,
  "t_03" : -1.0427514,
  "manual_keyframe" : false
}