{
  "t_22" : -0.98401123,
  "width" : 1024,
  "t_10" : -0.9952724,
  "fy" : 707.38684,
  "t_11" : -0.089470804,
  "t_02" : -0.17405142,
  "t_20" : 0.021466166,
  "blur_score" : 251.71072,
  "fx" : 707.38684,
  "t_23" : -2.4400697,
  "center_depth" : 5.150925,
  "height" : 768,
  "t_21" : 0.17680794,
  "timestamp" : 306296855744,
  "cx" : 514.6014,
  "t_12" : -0.037788022,
  "t_00" : 0.094721496,
  "manual_keyframe" : false,
  "t_03" : -1.3149486,
  "t_13" : -0.4603981,
  "cy" : 386.44955,
  "t_01" : -0.98017025,
  "angular_velocity" : 3.4028235e+38
}