{
  "t_01" : 0.8157515,
  "t_10" : -0.6468787,
  "t_23" : 0.0072635706,
  "angular_velocity" : 3.4028235e+38,
  "timestamp" : 306284283811,
  "t_00" : 0.42876077,
  "fx" : 709.7644,
  "blur_score" : 830.68396,
  "fy" : 709.7644,
  "manual_keyframe" : false,
  "t_20" : 0.63064426,
  "cx" : 513.38684,
  "cy" : 386.83456,
  "t_13" : 0.051636763,
  "height" : 768,
  "width" : 1024,
  "t_21" : -0.5779546,
  "t_22" : 0.5179346,
  "t_02" : 0.38821855,
  "t_03" : -0.07877502,
  "t_12" : 0.76225334,
  "t_11" : -0.022757716,
  "center_depth" : 2.0704784
}