{
  "t_10" : -0.9325626,
  "t_13" : -0.59305906,
  "t_22" : -0.76933527,
  "t_11" : -0.1033583,
  "t_01" : -0.79314655,
  "cy" : 386.49274,
  "blur_score" : 1294.073,
  "fx" : 707.05804,
  "t_00" : 0.28712282,
  "t_21" : -0.6001962,
  "cx" : 514.33746,
  "center_depth" : 4.363801,
  "height" : 768,
  "t_12" : 0.34589627,
  "timestamp" : 306293587710,
  "manual_keyframe" : false,
  "fy" : 707.05804,
  "t_03" : -1.5842746,
  "angular_velocity" : 3.4028235e+38,
  "t_23" : -1.6666344,
  "t_02" : 0.5371024,
  "t_20" : -0.21883248,
  "width" : 1024
}