{
  "t_10" : -0.7205233,
  "t_13" : 0.07910697,
  "t_22" : 0.22066459,
  "t_11" : -0.0561522,
  "t_01" : 0.35554332,
  "cy" : 386.8176,
  "blur_score" : 1622.7697,
  "fx" : 708.0062,
  "t_00" : 0.6324357,
  "t_21" : -0.9329714,
  "cx" : 513.5071,
  "center_depth" : 3.2377262,
  "height" : 768,
  "t_12" : 0.69115347,
  "timestamp" : 306288785699,
  "manual_keyframe" : false,
  "t_03" : -0.50168586,
  "fy" : 708.0062,
  "angular_velocity" : 3.4028235e+38,
  "t_23" : -0.82875735,
  "t_02" : 0.6881961,
  "t_20" : 0.28437877,
  "width" : 1024
}