{
  "t_02" : 0.6896726,
  "t_13" : -0.5120369,
  "cy" : 386.6008,
  "t_10" : -0.8734137,
  "cx" : 514.2436,
  "angular_velocity" : 3.4028235e+38,
  "center_depth" : 3.3310745,
  "height" : 768,
  "t_03" : -1.398753,
  "t_20" : -0.20520766,
  "t_23" : -1.6425043,
  "t_11" : -0.09916817,
  "fy" : 707.425,
  "t_01" : -0.57385826,
  "blur_score" : 1731.8568,
  "fx" : 707.425,
  "t_12" : 0.4767749,
  "t_22" : -0.54501146,
  "width" : 1024,
  "timestamp" : 306292987459,
  "manual_keyframe" : false,
  "t_21" : -0.8129282,
  "t_00" : 0.44163156
}