{
  "manual_keyframe" : false,
  "t_23" : -2.8487082,
  "height" : 768,
  "t_03" : -1.0671409,
  "t_13" : -0.5795626,
  "t_01" : -0.99606127,
  "cy" : 386.79004,
  "t_22" : -0.893413,
  "fx" : 707.9475,
  "t_10" : -0.89495844,
  "t_11" : -0.064458795,
  "cx" : 514.36554,
  "center_depth" : 2.2307289,
  "angular_velocity" : 3.4028235e+38,
  "t_00" : 0.030709961,
  "timestamp" : 306299256748,
  "blur_score" : 1069.7147,
  "t_20" : -0.44509146,
  "t_12" : 0.44146866,
  "fy" : 707.9475,
  "t_02" : -0.083178654,
  "width" : 1024,
  "t_21" : 0.060883988
}