{
  "t_13" : 0.05404286,
  "cy" : 387.13803,
  "t_10" : -0.59733784,
  "t_02" : 0.41540605,
  "cx" : 513.2659,
  "angular_velocity" : 3.4028235e+38,
  "center_depth" : 2.188051,
  "height" : 768,
  "t_03" : -0.18419431,
  "t_20" : 0.5644427,
  "t_23" : -0.25528768,
  "t_11" : 0.01014842,
  "fy" : 709.1879,
  "t_01" : 0.7091162,
  "blur_score" : 1440.1987,
  "t_12" : 0.8019256,
  "fx" : 709.1879,
  "t_22" : 0.42936382,
  "width" : 1024,
  "timestamp" : 306286451387,
  "manual_keyframe" : false,
  "t_21" : -0.7050185,
  "t_00" : 0.56972975
}