{
  "t_10" : -0.9911743,
  "t_13" : -0.45372272,
  "t_22" : -0.98904884,
  "t_11" : -0.10559969,
  "cy" : 386.47098,
  "t_01" : -0.9856006,
  "blur_score" : 246.20079,
  "fx" : 707.3901,
  "t_00" : 0.11502636,
  "t_21" : 0.13205954,
  "cx" : 514.63104,
  "center_depth" : 5.342389,
  "height" : 768,
  "t_12" : -0.080138855,
  "timestamp" : 306296672334,
  "manual_keyframe" : false,
  "t_03" : -1.3431834,
  "fy" : 707.3901,
  "angular_velocity" : 3.4028235e+38,
  "t_23" : -2.3878608,
  "t_02" : -0.123935245,
  "t_20" : 0.065897375,
  "width" : 1024
}