{
  "fx" : 707.44244,
  "cy" : 386.88925,
  "t_21" : -0.22620957,
  "timestamp" : 306307543545,
  "t_11" : -0.008319042,
  "t_03" : 0.34001127,
  "t_10" : -0.92475927,
  "manual_keyframe" : false,
  "t_02" : 0.20612085,
  "center_depth" : 3.068745,
  "fy" : 707.44244,
  "t_00" : 0.09356398,
  "t_20" : -0.36887127,
  "height" : 768,
  "cx" : 514.4451,
  "width" : 1024,
  "t_01" : -0.97404283,
  "t_12" : 0.3804616,
  "t_22" : -0.90153366,
  "blur_score" : 606.24414,
  "t_23" : -4.1881285,
  "t_13" : -0.51914424,
  "angular_velocity" : 3.4028235e+38
}