{
  "t_00" : 0.053962022,
  "angular_velocity" : 3.4028235e+38,
  "t_03" : 0.42818356,
  "t_11" : -0.051653992,
  "t_21" : -0.01606726,
  "cy" : 386.73868,
  "t_10" : -0.9719564,
  "t_23" : -4.146198,
  "center_depth" : 2.8317084,
  "cx" : 514.5831,
  "t_13" : -0.4674714,
  "width" : 1024,
  "manual_keyframe" : false,
  "t_01" : -0.9985357,
  "t_22" : -0.97332054,
  "height" : 768,
  "fx" : 707.16766,
  "blur_score" : 240.71758,
  "t_20" : -0.22888641,
  "timestamp" : 306312462265,
  "t_02" : 0.003793809,
  "fy" : 707.16766,
  "t_12" : 0.2294183
}