{
  "t_12" : 0.32185578,
  "angular_velocity" : 3.4028235e+38,
  "t_11" : -0.030027116,
  "t_03" : 0.39585423,
  "t_21" : 0.25890428,
  "t_10" : -0.9463125,
  "cy" : 386.87842,
  "t_23" : -4.1510286,
  "center_depth" : 4.16754,
  "cx" : 514.66394,
  "t_13" : -0.4986045,
  "width" : 1024,
  "manual_keyframe" : false,
  "t_01" : -0.96543604,
  "t_22" : -0.9119243,
  "height" : 768,
  "fx" : 707.08185,
  "blur_score" : 401.8561,
  "t_20" : -0.31837502,
  "timestamp" : 306306643169,
  "t_02" : -0.2545642,
  "fy" : 707.08185,
  "t_00" : -0.05594738
}