{
  "t_00" : 0.28943664,
  "t_22" : -0.4845161,
  "t_10" : -0.9468318,
  "t_01" : -0.50380665,
  "timestamp" : 306310911618,
  "t_02" : 0.8138828,
  "blur_score" : 1201.9835,
  "t_13" : -0.5022776,
  "angular_velocity" : 3.4028235e+38,
  "height" : 768,
  "t_21" : -0.86342806,
  "t_11" : -0.02589821,
  "center_depth" : 3.4290833,
  "t_20" : -0.1404852,
  "fx" : 707.09937,
  "cy" : 386.7301,
  "fy" : 707.09937,
  "cx" : 514.4801,
  "manual_keyframe" : false,
  "t_03" : 0.050560772,
  "t_12" : 0.32068512,
  "width" : 1024,
  "t_23" : -4.4710464
}