{
  "t_12" : 0.10520546,
  "angular_velocity" : 3.4028235e+38,
  "t_11" : -0.04934097,
  "t_03" : -0.6242631,
  "t_21" : 0.55653125,
  "cy" : 386.72467,
  "t_10" : -0.99322575,
  "t_23" : -3.3883643,
  "center_depth" : 3.739782,
  "cx" : 514.66846,
  "t_13" : -0.47128552,
  "width" : 1024,
  "manual_keyframe" : false,
  "t_01" : -0.8293602,
  "t_22" : -0.82285625,
  "height" : 768,
  "fx" : 708.5955,
  "blur_score" : 284.49255,
  "t_20" : -0.11480649,
  "timestamp" : 306301774467,
  "t_02" : -0.5584258,
  "fy" : 708.5955,
  "t_00" : -0.017949592
}