{
  "t_00" : 0.03245629,
  "t_22" : -0.9503239,
  "t_10" : -0.9948448,
  "t_01" : -0.953301,
  "timestamp" : 306312929127,
  "t_02" : -0.30027276,
  "blur_score" : 219.13948,
  "t_13" : -0.41126418,
  "angular_velocity" : 3.4028235e+38,
  "height" : 768,
  "t_21" : 0.29606405,
  "t_11" : -0.059692793,
  "center_depth" : 4.2990327,
  "t_20" : -0.09607533,
  "fx" : 707.42017,
  "cy" : 386.73166,
  "fy" : 707.42017,
  "cx" : 514.7069,
  "manual_keyframe" : false,
  "t_03" : 0.5964078,
  "t_12" : 0.08197959,
  "width" : 1024,
  "t_23" : -4.0513372
}