{
  "t_12" : 0.37434548,
  "t_01" : -0.92245096,
  "t_00" : 0.14985378,
  "t_20" : -0.34309936,
  "blur_score" : 536.01196,
  "height" : 768,
  "t_13" : -0.50993955,
  "t_10" : -0.92726845,
  "cx" : 514.3991,
  "t_21" : -0.38606375,
  "center_depth" : 3.4321887,
  "timestamp" : 306307910365,
  "fy" : 707.6934,
  "fx" : 707.6934,
  "t_02" : 0.35584813,
  "t_23" : -4.2284703,
  "t_03" : 0.27843037,
  "angular_velocity" : 3.4028235e+38,
  "cy" : 386.91287,
  "width" : 1024,
  "t_22" : -0.8562929,
  "manual_keyframe" : false,
  "t_11" : -0.0062274733
}