{
  "t_00" : 0.1825203,
  "t_22" : -0.7774879,
  "t_10" : -0.9588503,
  "t_01" : -0.80708605,
  "timestamp" : 306311545215,
  "t_02" : 0.5615142,
  "blur_score" : 1138.5435,
  "t_13" : -0.48428962,
  "angular_velocity" : 3.4028235e+38,
  "height" : 768,
  "t_21" : -0.59010166,
  "t_11" : -0.019795755,
  "center_depth" : 5.7797375,
  "t_20" : -0.21746832,
  "fx" : 706.83093,
  "cy" : 386.69806,
  "fy" : 706.83093,
  "cx" : 514.4513,
  "manual_keyframe" : false,
  "t_03" : 0.14184049,
  "t_12" : 0.28322124,
  "width" : 1024,
  "t_23" : -4.3459053
}