{
  "t_00" : 0.19718328,
  "angular_velocity" : 3.4028235e+38,
  "t_03" : -0.4423351,
  "t_11" : -0.074357055,
  "t_21" : 0.54572153,
  "t_10" : -0.96550953,
  "cy" : 386.72067,
  "t_23" : -3.742954,
  "center_depth" : 4.48796,
  "cx" : 514.6656,
  "t_13" : -0.33078912,
  "width" : 1024,
  "manual_keyframe" : false,
  "t_01" : -0.8346608,
  "t_22" : -0.82053506,
  "height" : 768,
  "fx" : 708.5494,
  "blur_score" : 472.2141,
  "t_20" : 0.17002945,
  "timestamp" : 306303191727,
  "t_02" : -0.5142565,
  "fy" : 708.5494,
  "t_12" : -0.24952416
}