{
  "t_00" : -0.11316327,
  "angular_velocity" : 3.4028235e+38,
  "t_03" : 0.35197648,
  "t_11" : -0.01951854,
  "t_21" : 0.45055068,
  "t_10" : -0.95740443,
  "cy" : 386.862,
  "t_23" : -4.1462855,
  "center_depth" : 4.1369996,
  "cx" : 514.61957,
  "t_13" : -0.48234156,
  "width" : 1024,
  "manual_keyframe" : false,
  "t_01" : -0.89253736,
  "t_22" : -0.8523105,
  "height" : 768,
  "fx" : 707.12476,
  "blur_score" : 470.4679,
  "t_20" : -0.26565176,
  "timestamp" : 306306276349,
  "t_02" : -0.43654436,
  "fy" : 707.12476,
  "t_12" : 0.28808996
}