{
  "blur_score" : 412.15796,
  "height" : 768,
  "fx" : 708.21747,
  "cx" : 514.66003,
  "t_03" : 1.3788384,
  "manual_keyframe" : false,
  "angular_velocity" : 3.4028235e+38,
  "t_13" : -0.16003053,
  "t_00" : -0.012042245,
  "width" : 1024,
  "t_10" : -0.99569905,
  "t_02" : 0.37011936,
  "t_12" : -0.08978097,
  "t_01" : -0.92890596,
  "cy" : 386.6559,
  "t_20" : 0.09186079,
  "t_21" : -0.36960858,
  "t_23" : -3.4008,
  "center_depth" : 5.007089,
  "timestamp" : 306317631092,
  "fy" : 708.21747,
  "t_22" : -0.92463547,
  "t_11" : -0.02286477
}