{
  "fy" : 708.50653,
  "t_01" : -0.8344583,
  "t_21" : 0.54636055,
  "t_02" : -0.5351303,
  "t_00" : -0.13158587,
  "t_10" : -0.9367759,
  "cy" : 386.528,
  "timestamp" : 306300907438,
  "fx" : 708.50653,
  "center_depth" : 2.3268993,
  "t_23" : -3.233121,
  "t_22" : -0.77223957,
  "angular_velocity" : 3.4028235e+38,
  "t_12" : 0.342464,
  "cx" : 514.3981,
  "t_11" : -0.07189862,
  "t_20" : -0.32424706,
  "blur_score" : 531.5959,
  "t_13" : -0.5354203,
  "width" : 1024,
  "height" : 768,
  "t_03" : -0.8290092,
  "manual_keyframe" : false
}