{
  "cy" : 386.8811,
  "t_02" : -0.6321247,
  "t_10" : -0.98924124,
  "t_20" : 0.07714377,
  "t_11" : -0.045992244,
  "t_13" : -0.3320845,
  "fx" : 707.3901,
  "t_23" : -3.8497403,
  "manual_keyframe" : false,
  "t_22" : -0.76232004,
  "blur_score" : 648.8619,
  "width" : 1024,
  "t_03" : 0.10716617,
  "t_00" : 0.12430048,
  "t_01" : -0.7648318,
  "center_depth" : 4.098276,
  "angular_velocity" : 3.4028235e+38,
  "height" : 768,
  "fy" : 707.3901,
  "cx" : 514.7512,
  "timestamp" : 306304675680,
  "t_21" : 0.6425862,
  "t_12" : -0.1388758
}