{
  "t_00" : 0.15680206,
  "angular_velocity" : 3.4028235e+38,
  "t_03" : -0.22301754,
  "t_11" : -0.056844864,
  "t_21" : 0.57841164,
  "cy" : 386.45224,
  "t_10" : -0.9797751,
  "t_23" : -3.7764614,
  "center_depth" : 4.3853807,
  "cx" : 514.4812,
  "t_13" : -0.31313255,
  "width" : 1024,
  "manual_keyframe" : false,
  "t_01" : -0.8137619,
  "t_22" : -0.80621713,
  "height" : 768,
  "fx" : 707.97766,
  "blur_score" : 454.2771,
  "t_20" : 0.12431351,
  "timestamp" : 306303825325,
  "t_02" : -0.55964667,
  "fy" : 707.97766,
  "t_12" : -0.1918578
}