{
  "t_00" : 0.124371015,
  "t_22" : -0.8838866,
  "t_10" : -0.9594909,
  "t_01" : -0.91919816,
  "timestamp" : 306311912035,
  "t_02" : 0.3736396,
  "blur_score" : 675.26715,
  "t_13" : -0.47944692,
  "angular_velocity" : 3.4028235e+38,
  "height" : 768,
  "t_21" : -0.3934911,
  "t_11" : -0.015472818,
  "center_depth" : 4.1727643,
  "t_20" : -0.25280258,
  "fx" : 706.83093,
  "cy" : 386.77698,
  "fy" : 706.83093,
  "cx" : 514.52136,
  "manual_keyframe" : false,
  "t_03" : 0.23456535,
  "t_12" : 0.28131458,
  "width" : 1024,
  "t_23" : -4.268128
}