{
  "t_12" : -0.11901127,
  "angular_velocity" : 3.4028235e+38,
  "t_03" : 0.7949724,
  "t_11" : -0.033879638,
  "t_21" : 0.34020048,
  "cy" : 386.6412,
  "t_10" : -0.99231476,
  "t_23" : -3.8157725,
  "center_depth" : 3.909727,
  "cx" : 514.85297,
  "t_13" : -0.23703685,
  "width" : 1024,
  "manual_keyframe" : false,
  "t_01" : -0.9397423,
  "t_22" : -0.93496513,
  "height" : 768,
  "fx" : 707.43445,
  "blur_score" : 252.82689,
  "t_20" : 0.10051801,
  "timestamp" : 306313712787,
  "t_02" : -0.33418038,
  "fy" : 707.43445,
  "t_00" : 0.07216396
}