{
  "fx" : 707.4265,
  "cy" : 386.82703,
  "t_21" : -0.8497781,
  "timestamp" : 306309210908,
  "t_03" : 0.07955743,
  "t_10" : -0.93468964,
  "t_11" : -0.028811572,
  "manual_keyframe" : false,
  "t_02" : 0.7895615,
  "center_depth" : 3.3998208,
  "fy" : 707.4265,
  "t_00" : 0.3155091,
  "t_20" : -0.16373578,
  "height" : 768,
  "cx" : 514.42413,
  "width" : 1024,
  "t_01" : -0.5263523,
  "t_12" : 0.3542955,
  "t_22" : -0.5010664,
  "blur_score" : 1413.5398,
  "t_23" : -4.40135,
  "t_13" : -0.5092621,
  "angular_velocity" : 3.4028235e+38
}