{
  "cy" : 386.84802,
  "t_02" : 0.6163631,
  "t_10" : -0.9423442,
  "t_20" : -0.25630015,
  "t_11" : 0.0045947637,
  "t_13" : -0.49972537,
  "fx" : 708.5875,
  "t_23" : -3.772863,
  "manual_keyframe" : false,
  "t_22" : -0.71283245,
  "blur_score" : 966.77814,
  "width" : 1024,
  "t_03" : 0.9662808,
  "t_01" : -0.757495,
  "t_00" : 0.21516868,
  "center_depth" : 4.107159,
  "angular_velocity" : 3.4028235e+38,
  "height" : 768,
  "cx" : 514.4653,
  "fy" : 708.5875,
  "timestamp" : 306320282196,
  "t_21" : -0.6528246,
  "t_12" : 0.33461356
}