{
  "blur_score" : 509.6642,
  "height" : 768,
  "fx" : 707.45667,
  "cx" : 514.6654,
  "t_03" : 0.917383,
  "manual_keyframe" : false,
  "angular_velocity" : 3.4028235e+38,
  "t_00" : 0.05722177,
  "t_13" : -0.1263651,
  "width" : 1024,
  "t_10" : -0.97055304,
  "t_02" : -0.27720493,
  "t_12" : -0.24060653,
  "t_01" : -0.95910525,
  "cy" : 386.6621,
  "t_20" : 0.23399265,
  "t_21" : 0.28281003,
  "t_23" : -3.7351558,
  "center_depth" : 3.858868,
  "timestamp" : 306314129629,
  "fy" : 707.45667,
  "t_22" : -0.93019664,
  "t_11" : 0.01163642
}