{
  "t_21" : -0.3629568,
  "t_23" : -3.372107,
  "angular_velocity" : 3.4028235e+38,
  "t_20" : -0.12653643,
  "cy" : 386.7799,
  "t_13" : -0.35224044,
  "t_00" : 0.0522419,
  "manual_keyframe" : false,
  "t_10" : -0.99058545,
  "center_depth" : 3.2211173,
  "t_22" : -0.9231744,
  "fy" : 708.52246,
  "fx" : 708.52246,
  "t_11" : -0.0027779904,
  "t_02" : 0.3591882,
  "t_03" : 1.3647411,
  "blur_score" : 245.40114,
  "t_01" : -0.93180174,
  "t_12" : 0.13686843,
  "width" : 1024,
  "height" : 768,
  "timestamp" : 306318364731,
  "cx" : 514.6803
}