{
  "cy" : 386.80197,
  "t_02" : 0.8872574,
  "t_10" : -0.93333983,
  "t_20" : -0.11320761,
  "t_11" : 0.0017651357,
  "t_13" : -0.5115014,
  "fx" : 707.1041,
  "t_23" : -4.497586,
  "manual_keyframe" : false,
  "t_22" : -0.28965595,
  "blur_score" : 1240.4105,
  "width" : 1024,
  "t_03" : 0.02637516,
  "t_01" : -0.31098774,
  "t_00" : 0.34067708,
  "center_depth" : 4.0039077,
  "angular_velocity" : 3.4028235e+38,
  "height" : 768,
  "fy" : 707.1041,
  "cx" : 514.4172,
  "timestamp" : 306309877853,
  "t_21" : -0.9504121,
  "t_12" : 0.3589899
}