{
  "t_21" : -0.35975683,
  "t_23" : -3.4327855,
  "angular_velocity" : 3.4028235e+38,
  "t_20" : 0.18461837,
  "cy" : 386.6961,
  "t_00" : -0.02114998,
  "t_13" : -0.1029576,
  "manual_keyframe" : false,
  "t_10" : -0.98258275,
  "center_depth" : 4.5438347,
  "t_22" : -0.9145988,
  "fy" : 707.95544,
  "fx" : 707.95544,
  "t_11" : -0.04753742,
  "t_02" : 0.36226714,
  "t_03" : 1.3679508,
  "blur_score" : 572.1309,
  "t_01" : -0.9318343,
  "t_12" : -0.17964259,
  "width" : 1024,
  "height" : 768,
  "timestamp" : 306317347640,
  "cx" : 514.3634
}