{
  "blur_score" : 406.62976,
  "height" : 768,
  "fx" : 708.5367,
  "cx" : 514.69885,
  "t_03" : 1.352241,
  "manual_keyframe" : false,
  "angular_velocity" : 3.4028235e+38,
  "t_00" : 0.013821152,
  "t_13" : -0.25008154,
  "width" : 1024,
  "t_10" : -0.99988246,
  "t_02" : 0.40338746,
  "cy" : 387.0024,
  "t_12" : 0.011647521,
  "t_01" : -0.9149247,
  "t_20" : -0.006635157,
  "t_21" : -0.4035009,
  "t_23" : -3.391067,
  "center_depth" : 2.7597485,
  "timestamp" : 306317997911,
  "fy" : 708.5367,
  "t_22" : -0.914955,
  "t_11" : -0.009969195
}