{
  "t_00" : 0.22729479,
  "t_22" : -0.780157,
  "t_10" : -0.92872685,
  "t_01" : -0.83281416,
  "timestamp" : 306319848683,
  "t_02" : 0.50473505,
  "blur_score" : 545.7829,
  "t_13" : -0.51804775,
  "angular_velocity" : 3.4028235e+38,
  "height" : 768,
  "t_21" : -0.552767,
  "t_11" : -0.02947743,
  "center_depth" : 3.0407498,
  "t_20" : -0.2929224,
  "fx" : 708.8497,
  "cy" : 387.15857,
  "fy" : 708.8497,
  "cx" : 514.42,
  "manual_keyframe" : false,
  "t_03" : 1.1475651,
  "t_12" : 0.36959103,
  "width" : 1024,
  "t_23" : -3.6073654
}