{
  "t_21" : -0.13452795,
  "t_23" : -3.6360867,
  "angular_velocity" : 3.4028235e+38,
  "t_20" : 0.4894881,
  "cy" : 386.52133,
  "t_00" : -0.009276645,
  "t_13" : 0.019342933,
  "manual_keyframe" : false,
  "t_10" : -0.8719607,
  "center_depth" : 5.0198727,
  "t_22" : -0.86157054,
  "fy" : 707.1756,
  "fx" : 707.1756,
  "t_11" : -0.06499989,
  "t_02" : 0.14911982,
  "t_03" : 1.2277818,
  "blur_score" : 421.8274,
  "t_01" : -0.98877555,
  "t_12" : -0.4852419,
  "width" : 1024,
  "height" : 768,
  "timestamp" : 306315863687,
  "cx" : 514.1863
}