{
  "t_00" : 0.058122333,
  "t_22" : -0.9201578,
  "t_10" : -0.9382947,
  "t_01" : -0.9812395,
  "timestamp" : 306314496449,
  "t_02" : -0.18382281,
  "blur_score" : 406.3075,
  "t_13" : -0.07247793,
  "angular_velocity" : 3.4028235e+38,
  "height" : 768,
  "t_21" : 0.19257377,
  "t_11" : 0.009186736,
  "center_depth" : 3.5849411,
  "t_20" : 0.3409177,
  "fx" : 707.43445,
  "cy" : 386.77148,
  "fy" : 707.43445,
  "cx" : 514.526,
  "manual_keyframe" : false,
  "t_03" : 1.0625155,
  "t_12" : -0.34571478,
  "width" : 1024,
  "t_23" : -3.6872983
}