{
  "blur_score" : 1442.4781,
  "height" : 768,
  "fx" : 707.4058,
  "cx" : 514.5178,
  "t_03" : 0.4317929,
  "manual_keyframe" : false,
  "angular_velocity" : 3.4028235e+38,
  "t_13" : -0.4913489,
  "t_00" : 0.2170307,
  "width" : 1024,
  "t_10" : -0.9499187,
  "t_02" : 0.5851303,
  "cy" : 386.84354,
  "t_12" : 0.31095722,
  "t_01" : -0.7813579,
  "t_20" : -0.22483814,
  "t_21" : -0.62331337,
  "t_23" : -4.1222773,
  "center_depth" : 5.054508,
  "timestamp" : 306321449349,
  "fy" : 707.4058,
  "t_22" : -0.7489513,
  "t_11" : -0.030985847
}