{
  "cy" : 386.86435,
  "t_02" : 0.3101153,
  "t_10" : -0.94445866,
  "t_20" : -0.31353703,
  "t_11" : 0.009400974,
  "t_13" : -0.45061207,
  "fx" : 708.5685,
  "t_23" : -3.3554504,
  "manual_keyframe" : false,
  "t_22" : -0.8921429,
  "blur_score" : 304.93762,
  "width" : 1024,
  "t_00" : 0.09845019,
  "t_03" : 1.3923904,
  "t_01" : -0.9455876,
  "center_depth" : 2.5981529,
  "angular_velocity" : 3.4028235e+38,
  "height" : 768,
  "cx" : 514.71277,
  "fy" : 708.5685,
  "timestamp" : 306318748224,
  "t_21" : -0.32523143,
  "t_12" : 0.3284959
}