{
  "fy" : 708.2969,
  "t_01" : -0.90177894,
  "t_21" : 0.42384437,
  "t_02" : -0.4166287,
  "t_10" : -0.8984159,
  "cy" : 386.63342,
  "t_00" : -0.11495804,
  "timestamp" : 306300373882,
  "fx" : 708.2969,
  "center_depth" : 2.2442243,
  "t_23" : -3.1537268,
  "t_22" : -0.80045134,
  "angular_velocity" : 3.4028235e+38,
  "t_12" : 0.43092734,
  "cx" : 514.35443,
  "t_11" : -0.08456237,
  "t_20" : -0.4238323,
  "blur_score" : 545.5719,
  "t_13" : -0.56509304,
  "width" : 1024,
  "height" : 768,
  "t_03" : -0.9472896,
  "manual_keyframe" : false
}