{
  "t_00" : 0.08011258,
  "angular_velocity" : 3.4028235e+38,
  "t_03" : 0.3334867,
  "t_11" : -0.026133273,
  "t_21" : -0.19749406,
  "cy" : 386.8299,
  "t_10" : -0.9593619,
  "t_23" : -4.2011175,
  "center_depth" : 3.3088338,
  "cx" : 514.5095,
  "t_13" : -0.4829444,
  "width" : 1024,
  "manual_keyframe" : false,
  "t_01" : -0.9799556,
  "t_22" : -0.9422257,
  "height" : 768,
  "fx" : 706.82623,
  "blur_score" : 343.41537,
  "t_20" : -0.2705676,
  "timestamp" : 306312228834,
  "t_02" : 0.1823975,
  "fy" : 706.82623,
  "t_12" : 0.28096604
}