{
  "t_00" : 0.057786245,
  "angular_velocity" : 3.4028235e+38,
  "t_03" : 0.64819676,
  "t_11" : -0.07903179,
  "t_21" : 0.35449827,
  "t_10" : -0.995862,
  "cy" : 386.81866,
  "t_23" : -3.992194,
  "center_depth" : 4.1017995,
  "cx" : 514.781,
  "t_13" : -0.3810355,
  "width" : 1024,
  "manual_keyframe" : false,
  "t_01" : -0.93171066,
  "t_22" : -0.9324223,
  "height" : 768,
  "fx" : 707.4281,
  "blur_score" : 384.87292,
  "t_20" : -0.07014049,
  "timestamp" : 306313129210,
  "t_02" : -0.35857466,
  "fy" : 707.4281,
  "t_12" : 0.044865523
}