{
  "t_00" : 0.23039128,
  "t_22" : -0.668047,
  "t_10" : -0.9556525,
  "t_01" : -0.6921889,
  "timestamp" : 306311261764,
  "t_02" : 0.68395483,
  "blur_score" : 1373.9221,
  "t_13" : -0.49349892,
  "angular_velocity" : 3.4028235e+38,
  "height" : 768,
  "t_21" : -0.7211553,
  "t_11" : -0.028451154,
  "center_depth" : 5.654703,
  "t_20" : -0.1834347,
  "fx" : 707.1073,
  "cy" : 386.73572,
  "fy" : 707.1073,
  "cx" : 514.47614,
  "manual_keyframe" : false,
  "t_03" : 0.08592886,
  "t_12" : 0.29311937,
  "width" : 1024,
  "t_23" : -4.4072065
}