{
  "fx" : 707.3948,
  "cy" : 386.92654,
  "t_21" : -0.07385714,
  "timestamp" : 306307210072,
  "t_03" : 0.38619915,
  "t_11" : -0.0308323,
  "t_10" : -0.9242969,
  "manual_keyframe" : false,
  "t_02" : 0.05662801,
  "center_depth" : 2.8475776,
  "fy" : 707.3948,
  "t_00" : 0.05655781,
  "t_20" : -0.3774605,
  "height" : 768,
  "cx" : 514.51874,
  "width" : 1024,
  "t_12" : 0.3804269,
  "t_01" : -0.996792,
  "t_22" : -0.9230757,
  "blur_score" : 384.6142,
  "t_23" : -4.161611,
  "t_13" : -0.51795655,
  "angular_velocity" : 3.4028235e+38
}