{
  "t_00" : -0.039318524,
  "t_22" : -0.8947918,
  "t_10" : -0.93731904,
  "t_01" : -0.95731235,
  "timestamp" : 306316947474,
  "t_02" : 0.2863686,
  "blur_score" : 454.18604,
  "t_13" : -0.02500395,
  "angular_velocity" : 3.4028235e+38,
  "height" : 768,
  "t_21" : -0.28188723,
  "t_11" : -0.063972495,
  "center_depth" : 2.8587952,
  "t_20" : 0.3462474,
  "fx" : 708.06976,
  "cy" : 386.74362,
  "fy" : 708.06976,
  "cx" : 514.22974,
  "manual_keyframe" : false,
  "t_03" : 1.3651811,
  "t_12" : -0.34255037,
  "width" : 1024,
  "t_23" : -3.4917896
}