{
  "t_00" : 0.050679836,
  "t_22" : -0.908152,
  "t_10" : -0.91094774,
  "t_01" : -0.99603546,
  "timestamp" : 306315213415,
  "t_02" : -0.07310735,
  "blur_score" : 589.4011,
  "t_13" : -0.008179071,
  "angular_velocity" : 3.4028235e+38,
  "height" : 768,
  "t_21" : 0.087487616,
  "t_11" : -0.016095066,
  "center_depth" : 4.0160537,
  "t_20" : 0.409397,
  "fx" : 707.2074,
  "cy" : 387.23563,
  "fy" : 707.2074,
  "cx" : 514.50024,
  "manual_keyframe" : false,
  "t_03" : 1.1538731,
  "t_12" : -0.41220784,
  "width" : 1024,
  "t_23" : -3.6799273
}