{
  "t_12" : 0.35257205,
  "t_01" : -0.82973313,
  "t_00" : 0.2054373,
  "t_20" : -0.28675243,
  "blur_score" : 806.22174,
  "height" : 768,
  "t_13" : -0.5053078,
  "t_10" : -0.93571824,
  "cx" : 514.407,
  "t_21" : -0.55804867,
  "center_depth" : 4.4042416,
  "timestamp" : 306308277184,
  "fy" : 707.42175,
  "fx" : 707.42175,
  "t_02" : 0.5189781,
  "t_23" : -4.2722464,
  "t_03" : 0.22164434,
  "angular_velocity" : 3.4028235e+38,
  "cy" : 386.878,
  "width" : 1024,
  "t_22" : -0.7786878,
  "manual_keyframe" : false,
  "t_11" : -0.011153274
}