{
  "fx" : 707.3932,
  "cy" : 386.85114,
  "t_21" : -0.70723516,
  "timestamp" : 306308694025,
  "t_11" : -0.022893222,
  "t_03" : 0.15328957,
  "t_10" : -0.93157065,
  "manual_keyframe" : false,
  "t_02" : 0.65331256,
  "center_depth" : 4.42395,
  "fy" : 707.3932,
  "t_00" : 0.2718244,
  "t_20" : -0.24142809,
  "height" : 768,
  "cx" : 514.40295,
  "width" : 1024,
  "t_12" : 0.36283875,
  "t_01" : -0.70660734,
  "t_22" : -0.6644777,
  "blur_score" : 1296.459,
  "t_23" : -4.319141,
  "t_13" : -0.5086964,
  "angular_velocity" : 3.4028235e+38
}