{
  "fx" : 707.11365,
  "cy" : 386.9212,
  "t_21" : 0.08039473,
  "timestamp" : 306306943294,
  "t_11" : -0.041187756,
  "t_03" : 0.4046217,
  "t_10" : -0.9368869,
  "manual_keyframe" : false,
  "t_02" : -0.08971477,
  "center_depth" : 2.6864953,
  "fy" : 707.11365,
  "t_00" : 0.010535494,
  "t_20" : -0.34947392,
  "height" : 768,
  "cx" : 514.534,
  "width" : 1024,
  "t_12" : 0.34719822,
  "t_01" : -0.99591166,
  "t_22" : -0.9334906,
  "blur_score" : 407.50543,
  "t_23" : -4.152962,
  "t_13" : -0.51177084,
  "angular_velocity" : 3.4028235e+38
}