{
  "t_12" : 0.09496763,
  "angular_velocity" : 3.4028235e+38,
  "t_03" : 0.25152662,
  "t_11" : -0.056723706,
  "t_21" : 0.5725195,
  "t_10" : -0.99386305,
  "cy" : 386.69308,
  "t_23" : -4.0463724,
  "center_depth" : 4.1251125,
  "cx" : 514.7057,
  "t_13" : -0.41473192,
  "width" : 1024,
  "manual_keyframe" : false,
  "t_01" : -0.8179265,
  "t_22" : -0.8124369,
  "height" : 768,
  "fx" : 707.08185,
  "blur_score" : 627.2598,
  "t_20" : -0.1103076,
  "timestamp" : 306305592730,
  "t_02" : -0.57526296,
  "fy" : 707.08185,
  "t_00" : -0.008286384
}