{
  "t_00" : 0.09736409,
  "angular_velocity" : 3.4028235e+38,
  "t_03" : -0.53694165,
  "t_11" : -0.049138416,
  "t_21" : 0.5429694,
  "cy" : 386.6073,
  "t_10" : -0.9934131,
  "t_23" : -3.5625732,
  "center_depth" : 4.4608784,
  "cx" : 514.6989,
  "t_13" : -0.39916426,
  "width" : 1024,
  "manual_keyframe" : false,
  "t_01" : -0.83831346,
  "t_22" : -0.8375759,
  "height" : 768,
  "fx" : 708.63837,
  "blur_score" : 427.35184,
  "t_20" : 0.060421243,
  "timestamp" : 306302574802,
  "t_02" : -0.5364239,
  "fy" : 708.63837,
  "t_12" : -0.103517696
}