{
  "t_10" : -0.8881668,
  "t_13" : -0.5747672,
  "t_22" : -0.82724065,
  "t_11" : -0.07737152,
  "cy" : 386.6143,
  "t_01" : -0.9390445,
  "blur_score" : 514.8463,
  "t_00" : -0.08772616,
  "fx" : 708.3049,
  "t_21" : 0.33497602,
  "cx" : 514.3984,
  "center_depth" : 2.3896236,
  "height" : 768,
  "t_12" : 0.45296088,
  "timestamp" : 306300090430,
  "manual_keyframe" : false,
  "t_03" : -0.98993856,
  "fy" : 708.3049,
  "angular_velocity" : 3.4028235e+38,
  "t_23" : -3.105173,
  "t_02" : -0.3324145,
  "t_20" : -0.45106983,
  "width" : 1024
}