{
  "t_00" : 0.04366612,
  "t_22" : -0.97293484,
  "t_10" : -0.9861259,
  "t_01" : -0.983497,
  "timestamp" : 306312712369,
  "t_02" : -0.17557532,
  "blur_score" : 216.19095,
  "t_13" : -0.44448087,
  "angular_velocity" : 3.4028235e+38,
  "height" : 768,
  "t_21" : 0.16657914,
  "t_11" : -0.07060329,
  "center_depth" : 3.8935003,
  "t_20" : -0.16015346,
  "fx" : 707.1359,
  "cy" : 386.7269,
  "fy" : 707.1359,
  "cx" : 514.65936,
  "manual_keyframe" : false,
  "t_03" : 0.52646065,
  "t_12" : 0.1502366,
  "width" : 1024,
  "t_23" : -4.095
}