{
  "t_03" : -0.78753877,
  "fy" : 708.56366,
  "height" : 768,
  "blur_score" : 510.8338,
  "t_23" : -3.2620718,
  "cy" : 386.59912,
  "t_21" : 0.5390512,
  "t_12" : 0.30172893,
  "cx" : 514.444,
  "center_depth" : 2.3431678,
  "t_20" : -0.28919917,
  "t_22" : -0.7910672,
  "t_02" : -0.53213906,
  "angular_velocity" : 3.4028235e+38,
  "manual_keyframe" : false,
  "fx" : 708.56366,
  "t_11" : -0.067419484,
  "width" : 1024,
  "t_00" : -0.109313995,
  "t_10" : -0.95100695,
  "t_13" : -0.5249252,
  "t_01" : -0.83957016,
  "timestamp" : 306301090848
}