{
  "t_00" : 0.18735489,
  "t_22" : -0.8313968,
  "t_10" : -0.92017746,
  "t_01" : -0.8994393,
  "timestamp" : 306319481863,
  "t_02" : 0.39485052,
  "blur_score" : 616.4807,
  "t_13" : -0.5212418,
  "angular_velocity" : 3.4028235e+38,
  "height" : 768,
  "t_21" : -0.4365862,
  "t_11" : -0.020032022,
  "center_depth" : 2.0454462,
  "t_20" : -0.3437611,
  "fx" : 708.91473,
  "cy" : 387.31363,
  "fy" : 708.91473,
  "cx" : 514.4529,
  "manual_keyframe" : false,
  "t_03" : 1.2998703,
  "t_12" : 0.39098886,
  "width" : 1024,
  "t_23" : -3.4708366
}