{
  "t_11" : -0.011048852,
  "fy" : 708.5733,
  "center_depth" : 1.7534178,
  "t_23" : -0.72035736,
  "timestamp" : 235065938904,
  "t_12" : -0.024564201,
  "t_02" : -0.11749818,
  "t_21" : 0.117796056,
  "angular_velocity" : 3.4028235e+38,
  "width" : 1024,
  "t_01" : -0.99297637,
  "height" : 768,
  "fx" : 708.5733,
  "t_20" : 0.02309345,
  "t_13" : 0.24094985,
  "t_03" : 0.13003686,
  "t_22" : -0.99276936,
  "blur_score" : 52.87518,
  "cy" : 387.1291,
  "t_00" : 0.013862528,
  "cx" : 514.7711,
  "manual_keyframe" : false,
  "t_10" : -0.99963725
}