{
  "width" : 1024,
  "t_02" : -0.48683274,
  "height" : 768,
  "timestamp" : 235078884202,
  "t_00" : 0.13538587,
  "t_20" : -0.3988213,
  "t_21" : 0.497256,
  "center_depth" : 1.7611285,
  "t_01" : 0.8629396,
  "blur_score" : 93.492714,
  "manual_keyframe" : false,
  "t_22" : 0.77050525,
  "fx" : 710.0392,
  "t_10" : -0.90697986,
  "cy" : 386.9004,
  "cx" : 514.4135,
  "fy" : 710.0392,
  "t_13" : 0.37303823,
  "t_11" : -0.089843675,
  "t_03" : 0.3575391,
  "t_23" : -0.026901409,
  "angular_velocity" : 3.4028235e+38,
  "t_12" : -0.41148007
}