{
  "width" : 1024,
  "t_02" : -0.690063,
  "height" : 768,
  "timestamp" : 235064522751,
  "t_00" : 0.07731097,
  "t_20" : 0.03331461,
  "t_21" : 0.69361246,
  "center_depth" : 1.983466,
  "t_01" : -0.71960837,
  "blur_score" : 159.28668,
  "manual_keyframe" : false,
  "t_22" : -0.71957755,
  "fx" : 708.8655,
  "cy" : 387.13297,
  "t_03" : 0.19020416,
  "fy" : 708.8655,
  "t_10" : -0.99645025,
  "t_11" : -0.03264206,
  "t_13" : 0.23952709,
  "cx" : 514.7522,
  "t_23" : -0.7455247,
  "angular_velocity" : 3.4028235e+38,
  "t_12" : -0.07759733
}