{
  "t_01" : -0.24764916,
  "blur_score" : 202.74237,
  "t_02" : -0.927315,
  "t_20" : -0.060474887,
  "timestamp" : 235058491608,
  "fx" : 708.2715,
  "cy" : 387.28635,
  "angular_velocity" : 3.4028235e+38,
  "t_03" : 0.26225147,
  "t_00" : -0.28063715,
  "t_23" : -0.5615345,
  "center_depth" : 2.7005787,
  "t_13" : 0.123557165,
  "t_22" : -0.24042189,
  "height" : 768,
  "manual_keyframe" : false,
  "t_11" : 0.011392054,
  "cx" : 514.64935,
  "fy" : 708.2715,
  "t_21" : 0.96878284,
  "t_12" : 0.28685296,
  "width" : 1024,
  "t_10" : -0.9579069
}