{
  "t_10" : -0.98882914,
  "cy" : 387.04678,
  "t_11" : -0.053876106,
  "manual_keyframe" : false,
  "t_02" : -0.123353004,
  "t_13" : 0.13687119,
  "t_12" : 0.13897558,
  "t_03" : 0.052535474,
  "timestamp" : 235051027650,
  "angular_velocity" : 3.4028235e+38,
  "t_01" : 0.9898006,
  "t_00" : -0.071265765,
  "blur_score" : 102.27114,
  "fx" : 707.6997,
  "fy" : 707.6997,
  "t_20" : 0.13091235,
  "center_depth" : 2.3775895,
  "t_21" : 0.13187927,
  "height" : 768,
  "cx" : 514.69354,
  "t_22" : 0.9825833,
  "t_23" : 0.047173552,
  "width" : 1024
}