{
  "width" : 1024,
  "t_02" : -0.8191045,
  "height" : 768,
  "timestamp" : 235081566561,
  "t_00" : 0.5562956,
  "t_20" : -0.15311359,
  "t_21" : 0.986097,
  "center_depth" : 1.427687,
  "t_01" : 0.14001174,
  "blur_score" : 103.42928,
  "manual_keyframe" : false,
  "t_22" : 0.06456897,
  "fx" : 710.89844,
  "cy" : 386.91135,
  "t_03" : 0.099759385,
  "fy" : 710.89844,
  "t_10" : -0.8167568,
  "t_11" : -0.08949658,
  "t_13" : 0.3557123,
  "cx" : 514.18933,
  "t_23" : -0.11620146,
  "angular_velocity" : 3.4028235e+38,
  "t_12" : -0.569999
}