{
  "width" : 1024,
  "t_02" : -0.8743348,
  "height" : 768,
  "timestamp" : 235080950119,
  "t_00" : 0.43944293,
  "t_20" : -0.14331348,
  "t_21" : 0.97696275,
  "center_depth" : 1.5807257,
  "t_01" : 0.2059827,
  "blur_score" : 91.42742,
  "manual_keyframe" : false,
  "t_22" : 0.15813087,
  "t_03" : 0.17838456,
  "fx" : 711.49396,
  "t_10" : -0.8867645,
  "fy" : 711.49396,
  "cy" : 387.06985,
  "t_11" : -0.05581446,
  "t_13" : 0.34543693,
  "cx" : 514.4016,
  "t_23" : -0.14963548,
  "angular_velocity" : 3.4028235e+38,
  "t_12" : -0.4588394
}