{
  "height" : 768,
  "t_13" : -0.05620931,
  "t_12" : 0.71385473,
  "t_10" : -0.69818056,
  "blur_score" : 45.59666,
  "fx" : 710.0392,
  "t_02" : 0.69264925,
  "t_01" : -0.09209884,
  "t_11" : -0.054363225,
  "t_00" : 0.7153705,
  "cy" : 387.02914,
  "t_03" : 0.19873287,
  "t_20" : -0.028090537,
  "t_21" : -0.9942648,
  "t_22" : -0.10319146,
  "center_depth" : 1.3768523,
  "timestamp" : 235071536871,
  "fy" : 710.0392,
  "width" : 1024,
  "cx" : 513.7012,
  "angular_velocity" : 3.4028235e+38,
  "manual_keyframe" : false,
  "t_23" : -0.20790213
}