{
  "width" : 1024,
  "t_02" : -0.83330745,
  "height" : 768,
  "timestamp" : 235080400318,
  "t_00" : 0.38192385,
  "t_20" : -0.20459396,
  "t_21" : 0.91585016,
  "center_depth" : 1.9283056,
  "t_01" : 0.39966637,
  "blur_score" : 109.94593,
  "manual_keyframe" : false,
  "t_22" : 0.34548497,
  "t_03" : 0.26446044,
  "t_10" : -0.90126336,
  "cy" : 387.02588,
  "cx" : 514.3997,
  "fy" : 711.7512,
  "t_11" : -0.038540687,
  "t_13" : 0.3878296,
  "fx" : 711.7512,
  "t_23" : -0.107429266,
  "angular_velocity" : 3.4028235e+38,
  "t_12" : -0.4315543
}