{
  "t_10" : -0.99546105,
  "cy" : 387.2404,
  "t_11" : 0.022120493,
  "manual_keyframe" : false,
  "t_02" : -0.88475716,
  "t_13" : 0.16310109,
  "t_12" : 0.09256403,
  "t_03" : 0.17404173,
  "timestamp" : 235056409030,
  "angular_velocity" : 3.4028235e+38,
  "t_01" : 0.4604515,
  "t_00" : -0.07203825,
  "blur_score" : 112.33818,
  "fx" : 709.46423,
  "fy" : 709.46423,
  "t_20" : 0.062192515,
  "center_depth" : 2.5793297,
  "t_21" : 0.8874093,
  "height" : 768,
  "cx" : 514.68835,
  "t_22" : 0.456768,
  "t_23" : -0.24983595,
  "width" : 1024
}