{
  "t_10" : -0.8919877,
  "cy" : 387.1143,
  "t_11" : -0.002835947,
  "manual_keyframe" : false,
  "t_02" : -0.8575004,
  "t_13" : 0.013811468,
  "t_12" : 0.45205098,
  "t_03" : 0.14734776,
  "timestamp" : 235090579953,
  "angular_velocity" : 3.4028235e+38,
  "t_01" : 0.27401012,
  "t_00" : -0.43544433,
  "blur_score" : 179.30804,
  "fx" : 708.848,
  "fy" : 708.848,
  "t_20" : 0.12143471,
  "center_depth" : 2.6467829,
  "t_21" : 0.9617226,
  "height" : 768,
  "cx" : 514.395,
  "t_22" : 0.24564855,
  "t_23" : -0.11221783,
  "width" : 1024
}