{
  "width" : 1024,
  "t_02" : -0.36702016,
  "height" : 768,
  "timestamp" : 235096044633,
  "t_00" : -0.18746601,
  "t_20" : -0.48861745,
  "t_21" : 0.41063508,
  "center_depth" : 2.2758334,
  "t_01" : -0.9111274,
  "blur_score" : 84.31222,
  "manual_keyframe" : false,
  "t_22" : -0.769826,
  "t_03" : -0.09571442,
  "cy" : 387.08447,
  "fx" : 709.46265,
  "t_10" : -0.85212064,
  "cx" : 513.9916,
  "t_11" : -0.03501625,
  "t_13" : -0.024509393,
  "fy" : 709.46265,
  "t_23" : 0.22755975,
  "angular_velocity" : 3.4028235e+38,
  "t_12" : 0.52217275
}