{
  "t_10" : -0.9991113,
  "cy" : 387.0296,
  "t_11" : -0.041714806,
  "manual_keyframe" : false,
  "t_02" : -0.9971126,
  "t_13" : 0.17284349,
  "t_12" : 0.0060346206,
  "t_03" : 0.21607639,
  "timestamp" : 235088963873,
  "angular_velocity" : 3.4028235e+38,
  "t_01" : -0.075884685,
  "t_00" : -0.0028542173,
  "blur_score" : 142.92339,
  "fx" : 710.0296,
  "fy" : 710.0296,
  "t_20" : -0.0420523,
  "center_depth" : 2.5855758,
  "t_21" : 0.9962436,
  "height" : 768,
  "cx" : 514.688,
  "t_22" : -0.07569821,
  "t_23" : -0.088044375,
  "width" : 1024
}