{
  "width" : 1024,
  "t_02" : -0.65524757,
  "height" : 768,
  "timestamp" : 235082282968,
  "t_00" : 0.6570489,
  "t_20" : -0.33032703,
  "t_21" : 0.9236715,
  "center_depth" : 1.107553,
  "t_01" : 0.37274343,
  "blur_score" : 122.242386,
  "manual_keyframe" : false,
  "t_22" : 0.19420372,
  "t_10" : -0.67762154,
  "cy" : 386.6616,
  "t_03" : 0.060420323,
  "fx" : 711.1573,
  "cx" : 513.8356,
  "t_11" : -0.08884461,
  "fy" : 711.1573,
  "t_13" : 0.36104465,
  "t_23" : -0.10727781,
  "angular_velocity" : 3.4028235e+38,
  "t_12" : -0.7300245
}