{
  "width" : 1024,
  "t_02" : -0.54888165,
  "height" : 768,
  "timestamp" : 235064889285,
  "t_00" : 0.0767073,
  "t_20" : 0.06610487,
  "t_21" : 0.553538,
  "center_depth" : 1.7611128,
  "t_01" : -0.8323731,
  "blur_score" : 139.75053,
  "manual_keyframe" : false,
  "t_22" : -0.8301963,
  "t_03" : 0.17492191,
  "fx" : 708.5812,
  "t_10" : -0.9948598,
  "cx" : 514.67975,
  "cy" : 387.00772,
  "t_11" : -0.02739837,
  "t_13" : 0.2532452,
  "fy" : 708.5812,
  "t_23" : -0.73949325,
  "angular_velocity" : 3.4028235e+38,
  "t_12" : -0.09748432
}