{
  "t_11" : -0.06494269,
  "fy" : 709.1831,
  "center_depth" : 1.7957892,
  "t_23" : -0.03685201,
  "timestamp" : 235074702388,
  "t_12" : 0.029026547,
  "t_02" : 0.71472335,
  "t_21" : -0.7121955,
  "angular_velocity" : 3.4028235e+38,
  "width" : 1024,
  "t_01" : 0.6989706,
  "height" : 768,
  "fx" : 709.1831,
  "t_20" : 0.066704765,
  "t_13" : 0.21856916,
  "t_03" : 0.3967537,
  "t_22" : 0.69880474,
  "blur_score" : 93.84047,
  "cy" : 387.06482,
  "t_00" : -0.02470968,
  "cx" : 514.6367,
  "manual_keyframe" : false,
  "t_10" : -0.9974667
}