{
  "blur_score" : 97.33726,
  "t_21" : 0.24714427,
  "center_depth" : 2.5683126,
  "height" : 768,
  "cy" : 387.13397,
  "t_00" : -0.111731395,
  "t_03" : 0.042341407,
  "t_12" : 0.5108222,
  "t_10" : -0.85950893,
  "t_22" : -0.83075833,
  "angular_velocity" : 3.4028235e+38,
  "width" : 1024,
  "fx" : 707.43604,
  "t_01" : -0.96882117,
  "t_02" : -0.22113727,
  "fy" : 707.43604,
  "t_13" : -0.04378815,
  "timestamp" : 235099543361,
  "t_20" : -0.49875912,
  "t_23" : 0.8285176,
  "t_11" : -0.01747245,
  "manual_keyframe" : false,
  "cx" : 514.16345
}