{
  "t_10" : -0.9752309,
  "cy" : 386.97852,
  "t_11" : -0.046233054,
  "manual_keyframe" : false,
  "t_02" : -0.9683691,
  "t_13" : 0.2458998,
  "t_12" : -0.21630345,
  "t_03" : 0.16515772,
  "timestamp" : 235088280788,
  "angular_velocity" : 3.4028235e+38,
  "t_01" : -0.11710941,
  "t_00" : 0.22033335,
  "blur_score" : 148.72687,
  "fx" : 710.5728,
  "fy" : 710.5728,
  "t_20" : -0.019439494,
  "center_depth" : 2.7591455,
  "t_21" : 0.9920423,
  "height" : 768,
  "cx" : 514.5409,
  "t_22" : -0.12439542,
  "t_23" : -0.09494938,
  "width" : 1024
}