{
  "height" : 768,
  "t_13" : 0.008882628,
  "t_12" : 0.6035309,
  "t_10" : -0.79671407,
  "blur_score" : 89.49673,
  "fx" : 708.5748,
  "t_02" : 0.13248801,
  "t_01" : -0.98135304,
  "t_11" : -0.03157853,
  "t_00" : 0.13925987,
  "cy" : 387.00137,
  "t_03" : 0.11211848,
  "t_20" : -0.5880931,
  "t_21" : -0.18960272,
  "t_22" : -0.78625554,
  "center_depth" : 2.2587397,
  "timestamp" : 235068787869,
  "fy" : 708.5748,
  "width" : 1024,
  "cx" : 514.2669,
  "angular_velocity" : 3.4028235e+38,
  "manual_keyframe" : false,
  "t_23" : -0.57908505
}