{
  "t_10" : -0.91723275,
  "cy" : 387.11584,
  "t_11" : -0.026228508,
  "manual_keyframe" : false,
  "t_02" : -0.5914047,
  "t_13" : 0.3062776,
  "t_12" : -0.39748746,
  "t_03" : 0.124674425,
  "timestamp" : 235084715417,
  "angular_velocity" : 3.4028235e+38,
  "t_01" : 0.7716086,
  "t_00" : 0.23422387,
  "blur_score" : 71.539986,
  "fx" : 711.18585,
  "fy" : 711.18585,
  "t_20" : -0.32221642,
  "center_depth" : 2.093953,
  "t_21" : 0.6355567,
  "height" : 768,
  "cx" : 514.17914,
  "t_22" : 0.7016014,
  "t_23" : -0.27370405,
  "width" : 1024
}