{
  "height" : 768,
  "t_13" : -0.05286666,
  "t_12" : 0.7125033,
  "t_10" : -0.69870573,
  "blur_score" : 46.497307,
  "fx" : 710.02484,
  "t_02" : 0.6880415,
  "t_01" : 0.25943804,
  "t_11" : -0.06441567,
  "t_00" : 0.6777102,
  "cy" : 386.9925,
  "t_03" : 0.15225026,
  "t_20" : 0.22917113,
  "t_21" : -0.9636092,
  "t_22" : 0.1376157,
  "center_depth" : 1.3653682,
  "timestamp" : 235072103332,
  "fy" : 710.02484,
  "width" : 1024,
  "cx" : 513.45966,
  "angular_velocity" : 3.4028235e+38,
  "manual_keyframe" : false,
  "t_23" : -0.20863089
}