{
  "t_11" : -0.03880781,
  "fy" : 710.02167,
  "center_depth" : 1.8791035,
  "t_23" : 0.0076471367,
  "timestamp" : 235076884929,
  "t_12" : -0.44852895,
  "t_02" : 0.30207843,
  "t_21" : -0.35599336,
  "angular_velocity" : 3.4028235e+38,
  "width" : 1024,
  "t_01" : 0.93368226,
  "height" : 768,
  "fx" : 710.02167,
  "t_20" : -0.4070606,
  "t_13" : 0.3757242,
  "t_03" : 0.43347582,
  "t_22" : 0.8411722,
  "blur_score" : 91.81393,
  "cy" : 386.85858,
  "t_00" : -0.1923174,
  "cx" : 514.2476,
  "manual_keyframe" : false,
  "t_10" : -0.89292544
}