{
  "t_11" : -0.036938883,
  "fy" : 708.5669,
  "center_depth" : 3.4141932,
  "t_23" : -0.68311954,
  "timestamp" : 235068038141,
  "t_12" : 0.42474553,
  "t_02" : 0.09315237,
  "t_21" : -0.12004817,
  "angular_velocity" : 3.4028235e+38,
  "width" : 1024,
  "t_01" : -0.9920806,
  "height" : 768,
  "fx" : 708.5669,
  "t_20" : -0.41794088,
  "t_13" : 0.09587436,
  "t_03" : 0.09661075,
  "t_22" : -0.9005077,
  "blur_score" : 108.80787,
  "cy" : 387.07986,
  "t_00" : 0.084253676,
  "cx" : 514.4801,
  "manual_keyframe" : false,
  "t_10" : -0.90455884
}