{
  "t_10" : -0.91567975,
  "cy" : 387.0681,
  "t_11" : -0.03431273,
  "manual_keyframe" : false,
  "t_02" : 0.6621618,
  "t_13" : 0.07328225,
  "t_12" : 0.4004414,
  "t_03" : 0.27681458,
  "timestamp" : 235073452842,
  "angular_velocity" : 3.4028235e+38,
  "t_01" : 0.7015864,
  "t_00" : 0.2632838,
  "blur_score" : 88.27004,
  "fx" : 709.7517,
  "fy" : 709.7517,
  "t_20" : 0.30366483,
  "center_depth" : 1.7449003,
  "t_21" : -0.7117578,
  "height" : 768,
  "cx" : 514.145,
  "t_22" : 0.6333946,
  "t_23" : -0.08153993,
  "width" : 1024
}