{
  "t_10" : -0.8396428,
  "cy" : 387.12067,
  "t_11" : -0.032864418,
  "manual_keyframe" : false,
  "t_02" : -0.8394129,
  "t_13" : 0.33238688,
  "t_12" : -0.5421439,
  "t_03" : 0.09229472,
  "timestamp" : 235086364818,
  "angular_velocity" : 3.4028235e+38,
  "t_01" : -0.024352502,
  "t_00" : 0.5429486,
  "blur_score" : 92.15481,
  "fx" : 710.89996,
  "fy" : 710.89996,
  "t_20" : -0.0143842455,
  "center_depth" : 1.5431343,
  "t_21" : 0.99916315,
  "height" : 768,
  "cx" : 514.24445,
  "t_22" : -0.038291108,
  "t_23" : -0.15213177,
  "width" : 1024
}