{
  "t_10" : -0.8023032,
  "cy" : 386.9676,
  "t_11" : -0.024274658,
  "manual_keyframe" : false,
  "t_02" : -0.63208735,
  "t_13" : 0.34960198,
  "t_12" : -0.5964231,
  "t_03" : 0.12007448,
  "timestamp" : 235083582495,
  "angular_velocity" : 3.4028235e+38,
  "t_01" : 0.6302616,
  "t_00" : 0.45081723,
  "blur_score" : 95.43281,
  "fx" : 712.06726,
  "fy" : 712.06726,
  "t_20" : -0.39124623,
  "center_depth" : 1.084683,
  "t_21" : 0.7760034,
  "height" : 768,
  "cx" : 513.7386,
  "t_22" : 0.49471748,
  "t_23" : -0.19358927,
  "width" : 1024
}