{
  "t_11" : -0.040821616,
  "fy" : 709.4213,
  "center_depth" : 2.0427787,
  "t_23" : 0.08346489,
  "timestamp" : 235077468050,
  "t_12" : -0.41369927,
  "t_02" : 0.06037514,
  "t_21" : -0.084758274,
  "angular_velocity" : 3.4028235e+38,
  "width" : 1024,
  "t_01" : 0.99556506,
  "height" : 768,
  "fx" : 709.4213,
  "t_20" : -0.4093999,
  "t_13" : 0.37517744,
  "t_03" : 0.38968027,
  "t_22" : 0.9084096,
  "blur_score" : 73.23578,
  "cy" : 387.06918,
  "t_00" : -0.07214719,
  "cx" : 514.4018,
  "manual_keyframe" : false,
  "t_10" : -0.909498
}