{
  "height" : 768,
  "t_13" : 0.18004772,
  "t_12" : 0.1962939,
  "t_10" : -0.9799833,
  "blur_score" : 119.361786,
  "t_02" : 0.108740486,
  "fx" : 708.2906,
  "t_01" : -0.9925256,
  "t_11" : -0.033187494,
  "t_00" : 0.055393327,
  "cy" : 387.10617,
  "t_03" : 0.08492472,
  "t_20" : -0.19121793,
  "t_21" : -0.11743726,
  "t_22" : -0.9744969,
  "center_depth" : 3.7166893,
  "timestamp" : 235067088486,
  "fy" : 708.2906,
  "width" : 1024,
  "cx" : 514.6839,
  "angular_velocity" : 3.4028235e+38,
  "manual_keyframe" : false,
  "t_23" : -0.69948715
}