{
  "width" : 1024,
  "t_02" : -0.79679906,
  "height" : 768,
  "timestamp" : 235055792587,
  "t_00" : -0.07693861,
  "t_20" : 0.05557125,
  "t_21" : 0.8005033,
  "center_depth" : 2.9526098,
  "t_01" : 0.5993264,
  "blur_score" : 121.499695,
  "manual_keyframe" : false,
  "t_22" : 0.5967467,
  "fx" : 709.76764,
  "t_10" : -0.995486,
  "t_03" : 0.16404332,
  "cy" : 387.2254,
  "cx" : 514.66516,
  "t_11" : -0.0016337421,
  "t_13" : 0.15407172,
  "fy" : 709.76764,
  "t_23" : -0.15673679,
  "angular_velocity" : 3.4028235e+38,
  "t_12" : 0.0948949
}