{
  "width" : 1024,
  "t_02" : 0.027316086,
  "height" : 768,
  "timestamp" : 235050277922,
  "t_00" : -0.049397226,
  "t_20" : 0.15768696,
  "t_21" : -0.01921055,
  "center_depth" : 2.1829355,
  "t_01" : 0.9984056,
  "blur_score" : 275.199,
  "manual_keyframe" : false,
  "t_22" : 0.9873023,
  "t_10" : -0.98625284,
  "cy" : 387.02594,
  "fx" : 707.7188,
  "fy" : 707.7188,
  "cx" : 514.61743,
  "t_13" : 0.1309227,
  "t_11" : -0.053077377,
  "t_03" : 0.02492461,
  "t_23" : 0.046237268,
  "angular_velocity" : 3.4028235e+38,
  "t_12" : 0.15648659
}