{
  "width" : 1024,
  "t_02" : 0.038892996,
  "height" : 768,
  "timestamp" : 235066422062,
  "t_00" : 0.025764352,
  "t_20" : -0.0318284,
  "t_21" : -0.039705887,
  "center_depth" : 2.4358406,
  "t_01" : -0.99891126,
  "blur_score" : 59.950066,
  "manual_keyframe" : false,
  "t_22" : -0.9987045,
  "fx" : 708.5796,
  "cy" : 387.12607,
  "t_03" : 0.09543985,
  "fy" : 708.5796,
  "t_10" : -0.9991613,
  "t_11" : -0.024493065,
  "t_13" : 0.22797383,
  "cx" : 514.71295,
  "t_23" : -0.71533024,
  "angular_velocity" : 3.4028235e+38,
  "t_12" : 0.032816738
}