{
  "t_21" : -0.09726885,
  "angular_velocity" : 3.4028235e+38,
  "t_03" : 0.0035181444,
  "t_20" : 0.29002655,
  "fx" : 708.01733,
  "t_02" : 0.103508815,
  "t_12" : 0.28785852,
  "cy" : 387.0374,
  "t_01" : 0.9946091,
  "t_22" : 0.9520629,
  "t_00" : -0.0062145265,
  "t_13" : 0.10541501,
  "center_depth" : 2.2058654,
  "cx" : 514.5358,
  "width" : 1024,
  "manual_keyframe" : false,
  "blur_score" : 320.89285,
  "t_23" : 0.040989276,
  "t_11" : -0.035936914,
  "timestamp" : 235049344928,
  "t_10" : -0.95699847,
  "height" : 768,
  "fy" : 708.01733
}