{
  "t_01" : -0.63146776,
  "blur_score" : 328.89587,
  "t_02" : -0.6746137,
  "t_20" : -0.3479463,
  "timestamp" : 235062756726,
  "fx" : 709.25616,
  "cy" : 387.2755,
  "angular_velocity" : 3.4028235e+38,
  "t_00" : -0.38228926,
  "t_03" : 0.32140803,
  "t_23" : -0.74734557,
  "center_depth" : 2.224524,
  "t_13" : 0.080853924,
  "t_22" : -0.52798355,
  "height" : 768,
  "manual_keyframe" : false,
  "t_11" : -0.0328869,
  "cx" : 513.8549,
  "fy" : 709.25616,
  "t_21" : 0.7747045,
  "t_12" : 0.51587796,
  "width" : 1024,
  "t_10" : -0.85603064
}