{
  "t_10" : -0.93188596,
  "cy" : 387.05606,
  "t_11" : -0.02671197,
  "manual_keyframe" : false,
  "t_02" : 0.6533131,
  "t_13" : 0.09246879,
  "t_12" : 0.36176658,
  "t_03" : 0.29756457,
  "timestamp" : 235073619448,
  "angular_velocity" : 3.4028235e+38,
  "t_01" : 0.7203509,
  "t_00" : 0.23297364,
  "blur_score" : 95.73962,
  "fx" : 709.7437,
  "fy" : 709.7437,
  "t_20" : 0.27805018,
  "center_depth" : 1.8155748,
  "t_21" : -0.69309527,
  "height" : 768,
  "cx" : 514.2648,
  "t_22" : 0.6650618,
  "t_23" : -0.06045345,
  "width" : 1024
}