{
  "height" : 768,
  "t_13" : -0.021887733,
  "t_12" : 0.67909616,
  "t_10" : -0.73237514,
  "blur_score" : 46.29285,
  "fx" : 710.2869,
  "t_02" : 0.6624174,
  "t_01" : -0.38851857,
  "t_11" : -0.04954858,
  "t_00" : 0.6405128,
  "cy" : 387.30408,
  "t_03" : 0.24045861,
  "t_20" : -0.23101963,
  "t_21" : -0.9201078,
  "t_22" : -0.3162778,
  "center_depth" : 1.4490772,
  "timestamp" : 235071070373,
  "fy" : 710.2869,
  "width" : 1024,
  "cx" : 513.72437,
  "angular_velocity" : 3.4028235e+38,
  "manual_keyframe" : false,
  "t_23" : -0.21604323
}