{
  "height" : 768,
  "t_13" : -0.024704304,
  "t_12" : 0.65007895,
  "t_10" : -0.7594451,
  "blur_score" : 64.89553,
  "t_02" : 0.43797734,
  "fx" : 709.7295,
  "t_01" : -0.80424213,
  "t_11" : -0.025311336,
  "t_00" : 0.4017096,
  "cy" : 386.98163,
  "t_03" : 0.14892186,
  "t_20" : -0.51173514,
  "t_21" : -0.5937626,
  "t_22" : -0.62094545,
  "center_depth" : 1.4858459,
  "timestamp" : 235070104058,
  "fy" : 709.7295,
  "width" : 1024,
  "cx" : 513.6836,
  "angular_velocity" : 3.4028235e+38,
  "manual_keyframe" : false,
  "t_23" : -0.2932304
}