{
  "width" : 1024,
  "t_02" : -0.35333472,
  "height" : 768,
  "timestamp" : 235065389104,
  "t_00" : 0.041953366,
  "t_20" : 0.042162646,
  "t_21" : 0.35498697,
  "center_depth" : 1.7137669,
  "t_01" : -0.93455565,
  "blur_score" : 85.77224,
  "manual_keyframe" : false,
  "t_22" : -0.9339201,
  "t_03" : 0.16547774,
  "fx" : 708.58594,
  "t_10" : -0.9982295,
  "fy" : 708.58594,
  "cy" : 387.10504,
  "t_11" : -0.024283558,
  "t_13" : 0.24817652,
  "cx" : 514.7174,
  "t_23" : -0.7250663,
  "angular_velocity" : 3.4028235e+38,
  "t_12" : -0.054296236
}