{
  "height" : 768,
  "t_13" : -0.005959788,
  "t_12" : 0.642251,
  "t_10" : -0.7662304,
  "blur_score" : 62.028458,
  "t_02" : 0.57481873,
  "fx" : 710.0281,
  "t_01" : -0.6486486,
  "t_11" : -0.020113027,
  "t_00" : 0.4988371,
  "cy" : 387.15216,
  "t_03" : 0.21381965,
  "t_20" : -0.40503398,
  "t_21" : -0.7608222,
  "t_22" : -0.5070475,
  "center_depth" : 1.5034134,
  "timestamp" : 235070587216,
  "fy" : 710.0281,
  "width" : 1024,
  "cx" : 513.7542,
  "angular_velocity" : 3.4028235e+38,
  "manual_keyframe" : false,
  "t_23" : -0.22047062
}