{
  "t_10" : -0.9827007,
  "t_23" : -0.05988888,
  "t_21" : 0.74780834,
  "t_01" : 0.6639065,
  "center_depth" : 1.6187375,
  "height" : 768,
  "manual_keyframe" : false,
  "timestamp" : 235055326090,
  "t_00" : -0.13632683,
  "t_03" : 0.14249161,
  "t_12" : 0.18517123,
  "cx" : 514.5875,
  "t_20" : 0.12535636,
  "fx" : 710.0408,
  "t_11" : 0.003291186,
  "angular_velocity" : 3.4028235e+38,
  "blur_score" : 120.34122,
  "cy" : 387.17236,
  "width" : 1024,
  "t_02" : -0.7352844,
  "t_22" : 0.6519728,
  "fy" : 710.0408,
  "t_13" : 0.13107459
}