{
  "blur_score" : 65.11473,
  "t_21" : 0.35965046,
  "center_depth" : 2.448288,
  "height" : 768,
  "cy" : 387.06943,
  "t_00" : -0.17036694,
  "t_03" : -0.12754008,
  "t_12" : 0.5360606,
  "t_10" : -0.84369236,
  "t_22" : -0.78198045,
  "angular_velocity" : 3.4028235e+38,
  "width" : 1024,
  "fx" : 708.3477,
  "t_01" : -0.93264633,
  "fy" : 708.3477,
  "t_02" : -0.31803486,
  "t_13" : -0.03111206,
  "timestamp" : 235096677736,
  "t_20" : -0.5090762,
  "t_23" : 0.3271445,
  "t_11" : -0.02868038,
  "manual_keyframe" : false,
  "cx" : 514.0947
}