{
  "t_20" : 0.11943987,
  "t_02" : -0.30909866,
  "fx" : 707.7156,
  "t_21" : 0.3190699,
  "t_11" : -0.052235033,
  "t_12" : 0.14328118,
  "cx" : 514.7017,
  "center_depth" : 2.5886931,
  "fy" : 707.7156,
  "cy" : 387.0361,
  "t_00" : -0.09482678,
  "angular_velocity" : 3.4028235e+38,
  "blur_score" : 100.16017,
  "width" : 1024,
  "height" : 768,
  "timestamp" : 235051860681,
  "manual_keyframe" : false,
  "t_03" : 0.09164621,
  "t_23" : 0.06357104,
  "t_01" : 0.9462907,
  "t_13" : 0.14430888,
  "t_10" : -0.9883026,
  "t_22" : 0.9401749
}