{
  "width" : 1024,
  "t_02" : -0.36842194,
  "height" : 768,
  "timestamp" : 235078584311,
  "t_00" : 0.08510343,
  "t_20" : -0.42818075,
  "t_21" : 0.36785915,
  "center_depth" : 1.9635867,
  "t_01" : 0.92575526,
  "blur_score" : 85.77048,
  "manual_keyframe" : false,
  "t_22" : 0.8254339,
  "fx" : 709.72626,
  "t_03" : 0.35872683,
  "t_10" : -0.89967704,
  "fy" : 709.72626,
  "cx" : 514.3836,
  "t_11" : -0.08750388,
  "t_13" : 0.37420705,
  "cy" : 386.88852,
  "t_23" : -0.0034200186,
  "angular_velocity" : 3.4028235e+38,
  "t_12" : -0.42769662
}