{
  "t_11" : -0.037874617,
  "fy" : 709.7215,
  "center_depth" : 1.7887251,
  "t_23" : -0.033751186,
  "timestamp" : 235076468413,
  "t_12" : -0.47288248,
  "t_02" : 0.51979053,
  "t_21" : -0.60578424,
  "angular_velocity" : 3.4028235e+38,
  "width" : 1024,
  "t_01" : 0.79472715,
  "height" : 768,
  "fx" : 709.7215,
  "t_20" : -0.35612562,
  "t_13" : 0.37674877,
  "t_03" : 0.4865117,
  "t_22" : 0.7114775,
  "blur_score" : 76.95524,
  "cy" : 386.92188,
  "t_00" : -0.31341168,
  "cx" : 514.3379,
  "manual_keyframe" : false,
  "t_10" : -0.88031125
}