{
  "t_21" : 0.7122719,
  "t_11" : -0.0033312917,
  "t_12" : 0.30800417,
  "cx" : 514.4612,
  "t_23" : 0.025840964,
  "angular_velocity" : 3.4028235e+38,
  "t_03" : 0.11937441,
  "fy" : 709.7342,
  "manual_keyframe" : false,
  "t_13" : 0.105264835,
  "t_10" : -0.95137924,
  "height" : 768,
  "timestamp" : 235054876253,
  "t_00" : -0.22160971,
  "t_02" : -0.67692804,
  "cy" : 387.1275,
  "t_20" : 0.21393177,
  "width" : 1024,
  "fx" : 709.7342,
  "t_22" : 0.6685073,
  "center_depth" : 1.3073189,
  "t_01" : 0.70189583,
  "blur_score" : 130.57936
}