{
  "t_10" : -0.9355679,
  "cy" : 387.17737,
  "t_11" : -0.032891087,
  "manual_keyframe" : false,
  "t_02" : -0.9294186,
  "t_13" : 0.050459396,
  "t_12" : 0.35161194,
  "t_03" : 0.20735653,
  "timestamp" : 235090180098,
  "angular_velocity" : 3.4028235e+38,
  "t_01" : 0.10733082,
  "t_00" : -0.3530742,
  "blur_score" : 173.29836,
  "fx" : 709.1625,
  "fy" : 709.1625,
  "t_20" : 0.007169207,
  "center_depth" : 2.5781362,
  "t_21" : 0.9936792,
  "height" : 768,
  "cx" : 514.5891,
  "t_22" : 0.11202826,
  "t_23" : -0.10737403,
  "width" : 1024
}