{
  "height" : 768,
  "t_13" : 0.37380528,
  "t_12" : -0.42094594,
  "t_10" : -0.9050483,
  "blur_score" : 74.843346,
  "t_02" : -0.18781036,
  "fx" : 709.44354,
  "t_01" : 0.9819718,
  "t_11" : -0.060763873,
  "t_00" : 0.02142381,
  "cy" : 386.94772,
  "t_03" : 0.37865457,
  "t_20" : -0.42476904,
  "t_21" : 0.17899567,
  "t_22" : 0.88743,
  "center_depth" : 1.8796637,
  "timestamp" : 235078117814,
  "fy" : 709.44354,
  "width" : 1024,
  "cx" : 514.3449,
  "angular_velocity" : 3.4028235e+38,
  "manual_keyframe" : false,
  "t_23" : 0.065240145
}