{
  "t_01" : -0.6192149,
  "blur_score" : 369.05978,
  "t_02" : -0.59616804,
  "t_20" : -0.40138915,
  "timestamp" : 235060974040,
  "fx" : 708.5891,
  "cy" : 387.34558,
  "angular_velocity" : 3.4028235e+38,
  "t_00" : -0.5110353,
  "t_03" : 0.3570033,
  "t_23" : -0.7700582,
  "center_depth" : 1.9240847,
  "t_13" : 0.057133414,
  "t_22" : -0.47150466,
  "height" : 768,
  "manual_keyframe" : false,
  "t_11" : 0.0016601534,
  "cx" : 513.9581,
  "fy" : 708.5891,
  "t_21" : 0.78522,
  "t_12" : 0.64982116,
  "width" : 1024,
  "t_10" : -0.7600855
}