{
  "t_21" : 0.60881144,
  "t_11" : -0.039076187,
  "t_12" : 0.4989977,
  "cx" : 514.3312,
  "t_23" : 0.0696339,
  "angular_velocity" : 3.4028235e+38,
  "t_03" : 0.12102546,
  "fy" : 709.16406,
  "manual_keyframe" : false,
  "t_13" : 0.053159803,
  "t_10" : -0.8657219,
  "height" : 768,
  "timestamp" : 235053926598,
  "t_00" : -0.33110562,
  "t_02" : -0.5123938,
  "cy" : 387.10406,
  "t_20" : 0.37535942,
  "width" : 1024,
  "fx" : 709.16406,
  "t_22" : 0.69889486,
  "center_depth" : 1.1934905,
  "t_01" : 0.79235214,
  "blur_score" : 156.24059
}