{
  "t_10" : -0.99318904,
  "cy" : 387.21964,
  "t_11" : 0.009846786,
  "manual_keyframe" : false,
  "t_02" : -0.96004415,
  "t_13" : 0.16790757,
  "t_12" : 0.116097674,
  "t_03" : 0.15112235,
  "timestamp" : 235056892188,
  "angular_velocity" : 3.4028235e+38,
  "t_01" : 0.25746438,
  "t_00" : -0.109670654,
  "blur_score" : 152.41928,
  "fx" : 709.1577,
  "fy" : 709.1577,
  "t_20" : 0.039344363,
  "center_depth" : 2.6267405,
  "t_21" : 0.96623766,
  "height" : 768,
  "cx" : 514.7387,
  "t_22" : 0.25463086,
  "t_23" : -0.34597453,
  "width" : 1024
}