{
  "t_10" : -0.9666994,
  "cy" : 386.96304,
  "t_11" : -0.022121647,
  "manual_keyframe" : false,
  "t_02" : -0.9667989,
  "t_13" : 0.08596502,
  "t_12" : 0.2549564,
  "t_03" : 0.22835071,
  "timestamp" : 235089713601,
  "angular_velocity" : 3.4028235e+38,
  "t_01" : -0.02365491,
  "t_00" : -0.25444132,
  "blur_score" : 156.21243,
  "fx" : 709.4451,
  "fy" : 709.4451,
  "t_20" : -0.02741816,
  "center_depth" : 2.6391842,
  "t_21" : 0.99947536,
  "height" : 768,
  "cx" : 514.66925,
  "t_22" : -0.017238542,
  "t_23" : -0.08810211,
  "width" : 1024
}