{
  "t_22" : 0.37721786,
  "t_03" : 0.09543568,
  "t_10" : -0.7036504,
  "fy" : 711.76874,
  "t_13" : 0.3659029,
  "t_00" : 0.56629074,
  "t_01" : 0.5698463,
  "cx" : 513.3679,
  "cy" : 386.84122,
  "t_21" : 0.82068014,
  "timestamp" : 235083082677,
  "width" : 1024,
  "manual_keyframe" : false,
  "t_12" : -0.7093071,
  "t_23" : -0.14044078,
  "t_02" : -0.5954749,
  "angular_velocity" : 3.4028235e+38,
  "blur_score" : 98.637955,
  "center_depth" : 0.79082954,
  "t_11" : -0.04194787,
  "height" : 768,
  "t_20" : -0.4291749,
  "fx" : 711.76874
}