{
  "t_10" : -0.7765412,
  "cy" : 387.09082,
  "t_11" : -0.0065614143,
  "manual_keyframe" : false,
  "t_02" : -0.7549715,
  "t_13" : -0.06588678,
  "t_12" : 0.6300324,
  "t_03" : 0.09146596,
  "timestamp" : 235093328953,
  "angular_velocity" : 3.4028235e+38,
  "t_01" : -0.23936646,
  "t_00" : -0.6105097,
  "blur_score" : 291.36627,
  "fx" : 709.13544,
  "fy" : 709.13544,
  "t_20" : -0.15576231,
  "center_depth" : 1.8632933,
  "t_21" : 0.9709072,
  "height" : 768,
  "cx" : 513.83374,
  "t_22" : -0.18187213,
  "t_23" : -0.13896179,
  "width" : 1024
}