{
  "t_01" : 0.999675,
  "blur_score" : 127.13994,
  "t_02" : 0.024589116,
  "t_20" : 0.6942078,
  "timestamp" : 235045429680,
  "fx" : 708.56366,
  "cy" : 387.16174,
  "angular_velocity" : 3.4028235e+38,
  "t_03" : -0.0009063445,
  "t_00" : 0.006741098,
  "t_23" : -0.0026959665,
  "center_depth" : 1.6648307,
  "t_13" : 0.02060005,
  "t_22" : 0.7194269,
  "height" : 768,
  "manual_keyframe" : false,
  "t_11" : -0.012220226,
  "cx" : 513.65234,
  "fy" : 708.56366,
  "t_21" : -0.02237705,
  "t_12" : 0.69413286,
  "width" : 1024,
  "t_10" : -0.7197432
}