{
  "width" : 1024,
  "t_02" : -0.7472704,
  "height" : 768,
  "timestamp" : 235079983803,
  "t_00" : 0.3445368,
  "t_20" : -0.25992712,
  "t_21" : 0.8226289,
  "center_depth" : 1.7823801,
  "t_01" : 0.5682267,
  "blur_score" : 134.73814,
  "manual_keyframe" : false,
  "t_22" : 0.5056875,
  "fx" : 711.48914,
  "t_10" : -0.9020712,
  "cy" : 386.9872,
  "cx" : 514.42645,
  "t_03" : 0.31871805,
  "t_11" : -0.020007877,
  "t_13" : 0.3844694,
  "fy" : 711.48914,
  "t_23" : -0.067864135,
  "angular_velocity" : 3.4028235e+38,
  "t_12" : -0.43112344
}