{
  "t_10" : -0.9271474,
  "cy" : 387.0009,
  "t_11" : -0.038511313,
  "manual_keyframe" : false,
  "t_02" : 0.68757296,
  "t_13" : 0.34269387,
  "t_12" : -0.37271243,
  "t_03" : 0.47901815,
  "timestamp" : 235075935274,
  "angular_velocity" : 3.4028235e+38,
  "t_01" : 0.6595076,
  "t_00" : -0.303798,
  "blur_score" : 80.41051,
  "fx" : 709.16876,
  "fy" : 709.16876,
  "t_20" : -0.21932738,
  "center_depth" : 1.9708258,
  "t_21" : -0.75071067,
  "height" : 768,
  "cx" : 514.6302,
  "t_22" : 0.6231605,
  "t_23" : -0.03319285,
  "width" : 1024
}