{
  "t_10" : -0.87031764,
  "cy" : 387.09714,
  "t_11" : -0.014633201,
  "manual_keyframe" : false,
  "t_02" : -0.8582091,
  "t_13" : 0.3247798,
  "t_12" : -0.49227345,
  "t_03" : 0.12562966,
  "timestamp" : 235085981624,
  "angular_velocity" : 3.4028235e+38,
  "t_01" : 0.17519021,
  "t_00" : 0.48247892,
  "blur_score" : 116.93232,
  "fx" : 710.90155,
  "fy" : 710.90155,
  "t_20" : -0.098799825,
  "center_depth" : 1.373141,
  "t_21" : 0.9844259,
  "height" : 768,
  "cx" : 514.33307,
  "t_22" : 0.1454109,
  "t_23" : -0.1915463,
  "width" : 1024
}