{
  "t_10" : -0.8540918,
  "cy" : 387.04755,
  "t_11" : -0.028465306,
  "manual_keyframe" : false,
  "t_02" : -0.56614006,
  "t_13" : 0.33090112,
  "t_12" : -0.5193427,
  "t_03" : 0.12004029,
  "timestamp" : 235084182277,
  "angular_velocity" : 3.4028235e+38,
  "t_01" : 0.76011693,
  "t_00" : 0.31891632,
  "blur_score" : 79.05658,
  "fx" : 711.75757,
  "fy" : 711.75757,
  "t_20" : -0.4108766,
  "center_depth" : 1.4817542,
  "t_21" : 0.64916253,
  "height" : 768,
  "cx" : 514.09625,
  "t_22" : 0.64013165,
  "t_23" : -0.23920844,
  "width" : 1024
}