{
  "t_10" : -0.78856444,
  "cy" : 387.1969,
  "t_11" : -0.057803698,
  "manual_keyframe" : false,
  "t_02" : -0.7887633,
  "t_13" : -0.07804711,
  "t_12" : 0.61222947,
  "t_03" : 0.08939625,
  "timestamp" : 235092879117,
  "angular_velocity" : 3.4028235e+38,
  "t_01" : 0.024755642,
  "t_00" : -0.61419857,
  "blur_score" : 146.32991,
  "fx" : 708.85754,
  "fy" : 708.85754,
  "t_20" : -0.030437302,
  "center_depth" : 1.911111,
  "t_21" : 0.99802107,
  "height" : 768,
  "cx" : 513.807,
  "t_22" : 0.05502436,
  "t_23" : -0.18477891,
  "width" : 1024
}