{
  "blur_score" : 54.123714,
  "t_21" : 0.501017,
  "center_depth" : 1.2513553,
  "height" : 768,
  "cy" : 387.1278,
  "t_00" : -0.28508526,
  "t_03" : -0.051029783,
  "t_12" : 0.59630764,
  "t_10" : -0.80251044,
  "t_22" : -0.68867886,
  "angular_velocity" : 3.4028235e+38,
  "width" : 1024,
  "fx" : 710.68713,
  "t_01" : -0.8652097,
  "fy" : 710.68713,
  "t_02" : -0.41247883,
  "t_13" : -0.04987908,
  "timestamp" : 235095361547,
  "t_20" : -0.52412176,
  "t_23" : 0.12196121,
  "t_11" : -0.01985694,
  "manual_keyframe" : false,
  "cx" : 513.8803
}