{
  "t_10" : -0.8802312,
  "cy" : 387.1184,
  "t_11" : -0.015593651,
  "manual_keyframe" : false,
  "t_02" : -0.84203863,
  "t_13" : 0.3158821,
  "t_12" : -0.4742888,
  "t_03" : 0.13160834,
  "timestamp" : 235085781696,
  "angular_velocity" : 3.4028235e+38,
  "t_01" : 0.29985067,
  "t_00" : 0.4483978,
  "blur_score" : 98.18307,
  "fx" : 710.89044,
  "fy" : 710.89044,
  "t_20" : -0.15534629,
  "center_depth" : 1.4937046,
  "t_21" : 0.9538586,
  "height" : 768,
  "cx" : 514.38165,
  "t_22" : 0.25694576,
  "t_23" : -0.20772901,
  "width" : 1024
}