{
  "height" : 768,
  "t_13" : 0.09449327,
  "t_12" : 0.4877249,
  "t_10" : -0.8729394,
  "blur_score" : 242.98601,
  "fx" : 708.2889,
  "t_02" : -0.7357966,
  "t_01" : -0.54286945,
  "t_11" : -0.01006613,
  "t_00" : -0.4048411,
  "cy" : 387.29355,
  "t_03" : 0.3466789,
  "t_20" : -0.2721776,
  "t_21" : 0.83975685,
  "t_22" : -0.46981695,
  "center_depth" : 2.3171854,
  "timestamp" : 235059841118,
  "fy" : 708.2889,
  "width" : 1024,
  "cx" : 514.3355,
  "angular_velocity" : 3.4028235e+38,
  "manual_keyframe" : false,
  "t_23" : -0.7025425
}