{
  "t_22" : 0.6619501,
  "t_03" : 0.35809177,
  "t_10" : -0.90975505,
  "fy" : 710.91425,
  "t_00" : 0.25086543,
  "cy" : 386.8833,
  "t_01" : 0.7388672,
  "t_13" : 0.382983,
  "cx" : 514.44543,
  "t_21" : 0.6726142,
  "timestamp" : 235079350700,
  "width" : 1024,
  "manual_keyframe" : false,
  "t_12" : -0.4131348,
  "t_23" : -0.029106054,
  "t_02" : -0.62541336,
  "angular_velocity" : 3.4028235e+38,
  "blur_score" : 122.25794,
  "center_depth" : 1.4654365,
  "t_11" : -0.04081104,
  "height" : 768,
  "t_20" : -0.33077553,
  "fx" : 710.91425
}