{
  "t_10" : -0.93072695,
  "cy" : 386.8195,
  "t_11" : -0.06141332,
  "manual_keyframe" : false,
  "t_02" : -0.92021286,
  "t_13" : 0.28348395,
  "t_12" : -0.36052167,
  "t_03" : 0.117899135,
  "timestamp" : 235087780970,
  "angular_velocity" : 3.4028235e+38,
  "t_01" : -0.1396396,
  "t_00" : 0.365663,
  "blur_score" : 142.79204,
  "fx" : 710.8682,
  "fy" : 710.8682,
  "t_20" : -0.0061702216,
  "center_depth" : 2.4520085,
  "t_21" : 0.9882962,
  "height" : 768,
  "cx" : 514.26465,
  "t_22" : -0.1524229,
  "t_23" : -0.08560678,
  "width" : 1024
}