{
  "t_10" : -0.84168905,
  "cy" : 386.96613,
  "t_11" : -0.038466983,
  "manual_keyframe" : false,
  "t_02" : 0.6793578,
  "t_13" : 0.021709286,
  "t_12" : 0.53859085,
  "t_03" : 0.21305725,
  "timestamp" : 235072953023,
  "angular_velocity" : 3.4028235e+38,
  "t_01" : 0.6107232,
  "t_00" : 0.40680495,
  "blur_score" : 66.23385,
  "fx" : 709.7406,
  "fy" : 709.7406,
  "t_20" : 0.35506278,
  "center_depth" : 1.5511934,
  "t_21" : -0.79090935,
  "height" : 768,
  "cx" : 513.7794,
  "t_22" : 0.4983905,
  "t_23" : -0.14954482,
  "width" : 1024
}