{
  "center_depth" : 2.056092,
  "t_22" : -0.6503217,
  "t_21" : 0.756138,
  "t_23" : -0.74939066,
  "angular_velocity" : 3.4028235e+38,
  "t_00" : -0.048196908,
  "t_02" : -0.7549761,
  "t_20" : -0.0730551,
  "cx" : 514.57294,
  "t_13" : 0.19495149,
  "t_12" : 0.08421999,
  "cy" : 387.13766,
  "blur_score" : 280.49155,
  "fy" : 708.8497,
  "t_11" : -0.023811355,
  "height" : 768,
  "timestamp" : 235063889648,
  "t_03" : 0.24926436,
  "manual_keyframe" : false,
  "t_01" : -0.6539789,
  "t_10" : -0.9961627,
  "fx" : 708.8497,
  "width" : 1024
}