{
  "t_11" : -0.04976409,
  "fy" : 709.1735,
  "center_depth" : 1.8030106,
  "t_23" : -0.035692822,
  "timestamp" : 235075268849,
  "t_12" : -0.17113654,
  "t_02" : 0.72583824,
  "t_21" : -0.74161136,
  "angular_velocity" : 3.4028235e+38,
  "width" : 1024,
  "t_01" : 0.6689813,
  "height" : 768,
  "fx" : 709.1735,
  "t_20" : -0.07836649,
  "t_13" : 0.29264784,
  "t_03" : 0.44401512,
  "t_22" : 0.66623664,
  "blur_score" : 104.896835,
  "cy" : 386.8452,
  "t_00" : -0.16007149,
  "cx" : 514.6904,
  "manual_keyframe" : false,
  "t_10" : -0.9839897
}