{
  "width" : 1024,
  "t_02" : 0.69317347,
  "height" : 768,
  "timestamp" : 235072536508,
  "t_00" : 0.5513905,
  "t_20" : 0.32597858,
  "t_21" : -0.8847235,
  "center_depth" : 1.3579607,
  "t_01" : 0.46419737,
  "blur_score" : 47.41524,
  "manual_keyframe" : false,
  "t_22" : 0.33317035,
  "fx" : 709.71356,
  "cy" : 386.93393,
  "t_03" : 0.17367786,
  "fy" : 709.71356,
  "t_10" : -0.7679236,
  "t_11" : -0.0422527,
  "t_13" : -0.017832726,
  "cx" : 513.52637,
  "t_23" : -0.19870533,
  "angular_velocity" : 3.4028235e+38,
  "t_12" : 0.63914645
}