{
  "t_23" : 0.0136207575,
  "t_10" : -0.8722275,
  "cx" : 514.10626,
  "cy" : 387.13608,
  "t_01" : 0.9975729,
  "fx" : 708.2826,
  "fy" : 708.2826,
  "t_13" : 0.053095073,
  "t_00" : 0.006059996,
  "timestamp" : 235048045399,
  "t_11" : -0.028653549,
  "angular_velocity" : 3.4028235e+38,
  "blur_score" : 186.1533,
  "t_21" : -0.06346358,
  "t_20" : 0.4890631,
  "t_02" : 0.069368094,
  "height" : 768,
  "manual_keyframe" : false,
  "t_12" : 0.4882606,
  "t_03" : -0.00020191204,
  "center_depth" : 1.5751947,
  "t_22" : 0.8699368,
  "width" : 1024
}