{
  "blur_score" : 105.2397,
  "t_21" : 0.10835997,
  "center_depth" : 2.6414676,
  "height" : 768,
  "cy" : 387.16748,
  "t_00" : -0.041277885,
  "t_03" : 0.002386339,
  "t_10" : -0.85924447,
  "t_12" : 0.51129746,
  "t_22" : -0.85338336,
  "angular_velocity" : 3.4028235e+38,
  "width" : 1024,
  "fx" : 707.3932,
  "t_01" : -0.993974,
  "fy" : 707.3932,
  "t_02" : -0.10154819,
  "t_13" : -0.029088546,
  "timestamp" : 235098460421,
  "t_20" : -0.50989735,
  "t_23" : 0.60415643,
  "t_11" : -0.016553288,
  "manual_keyframe" : false,
  "cx" : 514.1091
}