{
  "blur_score" : 101.53118,
  "t_21" : 0.23549937,
  "center_depth" : 2.6916318,
  "height" : 768,
  "cy" : 387.07388,
  "t_00" : -0.12059197,
  "t_03" : -0.1139609,
  "t_12" : 0.50656676,
  "t_10" : -0.8621994,
  "t_22" : -0.83813506,
  "angular_velocity" : 3.4028235e+38,
  "width" : 1024,
  "fx" : 707.7855,
  "t_01" : -0.97187334,
  "t_02" : -0.20228676,
  "fy" : 707.7855,
  "t_13" : -0.023538137,
  "timestamp" : 235097460784,
  "t_20" : -0.49200597,
  "t_23" : 0.44084027,
  "t_11" : 0.0015460632,
  "manual_keyframe" : false,
  "cx" : 514.13367
}