{
  "t_01" : -0.33640102,
  "blur_score" : 215.16315,
  "t_02" : -0.87608784,
  "t_20" : -0.100684375,
  "timestamp" : 235058891463,
  "fx" : 708.2779,
  "cy" : 387.40152,
  "angular_velocity" : 3.4028235e+38,
  "t_00" : -0.3454051,
  "t_03" : 0.29561043,
  "t_23" : -0.59198606,
  "center_depth" : 2.6499374,
  "t_13" : 0.1157876,
  "t_22" : -0.32179922,
  "height" : 768,
  "manual_keyframe" : false,
  "t_11" : 0.022942735,
  "cx" : 514.5666,
  "fy" : 708.2779,
  "t_21" : 0.94143933,
  "t_12" : 0.35904828,
  "width" : 1024,
  "t_10" : -0.933037
}