{
  "t_10" : -0.7957425,
  "cy" : 387.25522,
  "t_11" : -0.017029436,
  "manual_keyframe" : false,
  "t_02" : -0.752139,
  "t_13" : -0.06712638,
  "t_12" : 0.6053958,
  "t_03" : 0.0707006,
  "timestamp" : 235091679553,
  "angular_velocity" : 3.4028235e+38,
  "t_01" : 0.31479138,
  "t_00" : -0.57895917,
  "blur_score" : 151.26987,
  "fx" : 708.5748,
  "fy" : 708.5748,
  "t_20" : 0.17776486,
  "center_depth" : 2.107973,
  "t_21" : 0.9490082,
  "height" : 768,
  "cx" : 514.03125,
  "t_22" : 0.2603522,
  "t_23" : -0.12041016,
  "width" : 1024
}