{
  "height" : 768,
  "t_13" : 0.14291608,
  "t_12" : 0.2892864,
  "t_10" : -0.95702094,
  "blur_score" : 311.2428,
  "fx" : 708.821,
  "t_02" : -0.7381395,
  "t_01" : -0.6413551,
  "t_11" : -0.020600768,
  "t_00" : -0.2093176,
  "cy" : 387.09213,
  "t_03" : 0.2830655,
  "t_20" : -0.20074153,
  "t_21" : 0.7669676,
  "t_22" : -0.6094781,
  "center_depth" : 2.1006002,
  "timestamp" : 235063389830,
  "fy" : 708.821,
  "width" : 1024,
  "cx" : 514.3226,
  "angular_velocity" : 3.4028235e+38,
  "manual_keyframe" : false,
  "t_23" : -0.7413645
}