{
  "t_10" : -0.78032476,
  "cy" : 387.1174,
  "t_11" : -0.026803147,
  "manual_keyframe" : false,
  "t_02" : -0.49105468,
  "t_13" : -0.062608,
  "t_12" : 0.62479997,
  "t_03" : -0.025345687,
  "timestamp" : 235095028335,
  "angular_velocity" : 3.4028235e+38,
  "t_01" : -0.7904978,
  "t_00" : -0.36603114,
  "blur_score" : 52.018303,
  "fx" : 710.9063,
  "fy" : 710.9063,
  "t_20" : -0.5070648,
  "center_depth" : 1.1360453,
  "t_21" : 0.6118782,
  "height" : 768,
  "cx" : 513.819,
  "t_22" : -0.60703415,
  "t_23" : 0.07618415,
  "width" : 1024
}