{
  "t_10" : -0.9243945,
  "cy" : 387.1306,
  "t_11" : -0.013071624,
  "manual_keyframe" : false,
  "t_02" : -0.72766405,
  "t_13" : 0.30085745,
  "t_12" : -0.38121396,
  "t_03" : 0.14002252,
  "timestamp" : 235085115272,
  "angular_velocity" : 3.4028235e+38,
  "t_01" : 0.62100583,
  "t_00" : 0.2913022,
  "blur_score" : 87.41734,
  "fx" : 710.61884,
  "fy" : 710.61884,
  "t_20" : -0.24624784,
  "center_depth" : 2.0027227,
  "t_21" : 0.78369707,
  "height" : 768,
  "cx" : 514.49133,
  "t_22" : 0.5702465,
  "t_23" : -0.26215604,
  "width" : 1024
}