{
  "height" : 768,
  "t_13" : -0.018262055,
  "t_12" : 0.65907675,
  "t_10" : -0.75154597,
  "blur_score" : 79.22746,
  "t_02" : 0.21186982,
  "fx" : 708.89087,
  "t_01" : -0.95185465,
  "t_11" : -0.02822523,
  "t_00" : 0.22154969,
  "cy" : 387.24152,
  "t_03" : 0.11948317,
  "t_20" : -0.6213651,
  "t_21" : -0.3052481,
  "t_22" : -0.72161573,
  "center_depth" : 1.9765223,
  "timestamp" : 235069437633,
  "fy" : 708.89087,
  "width" : 1024,
  "cx" : 513.8512,
  "angular_velocity" : 3.4028235e+38,
  "manual_keyframe" : false,
  "t_23" : -0.41102305
}