{
  "t_10" : -0.9764074,
  "cy" : 387.08926,
  "t_11" : -0.039180607,
  "manual_keyframe" : false,
  "t_02" : 0.66530716,
  "t_13" : 0.15164183,
  "t_12" : 0.21235241,
  "t_03" : 0.34784323,
  "timestamp" : 235074085945,
  "angular_velocity" : 3.4028235e+38,
  "t_01" : 0.73764485,
  "t_00" : 0.11509357,
  "blur_score" : 100.71811,
  "fx" : 709.15454,
  "fy" : 709.15454,
  "t_20" : 0.18270779,
  "center_depth" : 1.8752536,
  "t_21" : -0.6740512,
  "height" : 768,
  "cx" : 514.5117,
  "t_22" : 0.71573246,
  "t_23" : -0.022144504,
  "width" : 1024
}