{
  "t_23" : 0.07275945,
  "t_10" : -0.93001217,
  "cx" : 514.55206,
  "cy" : 387.03668,
  "fx" : 708.2826,
  "t_01" : 0.8510086,
  "fy" : 708.2826,
  "t_00" : -0.21881409,
  "t_13" : 0.10225929,
  "timestamp" : 235053210191,
  "t_11" : -0.033828687,
  "angular_velocity" : 3.4028235e+38,
  "blur_score" : 117.442184,
  "t_21" : 0.5240612,
  "t_20" : 0.2952929,
  "t_02" : -0.47739393,
  "height" : 768,
  "manual_keyframe" : false,
  "t_12" : 0.36596873,
  "t_03" : 0.11839128,
  "center_depth" : 1.2491183,
  "t_22" : 0.79885054,
  "width" : 1024
}