{
  "t_10" : -0.844808,
  "cy" : 386.95145,
  "t_11" : -0.06837667,
  "manual_keyframe" : false,
  "t_02" : -0.832833,
  "t_13" : 0.3285198,
  "t_12" : -0.5306828,
  "t_03" : 0.06947614,
  "timestamp" : 235086997921,
  "angular_velocity" : 3.4028235e+38,
  "t_01" : -0.14299874,
  "t_00" : 0.5347344,
  "blur_score" : 130.3724,
  "fx" : 710.892,
  "fy" : 710.892,
  "t_20" : 0.018940639,
  "center_depth" : 1.5864851,
  "t_21" : 0.9873582,
  "height" : 768,
  "cx" : 514.0219,
  "t_22" : -0.15736985,
  "t_23" : -0.09725769,
  "width" : 1024
}