{
  "t_10" : -0.9053628,
  "cy" : 387.13348,
  "t_11" : -0.008185253,
  "manual_keyframe" : false,
  "t_02" : -0.7852153,
  "t_13" : 0.3078163,
  "t_12" : -0.42456013,
  "t_03" : 0.1395603,
  "timestamp" : 235085381841,
  "angular_velocity" : 3.4028235e+38,
  "t_01" : 0.50116754,
  "t_00" : 0.3636872,
  "blur_score" : 105.26784,
  "fx" : 710.8936,
  "fy" : 710.8936,
  "t_20" : -0.21920295,
  "center_depth" : 1.3840544,
  "t_21" : 0.86531174,
  "height" : 768,
  "cx" : 514.5561,
  "t_22" : 0.4507616,
  "t_23" : -0.24145392,
  "width" : 1024
}