{
  "t_10" : -0.7900687,
  "cy" : 387.21985,
  "t_11" : -0.07690294,
  "manual_keyframe" : false,
  "t_02" : -0.7351721,
  "t_13" : -0.049728766,
  "t_12" : 0.60817534,
  "t_03" : 0.066405796,
  "timestamp" : 235093878753,
  "angular_velocity" : 3.4028235e+38,
  "t_01" : -0.4299744,
  "t_00" : -0.52406496,
  "blur_score" : 190.39513,
  "fx" : 709.4468,
  "fy" : 709.4468,
  "t_20" : -0.31803682,
  "center_depth" : 1.57968,
  "t_21" : 0.89955986,
  "height" : 768,
  "cx" : 513.83997,
  "t_22" : -0.2994073,
  "t_23" : -0.05621307,
  "width" : 1024
}