{
  "width" : 1024,
  "t_02" : -0.74656785,
  "height" : 768,
  "timestamp" : 235082016398,
  "t_00" : 0.6215323,
  "t_20" : -0.23102404,
  "t_21" : 0.9661487,
  "center_depth" : 1.2365452,
  "t_01" : 0.23734821,
  "blur_score" : 122.52549,
  "manual_keyframe" : false,
  "t_22" : 0.114825115,
  "t_10" : -0.748549,
  "t_03" : 0.07158001,
  "fx" : 711.1907,
  "cx" : 513.9669,
  "cy" : 386.68933,
  "t_13" : 0.3614015,
  "t_11" : -0.10110758,
  "fy" : 711.1907,
  "t_23" : -0.10471235,
  "angular_velocity" : 3.4028235e+38,
  "t_12" : -0.6553257
}