{
  "t_10" : -0.9846267,
  "cy" : 387.35522,
  "t_11" : 0.00490977,
  "manual_keyframe" : false,
  "t_02" : -0.98093915,
  "t_13" : 0.15296191,
  "t_12" : 0.17460287,
  "t_03" : 0.137473,
  "timestamp" : 235057392007,
  "angular_velocity" : 3.4028235e+38,
  "t_01" : 0.087474935,
  "t_00" : -0.17351276,
  "blur_score" : 148.7656,
  "fx" : 708.8686,
  "fy" : 708.8686,
  "t_20" : 0.02008956,
  "center_depth" : 2.6139007,
  "t_21" : 0.99615467,
  "height" : 768,
  "cx" : 514.68616,
  "t_22" : 0.085278235,
  "t_23" : -0.42542446,
  "width" : 1024
}