{
  "t_10" : -0.772172,
  "cy" : 386.88434,
  "t_11" : -0.04162331,
  "manual_keyframe" : false,
  "t_02" : -0.62743914,
  "t_13" : -0.059837777,
  "t_12" : 0.63404876,
  "t_03" : 0.024226362,
  "timestamp" : 235094395232,
  "angular_velocity" : 3.4028235e+38,
  "t_01" : -0.6113547,
  "t_00" : -0.48225057,
  "blur_score" : 113.43274,
  "fx" : 710.06134,
  "fy" : 710.06134,
  "t_20" : -0.41374484,
  "center_depth" : 1.161243,
  "t_21" : 0.7902612,
  "height" : 768,
  "cx" : 513.7849,
  "t_22" : -0.4519981,
  "t_23" : 0.021988828,
  "width" : 1024
}