{
  "width" : 1024,
  "t_02" : -0.9674776,
  "height" : 768,
  "timestamp" : 235057991789,
  "t_00" : -0.2368717,
  "t_20" : -0.0020266993,
  "t_21" : 0.99586064,
  "center_depth" : 2.6395283,
  "t_01" : -0.088764615,
  "blur_score" : 188.14957,
  "manual_keyframe" : false,
  "t_22" : -0.09087253,
  "t_03" : 0.1906148,
  "fx" : 708.60657,
  "t_10" : -0.9715389,
  "fy" : 708.60657,
  "cx" : 514.72864,
  "t_13" : 0.13243315,
  "t_11" : 0.019564338,
  "cy" : 387.26678,
  "t_23" : -0.4970137,
  "angular_velocity" : 3.4028235e+38,
  "t_12" : 0.23607105
}