{
  "t_23" : 0.07442394,
  "t_10" : -0.9716797,
  "cx" : 514.6809,
  "cy" : 387.008,
  "t_01" : 0.8878722,
  "t_13" : 0.13704346,
  "fx" : 707.69653,
  "t_00" : -0.14884833,
  "fy" : 707.69653,
  "timestamp" : 235052443803,
  "t_11" : -0.04961599,
  "angular_velocity" : 3.4028235e+38,
  "blur_score" : 145.79086,
  "t_21" : 0.45740718,
  "t_20" : 0.1835289,
  "t_02" : -0.43534732,
  "height" : 768,
  "manual_keyframe" : false,
  "t_12" : 0.23103449,
  "t_03" : 0.11815773,
  "center_depth" : 1.7569379,
  "t_22" : 0.87011266,
  "width" : 1024
}