{
  "fy" : 707.1089,
  "angular_velocity" : 3.4028235e+38,
  "t_10" : -0.9907769,
  "t_01" : -0.9548424,
  "t_02" : -0.29705346,
  "t_13" : 0.07772337,
  "cx" : 514.4656,
  "cy" : 387.0118,
  "t_00" : -0.005943486,
  "t_23" : 1.5169072,
  "timestamp" : 235102425646,
  "t_11" : -0.034591533,
  "fx" : 707.1089,
  "height" : 768,
  "width" : 1024,
  "manual_keyframe" : false,
  "t_03" : 0.040039696,
  "t_22" : -0.9458301,
  "t_12" : 0.1310139,
  "center_depth" : 4.2424984,
  "blur_score" : 83.95977,
  "t_20" : -0.13537318,
  "t_21" : 0.29509234
}