{
  "fy" : 713.28864,
  "angular_velocity" : 3.4028235e+38,
  "t_10" : -0.8436211,
  "t_01" : -0.07322036,
  "t_02" : -0.84105146,
  "t_13" : -0.04012572,
  "cx" : 513.96484,
  "cy" : 387.60083,
  "t_00" : -0.5359772,
  "t_23" : 1.7785459,
  "timestamp" : 235109606369,
  "t_11" : 0.0843611,
  "fx" : 713.28864,
  "height" : 768,
  "width" : 1024,
  "manual_keyframe" : false,
  "t_03" : 0.3647325,
  "t_22" : -0.10698588,
  "t_12" : 0.53027046,
  "center_depth" : 1.5021902,
  "blur_score" : 81.061104,
  "t_20" : 0.032125417,
  "t_21" : 0.9937415
}