{
  "t_02" : -0.1202618,
  "t_12" : -0.31203976,
  "t_20" : 0.30126768,
  "t_23" : 1.3940711,
  "t_10" : -0.94831413,
  "timestamp" : 235136130049,
  "t_22" : -0.942427,
  "fy" : 714.1558,
  "t_11" : -0.05772047,
  "t_21" : 0.14515348,
  "fx" : 714.1558,
  "angular_velocity" : 3.4028235e+38,
  "t_03" : 2.362467,
  "t_13" : 0.29470402,
  "blur_score" : 40.904594,
  "center_depth" : 1.4646158,
  "width" : 1024,
  "cy" : 387.09726,
  "height" : 768,
  "cx" : 514.435,
  "t_00" : 0.09969099,
  "manual_keyframe" : false,
  "t_01" : -0.9877241
}