{
  "t_01" : -0.77997905,
  "blur_score" : 88.09004,
  "t_02" : -0.61566305,
  "t_20" : 0.0060519027,
  "timestamp" : 235181846700,
  "fx" : 709.14185,
  "cy" : 386.8783,
  "angular_velocity" : 3.4028235e+38,
  "t_00" : 0.11221346,
  "t_03" : 0.3670535,
  "t_23" : 4.2784996,
  "center_depth" : 2.0565422,
  "t_13" : 0.13077147,
  "t_22" : -0.78449875,
  "height" : 768,
  "manual_keyframe" : false,
  "cx" : 514.69305,
  "t_11" : -0.08430535,
  "fy" : 709.14185,
  "t_21" : 0.6201011,
  "t_12" : -0.07430404,
  "width" : 1024,
  "t_10" : -0.9936657
}