{
  "blur_score" : 70.90367,
  "t_21" : -0.1365384,
  "center_depth" : 1.4495099,
  "height" : 768,
  "t_10" : -0.74079275,
  "t_03" : 1.7855605,
  "t_00" : 0.14158562,
  "t_12" : 0.66829675,
  "cy" : 386.78583,
  "t_22" : -0.74173963,
  "angular_velocity" : 3.4028235e+38,
  "width" : 1024,
  "fx" : 717.9358,
  "t_01" : -0.9883075,
  "fy" : 717.9358,
  "t_02" : 0.056584224,
  "t_13" : -0.15523839,
  "timestamp" : 235151074603,
  "t_20" : -0.65664274,
  "t_23" : 1.7100945,
  "t_11" : -0.06786404,
  "manual_keyframe" : false,
  "cx" : 513.8926
}