{
  "t_01" : -0.8661878,
  "blur_score" : 96.23608,
  "t_02" : -0.49942225,
  "t_20" : -0.04530546,
  "timestamp" : 235181446847,
  "fx" : 709.1402,
  "cy" : 386.9856,
  "angular_velocity" : 3.4028235e+38,
  "t_03" : 0.3742469,
  "t_00" : 0.017210243,
  "t_23" : 4.2215395,
  "center_depth" : 1.9577696,
  "t_13" : 0.091026604,
  "t_22" : -0.86581594,
  "height" : 768,
  "manual_keyframe" : false,
  "cx" : 514.81384,
  "t_11" : -0.037527446,
  "fy" : 709.1402,
  "t_21" : 0.49830756,
  "t_12" : 0.030667046,
  "width" : 1024,
  "t_10" : -0.99882495
}