{
  "blur_score" : 99.629875,
  "t_21" : -0.7307085,
  "center_depth" : 0.95213526,
  "height" : 768,
  "cy" : 386.44897,
  "t_10" : -0.98763055,
  "t_00" : -0.05713962,
  "t_12" : -0.14093035,
  "t_03" : 1.7834927,
  "t_22" : -0.66689134,
  "angular_velocity" : 3.4028235e+38,
  "width" : 1024,
  "fx" : 715.61536,
  "t_01" : -0.67922056,
  "t_02" : 0.7317066,
  "fy" : 715.61536,
  "t_13" : -0.02443443,
  "timestamp" : 235157072415,
  "t_20" : 0.14601731,
  "t_23" : 2.2840376,
  "t_11" : -0.068735905,
  "manual_keyframe" : false,
  "cx" : 514.6146
}