{
  "height" : 768,
  "t_13" : -0.21700808,
  "t_12" : 0.85959715,
  "t_10" : -0.5069112,
  "blur_score" : 99.704704,
  "t_02" : -0.06480028,
  "fx" : 716.73663,
  "t_01" : 0.9977591,
  "t_11" : 0.06429347,
  "t_00" : 0.016664192,
  "cy" : 387.6074,
  "t_03" : 0.972147,
  "t_20" : 0.8618372,
  "t_21" : 0.018523507,
  "t_22" : 0.50684667,
  "center_depth" : 0.6026454,
  "timestamp" : 235122301751,
  "fy" : 716.73663,
  "width" : 1024,
  "cx" : 512.747,
  "angular_velocity" : 3.4028235e+38,
  "manual_keyframe" : false,
  "t_23" : 1.6115811
}