{
  "blur_score" : 136.19716,
  "t_21" : 0.18022862,
  "center_depth" : 5.0924635,
  "height" : 768,
  "cy" : 386.91174,
  "t_00" : 0.07725424,
  "t_03" : -0.023793094,
  "t_12" : -0.11200608,
  "t_10" : -0.9919948,
  "t_22" : -0.9785396,
  "angular_velocity" : 3.4028235e+38,
  "width" : 1024,
  "fx" : 706.81824,
  "t_01" : -0.98189443,
  "fy" : 706.81824,
  "t_02" : -0.1729603,
  "t_13" : 0.19417447,
  "timestamp" : 235104075046,
  "t_20" : 0.09989127,
  "t_23" : 1.5601044,
  "t_11" : -0.058319103,
  "manual_keyframe" : false,
  "cx" : 514.66327
}