{
  "t_11" : -0.045069903,
  "fy" : 715.8981,
  "height" : 768,
  "t_01" : -0.77654964,
  "t_23" : 1.4230287,
  "t_10" : -0.9348992,
  "manual_keyframe" : false,
  "fx" : 715.8981,
  "t_21" : -0.628442,
  "center_depth" : 0.68759173,
  "timestamp" : 235149658453,
  "t_22" : -0.7374648,
  "t_00" : 0.25447422,
  "t_20" : -0.2473992,
  "angular_velocity" : 3.4028235e+38,
  "t_13" : 0.002100762,
  "cy" : 386.98386,
  "width" : 1024,
  "blur_score" : 79.26341,
  "cx" : 514.58105,
  "t_02" : 0.57637966,
  "t_12" : 0.35204002,
  "t_03" : 1.6677855
}