{
  "t_20" : -0.26167667,
  "timestamp" : 235197274397,
  "fx" : 715.0135,
  "center_depth" : 1.6290511,
  "manual_keyframe" : false,
  "t_23" : 5.88363,
  "t_13" : -0.05215373,
  "cy" : 387.0518,
  "blur_score" : 86.83957,
  "height" : 768,
  "t_10" : -0.9626929,
  "t_02" : -0.29283845,
  "t_00" : -0.06890428,
  "t_22" : -0.91717154,
  "t_01" : -0.953676,
  "t_21" : 0.30053574,
  "angular_velocity" : 3.4028235e+38,
  "t_12" : 0.27026293,
  "t_03" : 0.6707623,
  "fy" : 715.0135,
  "width" : 1024,
  "t_11" : -0.013431946,
  "cx" : 514.42456
}