{
  "t_22" : -0.646189,
  "t_03" : 1.7969521,
  "t_10" : -0.9236119,
  "fy" : 713.84924,
  "t_13" : -0.11989756,
  "t_00" : 0.3822777,
  "t_01" : -0.6055873,
  "cx" : 513.6669,
  "cy" : 386.40247,
  "t_21" : -0.76265,
  "timestamp" : 235156439313,
  "width" : 1024,
  "manual_keyframe" : false,
  "t_12" : 0.30872658,
  "t_23" : 2.2888856,
  "t_02" : 0.6979455,
  "angular_velocity" : 3.4028235e+38,
  "blur_score" : 77.355354,
  "center_depth" : 0.9562438,
  "t_11" : -0.22722043,
  "height" : 768,
  "t_20" : -0.02837342,
  "fx" : 713.84924
}