{
  "fy" : 731.36255,
  "angular_velocity" : 3.4028235e+38,
  "t_10" : -0.8962172,
  "t_01" : -0.7493767,
  "t_13" : -0.022074869,
  "cy" : 386.6793,
  "cx" : 514.5038,
  "t_02" : 0.54942685,
  "t_00" : 0.36954662,
  "t_23" : 1.9202893,
  "timestamp" : 235160604460,
  "t_11" : -0.13127758,
  "fx" : 731.36255,
  "height" : 768,
  "width" : 1024,
  "manual_keyframe" : false,
  "t_03" : 1.80874,
  "t_22" : -0.72011757,
  "t_12" : 0.42374638,
  "center_depth" : 0.78718626,
  "blur_score" : 76.03065,
  "t_20" : -0.24541824,
  "t_21" : -0.64899987
}