{
  "t_22" : -0.5653908,
  "t_03" : 1.7112755,
  "t_10" : -0.9381953,
  "fy" : 712.6851,
  "t_00" : -0.2631309,
  "cy" : 387.1005,
  "t_01" : -0.6081395,
  "cx" : 514.1873,
  "t_13" : 0.26333943,
  "t_21" : -0.79358774,
  "timestamp" : 235147825788,
  "width" : 1024,
  "manual_keyframe" : false,
  "t_12" : -0.3455499,
  "t_23" : 1.3084081,
  "t_02" : 0.7489518,
  "angular_velocity" : 3.4028235e+38,
  "blur_score" : 100.48054,
  "center_depth" : 1.2013696,
  "t_11" : -0.019620568,
  "height" : 768,
  "t_20" : 0.22483742,
  "fx" : 712.6851
}