{
  "t_10" : -0.99567556,
  "cy" : 386.96274,
  "t_11" : -0.017110992,
  "manual_keyframe" : false,
  "t_02" : 0.018483628,
  "t_13" : 0.1694822,
  "t_12" : 0.09130939,
  "t_03" : -0.065996096,
  "timestamp" : 235104991380,
  "angular_velocity" : 3.4028235e+38,
  "t_01" : -0.9996511,
  "t_00" : 0.018874373,
  "blur_score" : 159.18617,
  "fx" : 707.99036,
  "fy" : 707.99036,
  "t_20" : -0.09096126,
  "center_depth" : 2.1440809,
  "t_21" : -0.020127112,
  "height" : 768,
  "cx" : 514.6282,
  "t_22" : -0.9956512,
  "t_23" : 1.5752914,
  "width" : 1024
}