{
  "t_01" : 0.19783412,
  "t_12" : 0.43541655,
  "t_20" : 0.12328666,
  "t_23" : 1.8647785,
  "t_10" : -0.8992519,
  "timestamp" : 235110289454,
  "t_22" : 0.16030331,
  "fy" : 711.7782,
  "t_11" : 0.041933455,
  "t_21" : 0.9793381,
  "fx" : 711.7782,
  "angular_velocity" : 3.4028235e+38,
  "t_03" : 0.30490342,
  "t_13" : -0.012556055,
  "blur_score" : 90.90295,
  "center_depth" : 2.897597,
  "width" : 1024,
  "cy" : 387.48056,
  "height" : 768,
  "cx" : 514.1532,
  "t_00" : -0.41969803,
  "manual_keyframe" : false,
  "t_02" : -0.8858416
}