{
  "t_10" : -0.998512,
  "cy" : 386.97803,
  "t_11" : -0.05390306,
  "manual_keyframe" : false,
  "t_02" : -0.3623005,
  "t_13" : 0.09294069,
  "t_12" : -0.008262969,
  "t_03" : 1.0799243,
  "timestamp" : 235124584254,
  "angular_velocity" : 3.4028235e+38,
  "t_01" : 0.93086284,
  "t_00" : -0.047252994,
  "blur_score" : 117.39681,
  "fx" : 714.13043,
  "fy" : 714.13043,
  "t_20" : -0.027220791,
  "center_depth" : 1.6153461,
  "t_21" : 0.36137086,
  "height" : 768,
  "cx" : 514.6915,
  "t_22" : 0.9320248,
  "t_23" : 1.6516529,
  "width" : 1024
}