{
  "t_22" : -0.30987057,
  "t_03" : 1.7003524,
  "t_10" : -0.79995674,
  "fy" : 720.5754,
  "t_13" : -0.13652433,
  "t_00" : 0.5708506,
  "t_01" : -0.35860088,
  "cx" : 513.9995,
  "cy" : 386.78247,
  "t_21" : -0.9326207,
  "timestamp" : 235162670374,
  "width" : 1024,
  "manual_keyframe" : false,
  "t_12" : 0.5987029,
  "t_23" : 1.5628772,
  "t_02" : 0.7386035,
  "angular_velocity" : 3.4028235e+38,
  "blur_score" : 73.80774,
  "center_depth" : 2.0712163,
  "t_11" : -0.040300258,
  "height" : 768,
  "t_20" : -0.18492949,
  "fx" : 720.5754
}