{
  "center_depth" : 1.5941551,
  "t_22" : -0.6048329,
  "t_21" : -0.7732738,
  "t_23" : 1.790915,
  "angular_velocity" : 3.4028235e+38,
  "t_00" : 0.26783285,
  "t_02" : 0.7258009,
  "t_20" : -0.19032872,
  "cx" : 514.462,
  "t_13" : -0.0785841,
  "t_12" : 0.32770482,
  "cy" : 387.1228,
  "blur_score" : 51.92726,
  "fy" : 709.1815,
  "t_11" : -0.023853341,
  "height" : 768,
  "timestamp" : 235171950320,
  "t_03" : 0.83521235,
  "manual_keyframe" : false,
  "t_01" : -0.63362354,
  "t_10" : -0.944479,
  "fx" : 709.1815,
  "width" : 1024
}