{
  "t_20" : 0.18839446,
  "timestamp" : 235159221631,
  "fx" : 721.1376,
  "center_depth" : 0.9931635,
  "manual_keyframe" : false,
  "t_23" : 2.2177432,
  "t_13" : 0.11260848,
  "cy" : 386.58694,
  "blur_score" : 75.44504,
  "height" : 768,
  "t_10" : -0.9377678,
  "t_02" : 0.923325,
  "t_00" : -0.2917177,
  "t_22" : -0.20052196,
  "t_01" : -0.2497439,
  "t_21" : -0.96140444,
  "angular_velocity" : 3.4028235e+38,
  "t_12" : -0.32750908,
  "t_03" : 1.7613366,
  "fy" : 721.1376,
  "width" : 1024,
  "t_11" : -0.115453474,
  "cx" : 514.1298
}