{
  "cy" : 386.99677,
  "blur_score" : 93.80227,
  "height" : 768,
  "t_10" : -0.7461796,
  "t_02" : 0.73145354,
  "fy" : 711.4812,
  "t_20" : 0.14205974,
  "t_03" : 1.5374691,
  "t_23" : 1.5013196,
  "fx" : 711.4812,
  "t_21" : -0.9787738,
  "width" : 1024,
  "manual_keyframe" : false,
  "t_00" : 0.65041155,
  "timestamp" : 235164752947,
  "t_13" : -0.20933396,
  "cx" : 513.4724,
  "t_12" : 0.6656987,
  "t_22" : 0.14771974,
  "center_depth" : 1.0329385,
  "t_01" : 0.2047944,
  "t_11" : -0.00783148,
  "angular_velocity" : 3.4028235e+38
}