{
  "blur_score" : 57.474342,
  "t_21" : 0.6067277,
  "center_depth" : 1.2613033,
  "height" : 768,
  "cy" : 387.35007,
  "t_00" : -0.4111089,
  "t_03" : 0.17624195,
  "t_10" : -0.80234677,
  "t_12" : 0.5917235,
  "t_22" : -0.6668226,
  "angular_velocity" : 3.4028235e+38,
  "width" : 1024,
  "fx" : 707.9856,
  "t_01" : -0.79106164,
  "fy" : 707.9856,
  "t_02" : -0.4530024,
  "t_13" : -0.058879286,
  "timestamp" : 235108023611,
  "t_20" : -0.4327001,
  "t_23" : 1.6228672,
  "t_11" : 0.078122534,
  "manual_keyframe" : false,
  "cx" : 513.91907
}