{
  "t_11" : -0.022201672,
  "fy" : 711.74963,
  "center_depth" : 1.2842859,
  "t_23" : 1.7007582,
  "timestamp" : 235126250314,
  "t_12" : -0.26794717,
  "t_02" : -0.7857809,
  "t_21" : 0.8118153,
  "angular_velocity" : 3.4028235e+38,
  "width" : 1024,
  "t_01" : 0.5834922,
  "height" : 768,
  "fx" : 711.74963,
  "t_20" : -0.17379072,
  "t_13" : 0.24836242,
  "t_03" : 1.141487,
  "t_22" : 0.5574522,
  "blur_score" : 248.09203,
  "cy" : 387.08994,
  "cx" : 514.50024,
  "t_00" : 0.20514724,
  "manual_keyframe" : false,
  "t_10" : -0.9631778
}