{
  "t_22" : 0.07280489,
  "t_03" : 0.44042054,
  "t_10" : -0.9895422,
  "fy" : 709.73584,
  "t_00" : 0.08930333,
  "cy" : 386.93372,
  "t_01" : 0.08313395,
  "t_13" : 0.13314876,
  "cx" : 514.5857,
  "t_21" : 0.99089265,
  "timestamp" : 235186994820,
  "width" : 1024,
  "manual_keyframe" : false,
  "t_12" : -0.09790704,
  "t_23" : 5.1809444,
  "t_02" : -0.9925291,
  "angular_velocity" : 3.4028235e+38,
  "blur_score" : 88.3722,
  "center_depth" : 2.9027503,
  "t_11" : -0.105927244,
  "height" : 768,
  "t_20" : -0.11327526,
  "fx" : 709.73584
}