{
  "fy" : 707.39954,
  "angular_velocity" : 3.4028235e+38,
  "t_10" : -0.8879293,
  "t_01" : -0.9987859,
  "t_13" : -0.049186032,
  "t_02" : -0.04926061,
  "cx" : 514.1429,
  "cy" : 387.25812,
  "t_00" : 0.00051069213,
  "t_23" : 1.2210587,
  "timestamp" : 235101159440,
  "t_11" : -0.023111792,
  "fx" : 707.39954,
  "height" : 768,
  "width" : 1024,
  "manual_keyframe" : false,
  "t_03" : 0.12503622,
  "t_22" : -0.8868631,
  "t_12" : 0.45939904,
  "center_depth" : 2.9318213,
  "blur_score" : 93.85366,
  "t_20" : -0.4599798,
  "t_21" : 0.043505304
}