{
  "t_23" : 5.365609,
  "angular_velocity" : 3.4028235e+38,
  "fx" : 708.8686,
  "t_22" : 0.8546822,
  "blur_score" : 73.16061,
  "center_depth" : 2.650769,
  "t_20" : 0.22158444,
  "t_12" : 0.28207684,
  "cy" : 386.81305,
  "width" : 1024,
  "height" : 768,
  "timestamp" : 235189493907,
  "t_10" : -0.9574096,
  "t_02" : -0.43583375,
  "t_13" : 0.026238155,
  "t_21" : 0.4694877,
  "manual_keyframe" : false,
  "t_01" : 0.88078475,
  "fy" : 708.8686,
  "t_00" : -0.18511376,
  "t_03" : 0.6807351,
  "t_11" : -0.061639454,
  "cx" : 514.59607
}