{
  "fy" : 709.7469,
  "angular_velocity" : 3.4028235e+38,
  "t_10" : -0.897671,
  "t_01" : -0.9028708,
  "cy" : 387.0974,
  "t_02" : -0.40391576,
  "cx" : 514.36066,
  "t_13" : -0.13297327,
  "t_00" : -0.14723006,
  "t_23" : 3.0941892,
  "timestamp" : 235177248381,
  "t_11" : -0.04950989,
  "fx" : 709.7469,
  "height" : 768,
  "width" : 1024,
  "manual_keyframe" : false,
  "t_03" : 0.26010302,
  "t_22" : -0.8031916,
  "t_12" : 0.43787637,
  "center_depth" : 2.1113088,
  "blur_score" : 93.03988,
  "t_20" : -0.41534364,
  "t_21" : 0.427052
}