{
  "blur_score" : 117.9447,
  "t_21" : 0.72271717,
  "center_depth" : 1.0235579,
  "height" : 768,
  "t_10" : -0.99702007,
  "t_00" : -0.047881164,
  "t_03" : 2.255095,
  "cy" : 387.17087,
  "t_12" : 0.07640429,
  "t_22" : -0.6884921,
  "angular_velocity" : 3.4028235e+38,
  "width" : 1024,
  "fx" : 713.50146,
  "t_01" : -0.6910618,
  "fy" : 713.50146,
  "t_02" : -0.7212081,
  "t_13" : -0.03009805,
  "timestamp" : 235132198148,
  "t_20" : -0.060486294,
  "t_23" : 1.4274447,
  "t_11" : -0.010657401,
  "manual_keyframe" : false,
  "cx" : 514.6583
}