{
  "fy" : 712.04987,
  "angular_velocity" : 3.4028235e+38,
  "t_10" : -0.976785,
  "t_01" : 0.73279667,
  "t_02" : -0.66654664,
  "t_13" : 0.22089207,
  "cx" : 514.52893,
  "cy" : 387.04852,
  "t_00" : 0.13683783,
  "t_23" : 1.6819582,
  "timestamp" : 235125667193,
  "t_11" : -0.0121430205,
  "fx" : 712.04987,
  "height" : 768,
  "width" : 1024,
  "manual_keyframe" : false,
  "t_03" : 1.1127552,
  "t_22" : 0.7141232,
  "t_12" : -0.21387777,
  "center_depth" : 1.3786222,
  "blur_score" : 206.16914,
  "t_20" : -0.1648228,
  "t_21" : 0.6803393
}