{
  "t_22" : -0.7202956,
  "t_03" : 1.9350047,
  "t_10" : -0.7247471,
  "fy" : 716.18396,
  "t_00" : -0.12003364,
  "cy" : 387.1602,
  "t_01" : -0.98910934,
  "cx" : 513.5982,
  "t_13" : -0.27331322,
  "t_21" : 0.14436334,
  "timestamp" : 235142161185,
  "width" : 1024,
  "manual_keyframe" : false,
  "t_12" : 0.6884182,
  "t_23" : 1.3942137,
  "t_02" : -0.085174575,
  "angular_velocity" : 3.4028235e+38,
  "blur_score" : 66.19464,
  "center_depth" : 1.103085,
  "t_11" : 0.028670538,
  "height" : 768,
  "t_20" : -0.6784789,
  "fx" : 716.18396
}