{
  "fy" : 712.05457,
  "angular_velocity" : 3.4028235e+38,
  "t_10" : -0.99728405,
  "t_01" : 0.31083113,
  "t_02" : -0.9499539,
  "cy" : 387.05212,
  "cx" : 514.5593,
  "t_13" : 0.20144038,
  "t_00" : 0.031175142,
  "t_23" : 1.6478877,
  "timestamp" : 235126816775,
  "t_11" : -0.053777676,
  "fx" : 712.05457,
  "height" : 768,
  "width" : 1024,
  "manual_keyframe" : false,
  "t_03" : 1.2658627,
  "t_22" : 0.3083104,
  "t_12" : -0.050324816,
  "center_depth" : 0.879485,
  "blur_score" : 330.71268,
  "t_20" : -0.06672883,
  "t_21" : 0.94894254
}