{
  "t_22" : -0.72955924,
  "t_02" : 0.24495758,
  "t_10" : -0.7695249,
  "t_12" : -0.63854474,
  "t_03" : 1.8022147,
  "cy" : 387.11624,
  "t_21" : -0.31072018,
  "angular_velocity" : 3.4028235e+38,
  "t_20" : 0.60925907,
  "center_depth" : 1.3459646,
  "timestamp" : 235146259692,
  "manual_keyframe" : false,
  "fx" : 712.95667,
  "height" : 768,
  "t_23" : 1.4020813,
  "t_11" : -0.009602938,
  "t_01" : -0.95045304,
  "t_00" : -0.19140281,
  "fy" : 712.95667,
  "cx" : 513.71094,
  "width" : 1024,
  "t_13" : 0.302401,
  "blur_score" : 146.78848
}