{
  "t_02" : 0.12174471,
  "t_12" : -0.30135652,
  "t_20" : -0.28357404,
  "t_23" : 2.0812545,
  "t_10" : -0.9480771,
  "timestamp" : 235114354642,
  "t_22" : 0.9457075,
  "fy" : 712.7026,
  "t_11" : -0.101657525,
  "t_21" : -0.15881844,
  "fx" : 712.7026,
  "angular_velocity" : 3.4028235e+38,
  "t_03" : 0.12950672,
  "t_13" : 0.26705644,
  "blur_score" : 33.800858,
  "center_depth" : 1.2421737,
  "width" : 1024,
  "cy" : 386.73212,
  "height" : 768,
  "cx" : 514.3115,
  "t_00" : -0.14399926,
  "manual_keyframe" : false,
  "t_01" : 0.9820604
}