{
  "fy" : 709.7564,
  "angular_velocity" : 3.4028235e+38,
  "t_10" : -0.9612237,
  "t_01" : -0.7093616,
  "t_02" : 0.6665012,
  "t_13" : -0.06022566,
  "cx" : 514.5015,
  "cy" : 387.01355,
  "t_00" : 0.22930807,
  "t_23" : 1.8713017,
  "timestamp" : 235172400156,
  "t_11" : -0.057265755,
  "fx" : 709.7564,
  "height" : 768,
  "width" : 1024,
  "manual_keyframe" : false,
  "t_03" : 0.69605494,
  "t_22" : -0.69498676,
  "t_12" : 0.26975825,
  "center_depth" : 1.4722204,
  "blur_score" : 69.66159,
  "t_20" : -0.15318847,
  "t_21" : -0.7025145
}