{
  "t_20" : 0.60625535,
  "timestamp" : 235118353188,
  "fx" : 708.8718,
  "center_depth" : 1.5396979,
  "manual_keyframe" : false,
  "t_23" : 2.0565178,
  "cy" : 387.09653,
  "t_13" : -0.11484563,
  "blur_score" : 61.66311,
  "height" : 768,
  "t_10" : -0.78798956,
  "t_02" : -0.08022259,
  "t_00" : -0.1073648,
  "t_22" : 0.7847041,
  "t_01" : 0.990978,
  "t_21" : 0.1292072,
  "angular_velocity" : 3.4028235e+38,
  "t_12" : 0.6146579,
  "t_03" : 0.3845285,
  "fy" : 708.8718,
  "width" : 1024,
  "t_11" : -0.035614204,
  "cx" : 513.90814
}