{
  "height" : 768,
  "t_13" : 0.18788132,
  "t_12" : -0.11460469,
  "t_10" : -0.99290663,
  "blur_score" : 88.06023,
  "t_02" : 0.8035789,
  "fx" : 712.41516,
  "t_01" : -0.59059024,
  "t_11" : -0.031658642,
  "t_00" : -0.073920965,
  "cy" : 387.05557,
  "t_03" : 1.7065336,
  "t_20" : 0.09312461,
  "t_21" : -0.8063504,
  "t_22" : -0.5840607,
  "center_depth" : 2.397069,
  "timestamp" : 235148358927,
  "fy" : 712.41516,
  "width" : 1024,
  "cx" : 514.5697,
  "angular_velocity" : 3.4028235e+38,
  "manual_keyframe" : false,
  "t_23" : 1.3178713
}