{
  "t_11" : -0.03652034,
  "fy" : 711.80206,
  "center_depth" : 1.023838,
  "t_23" : 1.6805708,
  "timestamp" : 235126533544,
  "t_12" : -0.16365483,
  "t_02" : -0.88207495,
  "t_21" : 0.890804,
  "angular_velocity" : 3.4028235e+38,
  "width" : 1024,
  "t_01" : 0.45291802,
  "height" : 768,
  "fx" : 711.80206,
  "t_20" : -0.106335886,
  "t_13" : 0.22868748,
  "t_03" : 1.1988904,
  "t_22" : 0.44177052,
  "blur_score" : 335.70535,
  "cy" : 387.09512,
  "cx" : 514.3754,
  "t_00" : 0.12965076,
  "manual_keyframe" : false,
  "t_10" : -0.9858415
}