{
  "fy" : 726.4073,
  "angular_velocity" : 3.4028235e+38,
  "t_10" : -0.7955669,
  "t_01" : -0.6973411,
  "t_13" : -0.13323458,
  "cy" : 386.83884,
  "cx" : 514.10223,
  "t_02" : 0.54284006,
  "t_00" : 0.4680176,
  "t_23" : 1.6654993,
  "timestamp" : 235161654078,
  "t_11" : -0.0650346,
  "fx" : 726.4073,
  "height" : 768,
  "width" : 1024,
  "manual_keyframe" : false,
  "t_03" : 1.7697289,
  "t_22" : -0.58521885,
  "t_12" : 0.6023653,
  "center_depth" : 0.6245516,
  "blur_score" : 64.75824,
  "t_20" : -0.38475063,
  "t_21" : -0.713783
}