{
  "blur_score" : 116.80811,
  "t_21" : 0.6731102,
  "center_depth" : 1.1279808,
  "height" : 768,
  "cy" : 387.05368,
  "t_00" : 0.019453237,
  "t_03" : 2.2685473,
  "t_12" : -0.053187575,
  "t_10" : -0.9983386,
  "t_22" : -0.7375507,
  "angular_velocity" : 3.4028235e+38,
  "width" : 1024,
  "fx" : 713.81757,
  "t_01" : -0.73920995,
  "t_02" : -0.67319417,
  "fy" : 713.81757,
  "t_13" : 0.014805234,
  "timestamp" : 235132464718,
  "t_20" : 0.05423818,
  "t_23" : 1.3998266,
  "t_11" : 0.02216507,
  "manual_keyframe" : false,
  "cx" : 514.71185
}