{
  "height" : 768,
  "t_13" : 0.0048760744,
  "t_12" : 0.05200165,
  "t_10" : -0.9985643,
  "blur_score" : 102.87671,
  "fx" : 709.16876,
  "t_02" : -0.010399816,
  "t_01" : -0.99986994,
  "t_11" : -0.01285057,
  "t_00" : 0.012325788,
  "cy" : 387.03452,
  "t_03" : 0.28807268,
  "t_20" : -0.05212854,
  "t_21" : 0.0097439075,
  "t_22" : -0.99859285,
  "center_depth" : 2.7223675,
  "timestamp" : 235178797815,
  "fy" : 709.16876,
  "width" : 1024,
  "cx" : 514.6248,
  "angular_velocity" : 3.4028235e+38,
  "manual_keyframe" : false,
  "t_23" : 3.5473487
}