{
  "t_22" : -0.98681587,
  "t_03" : 0.45005736,
  "t_10" : -0.99610883,
  "fy" : 708.87506,
  "t_13" : 0.0915519,
  "cy" : 387.11493,
  "t_01" : -0.98924255,
  "cx" : 514.5424,
  "t_00" : 0.043761764,
  "t_21" : 0.14262682,
  "timestamp" : 235180430551,
  "width" : 1024,
  "manual_keyframe" : false,
  "t_12" : -0.08191782,
  "t_23" : 3.9307725,
  "t_02" : -0.13958514,
  "angular_velocity" : 3.4028235e+38,
  "blur_score" : 115.87977,
  "center_depth" : 3.9874237,
  "t_11" : -0.032506656,
  "height" : 768,
  "t_20" : 0.07649914,
  "fx" : 708.87506
}