{
  "t_01" : 0.9678436,
  "t_12" : 0.8312723,
  "t_20" : 0.8213354,
  "t_23" : 1.677105,
  "t_10" : -0.5494488,
  "timestamp" : 235121668648,
  "t_22" : 0.51886624,
  "fy" : 714.43695,
  "t_11" : 0.08421753,
  "t_21" : 0.23703662,
  "fx" : 714.43695,
  "angular_velocity" : 3.4028235e+38,
  "t_13" : -0.19905403,
  "t_03" : 0.91760653,
  "blur_score" : 96.61267,
  "center_depth" : 0.8503911,
  "width" : 1024,
  "cy" : 387.39807,
  "height" : 768,
  "cx" : 513.2093,
  "t_00" : -0.15334432,
  "manual_keyframe" : false,
  "t_02" : -0.19941033
}