{
  "t_22" : 0.65796196,
  "t_03" : 0.62280977,
  "t_10" : -0.75028217,
  "fy" : 710.59827,
  "t_00" : -0.35504186,
  "t_13" : -0.17866124,
  "t_01" : 0.86193305,
  "cx" : 513.9593,
  "cy" : 387.1081,
  "t_21" : 0.5060278,
  "timestamp" : 235191276589,
  "width" : 1024,
  "manual_keyframe" : false,
  "t_12" : 0.66035545,
  "t_23" : 5.3754525,
  "t_02" : -0.3619625,
  "angular_velocity" : 3.4028235e+38,
  "blur_score" : 76.17505,
  "center_depth" : 1.2764243,
  "t_11" : -0.031739894,
  "height" : 768,
  "t_20" : 0.5576935,
  "fx" : 710.59827
}