{
  "cy" : 386.74915,
  "blur_score" : 58.84215,
  "height" : 768,
  "t_10" : -0.9558962,
  "t_02" : -0.5337342,
  "fy" : 709.7898,
  "t_20" : -0.2857778,
  "t_03" : 0.23757583,
  "t_23" : 2.1089551,
  "fx" : 709.7898,
  "t_21" : 0.52895087,
  "width" : 1024,
  "manual_keyframe" : false,
  "t_00" : 0.06777591,
  "timestamp" : 235112955151,
  "t_13" : 0.23255308,
  "cx" : 514.5429,
  "t_12" : -0.27674136,
  "t_22" : 0.7990884,
  "center_depth" : 0.74797195,
  "t_01" : 0.84293205,
  "t_11" : -0.09837045,
  "angular_velocity" : 3.4028235e+38
}