{
  "fy" : 710.3266,
  "angular_velocity" : 3.4028235e+38,
  "t_10" : -0.7919823,
  "t_01" : 0.776607,
  "t_13" : -0.119478926,
  "cy" : 387.04132,
  "cx" : 513.8712,
  "t_02" : -0.48396772,
  "t_00" : -0.40330768,
  "t_23" : 2.0085325,
  "timestamp" : 235119069594,
  "t_11" : -0.031312745,
  "fx" : 710.3266,
  "height" : 768,
  "width" : 1024,
  "manual_keyframe" : false,
  "t_03" : 0.4345713,
  "t_22" : 0.6276875,
  "t_12" : 0.6097407,
  "center_depth" : 1.2112716,
  "blur_score" : 94.055984,
  "t_20" : 0.45837447,
  "t_21" : 0.6292069
}