{
  "t_01" : -0.6481892,
  "blur_score" : 80.9044,
  "t_02" : -0.75992644,
  "t_20" : -0.056916457,
  "timestamp" : 235182379839,
  "fx" : 709.3976,
  "cy" : 386.97812,
  "angular_velocity" : 3.4028235e+38,
  "t_03" : 0.39239565,
  "t_00" : 0.048608292,
  "t_23" : 4.4178133,
  "center_depth" : 2.1714551,
  "t_13" : 0.10583967,
  "t_22" : -0.65000933,
  "height" : 768,
  "manual_keyframe" : false,
  "cx" : 514.6017,
  "t_11" : -0.07484813,
  "fy" : 709.3976,
  "t_21" : 0.7577919,
  "t_12" : 5.7661775e-05,
  "width" : 1024,
  "t_10" : -0.997195
}