{
  "t_22" : 0.14073555,
  "t_03" : 1.6831638,
  "t_10" : -0.88089716,
  "fy" : 717.30206,
  "t_00" : 0.46617872,
  "cy" : 387.26077,
  "t_01" : 0.16270612,
  "t_13" : -0.15529151,
  "cx" : 514.13245,
  "t_21" : -0.986659,
  "timestamp" : 235169334608,
  "width" : 1024,
  "manual_keyframe" : false,
  "t_12" : 0.47327513,
  "t_23" : 1.4153816,
  "t_02" : 0.8696002,
  "angular_velocity" : 3.4028235e+38,
  "blur_score" : 58.846756,
  "center_depth" : 1.0964509,
  "t_11" : -0.0055597695,
  "height" : 768,
  "t_20" : 0.08183954,
  "fx" : 717.30206
}