{
  "blur_score" : 104.303345,
  "t_21" : 0.010155837,
  "center_depth" : 0.8484938,
  "height" : 768,
  "t_10" : -0.72653794,
  "t_03" : 1.0407773,
  "t_00" : 0.0076569836,
  "t_12" : 0.6868311,
  "cy" : 387.34024,
  "t_22" : 0.72650737,
  "angular_velocity" : 3.4028235e+38,
  "width" : 1024,
  "fx" : 717.6309,
  "t_01" : 0.9997457,
  "t_02" : -0.021216888,
  "fy" : 717.6309,
  "t_13" : -0.14651509,
  "timestamp" : 235122951515,
  "t_20" : 0.6870837,
  "t_23" : 1.5832516,
  "t_11" : 0.020140631,
  "manual_keyframe" : false,
  "cx" : 512.9778
}