{
  "t_20" : -0.116979524,
  "timestamp" : 235172849991,
  "fx" : 710.63,
  "center_depth" : 1.3416028,
  "manual_keyframe" : false,
  "t_23" : 1.9999812,
  "t_13" : -0.020622011,
  "cy" : 386.8109,
  "blur_score" : 71.59062,
  "height" : 768,
  "t_10" : -0.9883676,
  "t_02" : 0.54513013,
  "t_00" : 0.09718781,
  "t_22" : -0.824604,
  "t_01" : -0.8326991,
  "t_21" : -0.5534837,
  "angular_velocity" : 3.4028235e+38,
  "t_12" : 0.15120059,
  "fy" : 710.63,
  "t_03" : 0.5836065,
  "width" : 1024,
  "t_11" : -0.01637238,
  "cx" : 514.6327
}