{
  "t_22" : -0.95323986,
  "t_03" : 1.8065675,
  "t_10" : -0.95436484,
  "fy" : 712.6645,
  "t_13" : 0.10641709,
  "t_00" : 0.012892498,
  "t_01" : -0.99884206,
  "cx" : 514.72943,
  "cy" : 387.23325,
  "t_21" : 0.048087053,
  "timestamp" : 235144593632,
  "width" : 1024,
  "manual_keyframe" : false,
  "t_12" : -0.29863945,
  "t_23" : 1.4978772,
  "t_02" : -0.046352156,
  "angular_velocity" : 3.4028235e+38,
  "blur_score" : 123.61377,
  "center_depth" : 1.412813,
  "t_11" : 0.0015402181,
  "height" : 768,
  "t_20" : 0.29836503,
  "fx" : 712.6645
}