{
  "cy" : 387.1368,
  "blur_score" : 94.56785,
  "height" : 768,
  "t_10" : -0.92532384,
  "t_02" : -0.14460379,
  "fy" : 716.5095,
  "t_20" : 0.3627666,
  "t_03" : 1.0492779,
  "t_23" : 1.6197988,
  "fx" : 716.5095,
  "t_21" : 0.17530218,
  "width" : 1024,
  "manual_keyframe" : false,
  "t_00" : -0.11034671,
  "timestamp" : 235123567957,
  "t_13" : -0.04528404,
  "cx" : 514.00726,
  "t_12" : 0.37605876,
  "t_22" : 0.915243,
  "center_depth" : 0.94915146,
  "t_01" : 0.9833176,
  "t_11" : -0.048536606,
  "angular_velocity" : 3.4028235e+38
}