{
  "fy" : 712.68677,
  "angular_velocity" : 3.4028235e+38,
  "t_10" : -0.9148782,
  "t_01" : -0.99973744,
  "t_13" : 0.16532765,
  "t_02" : -0.004666154,
  "cx" : 514.5257,
  "cy" : 387.14606,
  "t_00" : 0.022439428,
  "t_23" : 1.4981362,
  "timestamp" : 235144960165,
  "t_11" : -0.018652385,
  "fx" : 712.68677,
  "height" : 768,
  "width" : 1024,
  "manual_keyframe" : false,
  "t_03" : 1.7991307,
  "t_22" : -0.9150565,
  "t_12" : -0.40329897,
  "center_depth" : 1.4677635,
  "blur_score" : 123.37207,
  "t_20" : 0.40310603,
  "t_21" : 0.0133187445
}