{
  "t_11" : -0.16767299,
  "fy" : 715.24854,
  "center_depth" : 1.0081944,
  "t_23" : 2.2497044,
  "timestamp" : 235158755135,
  "t_12" : -0.4903576,
  "t_02" : 0.8687641,
  "t_21" : -0.97071505,
  "angular_velocity" : 3.4028235e+38,
  "width" : 1024,
  "t_01" : -0.17204134,
  "height" : 768,
  "fx" : 715.24854,
  "t_20" : 0.23003004,
  "t_13" : 0.1328343,
  "t_03" : 1.7535373,
  "t_22" : -0.06927222,
  "blur_score" : 98.35323,
  "cy" : 386.62698,
  "t_00" : -0.46438244,
  "cx" : 514.32855,
  "manual_keyframe" : false,
  "t_10" : -0.85523987
}