{
  "blur_score" : 82.73382,
  "t_21" : 0.9425655,
  "center_depth" : 1.5018818,
  "height" : 768,
  "t_10" : -0.7768286,
  "t_03" : 1.8598722,
  "t_00" : -0.5706133,
  "t_12" : 0.6237974,
  "cy" : 386.79254,
  "t_22" : -0.20157498,
  "angular_velocity" : 3.4028235e+38,
  "width" : 1024,
  "fx" : 712.0848,
  "t_01" : -0.32273224,
  "t_02" : -0.75514525,
  "fy" : 712.0848,
  "t_13" : -0.07090437,
  "timestamp" : 235129565774,
  "t_20" : -0.26634142,
  "t_23" : 1.4754008,
  "t_11" : -0.08610511,
  "manual_keyframe" : false,
  "cx" : 513.93195
}