{
  "t_20" : -0.0065347822,
  "timestamp" : 235197874177,
  "fx" : 713.57135,
  "center_depth" : 1.6402208,
  "manual_keyframe" : false,
  "t_23" : 5.9638586,
  "t_13" : 0.04332786,
  "cy" : 387.10678,
  "blur_score" : 103.6841,
  "height" : 768,
  "t_10" : -0.99981177,
  "t_02" : -0.31183022,
  "t_00" : 0.018266102,
  "t_22" : -0.95013773,
  "t_01" : -0.9499622,
  "t_21" : 0.31176212,
  "angular_velocity" : 3.4028235e+38,
  "t_12" : 0.0005131169,
  "t_03" : 0.68015605,
  "fy" : 713.57135,
  "width" : 1024,
  "t_11" : -0.019393053,
  "cx" : 514.685
}