{
  "t_22" : 0.88124794,
  "t_03" : 0.61176354,
  "t_10" : -0.9242641,
  "fy" : 709.4341,
  "t_13" : -0.01717659,
  "t_00" : -0.18269733,
  "t_01" : 0.94059616,
  "cy" : 386.93488,
  "cx" : 514.5153,
  "t_21" : 0.33323333,
  "timestamp" : 235190010385,
  "width" : 1024,
  "manual_keyframe" : false,
  "t_12" : 0.376167,
  "t_23" : 5.336159,
  "t_02" : -0.28618306,
  "angular_velocity" : 3.4028235e+38,
  "blur_score" : 62.471195,
  "center_depth" : 1.781706,
  "t_11" : -0.06507359,
  "height" : 768,
  "t_20" : 0.33519828,
  "fx" : 709.4341
}