{
  "height" : 768,
  "t_13" : -0.10145679,
  "t_12" : 0.35311553,
  "t_10" : -0.9355798,
  "blur_score" : 53.161045,
  "t_02" : 0.85055655,
  "fx" : 710.61884,
  "t_01" : -0.41658822,
  "t_11" : 0.0001715509,
  "t_00" : 0.3209488,
  "cy" : 387.20544,
  "t_03" : 1.1002929,
  "t_20" : -0.14724967,
  "t_21" : -0.9090954,
  "t_22" : -0.3896964,
  "center_depth" : 1.7764075,
  "timestamp" : 235171150612,
  "fy" : 710.61884,
  "width" : 1024,
  "cx" : 514.49243,
  "angular_velocity" : 3.4028235e+38,
  "manual_keyframe" : false,
  "t_23" : 1.6674528
}