{
  "t_22" : -0.26664883,
  "t_03" : 1.4054371,
  "t_10" : -0.9183689,
  "fy" : 713.843,
  "t_13" : -0.11570855,
  "cy" : 387.12823,
  "t_01" : -0.28903866,
  "cx" : 514.27905,
  "t_00" : 0.37966686,
  "t_21" : -0.9573122,
  "timestamp" : 235170334243,
  "width" : 1024,
  "manual_keyframe" : false,
  "t_12" : 0.39571288,
  "t_23" : 1.525013,
  "t_02" : 0.8788116,
  "angular_velocity" : 3.4028235e+38,
  "blur_score" : 50.802753,
  "center_depth" : 2.697208,
  "t_11" : -0.0031731375,
  "height" : 768,
  "t_20" : -0.111587726,
  "fx" : 713.843
}