{
  "t_20" : 0.5814019,
  "timestamp" : 235118586437,
  "fx" : 709.15137,
  "center_depth" : 0.98293716,
  "manual_keyframe" : false,
  "t_23" : 2.0381794,
  "t_13" : -0.120330185,
  "cy" : 387.0483,
  "blur_score" : 74.3342,
  "height" : 768,
  "t_10" : -0.7742696,
  "t_02" : -0.22022529,
  "t_00" : -0.24995722,
  "t_22" : 0.7445577,
  "t_01" : 0.94287986,
  "t_21" : 0.32803333,
  "angular_velocity" : 3.4028235e+38,
  "t_12" : 0.63018626,
  "t_03" : 0.4008749,
  "fy" : 709.15137,
  "width" : 1024,
  "t_11" : -0.058068175,
  "cx" : 513.8382
}