{
  "blur_score" : 95.133896,
  "t_21" : 0.12119974,
  "center_depth" : 1.4308809,
  "height" : 768,
  "cy" : 387.4063,
  "t_10" : -0.95611525,
  "t_00" : -0.063281536,
  "t_12" : 0.29151174,
  "t_03" : 1.8401402,
  "t_22" : -0.9505113,
  "angular_velocity" : 3.4028235e+38,
  "width" : 1024,
  "fx" : 714.132,
  "t_01" : -0.9921925,
  "t_02" : -0.1074687,
  "fy" : 714.132,
  "t_13" : -0.11307395,
  "timestamp" : 235143527354,
  "t_20" : -0.28607556,
  "t_23" : 1.4586545,
  "t_11" : 0.029405633,
  "manual_keyframe" : false,
  "cx" : 514.2928
}