{
  "t_22" : -0.16266204,
  "t_02" : 0.74799395,
  "t_10" : -0.7638756,
  "t_12" : 0.6434643,
  "cy" : 387.23355,
  "t_03" : 1.458206,
  "t_21" : -0.9839561,
  "angular_velocity" : 3.4028235e+38,
  "t_20" : -0.07329192,
  "center_depth" : 1.8855084,
  "timestamp" : 235163886596,
  "manual_keyframe" : false,
  "fx" : 712.3929,
  "height" : 768,
  "t_23" : 1.599089,
  "t_11" : -0.0494751,
  "t_01" : -0.17141433,
  "t_00" : 0.6411883,
  "fy" : 712.3929,
  "cx" : 513.94086,
  "width" : 1024,
  "t_13" : -0.15753187,
  "blur_score" : 66.03665
}