{
  "fy" : 713.86523,
  "angular_velocity" : 3.4028235e+38,
  "t_10" : -0.61501056,
  "t_01" : -0.41333097,
  "t_02" : 0.50453854,
  "cy" : 386.46265,
  "cx" : 512.74066,
  "t_13" : -0.21860765,
  "t_00" : 0.7580229,
  "t_23" : 2.3340986,
  "timestamp" : 235155906174,
  "t_11" : -0.19539209,
  "fx" : 713.86523,
  "height" : 768,
  "width" : 1024,
  "manual_keyframe" : false,
  "t_03" : 1.7849358,
  "t_22" : -0.40231454,
  "t_12" : 0.76392674,
  "center_depth" : 1.2089143,
  "blur_score" : 58.690228,
  "t_20" : -0.21717168,
  "t_21" : -0.8893704
}