{
  "cy" : 386.89978,
  "blur_score" : 95.9817,
  "height" : 768,
  "t_10" : -0.73646325,
  "t_02" : -0.66833776,
  "fy" : 711.79254,
  "t_20" : -0.33041447,
  "t_03" : 2.0264316,
  "t_23" : 1.4345386,
  "fx" : 711.79254,
  "t_21" : 0.8909324,
  "width" : 1024,
  "manual_keyframe" : false,
  "t_00" : -0.590295,
  "timestamp" : 235130098913,
  "t_13" : -0.10893072,
  "t_12" : 0.6754693,
  "cx" : 513.7565,
  "t_22" : -0.3115539,
  "center_depth" : 1.4716308,
  "t_01" : -0.4526328,
  "t_11" : -0.036919754,
  "angular_velocity" : 3.4028235e+38
}