{
  "t_22" : -0.5967235,
  "t_03" : 1.7964652,
  "t_10" : -0.8786401,
  "fy" : 713.83655,
  "t_00" : 0.4693448,
  "t_13" : -0.14810334,
  "t_01" : -0.56149787,
  "cx" : 513.2801,
  "cy" : 386.4094,
  "t_21" : -0.7976303,
  "timestamp" : 235156289368,
  "width" : 1024,
  "manual_keyframe" : false,
  "t_12" : 0.42365727,
  "t_23" : 2.3052173,
  "t_02" : 0.6814952,
  "angular_velocity" : 3.4028235e+38,
  "blur_score" : 71.00724,
  "center_depth" : 1.0103275,
  "t_11" : -0.22024085,
  "height" : 768,
  "t_20" : -0.087789595,
  "fx" : 713.83655
}