{
  "t_20" : 0.081300415,
  "timestamp" : 235198107425,
  "fx" : 713.26483,
  "center_depth" : 1.78857,
  "manual_keyframe" : false,
  "t_23" : 5.9999804,
  "t_13" : 0.08544292,
  "cy" : 387.15048,
  "blur_score" : 90.94158,
  "height" : 768,
  "t_10" : -0.9946105,
  "t_02" : -0.30885774,
  "t_00" : 0.06434553,
  "t_22" : -0.9461165,
  "t_01" : -0.9489292,
  "t_21" : 0.31345505,
  "angular_velocity" : 3.4028235e+38,
  "t_12" : -0.09731776,
  "t_03" : 0.6805832,
  "fy" : 713.26483,
  "width" : 1024,
  "t_11" : -0.035768088,
  "cx" : 514.7361
}