{
  "fy" : 712.99005,
  "angular_velocity" : 3.4028235e+38,
  "t_10" : -0.8547595,
  "t_01" : -0.6562081,
  "t_02" : 0.64500356,
  "t_13" : 0.30571687,
  "cy" : 387.23553,
  "cx" : 513.95624,
  "t_00" : -0.39161387,
  "t_23" : 1.3191032,
  "timestamp" : 235147325970,
  "t_11" : -5.6302204e-05,
  "fx" : 712.99005,
  "height" : 768,
  "width" : 1024,
  "manual_keyframe" : false,
  "t_03" : 1.7368783,
  "t_22" : -0.5608781,
  "t_12" : -0.51902443,
  "center_depth" : 1.4304723,
  "blur_score" : 130.08849,
  "t_20" : 0.3406243,
  "t_21" : -0.7545801
}