{
  "fy" : 711.77026,
  "angular_velocity" : 3.4028235e+38,
  "t_10" : -0.7325539,
  "t_01" : -0.09923131,
  "t_02" : 0.7277053,
  "t_13" : -0.17906564,
  "cx" : 513.7975,
  "cy" : 387.11066,
  "t_00" : 0.6786738,
  "t_23" : 1.5620483,
  "timestamp" : 235164103184,
  "t_11" : -0.020501984,
  "fx" : 711.77026,
  "height" : 768,
  "width" : 1024,
  "manual_keyframe" : false,
  "t_03" : 1.4274402,
  "t_22" : -0.08660644,
  "t_12" : 0.6804001,
  "center_depth" : 1.7496396,
  "blur_score" : 66.4256,
  "t_20" : -0.052597582,
  "t_21" : -0.9948531
}