{
  "cy" : 387.3041,
  "blur_score" : 106.37549,
  "height" : 768,
  "t_10" : -0.85272455,
  "t_02" : -0.6716315,
  "fy" : 711.7751,
  "t_20" : -0.32721072,
  "t_03" : 2.2049747,
  "t_23" : 1.4253348,
  "fx" : 711.7751,
  "t_21" : 0.78539747,
  "width" : 1024,
  "manual_keyframe" : false,
  "t_00" : -0.40717834,
  "timestamp" : 235131165191,
  "t_13" : -0.13339293,
  "cx" : 513.81006,
  "t_12" : 0.5223286,
  "t_22" : -0.525437,
  "center_depth" : 1.2336994,
  "t_01" : -0.61896455,
  "t_11" : -0.0058184583,
  "angular_velocity" : 3.4028235e+38
}