{
  "fy" : 713.8223,
  "angular_velocity" : 3.4028235e+38,
  "t_10" : -0.9447207,
  "t_01" : -0.6649596,
  "cy" : 387.31183,
  "t_13" : 0.21888815,
  "cx" : 514.3279,
  "t_02" : -0.7022159,
  "t_00" : 0.2544042,
  "t_23" : 1.3399562,
  "timestamp" : 235133997493,
  "t_11" : -0.01558169,
  "fx" : 713.8223,
  "height" : 768,
  "width" : 1024,
  "manual_keyframe" : false,
  "t_03" : 2.3665128,
  "t_22" : -0.63216525,
  "t_12" : -0.32750568,
  "center_depth" : 0.88836676,
  "blur_score" : 81.12585,
  "t_20" : 0.20683637,
  "t_21" : 0.7467167
}