{
  "t_22" : 0.8813592,
  "t_03" : 0.19064999,
  "t_10" : -0.9045777,
  "fy" : 716.1697,
  "t_00" : -0.027484829,
  "cy" : 386.67245,
  "t_01" : 0.9705,
  "cx" : 514.5635,
  "t_13" : 0.2803353,
  "t_21" : 0.20548075,
  "timestamp" : 235113638236,
  "width" : 1024,
  "manual_keyframe" : false,
  "t_12" : -0.40722442,
  "t_23" : 2.0963209,
  "t_02" : -0.23952974,
  "angular_velocity" : 3.4028235e+38,
  "blur_score" : 23.851034,
  "center_depth" : 1.3910168,
  "t_11" : -0.12612517,
  "height" : 768,
  "t_20" : -0.42542204,
  "fx" : 716.1697
}