{
  "blur_score" : 68.19973,
  "t_21" : -0.6498852,
  "center_depth" : 0.5357576,
  "height" : 768,
  "t_10" : -0.81628203,
  "t_03" : 1.7883575,
  "cy" : 386.7542,
  "t_12" : 0.57296395,
  "t_00" : 0.41998702,
  "t_22" : -0.64834774,
  "angular_velocity" : 3.4028235e+38,
  "width" : 1024,
  "fx" : 729.0295,
  "t_01" : -0.75647426,
  "t_02" : 0.50135595,
  "fy" : 729.0295,
  "t_13" : -0.11237456,
  "timestamp" : 235161270884,
  "t_20" : -0.396604,
  "t_23" : 1.7531306,
  "t_11" : -0.073457815,
  "manual_keyframe" : false,
  "cx" : 514.16113
}