{
  "t_11" : -0.11330354,
  "fy" : 714.3988,
  "center_depth" : 1.057711,
  "t_23" : 2.2532048,
  "timestamp" : 235158488566,
  "t_12" : -0.46092832,
  "t_02" : 0.8453956,
  "t_21" : -0.92693067,
  "angular_velocity" : 3.4028235e+38,
  "width" : 1024,
  "t_01" : -0.35771757,
  "height" : 768,
  "fx" : 714.3988,
  "t_20" : 0.2606685,
  "t_13" : 0.12617238,
  "t_03" : 1.747852,
  "t_22" : -0.26991016,
  "blur_score" : 82.718506,
  "cy" : 386.87717,
  "t_00" : -0.39666682,
  "cx" : 514.32983,
  "manual_keyframe" : false,
  "t_10" : -0.8801747
}