{
  "blur_score" : 105.02001,
  "t_21" : 0.1639893,
  "center_depth" : 2.6024923,
  "height" : 768,
  "t_10" : -0.8586035,
  "t_00" : -0.08652128,
  "cy" : 387.10553,
  "t_12" : 0.5126322,
  "t_03" : 0.05741034,
  "t_22" : -0.84722686,
  "angular_velocity" : 3.4028235e+38,
  "width" : 1024,
  "fx" : 707.4615,
  "t_01" : -0.9864579,
  "t_02" : -0.1393376,
  "fy" : 707.4615,
  "t_13" : -0.050851125,
  "timestamp" : 235100393052,
  "t_20" : -0.50528634,
  "t_23" : 0.99592835,
  "t_11" : 0.0028977743,
  "manual_keyframe" : false,
  "cx" : 514.1659
}