{
  "t_20" : 0.48719153,
  "timestamp" : 235123351369,
  "fx" : 717.0226,
  "center_depth" : 0.9238963,
  "manual_keyframe" : false,
  "t_23" : 1.6046896,
  "cy" : 387.2036,
  "t_13" : -0.08429725,
  "blur_score" : 89.16217,
  "height" : 768,
  "t_10" : -0.868952,
  "t_02" : -0.11623556,
  "t_00" : -0.086988784,
  "t_22" : 0.8613372,
  "t_01" : 0.9894051,
  "t_21" : 0.14402413,
  "angular_velocity" : 3.4028235e+38,
  "t_12" : 0.4945582,
  "t_03" : 1.0533366,
  "fy" : 717.0226,
  "width" : 1024,
  "t_11" : -0.018297689,
  "cx" : 513.6072
}