{
  "t_11" : -0.0076856813,
  "fy" : 715.3057,
  "center_depth" : 0.94449943,
  "t_23" : 1.3324984,
  "timestamp" : 235135097092,
  "t_12" : -0.3167945,
  "t_02" : -0.68232936,
  "t_21" : 0.72114104,
  "angular_velocity" : 3.4028235e+38,
  "width" : 1024,
  "t_01" : -0.6927457,
  "height" : 768,
  "fx" : 715.3057,
  "t_20" : 0.21421388,
  "t_13" : 0.23160557,
  "t_03" : 2.357303,
  "t_22" : -0.65883857,
  "blur_score" : 85.13715,
  "cy" : 386.9709,
  "cx" : 514.6118,
  "t_00" : 0.23351717,
  "manual_keyframe" : false,
  "t_10" : -0.94846314
}