{
  "t_22" : -0.9015656,
  "t_03" : 1.8485444,
  "t_10" : -0.90327615,
  "fy" : 714.4274,
  "t_00" : -0.081951044,
  "cy" : 387.40094,
  "t_01" : -0.9941118,
  "cx" : 514.03564,
  "t_13" : -0.1685891,
  "t_21" : 0.099011585,
  "timestamp" : 235143244123,
  "width" : 1024,
  "manual_keyframe" : false,
  "t_12" : 0.42679474,
  "t_23" : 1.4443356,
  "t_02" : -0.07089231,
  "angular_velocity" : 3.4028235e+38,
  "blur_score" : 76.334526,
  "center_depth" : 1.5317568,
  "t_11" : 0.044027187,
  "height" : 768,
  "t_20" : -0.42116055,
  "fx" : 714.4274
}