{
  "cy" : 387.33487,
  "blur_score" : 64.3588,
  "height" : 768,
  "t_10" : -0.8641252,
  "t_02" : 0.8172309,
  "fy" : 717.9564,
  "t_20" : 0.15531333,
  "t_03" : 1.7563567,
  "t_23" : 1.384984,
  "fx" : 717.9564,
  "t_21" : -0.9470874,
  "width" : 1024,
  "manual_keyframe" : false,
  "t_00" : 0.4787122,
  "timestamp" : 235169051378,
  "t_13" : -0.16252202,
  "cx" : 514.01697,
  "t_12" : 0.5032203,
  "t_22" : 0.28089705,
  "center_depth" : 1.0783436,
  "t_01" : 0.32088703,
  "t_11" : 0.00754203,
  "angular_velocity" : 3.4028235e+38
}