{
  "t_10" : -0.6778492,
  "cy" : 387.37146,
  "t_11" : 0.0075002704,
  "manual_keyframe" : false,
  "t_02" : -0.40029392,
  "t_13" : -0.2715823,
  "t_12" : 0.7351629,
  "t_03" : 2.1547158,
  "timestamp" : 235141144888,
  "angular_velocity" : 3.4028235e+38,
  "t_01" : -0.8021859,
  "t_00" : -0.4430157,
  "blur_score" : 89.36352,
  "fx" : 712.4294,
  "fy" : 712.4294,
  "t_20" : -0.586735,
  "center_depth" : 1.2226117,
  "t_21" : 0.5970274,
  "height" : 768,
  "cx" : 513.5665,
  "t_22" : -0.54708374,
  "t_23" : 1.3417954,
  "width" : 1024
}