{
  "t_22" : 0.30048457,
  "t_03" : 1.7068576,
  "t_10" : -0.70745957,
  "fy" : 714.15106,
  "t_13" : -0.215602,
  "cy" : 387.21732,
  "t_01" : 0.43801174,
  "cx" : 513.64197,
  "t_00" : 0.6306472,
  "t_21" : -0.89884585,
  "timestamp" : 235165619297,
  "width" : 1024,
  "manual_keyframe" : false,
  "t_12" : 0.70659685,
  "t_23" : 1.4167286,
  "t_02" : 0.640648,
  "angular_velocity" : 3.4028235e+38,
  "blur_score" : 92.06176,
  "center_depth" : 0.9560791,
  "t_11" : -0.014891129,
  "height" : 768,
  "t_20" : 0.3190377,
  "fx" : 714.15106
}