{
  "t_22" : 0.8388274,
  "t_03" : 0.5555863,
  "t_10" : -0.8544395,
  "fy" : 709.7422,
  "t_00" : -0.17251094,
  "t_13" : -0.09072873,
  "t_01" : 0.96965337,
  "cy" : 387.06174,
  "cx" : 514.2425,
  "t_21" : 0.2370566,
  "timestamp" : 235190676808,
  "width" : 1024,
  "manual_keyframe" : false,
  "t_12" : 0.51609737,
  "t_23" : 5.317939,
  "t_02" : -0.17324126,
  "angular_velocity" : 3.4028235e+38,
  "blur_score" : 71.951294,
  "center_depth" : 2.2872002,
  "t_11" : -0.059805706,
  "height" : 768,
  "t_20" : 0.49007472,
  "fx" : 709.7422
}