{
  "height" : 768,
  "t_13" : -0.13003923,
  "t_12" : 0.52546775,
  "t_10" : -0.8476782,
  "blur_score" : 71.39177,
  "t_02" : -0.7690966,
  "fx" : 711.791,
  "t_01" : -0.38531205,
  "t_11" : 0.07297558,
  "t_00" : -0.5099268,
  "cy" : 387.46695,
  "t_03" : 0.35687223,
  "t_20" : -0.1463438,
  "t_21" : 0.9198964,
  "t_22" : -0.36383283,
  "center_depth" : 1.1572764,
  "timestamp" : 235185195477,
  "fy" : 711.791,
  "width" : 1024,
  "cx" : 513.999,
  "angular_velocity" : 3.4028235e+38,
  "manual_keyframe" : false,
  "t_23" : 4.914178
}