{
  "blur_score" : 63.479633,
  "t_21" : 0.18092003,
  "center_depth" : 1.0012432,
  "height" : 768,
  "t_10" : -0.93611735,
  "t_03" : 2.3822348,
  "cy" : 386.97934,
  "t_12" : 0.35058093,
  "t_00" : -0.037800245,
  "t_22" : -0.91924566,
  "angular_velocity" : 3.4028235e+38,
  "width" : 1024,
  "fx" : 713.87463,
  "t_01" : -0.98310256,
  "t_02" : -0.17911,
  "fy" : 713.87463,
  "t_13" : 0.16485123,
  "timestamp" : 235137546200,
  "t_20" : -0.3496503,
  "t_23" : 1.4804199,
  "t_11" : -0.027878158,
  "manual_keyframe" : false,
  "cx" : 514.596
}