{
  "t_23" : 5.610545,
  "angular_velocity" : 3.4028235e+38,
  "fx" : 713.8763,
  "t_22" : 0.07915809,
  "blur_score" : 111.21466,
  "center_depth" : 2.1425653,
  "t_20" : 0.061223183,
  "t_12" : 0.5527964,
  "cy" : 387.2415,
  "width" : 1024,
  "height" : 768,
  "timestamp" : 235193459125,
  "t_10" : -0.83328444,
  "t_02" : -0.8295482,
  "t_13" : -0.16157815,
  "t_21" : 0.99498034,
  "manual_keyframe" : false,
  "t_01" : 0.099805176,
  "fy" : 713.8763,
  "t_00" : -0.5494442,
  "t_11" : 0.007294624,
  "t_03" : 0.7287102,
  "cx" : 514.02405
}