{
  "t_21" : 0.96348983,
  "angular_velocity" : 3.4028235e+38,
  "t_03" : 0.67034423,
  "t_20" : 0.13142051,
  "cy" : 386.92734,
  "fx" : 713.00275,
  "t_12" : 0.6808595,
  "t_02" : -0.6942727,
  "t_01" : 0.25964957,
  "t_22" : 0.23327231,
  "t_00" : -0.6712434,
  "t_13" : -0.21891595,
  "center_depth" : 0.77933776,
  "cx" : 513.6344,
  "width" : 1024,
  "manual_keyframe" : false,
  "blur_score" : 75.99788,
  "t_23" : 5.4397407,
  "t_11" : -0.06534084,
  "timestamp" : 235191959672,
  "t_10" : -0.7294936,
  "height" : 768,
  "fy" : 713.00275
}