{
  "t_22" : 0.94219,
  "t_03" : 1.0459709,
  "t_10" : -0.9622929,
  "fy" : 716.1634,
  "t_13" : -0.008195748,
  "t_00" : -0.10095036,
  "cy" : 387.08875,
  "t_01" : 0.97444814,
  "cx" : 514.2485,
  "t_21" : 0.22017439,
  "timestamp" : 235123784545,
  "width" : 1024,
  "manual_keyframe" : false,
  "t_12" : 0.26836208,
  "t_23" : 1.6306231,
  "t_02" : -0.20064902,
  "angular_velocity" : 3.4028235e+38,
  "blur_score" : 96.23527,
  "center_depth" : 0.940294,
  "t_11" : -0.044432554,
  "height" : 768,
  "t_20" : 0.2525896,
  "fx" : 716.1634
}