{
  "cy" : 387.19922,
  "blur_score" : 101.37841,
  "height" : 768,
  "t_10" : -0.76590025,
  "t_02" : -0.613587,
  "fy" : 711.74963,
  "t_20" : -0.3707691,
  "t_03" : 2.1694558,
  "t_23" : 1.4136829,
  "fx" : 711.74963,
  "t_21" : 0.80761194,
  "width" : 1024,
  "manual_keyframe" : false,
  "t_00" : -0.5252878,
  "timestamp" : 235130898622,
  "t_13" : -0.1535283,
  "t_12" : 0.6428202,
  "cx" : 513.6904,
  "t_22" : -0.4585777,
  "center_depth" : 1.4054823,
  "t_01" : -0.5895625,
  "t_11" : 0.0133861825,
  "angular_velocity" : 3.4028235e+38
}