{
  "height" : 768,
  "t_13" : -0.13517006,
  "t_12" : 0.5974844,
  "t_10" : -0.80041164,
  "blur_score" : 75.96608,
  "t_02" : -0.21921702,
  "fx" : 710.0042,
  "t_01" : 0.9502618,
  "t_11" : -0.048516393,
  "t_00" : -0.22123872,
  "cy" : 387.1273,
  "t_03" : 0.5743346,
  "t_20" : 0.55713093,
  "t_21" : 0.3076505,
  "t_22" : 0.77133435,
  "center_depth" : 1.6891097,
  "timestamp" : 235190943377,
  "fy" : 710.0042,
  "width" : 1024,
  "cx" : 514.0935,
  "angular_velocity" : 3.4028235e+38,
  "manual_keyframe" : false,
  "t_23" : 5.339906
}