{
  "t_20" : 0.096713975,
  "timestamp" : 235110705969,
  "fx" : 710.8523,
  "center_depth" : 2.8967342,
  "manual_keyframe" : false,
  "t_23" : 1.9201634,
  "cy" : 387.43265,
  "t_13" : 0.019242045,
  "blur_score" : 127.42271,
  "height" : 768,
  "t_10" : -0.96220446,
  "t_02" : -0.92822456,
  "t_00" : -0.2545764,
  "t_22" : 0.2546735,
  "t_01" : 0.27127522,
  "t_21" : 0.96217877,
  "angular_velocity" : 3.4028235e+38,
  "t_12" : 0.27118412,
  "fy" : 710.8523,
  "t_03" : 0.27149588,
  "width" : 1024,
  "t_11" : 0.024938418,
  "cx" : 514.3215
}