{
  "t_22" : 0.95234334,
  "t_03" : 1.0554541,
  "t_10" : -0.98634046,
  "fy" : 715.5995,
  "t_13" : 0.028363172,
  "t_00" : -0.09077885,
  "t_01" : 0.9608852,
  "cy" : 387.06403,
  "cx" : 514.4215,
  "t_21" : 0.272306,
  "timestamp" : 235124067775,
  "width" : 1024,
  "manual_keyframe" : false,
  "t_12" : 0.15679115,
  "t_23" : 1.6390951,
  "t_02" : -0.26164672,
  "angular_velocity" : 3.4028235e+38,
  "blur_score" : 116.458984,
  "center_depth" : 2.0067463,
  "t_11" : -0.050489858,
  "height" : 768,
  "t_20" : 0.1374478,
  "fx" : 715.5995
}