{
  "fy" : 710.32184,
  "angular_velocity" : 3.4028235e+38,
  "t_10" : -0.76747555,
  "t_01" : -0.5803995,
  "t_02" : -0.62011826,
  "cy" : 386.92926,
  "t_13" : -0.14369036,
  "cx" : 514.1435,
  "t_00" : -0.5278163,
  "t_23" : 4.6687026,
  "timestamp" : 235184045897,
  "t_11" : 0.013137908,
  "fx" : 710.32184,
  "height" : 768,
  "width" : 1024,
  "manual_keyframe" : false,
  "t_03" : 0.3785632,
  "t_22" : -0.45237684,
  "t_12" : 0.64094365,
  "center_depth" : 1.3763683,
  "blur_score" : 70.57065,
  "t_20" : -0.3638563,
  "t_21" : 0.81422603
}