{
  "height" : 768,
  "t_13" : 0.25386745,
  "t_12" : -0.33960268,
  "t_10" : -0.93277633,
  "blur_score" : 115.67432,
  "fx" : 711.1811,
  "t_02" : -0.3432864,
  "t_01" : 0.93922484,
  "t_11" : -0.12082336,
  "t_00" : 0.0033240991,
  "cy" : 386.68903,
  "t_03" : 0.20952734,
  "t_20" : -0.3604403,
  "t_21" : 0.3213383,
  "t_22" : 0.8756852,
  "center_depth" : 1.1172925,
  "timestamp" : 235113388327,
  "fy" : 711.1811,
  "width" : 1024,
  "cx" : 514.5304,
  "angular_velocity" : 3.4028235e+38,
  "manual_keyframe" : false,
  "t_23" : 2.1019008
}