{
  "t_22" : -0.99052936,
  "t_03" : 2.378609,
  "t_10" : -0.9972616,
  "fy" : 713.88586,
  "t_13" : 0.28225034,
  "t_00" : 0.040008742,
  "t_01" : -0.99195886,
  "cy" : 386.97134,
  "cx" : 514.4975,
  "t_21" : 0.12240537,
  "timestamp" : 235136546564,
  "width" : 1024,
  "manual_keyframe" : false,
  "t_12" : -0.06659555,
  "t_23" : 1.4317201,
  "t_02" : -0.1200698,
  "angular_velocity" : 3.4028235e+38,
  "blur_score" : 46.951206,
  "center_depth" : 0.9930504,
  "t_11" : -0.03216168,
  "height" : 768,
  "t_20" : 0.062198404,
  "fx" : 713.88586
}