{
  "blur_score" : 55.13568,
  "t_21" : -0.33610737,
  "center_depth" : 1.2973459,
  "height" : 768,
  "t_10" : -0.9918972,
  "t_00" : -0.11425728,
  "t_03" : 0.110657506,
  "t_12" : -0.09048129,
  "cy" : 386.808,
  "t_22" : 0.9401844,
  "angular_velocity" : 3.4028235e+38,
  "width" : 1024,
  "fx" : 711.77026,
  "t_01" : 0.9375919,
  "t_02" : 0.32843047,
  "fy" : 711.77026,
  "t_13" : 0.19954766,
  "timestamp" : 235115087709,
  "t_20" : -0.05554504,
  "t_23" : 2.163121,
  "t_11" : -0.08918021,
  "manual_keyframe" : false,
  "cx" : 514.59784
}