{
  "center_depth" : 1.5077827,
  "t_22" : -0.7524616,
  "t_21" : 0.044657234,
  "t_23" : 1.4129072,
  "angular_velocity" : 3.4028235e+38,
  "t_00" : -0.072116815,
  "t_02" : 0.0037859688,
  "t_20" : -0.65712065,
  "cx" : 513.6505,
  "t_13" : -0.26292688,
  "t_12" : 0.6586255,
  "cy" : 387.27182,
  "blur_score" : 67.55787,
  "fy" : 716.48254,
  "t_11" : 0.05675295,
  "height" : 768,
  "timestamp" : 235142461076,
  "t_03" : 1.8900273,
  "manual_keyframe" : false,
  "t_01" : -0.9973891,
  "t_10" : -0.75032777,
  "fx" : 716.48254,
  "width" : 1024
}