{
  "center_depth" : 3.1499908,
  "t_22" : 0.7818366,
  "t_21" : 0.6086974,
  "t_23" : 5.354803,
  "angular_velocity" : 3.4028235e+38,
  "t_02" : -0.5893553,
  "t_00" : -0.15857795,
  "t_20" : 0.13497925,
  "cx" : 514.596,
  "t_13" : 0.06682051,
  "t_12" : 0.20345078,
  "cy" : 386.92593,
  "blur_score" : 81.55678,
  "fy" : 708.8591,
  "t_11" : -0.044431303,
  "height" : 768,
  "timestamp" : 235189077392,
  "t_03" : 0.74063605,
  "manual_keyframe" : false,
  "t_01" : 0.79215753,
  "t_10" : -0.9780765,
  "fx" : 708.8591,
  "width" : 1024
}