{
  "t_22" : 0.6203935,
  "t_03" : 0.63415116,
  "t_10" : -0.7405278,
  "fy" : 710.919,
  "t_00" : -0.40499538,
  "t_13" : -0.1862146,
  "t_01" : 0.81936085,
  "cx" : 513.9321,
  "cy" : 387.0993,
  "t_21" : 0.572289,
  "timestamp" : 235191343231,
  "width" : 1024,
  "manual_keyframe" : false,
  "t_12" : 0.67118204,
  "t_23" : 5.3834615,
  "t_02" : -0.40574217,
  "angular_velocity" : 3.4028235e+38,
  "blur_score" : 84.21379,
  "center_depth" : 1.1687214,
  "t_11" : -0.03366468,
  "height" : 768,
  "t_20" : 0.53628105,
  "fx" : 710.919
}