{
  "cy" : 387.33948,
  "blur_score" : 66.806656,
  "height" : 768,
  "t_10" : -0.84589505,
  "t_02" : 0.7403346,
  "fy" : 718.8014,
  "t_20" : 0.22316815,
  "t_03" : 1.8131672,
  "t_23" : 1.3488332,
  "fx" : 718.8014,
  "t_21" : -0.8840921,
  "width" : 1024,
  "manual_keyframe" : false,
  "t_00" : 0.48441488,
  "timestamp" : 235168784808,
  "t_13" : -0.17594717,
  "cx" : 513.889,
  "t_12" : 0.5322855,
  "t_22" : 0.4105815,
  "center_depth" : 0.8385441,
  "t_01" : 0.46609795,
  "t_11" : 0.03367265,
  "angular_velocity" : 3.4028235e+38
}