{
  "cy" : 387.55142,
  "blur_score" : 88.00402,
  "height" : 768,
  "t_10" : -0.8370605,
  "t_02" : -0.7908899,
  "fy" : 712.6518,
  "t_20" : -0.11622188,
  "t_03" : 0.37513763,
  "t_23" : 1.7264068,
  "fx" : 712.6518,
  "t_21" : 0.95287895,
  "width" : 1024,
  "manual_keyframe" : false,
  "t_00" : -0.5346235,
  "timestamp" : 235109339799,
  "t_13" : -0.040383168,
  "t_12" : 0.5440396,
  "cx" : 513.8731,
  "t_22" : -0.28020433,
  "center_depth" : 0.9345046,
  "t_01" : -0.2977772,
  "t_11" : 0.057885088,
  "angular_velocity" : 3.4028235e+38
}