{
  "fy" : 714.77997,
  "angular_velocity" : 3.4028235e+38,
  "t_10" : -0.90768033,
  "t_01" : -0.60558474,
  "t_02" : 0.7386522,
  "t_13" : 0.11748494,
  "cx" : 514.17316,
  "cy" : 387.08234,
  "t_00" : -0.29607454,
  "t_23" : 2.2645953,
  "timestamp" : 235158172014,
  "t_11" : -0.06241271,
  "fx" : 714.77997,
  "height" : 768,
  "width" : 1024,
  "manual_keyframe" : false,
  "t_03" : 1.7547961,
  "t_22" : -0.5311986,
  "t_12" : -0.41499537,
  "center_depth" : 1.1505326,
  "blur_score" : 83.42384,
  "t_20" : 0.29741618,
  "t_21" : -0.7933296
}