{
  "fy" : 708.87506,
  "angular_velocity" : 3.4028235e+38,
  "t_10" : -0.79461914,
  "t_01" : -0.6678787,
  "t_02" : -0.55738944,
  "cy" : 387.49548,
  "t_13" : -0.055714034,
  "cx" : 513.9202,
  "t_00" : -0.49320915,
  "t_23" : 1.6569898,
  "timestamp" : 235108473447,
  "t_11" : 0.08513769,
  "fx" : 708.87506,
  "height" : 768,
  "width" : 1024,
  "manual_keyframe" : false,
  "t_03" : 0.28309262,
  "t_22" : -0.5726999,
  "t_12" : 0.601109,
  "center_depth" : 0.8406893,
  "blur_score" : 67.005104,
  "t_20" : -0.3540131,
  "t_21" : 0.7393847
}