{
  "fy" : 708.5748,
  "angular_velocity" : 3.4028235e+38,
  "t_10" : -0.7555435,
  "t_01" : -0.9811243,
  "cy" : 387.26126,
  "t_02" : -0.11593916,
  "cx" : 514.07043,
  "t_13" : -0.058836058,
  "t_00" : -0.15476927,
  "t_23" : 1.5619979,
  "timestamp" : 235106907350,
  "t_11" : 0.041930538,
  "fx" : 708.5748,
  "height" : 768,
  "width" : 1024,
  "manual_keyframe" : false,
  "t_03" : 0.010954194,
  "t_22" : -0.7477716,
  "t_12" : 0.65375525,
  "center_depth" : 2.0092657,
  "blur_score" : 59.048172,
  "t_20" : -0.63655376,
  "t_21" : 0.18877827
}