{
  "center_depth" : 2.450048,
  "t_22" : -0.8303126,
  "t_21" : 0.37750795,
  "t_23" : 2.8395915,
  "angular_velocity" : 3.4028235e+38,
  "t_00" : -0.14985232,
  "t_02" : -0.34694928,
  "t_20" : -0.4099622,
  "cx" : 514.41016,
  "t_13" : -0.12259911,
  "t_12" : 0.43612778,
  "cy" : 386.8864,
  "blur_score" : 92.87278,
  "fy" : 708.578,
  "t_11" : -0.017811833,
  "height" : 768,
  "timestamp" : 235176298728,
  "t_03" : 0.18336637,
  "manual_keyframe" : false,
  "t_01" : -0.925835,
  "t_10" : -0.8997085,
  "fx" : 708.578,
  "width" : 1024
}