{
  "t_20" : -0.16065308,
  "timestamp" : 235171617109,
  "fx" : 709.4468,
  "center_depth" : 1.6263292,
  "manual_keyframe" : false,
  "t_23" : 1.7430445,
  "t_13" : -0.09165277,
  "cy" : 387.17276,
  "blur_score" : 59.679523,
  "height" : 768,
  "t_10" : -0.9342532,
  "t_02" : 0.81103414,
  "t_00" : 0.3183734,
  "t_22" : -0.46406603,
  "t_01" : -0.49077708,
  "t_21" : -0.87111056,
  "angular_velocity" : 3.4028235e+38,
  "t_12" : 0.35618317,
  "t_03" : 0.94689935,
  "fy" : 709.4468,
  "width" : 1024,
  "t_11" : -0.017451145,
  "cx" : 514.3607
}