{
  "t_22" : -0.7447266,
  "t_02" : -0.26162323,
  "t_10" : -0.7891023,
  "t_12" : 0.61395097,
  "cy" : 387.10275,
  "t_03" : 2.3947945,
  "t_21" : 0.31700134,
  "angular_velocity" : 3.4028235e+38,
  "t_20" : -0.5872756,
  "center_depth" : 1.2090573,
  "timestamp" : 235138429211,
  "manual_keyframe" : false,
  "fx" : 713.86523,
  "height" : 768,
  "t_23" : 1.4704027,
  "t_01" : -0.9482237,
  "t_11" : -0.019542392,
  "t_00" : -0.18006952,
  "fy" : 713.86523,
  "cx" : 514.1071,
  "width" : 1024,
  "t_13" : 0.01736428,
  "blur_score" : 88.52434
}