{
  "t_11" : -0.031460337,
  "fy" : 716.7605,
  "height" : 768,
  "t_01" : -0.8539015,
  "t_23" : 1.4722438,
  "t_10" : -0.89333385,
  "manual_keyframe" : false,
  "fx" : 716.7605,
  "t_21" : -0.519483,
  "center_depth" : 0.66819155,
  "timestamp" : 235149925023,
  "t_22" : -0.7709086,
  "t_00" : 0.25713268,
  "t_20" : -0.36856145,
  "angular_velocity" : 3.4028235e+38,
  "t_13" : -0.04460163,
  "cy" : 386.88904,
  "width" : 1024,
  "blur_score" : 83.45843,
  "cx" : 514.4507,
  "t_02" : 0.45247662,
  "t_12" : 0.4482912,
  "t_03" : 1.6653901
}