{
  "t_20" : 0.08797128,
  "timestamp" : 235156822507,
  "fx" : 715.53595,
  "center_depth" : 0.9368919,
  "manual_keyframe" : false,
  "t_23" : 2.2793288,
  "t_13" : -0.07178003,
  "cy" : 386.2462,
  "blur_score" : 98.10665,
  "height" : 768,
  "t_10" : -0.993136,
  "t_02" : 0.7340738,
  "t_00" : 0.077084854,
  "t_22" : -0.6790624,
  "t_01" : -0.6746805,
  "t_21" : -0.72879034,
  "angular_velocity" : 3.4028235e+38,
  "t_12" : -0.0031738007,
  "fy" : 715.53595,
  "t_03" : 1.7906016,
  "width" : 1024,
  "t_11" : -0.116922826,
  "cx" : 514.3216
}