{
  "t_20" : -0.19409472,
  "timestamp" : 235114637873,
  "fx" : 712.3913,
  "center_depth" : 1.2412045,
  "manual_keyframe" : false,
  "t_23" : 2.1017628,
  "t_13" : 0.243734,
  "cy" : 386.82245,
  "blur_score" : 49.870895,
  "height" : 768,
  "t_10" : -0.97025424,
  "t_02" : 0.2124904,
  "t_00" : -0.14468607,
  "t_22" : 0.9515997,
  "t_01" : 0.96639216,
  "t_21" : -0.2382972,
  "angular_velocity" : 3.4028235e+38,
  "t_12" : -0.22204989,
  "fy" : 712.3913,
  "t_03" : 0.117199615,
  "width" : 1024,
  "t_11" : -0.09643994,
  "cx" : 514.4588
}