{
  "center_depth" : 3.3138645,
  "t_22" : 0.68200773,
  "t_21" : 0.7312999,
  "t_23" : 5.3272395,
  "angular_velocity" : 3.4028235e+38,
  "t_02" : -0.7272207,
  "t_00" : -0.098502435,
  "t_20" : 0.008136622,
  "cx" : 514.6529,
  "t_13" : 0.10877713,
  "t_12" : 0.07756201,
  "cy" : 386.83633,
  "blur_score" : 84.464836,
  "fy" : 708.5796,
  "t_11" : -0.061262272,
  "height" : 768,
  "timestamp" : 235188660878,
  "t_03" : 0.75000256,
  "manual_keyframe" : false,
  "t_01" : 0.6792993,
  "t_10" : -0.9951036,
  "fx" : 708.5796,
  "width" : 1024
}