{
  "t_10" : -0.92154306,
  "cy" : 386.97427,
  "t_11" : -0.06082267,
  "manual_keyframe" : false,
  "t_02" : -0.34647772,
  "t_13" : -0.11113256,
  "t_12" : 0.38348296,
  "t_03" : 0.27718684,
  "timestamp" : 235177548271,
  "angular_velocity" : 3.4028235e+38,
  "t_01" : -0.9344227,
  "t_00" : -0.082507506,
  "blur_score" : 88.56805,
  "fx" : 709.7152,
  "fy" : 709.7152,
  "t_20" : -0.3794089,
  "center_depth" : 2.6732595,
  "t_21" : 0.35093427,
  "height" : 768,
  "cx" : 514.23517,
  "t_22" : -0.85609245,
  "t_23" : 3.1646657,
  "width" : 1024
}