{
  "fy" : 712.709,
  "angular_velocity" : 3.4028235e+38,
  "t_10" : -0.8305257,
  "t_01" : 0.088575974,
  "t_13" : -0.15099326,
  "t_02" : -0.82837135,
  "cx" : 513.99164,
  "cy" : 386.78568,
  "t_00" : -0.5531324,
  "t_23" : 5.7484407,
  "timestamp" : 235195275127,
  "t_11" : -0.13663721,
  "fx" : 712.709,
  "height" : 768,
  "width" : 1024,
  "manual_keyframe" : false,
  "t_03" : 0.8292552,
  "t_22" : 0.14914308,
  "t_12" : 0.5399607,
  "center_depth" : 2.078057,
  "blur_score" : 120.74934,
  "t_20" : -0.06535881,
  "t_21" : 0.9866533
}