{
  "t_21" : 0.464558,
  "angular_velocity" : 3.4028235e+38,
  "t_03" : 0.69925207,
  "t_20" : -0.49465704,
  "cy" : 386.75406,
  "t_02" : -0.43121654,
  "t_12" : 0.52397716,
  "fx" : 717.34973,
  "t_01" : -0.88236576,
  "t_22" : -0.734507,
  "t_00" : -0.18837008,
  "t_13" : -0.14987145,
  "center_depth" : 0.7073217,
  "cx" : 514.064,
  "width" : 1024,
  "manual_keyframe" : false,
  "blur_score" : 34.8281,
  "t_23" : 5.840454,
  "t_11" : -0.07494511,
  "timestamp" : 235196474689,
  "t_10" : -0.8484287,
  "height" : 768,
  "fy" : 717.34973
}