{
  "t_23" : 4.5814247,
  "angular_velocity" : 3.4028235e+38,
  "fx" : 709.4245,
  "t_22" : -0.5444842,
  "blur_score" : 99.14625,
  "center_depth" : 2.189721,
  "t_20" : -0.13430502,
  "t_12" : 0.22981776,
  "cy" : 386.9461,
  "width" : 1024,
  "height" : 768,
  "timestamp" : 235182946299,
  "t_10" : -0.97321045,
  "t_02" : -0.80667275,
  "t_13" : 0.02897536,
  "t_21" : 0.82794887,
  "manual_keyframe" : false,
  "t_01" : -0.56076336,
  "fy" : 709.4245,
  "t_00" : -0.1866111,
  "t_03" : 0.3991154,
  "t_11" : -0.006733414,
  "cx" : 514.5796
}