{
  "fy" : 731.0703,
  "angular_velocity" : 3.4028235e+38,
  "t_10" : -0.9281247,
  "t_01" : -0.69548213,
  "t_13" : 0.014793435,
  "t_02" : 0.63079756,
  "cx" : 514.5942,
  "cy" : 386.60223,
  "t_00" : 0.34409148,
  "t_23" : 1.98644,
  "timestamp" : 235160304570,
  "t_11" : -0.15028124,
  "fx" : 731.0703,
  "height" : 768,
  "width" : 1024,
  "manual_keyframe" : false,
  "t_03" : 1.8054389,
  "t_22" : -0.6972047,
  "t_12" : 0.34058765,
  "center_depth" : 1.3237361,
  "blur_score" : 85.29108,
  "t_20" : -0.14207564,
  "t_21" : -0.7026521
}