{
  "t_11" : -0.056536168,
  "fy" : 709.72626,
  "height" : 768,
  "t_01" : -0.9981974,
  "t_23" : 2.3947093,
  "t_10" : -0.9946212,
  "manual_keyframe" : false,
  "fx" : 709.72626,
  "t_21" : 0.020142578,
  "center_depth" : 4.38421,
  "timestamp" : 235174549369,
  "t_22" : -0.99591273,
  "t_00" : 0.054556925,
  "t_20" : -0.08804705,
  "angular_velocity" : 3.4028235e+38,
  "t_13" : -0.008521641,
  "cy" : 386.8884,
  "width" : 1024,
  "blur_score" : 87.520226,
  "cx" : 514.6396,
  "t_02" : -0.025012093,
  "t_12" : 0.08678941,
  "t_03" : 0.28197268
}