{
  "t_22" : -0.53865635,
  "t_03" : 1.7932557,
  "t_10" : -0.8084372,
  "fy" : 713.827,
  "t_13" : -0.17532298,
  "t_00" : 0.57071453,
  "t_01" : -0.51431143,
  "cy" : 386.39444,
  "cx" : 513.01117,
  "t_21" : -0.83014166,
  "timestamp" : 235156139422,
  "width" : 1024,
  "manual_keyframe" : false,
  "t_12" : 0.5477961,
  "t_23" : 2.319335,
  "t_02" : 0.640132,
  "angular_velocity" : 3.4028235e+38,
  "blur_score" : 63.57788,
  "center_depth" : 1.0715601,
  "t_11" : -0.21528788,
  "height" : 768,
  "t_20" : -0.1439251,
  "fx" : 713.827
}