{
  "t_22" : -0.66850203,
  "t_03" : 2.0123723,
  "t_10" : -0.7084326,
  "fy" : 714.1701,
  "t_00" : -0.2484295,
  "cy" : 387.16687,
  "t_01" : -0.93977654,
  "cx" : 513.51263,
  "t_13" : -0.2790192,
  "t_21" : 0.3416125,
  "timestamp" : 235141728009,
  "width" : 1024,
  "manual_keyframe" : false,
  "t_12" : 0.70569265,
  "t_23" : 1.3693695,
  "t_02" : -0.23474023,
  "angular_velocity" : 3.4028235e+38,
  "blur_score" : 71.77165,
  "center_depth" : 0.7577708,
  "t_11" : 0.0110038025,
  "height" : 768,
  "t_20" : -0.66061044,
  "fx" : 714.1701
}