{
  "fy" : 707.4456,
  "angular_velocity" : 3.4028235e+38,
  "t_10" : -0.95752585,
  "t_01" : -0.9667335,
  "cy" : 387.2255,
  "t_02" : -0.2478254,
  "t_13" : 0.028608292,
  "cx" : 514.4372,
  "t_00" : -0.06331476,
  "t_23" : 1.4477539,
  "timestamp" : 235101942488,
  "t_11" : -0.011151813,
  "fx" : 707.4456,
  "height" : 768,
  "width" : 1024,
  "manual_keyframe" : false,
  "t_03" : 0.093570106,
  "t_22" : -0.92496634,
  "t_12" : 0.2881317,
  "center_depth" : 3.8574328,
  "blur_score" : 86.45692,
  "t_20" : -0.28131026,
  "t_21" : 0.25554216
}