{
  "t_22" : -0.8181486,
  "t_03" : 1.8542979,
  "t_10" : -0.81581396,
  "fy" : 715.5518,
  "t_13" : -0.23445247,
  "cy" : 387.36115,
  "t_01" : -0.99763274,
  "cx" : 513.74915,
  "t_00" : -0.063610435,
  "t_21" : 0.0152215175,
  "timestamp" : 235142810948,
  "width" : 1024,
  "manual_keyframe" : false,
  "t_12" : 0.5744131,
  "t_23" : 1.4252905,
  "t_02" : 0.026129896,
  "angular_velocity" : 3.4028235e+38,
  "blur_score" : 75.8726,
  "center_depth" : 1.639693,
  "t_11" : 0.067062385,
  "height" : 768,
  "t_20" : -0.57480556,
  "fx" : 715.5518
}