{
  "t_01" : -0.7482315,
  "t_12" : 0.7660897,
  "t_20" : -0.5270148,
  "t_23" : 2.2282972,
  "t_10" : -0.627726,
  "timestamp" : 235152907268,
  "t_22" : -0.54879194,
  "fy" : 715.06744,
  "t_11" : -0.13808244,
  "t_21" : -0.6489091,
  "fx" : 715.06744,
  "angular_velocity" : 3.4028235e+38,
  "t_13" : -0.20560803,
  "t_03" : 1.851947,
  "blur_score" : 53.772984,
  "center_depth" : 1.0869999,
  "width" : 1024,
  "cy" : 386.62762,
  "height" : 768,
  "cx" : 513.3307,
  "t_00" : 0.57290107,
  "manual_keyframe" : false,
  "t_02" : 0.33456564
}