{
  "t_20" : -0.67533463,
  "timestamp" : 235152057578,
  "fx" : 715.3438,
  "center_depth" : 1.1269768,
  "manual_keyframe" : false,
  "t_23" : 2.0040216,
  "t_13" : -0.16517411,
  "cy" : 387.008,
  "blur_score" : 65.185394,
  "height" : 768,
  "t_10" : -0.71248084,
  "t_02" : 0.021873571,
  "t_00" : 0.19051073,
  "t_22" : -0.72267294,
  "t_01" : -0.98144144,
  "t_21" : -0.14719768,
  "angular_velocity" : 3.4028235e+38,
  "t_12" : 0.690844,
  "t_03" : 1.8451107,
  "fy" : 715.3438,
  "width" : 1024,
  "t_11" : -0.122904934,
  "cx" : 513.6458
}