{
  "blur_score" : 85.96514,
  "t_21" : -0.3496435,
  "center_depth" : 0.7029011,
  "height" : 768,
  "t_10" : -0.807985,
  "t_00" : 0.2557666,
  "t_03" : 1.7025615,
  "t_12" : 0.58547956,
  "cy" : 386.93488,
  "t_22" : -0.7720141,
  "angular_velocity" : 3.4028235e+38,
  "width" : 1024,
  "fx" : 717.6324,
  "t_01" : -0.93454564,
  "t_02" : 0.24740236,
  "fy" : 717.6324,
  "t_13" : -0.1130968,
  "timestamp" : 235150391519,
  "t_20" : -0.5307954,
  "t_23" : 1.5499384,
  "t_11" : -0.066135384,
  "manual_keyframe" : false,
  "cx" : 514.1961
}