{
  "t_10" : -0.9923612,
  "cy" : 387.03723,
  "t_11" : -0.026141275,
  "manual_keyframe" : false,
  "t_02" : -0.47030517,
  "t_13" : 0.057268456,
  "t_12" : 0.12056503,
  "t_03" : 0.39699373,
  "timestamp" : 235181180277,
  "angular_velocity" : 3.4028235e+38,
  "t_01" : -0.8818523,
  "t_00" : -0.033908628,
  "blur_score" : 89.89507,
  "fx" : 708.8718,
  "fy" : 708.8718,
  "t_20" : -0.11861493,
  "center_depth" : 2.0165403,
  "t_21" : 0.47080076,
  "height" : 768,
  "cx" : 514.75244,
  "t_22" : -0.8742296,
  "t_23" : 4.177818,
  "width" : 1024
}