{
  "fy" : 715.3279,
  "angular_velocity" : 3.4028235e+38,
  "t_10" : -0.7020928,
  "t_01" : 0.6103307,
  "cy" : 387.10776,
  "t_02" : 0.5606739,
  "cx" : 513.5194,
  "t_13" : -0.2323798,
  "t_00" : 0.5595904,
  "t_23" : 1.3666923,
  "timestamp" : 235166069133,
  "t_11" : -0.010356824,
  "fx" : 715.3279,
  "height" : 768,
  "width" : 1024,
  "manual_keyframe" : false,
  "t_03" : 1.7729813,
  "t_22" : 0.42271328,
  "t_12" : 0.71201015,
  "center_depth" : 0.5350393,
  "blur_score" : 91.77877,
  "t_20" : 0.4403685,
  "t_21" : -0.79207915
}