{
  "height" : 768,
  "t_13" : -0.035720948,
  "t_12" : 0.18029971,
  "t_10" : -0.98322916,
  "blur_score" : 75.65062,
  "t_02" : 0.58906305,
  "fx" : 710.67444,
  "t_01" : -0.7975178,
  "t_11" : -0.02743239,
  "t_00" : 0.13027047,
  "cy" : 386.8723,
  "t_03" : 0.61430126,
  "t_20" : -0.12763281,
  "t_21" : -0.6026716,
  "t_22" : -0.78771627,
  "center_depth" : 1.387863,
  "timestamp" : 235172716707,
  "fy" : 710.67444,
  "width" : 1024,
  "cx" : 514.5641,
  "angular_velocity" : 3.4028235e+38,
  "manual_keyframe" : false,
  "t_23" : 1.9599519
}