{
  "t_22" : -0.48186177,
  "t_03" : 1.7580215,
  "t_10" : -0.9905976,
  "fy" : 724.0616,
  "t_13" : 0.077683166,
  "cy" : 386.83206,
  "t_01" : -0.47344884,
  "cx" : 514.51526,
  "t_00" : 0.098541595,
  "t_21" : -0.8710933,
  "timestamp" : 235159638146,
  "width" : 1024,
  "manual_keyframe" : false,
  "t_12" : 0.040908415,
  "t_23" : 2.1427743,
  "t_02" : 0.875292,
  "angular_velocity" : 3.4028235e+38,
  "blur_score" : 65.238235,
  "center_depth" : 1.020388,
  "t_11" : -0.13054895,
  "height" : 768,
  "t_20" : 0.09490041,
  "fx" : 724.0616
}