{
  "t_22" : 0.21599977,
  "t_03" : 1.6058366,
  "t_10" : -0.7176435,
  "fy" : 712.4294,
  "t_00" : 0.6632259,
  "cy" : 387.1091,
  "t_01" : 0.3029367,
  "cx" : 513.66113,
  "t_13" : -0.21217422,
  "t_21" : -0.9530085,
  "timestamp" : 235165002856,
  "width" : 1024,
  "manual_keyframe" : false,
  "t_12" : 0.69640744,
  "t_23" : 1.4922785,
  "t_02" : 0.684369,
  "angular_velocity" : 3.4028235e+38,
  "blur_score" : 109.184814,
  "center_depth" : 0.9379706,
  "t_11" : -0.0021121458,
  "height" : 768,
  "t_20" : 0.21241288,
  "fx" : 712.4294
}