{
  "t_11" : -0.2000039,
  "fy" : 714.47986,
  "center_depth" : 1.1304961,
  "t_23" : 2.3091621,
  "timestamp" : 235153790280,
  "t_12" : 0.8975541,
  "t_02" : 0.2557421,
  "t_21" : -0.8485879,
  "angular_velocity" : 3.4028235e+38,
  "width" : 1024,
  "t_01" : -0.4897931,
  "height" : 768,
  "fx" : 714.47986,
  "t_20" : -0.38846636,
  "t_13" : -0.25150263,
  "t_03" : 1.8559138,
  "t_22" : -0.35915557,
  "blur_score" : 49.653313,
  "cy" : 386.55872,
  "cx" : 512.8227,
  "t_00" : 0.833486,
  "manual_keyframe" : false,
  "t_10" : -0.39293155
}