{
  "center_depth" : 1.5874472,
  "t_22" : -0.94908327,
  "t_21" : 0.27388975,
  "t_23" : 5.9147544,
  "angular_velocity" : 3.4028235e+38,
  "t_02" : -0.27148968,
  "t_00" : -0.036896475,
  "t_20" : -0.15564549,
  "cx" : 514.505,
  "t_13" : -0.01494583,
  "t_12" : 0.15979509,
  "cy" : 387.11252,
  "blur_score" : 105.68227,
  "fy" : 714.40515,
  "t_11" : -0.0072383205,
  "height" : 768,
  "timestamp" : 235197524305,
  "t_03" : 0.6733717,
  "manual_keyframe" : false,
  "t_01" : -0.9617338,
  "t_10" : -0.9871237,
  "fx" : 714.40515,
  "width" : 1024
}