{
  "t_22" : -0.0834121,
  "t_03" : 0.79957145,
  "t_10" : -0.81932414,
  "fy" : 712.7137,
  "t_13" : -0.1631432,
  "cy" : 386.71057,
  "t_01" : -0.18022302,
  "cx" : 514.0495,
  "t_00" : -0.5374913,
  "t_21" : 0.9763356,
  "timestamp" : 235195525036,
  "width" : 1024,
  "manual_keyframe" : false,
  "t_12" : 0.56073135,
  "t_23" : 5.7606654,
  "t_02" : -0.8237858,
  "angular_velocity" : 3.4028235e+38,
  "blur_score" : 75.152466,
  "center_depth" : 0.71672434,
  "t_11" : -0.11953483,
  "height" : 768,
  "t_20" : -0.1995278,
  "fx" : 712.7137
}