{
  "t_20" : -0.20022595,
  "timestamp" : 235125084072,
  "fx" : 712.95355,
  "center_depth" : 1.1022724,
  "manual_keyframe" : false,
  "t_23" : 1.6722025,
  "cy" : 386.94144,
  "t_13" : 0.17594479,
  "blur_score" : 140.34216,
  "height" : 768,
  "t_10" : -0.9788166,
  "t_02" : -0.46413273,
  "t_00" : 0.042751025,
  "t_22" : 0.8635974,
  "t_01" : 0.88473356,
  "t_21" : 0.4627196,
  "angular_velocity" : 3.4028235e+38,
  "t_12" : -0.19692832,
  "t_03" : 1.0870595,
  "fy" : 712.95355,
  "width" : 1024,
  "t_11" : -0.056011703,
  "cx" : 514.6975
}