{
  "cy" : 386.975,
  "blur_score" : 80.67029,
  "height" : 768,
  "t_10" : -0.74804544,
  "t_02" : 0.747935,
  "fy" : 711.1621,
  "t_20" : 0.03427396,
  "t_03" : 1.4526682,
  "t_23" : 1.5171032,
  "fx" : 711.1621,
  "t_21" : -0.9992406,
  "width" : 1024,
  "manual_keyframe" : false,
  "t_00" : 0.662762,
  "timestamp" : 235164453056,
  "t_13" : -0.19014826,
  "t_12" : 0.66351324,
  "cx" : 513.5425,
  "t_22" : 0.01853501,
  "center_depth" : 1.1118435,
  "t_01" : 0.03660624,
  "t_11" : -0.013350394,
  "angular_velocity" : 3.4028235e+38
}