{
  "t_11" : -0.003535097,
  "fy" : 712.6899,
  "height" : 768,
  "t_01" : -0.9998796,
  "t_23" : 1.4764508,
  "t_10" : -0.8547028,
  "manual_keyframe" : false,
  "fx" : 712.6899,
  "t_21" : 0.015116261,
  "center_depth" : 1.3144151,
  "timestamp" : 235145410001,
  "t_22" : -0.8546383,
  "t_00" : 0.010868175,
  "t_20" : 0.51900405,
  "angular_velocity" : 3.4028235e+38,
  "t_13" : 0.21925756,
  "cy" : 387.01874,
  "width" : 1024,
  "blur_score" : 119.56442,
  "cx" : 514.41614,
  "t_12" : -0.51910573,
  "t_02" : -0.011085194,
  "t_03" : 1.8132534
}