{
  "cy" : 387.5021,
  "blur_score" : 74.15815,
  "height" : 768,
  "t_10" : -0.8484014,
  "t_02" : -0.84923244,
  "fy" : 712.68195,
  "t_20" : 0.12496131,
  "t_03" : 0.3346728,
  "t_23" : 1.8253645,
  "fx" : 712.68195,
  "t_21" : 0.99014246,
  "width" : 1024,
  "manual_keyframe" : false,
  "t_00" : -0.5143928,
  "timestamp" : 235109922920,
  "t_13" : -0.035074823,
  "cx" : 514.0177,
  "t_12" : 0.5242154,
  "t_22" : 0.063268326,
  "center_depth" : 2.4871905,
  "t_01" : 0.11918358,
  "t_11" : 0.0735764,
  "angular_velocity" : 3.4028235e+38
}