{
  "t_11" : -0.0120247565,
  "fy" : 712.9583,
  "height" : 768,
  "t_01" : -0.9992771,
  "t_23" : 1.4498379,
  "t_10" : -0.7879967,
  "manual_keyframe" : false,
  "fx" : 712.9583,
  "t_21" : -0.03606637,
  "center_depth" : 1.4524704,
  "timestamp" : 235145676571,
  "t_22" : -0.78727394,
  "t_00" : -0.012734302,
  "t_20" : 0.6155479,
  "angular_velocity" : 3.4028235e+38,
  "t_13" : 0.2642423,
  "cy" : 387.11237,
  "width" : 1024,
  "blur_score" : 127.7293,
  "cx" : 514.3432,
  "t_02" : 0.035821978,
  "t_12" : -0.61556214,
  "t_03" : 1.8192726
}