{
  "blur_score" : 45.224262,
  "t_21" : -0.058663268,
  "center_depth" : 2.064605,
  "height" : 768,
  "t_10" : -0.7883327,
  "t_00" : 0.013174477,
  "cy" : 387.08017,
  "t_12" : 0.61456084,
  "t_03" : 0.36231807,
  "t_22" : 0.78625745,
  "angular_velocity" : 3.4028235e+38,
  "width" : 1024,
  "fx" : 708.8797,
  "t_01" : 0.99785376,
  "t_02" : 0.064143956,
  "fy" : 708.8797,
  "t_13" : -0.10942025,
  "timestamp" : 235118153261,
  "t_20" : 0.61510825,
  "t_23" : 2.0815167,
  "t_11" : -0.029096939,
  "manual_keyframe" : false,
  "cx" : 513.943
}