{
  "t_20" : 0.5966242,
  "timestamp" : 235123118121,
  "fx" : 717.3068,
  "center_depth" : 0.9137099,
  "manual_keyframe" : false,
  "t_23" : 1.5914198,
  "t_13" : -0.11778704,
  "cy" : 387.27036,
  "blur_score" : 90.49972,
  "height" : 768,
  "t_10" : -0.80070955,
  "t_02" : -0.07413916,
  "t_00" : -0.053889003,
  "t_22" : 0.79727095,
  "t_01" : 0.995791,
  "t_21" : 0.09164622,
  "angular_velocity" : 3.4028235e+38,
  "t_12" : 0.5990516,
  "fy" : 717.3068,
  "t_03" : 1.0523022,
  "width" : 1024,
  "t_11" : 0.0012690846,
  "cx" : 513.2506
}