{
  "height" : 768,
  "t_13" : -0.11539358,
  "t_12" : 0.66274863,
  "t_10" : -0.74883527,
  "blur_score" : 100.84412,
  "fx" : 711.1811,
  "t_02" : -0.49593306,
  "t_01" : 0.74741495,
  "t_11" : -0.0031505513,
  "t_00" : -0.44206482,
  "cy" : 387.21747,
  "t_03" : 0.7544304,
  "t_20" : 0.49378586,
  "t_21" : 0.6643501,
  "t_22" : 0.5610835,
  "center_depth" : 1.7090247,
  "timestamp" : 235120685673,
  "fy" : 711.1811,
  "width" : 1024,
  "cx" : 513.9088,
  "angular_velocity" : 3.4028235e+38,
  "manual_keyframe" : false,
  "t_23" : 1.8619379
}