{
  "t_22" : 0.53041106,
  "t_02" : 0.4311911,
  "t_10" : -0.6830769,
  "t_12" : 0.7298896,
  "cy" : 387.1646,
  "t_03" : 1.8312968,
  "t_21" : -0.6517513,
  "angular_velocity" : 3.4028235e+38,
  "t_20" : 0.5421114,
  "center_depth" : 0.46163353,
  "timestamp" : 235166502308,
  "manual_keyframe" : false,
  "fx" : 718.814,
  "height" : 768,
  "t_23" : 1.3243883,
  "t_11" : 0.02583446,
  "t_01" : 0.75799286,
  "t_00" : 0.4894093,
  "fy" : 718.814,
  "cx" : 513.4927,
  "width" : 1024,
  "t_13" : -0.25666797,
  "blur_score" : 82.89771
}