{
  "t_11" : -0.06193207,
  "fy" : 708.8337,
  "center_depth" : 4.347559,
  "t_23" : 2.627933,
  "timestamp" : 235175232452,
  "t_12" : 0.15144747,
  "t_02" : -0.07889994,
  "t_21" : 0.07020519,
  "angular_velocity" : 3.4028235e+38,
  "width" : 1024,
  "t_01" : -0.9956082,
  "height" : 768,
  "fx" : 708.8337,
  "t_20" : -0.1556688,
  "t_13" : -0.016031303,
  "t_03" : 0.24091923,
  "t_22" : -0.98531145,
  "blur_score" : 99.043106,
  "cy" : 386.9461,
  "cx" : 514.659,
  "t_00" : 0.05038998,
  "manual_keyframe" : false,
  "t_10" : -0.98652333
}