{
  "center_depth" : 1.0779107,
  "t_22" : -0.8351521,
  "t_21" : 0.23044184,
  "t_23" : 1.4872929,
  "angular_velocity" : 3.4028235e+38,
  "t_02" : -0.21331473,
  "t_00" : -0.09207834,
  "t_20" : -0.49941742,
  "cx" : 514.4238,
  "t_13" : 0.09188712,
  "t_12" : 0.50696945,
  "cy" : 387.0783,
  "blur_score" : 77.64559,
  "fy" : 713.8763,
  "t_11" : -0.029633665,
  "height" : 768,
  "timestamp" : 235138012696,
  "t_03" : 2.3840363,
  "manual_keyframe" : false,
  "t_01" : -0.9726348,
  "t_10" : -0.86145455,
  "fx" : 713.8763,
  "width" : 1024
}