{
  "cy" : 387.19852,
  "blur_score" : 54.299862,
  "height" : 768,
  "t_10" : -0.8804218,
  "t_02" : 0.8804157,
  "fy" : 716.19507,
  "t_20" : -0.0038791338,
  "t_03" : 1.5776345,
  "t_23" : 1.4383283,
  "fx" : 716.19507,
  "t_21" : -0.9999857,
  "width" : 1024,
  "manual_keyframe" : false,
  "t_00" : 0.47417566,
  "timestamp" : 235169684480,
  "t_13" : -0.15302798,
  "cx" : 514.22034,
  "t_12" : 0.47418854,
  "t_22" : -0.0036938637,
  "center_depth" : 0.9480481,
  "t_01" : -0.0050916146,
  "t_11" : 0.0016637086,
  "angular_velocity" : 3.4028235e+38
}