{
  "t_10" : -0.9987895,
  "cy" : 387.16275,
  "t_11" : -0.048053287,
  "manual_keyframe" : false,
  "t_02" : -0.29656297,
  "t_13" : 0.06984975,
  "t_12" : 0.010503561,
  "t_03" : 0.43424997,
  "timestamp" : 235180730442,
  "angular_velocity" : 3.4028235e+38,
  "t_01" : -0.9540545,
  "t_00" : 0.042782284,
  "blur_score" : 115.81204,
  "fx" : 708.8353,
  "fy" : 708.8353,
  "t_20" : -0.024271796,
  "center_depth" : 2.1569784,
  "t_21" : 0.29575458,
  "height" : 768,
  "cx" : 514.6572,
  "t_22" : -0.9549555,
  "t_23" : 4.0482345,
  "width" : 1024
}