{
  "t_22" : -0.57555264,
  "t_03" : 2.234358,
  "t_10" : -0.9206268,
  "fy" : 712.40564,
  "t_13" : -0.11272911,
  "t_00" : -0.30199057,
  "cy" : 387.21487,
  "t_01" : -0.6264924,
  "cx" : 514.0592,
  "t_21" : 0.77941734,
  "timestamp" : 235131565045,
  "width" : 1024,
  "manual_keyframe" : false,
  "t_12" : 0.3904231,
  "t_23" : 1.4396101,
  "t_02" : -0.7185466,
  "angular_velocity" : 3.4028235e+38,
  "blur_score" : 107.6062,
  "center_depth" : 1.0321414,
  "t_11" : -0.0040169167,
  "height" : 768,
  "t_20" : -0.24748343,
  "fx" : 712.40564
}