{
  "t_22" : -0.6138503,
  "t_03" : 0.72493047,
  "t_10" : -0.8372539,
  "fy" : 717.08923,
  "t_13" : -0.16005537,
  "t_00" : -0.29072458,
  "t_01" : -0.763862,
  "cx" : 514.0799,
  "cy" : 386.7596,
  "t_21" : 0.6392986,
  "timestamp" : 235196141477,
  "width" : 1024,
  "manual_keyframe" : false,
  "t_12" : 0.5396237,
  "t_23" : 5.816892,
  "t_02" : -0.5761895,
  "angular_velocity" : 3.4028235e+38,
  "blur_score" : 30.81603,
  "center_depth" : 0.5072719,
  "t_11" : -0.08838663,
  "height" : 768,
  "t_20" : -0.46312547,
  "fx" : 717.08923
}