{
  "t_20" : 0.12576324,
  "timestamp" : 235159538183,
  "fx" : 723.49615,
  "center_depth" : 1.0026495,
  "manual_keyframe" : false,
  "t_23" : 2.1630342,
  "cy" : 386.78665,
  "t_13" : 0.08752517,
  "blur_score" : 71.78318,
  "height" : 768,
  "t_10" : -0.99163014,
  "t_02" : 0.8954816,
  "t_00" : 0.029213354,
  "t_22" : -0.44409078,
  "t_01" : -0.44413924,
  "t_21" : -0.8871117,
  "angular_velocity" : 3.4028235e+38,
  "t_12" : -0.029940879,
  "t_03" : 1.7574576,
  "fy" : 723.49615,
  "width" : 1024,
  "t_11" : -0.12559201,
  "cx" : 514.39484
}