{
  "t_02" : -0.5942217,
  "t_12" : -0.37757862,
  "t_20" : 0.3129985,
  "t_23" : 1.3488321,
  "t_10" : -0.92535037,
  "timestamp" : 235133547656,
  "t_22" : -0.71016556,
  "fy" : 713.5348,
  "t_11" : 0.034076814,
  "t_21" : 0.63063216,
  "fx" : 713.5348,
  "angular_velocity" : 3.4028235e+38,
  "t_03" : 2.3445027,
  "t_13" : 0.20031446,
  "blur_score" : 81.506386,
  "center_depth" : 1.1472491,
  "width" : 1024,
  "cy" : 387.34625,
  "height" : 768,
  "cx" : 514.5712,
  "t_00" : 0.21391305,
  "manual_keyframe" : false,
  "t_01" : -0.7753336
}