{
  "t_10" : -0.9963042,
  "cy" : 386.91904,
  "t_11" : -0.05191922,
  "manual_keyframe" : false,
  "t_02" : -0.04576847,
  "t_13" : 0.20363845,
  "t_12" : -0.06842726,
  "t_03" : -0.05551394,
  "timestamp" : 235104524883,
  "angular_velocity" : 3.4028235e+38,
  "t_01" : -0.9974302,
  "t_00" : 0.05512132,
  "blur_score" : 150.82613,
  "fx" : 707.11206,
  "fy" : 707.11206,
  "t_20" : 0.06587515,
  "center_depth" : 3.5619202,
  "t_21" : 0.04937111,
  "height" : 768,
  "cx" : 514.7231,
  "t_22" : -0.9966059,
  "t_23" : 1.5626489,
  "width" : 1024
}