{
  "t_22" : -0.8947438,
  "t_03" : 0.026143279,
  "t_10" : -0.99669373,
  "fy" : 707.09784,
  "t_00" : 0.06790744,
  "t_13" : 0.13362595,
  "t_01" : -0.892215,
  "cy" : 386.94684,
  "cx" : 514.6913,
  "t_21" : 0.44434637,
  "timestamp" : 235102942125,
  "width" : 1024,
  "manual_keyframe" : false,
  "t_12" : 0.009629226,
  "t_23" : 1.5488279,
  "t_02" : -0.44647652,
  "angular_velocity" : 3.4028235e+38,
  "blur_score" : 82.064606,
  "center_depth" : 1.5833374,
  "t_11" : -0.08067801,
  "height" : 768,
  "t_20" : -0.044612177,
  "fx" : 707.09784
}