{
  "t_22" : -0.98268294,
  "t_03" : 0.41291898,
  "t_10" : -0.98197186,
  "fy" : 709.13385,
  "t_00" : 0.04593478,
  "t_13" : 0.1140989,
  "t_01" : -0.9987718,
  "cx" : 514.61945,
  "cy" : 387.01184,
  "t_21" : 0.026704073,
  "timestamp" : 235179947394,
  "width" : 1024,
  "manual_keyframe" : false,
  "t_12" : -0.18436228,
  "t_23" : 3.8049016,
  "t_02" : -0.018570235,
  "angular_velocity" : 3.4028235e+38,
  "blur_score" : 108.3186,
  "center_depth" : 3.021665,
  "t_11" : -0.04173426,
  "height" : 768,
  "t_20" : 0.18336084,
  "fx" : 709.13385
}