{
  "height" : 768,
  "t_13" : 0.12279351,
  "t_12" : 0.020853827,
  "t_10" : -0.9997825,
  "blur_score" : 316.43835,
  "fx" : 709.16406,
  "t_02" : -0.92283285,
  "t_01" : 0.38472518,
  "t_11" : 0.00027292885,
  "t_00" : -0.019143755,
  "cy" : 387.22226,
  "t_03" : 0.20737068,
  "t_20" : 0.008274861,
  "t_21" : 0.9230312,
  "t_22" : 0.38463628,
  "center_depth" : 2.0716906,
  "timestamp" : 235111672284,
  "fy" : 709.16406,
  "width" : 1024,
  "cx" : 514.61896,
  "angular_velocity" : 3.4028235e+38,
  "manual_keyframe" : false,
  "t_23" : 2.0388145
}