{
  "height" : 768,
  "t_13" : 0.05111947,
  "t_12" : 0.3781864,
  "t_10" : -0.92273176,
  "blur_score" : 86.30857,
  "fx" : 714.1241,
  "t_02" : -0.92458785,
  "t_01" : 0.019116491,
  "t_11" : -0.07443968,
  "t_00" : -0.38048935,
  "cy" : 387.13895,
  "t_03" : 1.4548818,
  "t_20" : -0.061596442,
  "t_21" : 0.9970423,
  "t_22" : 0.045962885,
  "center_depth" : 1.61963,
  "timestamp" : 235127799750,
  "fy" : 714.1241,
  "width" : 1024,
  "cx" : 514.57745,
  "angular_velocity" : 3.4028235e+38,
  "manual_keyframe" : false,
  "t_23" : 1.5591898
}