{
  "t_10" : -0.8799273,
  "cy" : 386.96155,
  "t_11" : -0.054306056,
  "manual_keyframe" : false,
  "t_02" : -0.74580497,
  "t_13" : -0.06363542,
  "t_12" : 0.47199443,
  "t_03" : 0.38353342,
  "timestamp" : 235183579401,
  "angular_velocity" : 3.4028235e+38,
  "t_01" : -0.5568202,
  "t_00" : -0.365686,
  "blur_score" : 84.845795,
  "fx" : 709.74536,
  "fy" : 709.74536,
  "t_20" : -0.3033178,
  "center_depth" : 1.242423,
  "t_21" : 0.8288559,
  "height" : 768,
  "cx" : 514.4617,
  "t_22" : -0.47010234,
  "t_23" : 4.65636,
  "width" : 1024
}