{
  "t_22" : 0.32472813,
  "t_03" : 0.570097,
  "t_10" : -0.99218553,
  "fy" : 708.8703,
  "t_13" : 0.14603351,
  "cy" : 386.83292,
  "t_01" : 0.33253694,
  "cx" : 514.6497,
  "t_00" : 0.07413252,
  "t_21" : 0.9404676,
  "timestamp" : 235187544619,
  "width" : 1024,
  "manual_keyframe" : false,
  "t_12" : -0.10309267,
  "t_23" : 5.2820024,
  "t_02" : -0.94017214,
  "angular_velocity" : 3.4028235e+38,
  "blur_score" : 69.09448,
  "center_depth" : 2.868389,
  "t_11" : -0.07028284,
  "height" : 768,
  "t_20" : -0.1003601,
  "fx" : 708.8703
}