{
  "fy" : 709.47217,
  "angular_velocity" : 3.4028235e+38,
  "t_10" : -0.7864172,
  "t_01" : 0.8735713,
  "t_13" : -0.12209445,
  "cy" : 386.98557,
  "cx" : 513.8314,
  "t_02" : -0.3628573,
  "t_00" : -0.32435766,
  "t_23" : 2.0227973,
  "timestamp" : 235118819685,
  "t_11" : -0.035856158,
  "fx" : 709.47217,
  "height" : 768,
  "width" : 1024,
  "manual_keyframe" : false,
  "t_03" : 0.40965676,
  "t_22" : 0.69862163,
  "t_12" : 0.6166543,
  "center_depth" : 0.7301049,
  "blur_score" : 76.06949,
  "t_20" : 0.52568084,
  "t_21" : 0.4853737
}