{
  "t_20" : 0.6539141,
  "timestamp" : 235121152170,
  "fx" : 712.4104,
  "center_depth" : 1.1636773,
  "manual_keyframe" : false,
  "t_23" : 1.7665427,
  "cy" : 387.08322,
  "t_13" : -0.14670432,
  "blur_score" : 90.16025,
  "height" : 768,
  "t_10" : -0.68652505,
  "t_02" : -0.33296794,
  "t_00" : -0.3179306,
  "t_22" : 0.60096604,
  "t_01" : 0.88772327,
  "t_21" : 0.4596046,
  "angular_velocity" : 3.4028235e+38,
  "t_12" : 0.726617,
  "t_03" : 0.8521325,
  "fy" : 712.4104,
  "width" : 1024,
  "t_11" : 0.026666896,
  "cx" : 513.70154
}