{
  "t_21" : 0.7534502,
  "angular_velocity" : 3.4028235e+38,
  "t_03" : 0.66450334,
  "t_20" : 0.42417476,
  "fx" : 711.5289,
  "cy" : 387.03226,
  "t_12" : 0.6727089,
  "t_02" : -0.54320717,
  "t_01" : 0.6567066,
  "t_22" : 0.5023832,
  "t_00" : -0.52312773,
  "t_13" : -0.20421617,
  "center_depth" : 0.8929918,
  "cx" : 513.82074,
  "width" : 1024,
  "manual_keyframe" : false,
  "blur_score" : 80.4432,
  "t_23" : 5.4045196,
  "t_11" : -0.03239578,
  "timestamp" : 235191576479,
  "t_10" : -0.73919773,
  "height" : 768,
  "fy" : 711.5289
}