{
  "cy" : 387.01126,
  "blur_score" : 95.99562,
  "height" : 768,
  "t_10" : -0.9214538,
  "t_02" : 0.6851906,
  "fy" : 715.5757,
  "t_20" : 0.27238065,
  "t_03" : 1.7716858,
  "t_23" : 2.2795556,
  "fx" : 715.5757,
  "t_21" : -0.7388942,
  "width" : 1024,
  "manual_keyframe" : false,
  "t_00" : -0.27700475,
  "timestamp" : 235157555572,
  "t_13" : 0.08745727,
  "cx" : 514.66956,
  "t_12" : -0.38816196,
  "t_22" : -0.616315,
  "center_depth" : 1.044559,
  "t_01" : -0.6736336,
  "t_11" : -0.015910454,
  "angular_velocity" : 3.4028235e+38
}