{
  "cy" : 387.07935,
  "blur_score" : 79.93707,
  "height" : 768,
  "t_10" : -0.9735799,
  "t_02" : 0.6884973,
  "fy" : 714.1257,
  "t_20" : -0.12571391,
  "t_03" : 1.6967975,
  "t_23" : 1.370973,
  "fx" : 714.1257,
  "t_21" : -0.7129845,
  "width" : 1024,
  "manual_keyframe" : false,
  "t_00" : 0.19062608,
  "timestamp" : 235149325241,
  "t_13" : 0.057012096,
  "t_12" : 0.22388022,
  "cx" : 514.6789,
  "t_22" : -0.68981826,
  "center_depth" : 0.9224265,
  "t_01" : -0.6997379,
  "t_11" : -0.044943646,
  "angular_velocity" : 3.4028235e+38
}