{
  "cy" : 387.4284,
  "blur_score" : 73.84553,
  "height" : 768,
  "t_10" : -0.75695294,
  "t_02" : 0.39820877,
  "fy" : 718.7696,
  "t_20" : 0.52086323,
  "t_03" : 1.9159831,
  "t_23" : 1.2662274,
  "fx" : 718.7696,
  "t_21" : -0.5586199,
  "width" : 1024,
  "manual_keyframe" : false,
  "t_00" : 0.39461872,
  "timestamp" : 235168135045,
  "t_13" : -0.2251023,
  "t_12" : 0.6517549,
  "cx" : 513.4766,
  "t_22" : 0.6454809,
  "center_depth" : 0.66105914,
  "t_01" : 0.82807374,
  "t_11" : 0.04730652,
  "angular_velocity" : 3.4028235e+38
}