{
  "t_11" : 0.006712159,
  "fy" : 712.94714,
  "height" : 768,
  "t_01" : -0.9971349,
  "t_23" : 1.4930537,
  "t_10" : -0.9927137,
  "manual_keyframe" : false,
  "fx" : 712.94714,
  "t_21" : 0.075344704,
  "center_depth" : 1.3558263,
  "timestamp" : 235144277081,
  "t_22" : -0.98985344,
  "t_00" : 0.002420687,
  "t_20" : 0.12047301,
  "angular_velocity" : 3.4028235e+38,
  "t_13" : 0.040969413,
  "cy" : 387.2079,
  "width" : 1024,
  "blur_score" : 126.82297,
  "cx" : 514.655,
  "t_12" : -0.12031022,
  "t_02" : -0.07560438,
  "t_03" : 1.8154457
}