{
  "t_11" : -0.06444161,
  "fy" : 714.70856,
  "center_depth" : 0.6473165,
  "t_23" : 1.3044286,
  "timestamp" : 235134563953,
  "t_12" : -0.24416868,
  "t_02" : -0.89617693,
  "t_21" : 0.9283043,
  "angular_velocity" : 3.4028235e+38,
  "width" : 1024,
  "t_01" : -0.36619446,
  "height" : 768,
  "fx" : 714.70856,
  "t_20" : 0.03166214,
  "t_13" : 0.2168468,
  "t_03" : 2.3626773,
  "t_22" : -0.37047085,
  "blur_score" : 225.4233,
  "cy" : 387.0023,
  "t_00" : 0.25053662,
  "cx" : 514.5785,
  "manual_keyframe" : false,
  "t_10" : -0.9675892
}