{
  "t_22" : -0.16836374,
  "t_02" : 0.82026356,
  "t_10" : -0.8369433,
  "t_12" : 0.54664576,
  "t_03" : 1.597615,
  "cy" : 387.11575,
  "t_21" : -0.9825697,
  "angular_velocity" : 3.4028235e+38,
  "t_20" : -0.078807145,
  "center_depth" : 2.3079426,
  "timestamp" : 235163353458,
  "manual_keyframe" : false,
  "fx" : 714.4686,
  "height" : 768,
  "t_23" : 1.6294013,
  "t_11" : -0.02654083,
  "t_01" : -0.18399051,
  "t_00" : 0.54158604,
  "fy" : 714.4686,
  "cx" : 513.99396,
  "width" : 1024,
  "t_13" : -0.123251766,
  "blur_score" : 77.55311
}