{
  "fy" : 714.7482,
  "angular_velocity" : 3.4028235e+38,
  "t_10" : -0.8914988,
  "t_01" : -0.5023994,
  "t_13" : 0.12242794,
  "t_02" : 0.79708374,
  "cx" : 514.25104,
  "cy" : 387.0483,
  "t_00" : -0.33504143,
  "t_23" : 2.253066,
  "timestamp" : 235158288639,
  "t_11" : -0.104744814,
  "fx" : 714.7482,
  "height" : 768,
  "width" : 1024,
  "manual_keyframe" : false,
  "t_03" : 1.7497102,
  "t_22" : -0.4127945,
  "t_12" : -0.4407477,
  "center_depth" : 1.0949184,
  "blur_score" : 78.23146,
  "t_20" : 0.30492172,
  "t_21" : -0.8582678
}