{
  "fy" : 726.5884,
  "angular_velocity" : 3.4028235e+38,
  "t_10" : -0.9672505,
  "t_01" : -0.532219,
  "t_02" : 0.8076989,
  "cy" : 386.71597,
  "cx" : 514.6373,
  "t_13" : 0.04620482,
  "t_00" : 0.2537043,
  "t_23" : 2.0774567,
  "timestamp" : 235159938037,
  "t_11" : -0.13286452,
  "fx" : 726.5884,
  "height" : 768,
  "width" : 1024,
  "manual_keyframe" : false,
  "t_03" : 1.7718693,
  "t_22" : -0.5484974,
  "t_12" : 0.21627198,
  "center_depth" : 1.0726587,
  "blur_score" : 74.717804,
  "t_20" : -0.007789531,
  "t_21" : -0.83611614
}