{
  "t_20" : 0.08907454,
  "timestamp" : 235110839254,
  "fx" : 710.3107,
  "center_depth" : 2.8779566,
  "manual_keyframe" : false,
  "t_23" : 1.9404993,
  "t_13" : 0.033675916,
  "cy" : 387.383,
  "blur_score" : 151.65263,
  "height" : 768,
  "t_10" : -0.9755961,
  "t_02" : -0.9374319,
  "t_00" : -0.2006942,
  "t_22" : 0.27175027,
  "t_01" : 0.28450596,
  "t_21" : 0.95823675,
  "angular_velocity" : 3.4028235e+38,
  "t_12" : 0.21765476,
  "fy" : 710.3107,
  "t_03" : 0.2529932,
  "width" : 1024,
  "t_11" : 0.028962601,
  "cx" : 514.3909
}