{
  "fy" : 714.186,
  "angular_velocity" : 3.4028235e+38,
  "t_10" : -0.78131706,
  "t_01" : -0.005885962,
  "cy" : 386.8881,
  "t_02" : -0.781846,
  "cx" : 513.6849,
  "t_13" : -0.18845594,
  "t_00" : -0.62344384,
  "t_23" : 5.501507,
  "timestamp" : 235192542793,
  "t_11" : -0.032846343,
  "fx" : 714.186,
  "height" : 768,
  "width" : 1024,
  "manual_keyframe" : false,
  "t_03" : 0.63157046,
  "t_22" : 0.015879039,
  "t_12" : 0.6232694,
  "center_depth" : 1.4069942,
  "blur_score" : 93.34591,
  "t_20" : -0.029349335,
  "t_21" : 0.99944305
}