{
  "blur_score" : 91.752464,
  "t_21" : 0.32125714,
  "center_depth" : 1.2268327,
  "height" : 768,
  "t_10" : -0.7040356,
  "t_00" : -0.22134846,
  "t_03" : 2.4459987,
  "t_12" : 0.7100916,
  "cy" : 387.08405,
  "t_22" : -0.6644208,
  "angular_velocity" : 3.4028235e+38,
  "width" : 1024,
  "fx" : 713.5793,
  "t_01" : -0.94693714,
  "t_02" : -0.23305573,
  "fy" : 713.5793,
  "t_13" : -0.07042868,
  "timestamp" : 235138979011,
  "t_20" : -0.6747881,
  "t_23" : 1.4740839,
  "t_11" : -0.010194696,
  "manual_keyframe" : false,
  "cx" : 513.8549
}