{
  "t_22" : -0.46824467,
  "t_03" : 1.7493688,
  "t_10" : -0.7909185,
  "fy" : 722.8815,
  "t_13" : -0.14493206,
  "t_00" : 0.54095745,
  "cy" : 386.89746,
  "cx" : 513.94763,
  "t_01" : -0.5442257,
  "t_21" : -0.8360228,
  "timestamp" : 235162237198,
  "width" : 1024,
  "manual_keyframe" : false,
  "t_12" : 0.6079173,
  "t_23" : 1.5653675,
  "t_02" : 0.64123595,
  "angular_velocity" : 3.4028235e+38,
  "blur_score" : 68.730064,
  "center_depth" : 0.8118755,
  "t_11" : -0.06988805,
  "height" : 768,
  "t_20" : -0.2860295,
  "fx" : 722.8815
}