{
  "t_22" : -0.8047501,
  "t_03" : 0.6835564,
  "t_10" : -0.875168,
  "fy" : 716.74457,
  "t_00" : -0.14129592,
  "t_13" : -0.13179404,
  "t_01" : -0.9271125,
  "cx" : 514.10077,
  "cy" : 386.77316,
  "t_21" : 0.37183458,
  "timestamp" : 235196774579,
  "width" : 1024,
  "manual_keyframe" : false,
  "t_12" : 0.48153883,
  "t_23" : 5.848136,
  "t_02" : -0.34712777,
  "angular_velocity" : 3.4028235e+38,
  "blur_score" : 46.45049,
  "center_depth" : 1.160458,
  "t_11" : -0.046917517,
  "height" : 768,
  "t_20" : -0.4627271,
  "fx" : 716.74457
}