{
  "t_20" : -0.35528713,
  "timestamp" : 235114171376,
  "fx" : 712.69147,
  "center_depth" : 1.2749891,
  "manual_keyframe" : false,
  "t_23" : 2.0814118,
  "t_13" : 0.2829896,
  "cy" : 386.63086,
  "blur_score" : 36.78756,
  "height" : 768,
  "t_10" : -0.92610204,
  "t_02" : 0.03619059,
  "t_00" : -0.12690982,
  "t_22" : 0.9313712,
  "t_01" : 0.9912539,
  "t_21" : -0.079491526,
  "angular_velocity" : 3.4028235e+38,
  "t_12" : -0.36226797,
  "t_03" : 0.13571543,
  "fy" : 712.69147,
  "width" : 1024,
  "t_11" : -0.105342075,
  "cx" : 514.2715
}