{
  "t_11" : -0.0676583,
  "fy" : 717.38464,
  "center_depth" : 1.3031564,
  "t_23" : 1.8383474,
  "timestamp" : 235151524439,
  "t_12" : 0.68945575,
  "t_02" : 0.0016318709,
  "t_21" : -0.06664391,
  "angular_velocity" : 3.4028235e+38,
  "width" : 1024,
  "t_01" : -0.99548036,
  "height" : 768,
  "fx" : 717.38464,
  "t_20" : -0.6862292,
  "t_13" : -0.15911308,
  "t_03" : 1.8294512,
  "t_22" : -0.72432613,
  "blur_score" : 63.594147,
  "cy" : 386.96237,
  "cx" : 513.62225,
  "t_00" : 0.09495469,
  "manual_keyframe" : false,
  "t_10" : -0.72116095
}