{
  "cy" : 386.62085,
  "blur_score" : 32.211876,
  "height" : 768,
  "t_10" : -0.9018553,
  "t_02" : -0.101423666,
  "fy" : 715.0786,
  "t_20" : -0.4254659,
  "t_03" : 0.16090468,
  "t_23" : 2.0897608,
  "fx" : 715.0786,
  "t_21" : 0.060122665,
  "width" : 1024,
  "manual_keyframe" : false,
  "t_00" : -0.07507293,
  "timestamp" : 235113904806,
  "t_13" : 0.29411963,
  "t_12" : -0.41755146,
  "cx" : 514.4073,
  "t_22" : 0.9029752,
  "center_depth" : 1.3548328,
  "t_01" : 0.99200684,
  "t_11" : -0.110941276,
  "angular_velocity" : 3.4028235e+38
}