{
  "t_02" : 0.84859914,
  "t_12" : 0.11686971,
  "t_20" : 0.05850107,
  "t_23" : 2.1214566,
  "t_10" : -0.9835289,
  "timestamp" : 235159738110,
  "t_22" : -0.5159664,
  "fy" : 724.3125,
  "t_11" : -0.13788563,
  "t_21" : -0.854609,
  "fx" : 724.3125,
  "angular_velocity" : 3.4028235e+38,
  "t_13" : 0.06683841,
  "t_03" : 1.7598588,
  "blur_score" : 66.94002,
  "center_depth" : 1.0509117,
  "width" : 1024,
  "cy" : 386.77432,
  "height" : 768,
  "cx" : 514.54626,
  "t_00" : 0.17102224,
  "manual_keyframe" : false,
  "t_01" : -0.50063074
}