{
  "blur_score" : 98.89681,
  "t_21" : 0.6237599,
  "center_depth" : 1.1858816,
  "height" : 768,
  "t_10" : -0.9604684,
  "t_03" : 2.3130975,
  "t_00" : 0.1404162,
  "t_12" : -0.27520102,
  "cy" : 387.28128,
  "t_22" : -0.7437338,
  "angular_velocity" : 3.4028235e+38,
  "width" : 1024,
  "fx" : 713.8445,
  "t_01" : -0.7804862,
  "t_02" : -0.6091999,
  "fy" : 713.8445,
  "t_13" : 0.12281825,
  "timestamp" : 235133081160,
  "t_20" : 0.24038225,
  "t_23" : 1.3554726,
  "t_11" : 0.04200854,
  "manual_keyframe" : false,
  "cx" : 514.6906
}