{
  "t_10" : -0.97829896,
  "cy" : 386.99057,
  "t_11" : -0.011532176,
  "manual_keyframe" : false,
  "t_02" : -0.6308044,
  "t_13" : 0.21547045,
  "t_12" : -0.20687735,
  "t_03" : 1.1037928,
  "timestamp" : 235125567229,
  "angular_velocity" : 3.4028235e+38,
  "t_01" : 0.7659106,
  "t_00" : 0.124365404,
  "blur_score" : 190.8743,
  "fx" : 712.40564,
  "fy" : 712.40564,
  "t_20" : -0.16572411,
  "center_depth" : 1.3642333,
  "t_21" : 0.6428437,
  "height" : 768,
  "cx" : 514.54095,
  "t_22" : 0.74785537,
  "t_23" : 1.6797247,
  "width" : 1024
}