{
  "height" : 768,
  "t_13" : -0.0083331065,
  "t_12" : 0.010921876,
  "t_10" : -0.9998384,
  "blur_score" : 117.173225,
  "fx" : 712.95667,
  "t_02" : -0.10188235,
  "t_01" : -0.9946786,
  "t_11" : 0.014279556,
  "t_00" : -0.01531879,
  "cy" : 387.26935,
  "t_03" : 1.8219024,
  "t_20" : -0.009408921,
  "t_21" : 0.10203317,
  "t_22" : -0.9947366,
  "center_depth" : 1.355055,
  "timestamp" : 235144027172,
  "fy" : 712.95667,
  "width" : 1024,
  "cx" : 514.599,
  "angular_velocity" : 3.4028235e+38,
  "manual_keyframe" : false,
  "t_23" : 1.4822916
}