{
  "t_20" : -0.21066387,
  "timestamp" : 235155389696,
  "fx" : 714.4417,
  "center_depth" : 1.1994749,
  "manual_keyframe" : false,
  "t_23" : 2.3381371,
  "cy" : 386.25082,
  "t_13" : -0.24224849,
  "blur_score" : 55.358807,
  "height" : 768,
  "t_10" : -0.47764936,
  "t_02" : 0.39550215,
  "t_00" : 0.85291976,
  "t_22" : -0.3364514,
  "t_01" : -0.34074375,
  "t_21" : -0.9178352,
  "angular_velocity" : 3.4028235e+38,
  "t_12" : 0.85462195,
  "fy" : 714.4417,
  "t_03" : 1.7867196,
  "width" : 1024,
  "t_11" : -0.20364802,
  "cx" : 511.78363
}