{
  "cy" : 387.3408,
  "blur_score" : 75.96601,
  "height" : 768,
  "t_10" : -0.78628564,
  "t_02" : 0.4929779,
  "fy" : 718.8363,
  "t_20" : 0.4504902,
  "t_03" : 1.8990947,
  "t_23" : 1.2792166,
  "fx" : 718.8363,
  "t_21" : -0.6484135,
  "width" : 1024,
  "manual_keyframe" : false,
  "t_00" : 0.42286366,
  "timestamp" : 235168251670,
  "t_13" : -0.20938239,
  "t_12" : 0.61672866,
  "cx" : 513.56134,
  "t_22" : 0.6136927,
  "center_depth" : 0.69173694,
  "t_01" : 0.7603679,
  "t_11" : 0.037426647,
  "angular_velocity" : 3.4028235e+38
}