{
  "t_02" : 0.12754805,
  "t_12" : 0.06458278,
  "t_20" : -0.060679507,
  "t_23" : 2.2255392,
  "t_10" : -0.99756926,
  "timestamp" : 235173849625,
  "t_22" : -0.9897276,
  "fy" : 710.6173,
  "t_11" : -0.026167162,
  "t_21" : -0.12945053,
  "fx" : 710.6173,
  "angular_velocity" : 3.4028235e+38,
  "t_13" : 0.011940188,
  "t_03" : 0.35224703,
  "blur_score" : 74.62085,
  "center_depth" : 3.378986,
  "width" : 1024,
  "cy" : 387.07812,
  "height" : 768,
  "cx" : 514.6918,
  "t_00" : 0.034258638,
  "manual_keyframe" : false,
  "t_01" : -0.9912407
}