{
  "fy" : 728.74036,
  "angular_velocity" : 3.4028235e+38,
  "t_10" : -0.95349973,
  "t_01" : -0.5749823,
  "t_13" : 0.035754927,
  "cy" : 386.61896,
  "cx" : 514.63055,
  "t_02" : 0.7622826,
  "t_00" : 0.2971882,
  "t_23" : 2.0500615,
  "timestamp" : 235160054661,
  "t_11" : -0.13676336,
  "fx" : 728.74036,
  "height" : 768,
  "width" : 1024,
  "manual_keyframe" : false,
  "t_03" : 1.7825589,
  "t_22" : -0.58888996,
  "t_12" : 0.268578,
  "center_depth" : 1.0475502,
  "blur_score" : 76.621086,
  "t_20" : -0.050175253,
  "t_21" : -0.80665433
}