{
  "cy" : 387.28326,
  "blur_score" : 64.78906,
  "height" : 768,
  "t_10" : -0.81984353,
  "t_02" : 0.6317358,
  "fy" : 719.173,
  "t_20" : 0.32208535,
  "t_03" : 1.8586222,
  "t_23" : 1.311515,
  "fx" : 719.173,
  "t_21" : -0.78816205,
  "width" : 1024,
  "manual_keyframe" : false,
  "t_00" : 0.47341076,
  "timestamp" : 235168518239,
  "t_13" : -0.19108573,
  "t_12" : 0.5708313,
  "cx" : 513.71094,
  "t_22" : 0.5244633,
  "center_depth" : 0.83185524,
  "t_01" : 0.6138342,
  "t_11" : 0.0448137,
  "angular_velocity" : 3.4028235e+38
}