{
  "blur_score" : 74.876564,
  "t_21" : -0.24537487,
  "center_depth" : 1.1106049,
  "height" : 768,
  "t_10" : -0.7558079,
  "t_03" : 1.7378604,
  "t_00" : 0.23079614,
  "t_12" : 0.64777035,
  "cy" : 386.87567,
  "t_22" : -0.7512014,
  "angular_velocity" : 3.4028235e+38,
  "width" : 1024,
  "fx" : 717.931,
  "t_01" : -0.96469843,
  "fy" : 717.931,
  "t_02" : 0.12684707,
  "t_13" : -0.14389539,
  "timestamp" : 235150658089,
  "t_20" : -0.6127706,
  "t_23" : 1.5968623,
  "t_11" : -0.095646225,
  "manual_keyframe" : false,
  "cx" : 514.0519
}