{
  "t_20" : -0.0793706,
  "timestamp" : 235173116560,
  "fx" : 710.59827,
  "center_depth" : 1.328693,
  "manual_keyframe" : false,
  "t_23" : 2.0706234,
  "cy" : 387.00195,
  "t_13" : 0.0055805594,
  "blur_score" : 62.416336,
  "height" : 768,
  "t_10" : -0.99501896,
  "t_02" : 0.47048745,
  "t_00" : 0.060313534,
  "t_22" : -0.8768958,
  "t_01" : -0.88034314,
  "t_21" : -0.4740827,
  "angular_velocity" : 3.4028235e+38,
  "t_12" : 0.098466955,
  "t_03" : 0.52504945,
  "fy" : 710.59827,
  "width" : 1024,
  "t_11" : -0.015545805,
  "cx" : 514.65375
}