{
  "fy" : 711.81476,
  "angular_velocity" : 3.4028235e+38,
  "t_10" : -0.8029176,
  "t_01" : -0.46707985,
  "t_02" : -0.6975053,
  "cy" : 387.57312,
  "cx" : 513.8485,
  "t_13" : -0.044976383,
  "t_00" : -0.54343635,
  "t_23" : 1.6900764,
  "timestamp" : 235109023247,
  "t_11" : 0.046757944,
  "fx" : 711.81476,
  "height" : 768,
  "width" : 1024,
  "manual_keyframe" : false,
  "t_03" : 0.36666322,
  "t_22" : -0.4004366,
  "t_12" : 0.5942534,
  "center_depth" : 0.8658381,
  "blur_score" : 104.4452,
  "t_20" : -0.24494989,
  "t_21" : 0.8829781
}