{
  "t_22" : -0.45870042,
  "t_03" : 0.748452,
  "t_10" : -0.82590336,
  "fy" : 715.671,
  "t_00" : -0.39373118,
  "cy" : 386.71204,
  "t_01" : -0.6028053,
  "cx" : 514.0243,
  "t_13" : -0.1685066,
  "t_21" : 0.7916656,
  "timestamp" : 235195924890,
  "width" : 1024,
  "manual_keyframe" : false,
  "t_12" : 0.55497074,
  "t_23" : 5.792309,
  "t_02" : -0.69397527,
  "angular_velocity" : 3.4028235e+38,
  "blur_score" : 31.612753,
  "center_depth" : 0.4210318,
  "t_11" : -0.099455096,
  "height" : 768,
  "t_20" : -0.40355873,
  "fx" : 715.671
}