{
  "t_20" : -0.36780235,
  "timestamp" : 235197007827,
  "fx" : 715.88696,
  "center_depth" : 1.4837241,
  "manual_keyframe" : false,
  "t_23" : 5.8616533,
  "cy" : 386.89404,
  "t_13" : -0.09799533,
  "blur_score" : 61.756565,
  "height" : 768,
  "t_10" : -0.9229855,
  "t_02" : -0.30881897,
  "t_00" : -0.113221765,
  "t_22" : -0.86992,
  "t_01" : -0.9443577,
  "t_21" : 0.32857355,
  "angular_velocity" : 3.4028235e+38,
  "t_12" : 0.38453865,
  "fy" : 715.88696,
  "t_03" : 0.6756212,
  "width" : 1024,
  "t_11" : -0.015090442,
  "cx" : 514.27673
}