{
  "height" : 768,
  "t_13" : 0.31367978,
  "t_12" : -0.6021076,
  "t_10" : -0.79830563,
  "blur_score" : 157.0301,
  "t_02" : 0.4812214,
  "fx" : 712.9869,
  "t_01" : -0.7918359,
  "t_11" : 0.013215672,
  "t_00" : -0.37606117,
  "cy" : 387.15662,
  "t_03" : 1.7680687,
  "t_20" : 0.47041076,
  "t_21" : -0.610591,
  "t_22" : -0.6370969,
  "center_depth" : 1.4039903,
  "timestamp" : 235146859473,
  "fy" : 712.9869,
  "width" : 1024,
  "cx" : 513.97076,
  "angular_velocity" : 3.4028235e+38,
  "manual_keyframe" : false,
  "t_23" : 1.3551537
}