{
  "height" : 768,
  "t_13" : 0.30970305,
  "t_12" : -0.6217602,
  "t_10" : -0.7831959,
  "blur_score" : 146.15326,
  "t_02" : 0.38837242,
  "fx" : 712.9933,
  "t_01" : -0.8666848,
  "t_11" : 0.00430967,
  "t_00" : -0.31308848,
  "cy" : 387.1535,
  "t_03" : 1.7815255,
  "t_20" : 0.53719634,
  "t_21" : -0.49883756,
  "t_22" : -0.6801333,
  "center_depth" : 1.3644344,
  "timestamp" : 235146609564,
  "fy" : 712.9933,
  "width" : 1024,
  "cx" : 513.8347,
  "angular_velocity" : 3.4028235e+38,
  "manual_keyframe" : false,
  "t_23" : 1.3755939
}