{
  "height" : 768,
  "t_13" : 0.120859236,
  "t_12" : 0.071307965,
  "t_10" : -0.9969137,
  "blur_score" : 91.05351,
  "t_02" : 0.7708288,
  "fx" : 712.3992,
  "t_01" : -0.6324963,
  "t_11" : -0.032839775,
  "t_00" : 0.07597174,
  "cy" : 387.05573,
  "t_03" : 1.7193414,
  "t_20" : -0.019788178,
  "t_21" : -0.773867,
  "t_22" : -0.633039,
  "center_depth" : 1.5488456,
  "timestamp" : 235148875405,
  "fy" : 712.3992,
  "width" : 1024,
  "cx" : 514.6938,
  "angular_velocity" : 3.4028235e+38,
  "manual_keyframe" : false,
  "t_23" : 1.335283
}