{
  "fy" : 707.35504,
  "angular_velocity" : 3.4028235e+38,
  "t_10" : -0.9087004,
  "t_01" : -0.982425,
  "cy" : 387.15527,
  "t_02" : -0.18028738,
  "cx" : 514.3537,
  "t_13" : -0.03572008,
  "t_00" : -0.048350442,
  "t_23" : 1.3412049,
  "timestamp" : 235101542634,
  "t_11" : -0.031664398,
  "fx" : 707.35504,
  "height" : 768,
  "width" : 1024,
  "manual_keyframe" : false,
  "t_03" : 0.14242254,
  "t_22" : -0.8911991,
  "t_12" : 0.41624635,
  "center_depth" : 3.0166721,
  "blur_score" : 81.81805,
  "t_20" : -0.41463947,
  "t_21" : 0.1839529
}