{
  "cy" : 387.1519,
  "blur_score" : 108.51966,
  "height" : 768,
  "t_10" : -0.81186485,
  "t_02" : -0.5887412,
  "fy" : 710.5934,
  "t_20" : 0.38530043,
  "t_03" : 0.49608582,
  "t_23" : 1.9739487,
  "fx" : 710.5934,
  "t_21" : 0.73395693,
  "width" : 1024,
  "manual_keyframe" : false,
  "t_00" : -0.4386562,
  "timestamp" : 235119369485,
  "t_13" : -0.111366674,
  "t_12" : 0.583552,
  "cx" : 513.9918,
  "t_22" : 0.55933094,
  "center_depth" : 1.8854208,
  "t_01" : 0.6789439,
  "t_11" : -0.018511746,
  "angular_velocity" : 3.4028235e+38
}