{
  "t_20" : 0.18390487,
  "timestamp" : 235198340674,
  "fx" : 712.97253,
  "center_depth" : 1.8610824,
  "manual_keyframe" : false,
  "t_23" : 6.0424604,
  "cy" : 387.1221,
  "t_13" : 0.1305908,
  "blur_score" : 107.56839,
  "height" : 768,
  "t_10" : -0.97906595,
  "t_02" : -0.31088287,
  "t_00" : 0.087229215,
  "t_22" : -0.92870355,
  "t_01" : -0.946437,
  "t_21" : 0.32200754,
  "angular_velocity" : 3.4028235e+38,
  "t_12" : -0.20214285,
  "t_03" : 0.6795141,
  "fy" : 712.97253,
  "width" : 1024,
  "t_11" : -0.023837194,
  "cx" : 514.73346
}