{
  "t_20" : -0.31899443,
  "timestamp" : 235105507859,
  "fx" : 708.8639,
  "center_depth" : 2.3527625,
  "manual_keyframe" : false,
  "t_23" : 1.5913373,
  "cy" : 387.13678,
  "t_13" : 0.08948399,
  "blur_score" : 130.56395,
  "height" : 768,
  "t_10" : -0.94772273,
  "t_02" : -0.0015872566,
  "t_00" : 0.008019268,
  "t_22" : -0.94775623,
  "t_01" : -0.9999666,
  "t_21" : -0.0010538213,
  "angular_velocity" : 3.4028235e+38,
  "t_12" : 0.3189922,
  "t_03" : -0.054627366,
  "fy" : 708.8639,
  "width" : 1024,
  "t_11" : -0.008106633,
  "cx" : 514.6027
}