{
  "t_22" : -0.29192886,
  "t_03" : 0.77225244,
  "t_10" : -0.8171646,
  "fy" : 714.4083,
  "t_13" : -0.17014495,
  "t_00" : -0.47735104,
  "t_01" : -0.42136824,
  "cx" : 514.0112,
  "cy" : 386.65222,
  "t_21" : 0.9002219,
  "timestamp" : 235195741624,
  "width" : 1024,
  "manual_keyframe" : false,
  "t_12" : 0.56585574,
  "t_23" : 5.7735443,
  "t_02" : -0.77109325,
  "angular_velocity" : 3.4028235e+38,
  "blur_score" : 44.372463,
  "center_depth" : 0.64658475,
  "t_11" : -0.1097691,
  "height" : 768,
  "t_20" : -0.3230759,
  "fx" : 714.4083
}