{
  "t_23" : 6.235718,
  "angular_velocity" : 3.4028235e+38,
  "fx" : 712.6645,
  "t_22" : -0.9330047,
  "blur_score" : 114.874,
  "center_depth" : 1.4716016,
  "t_20" : 0.35388765,
  "t_12" : -0.3544711,
  "cy" : 387.01102,
  "width" : 1024,
  "height" : 768,
  "timestamp" : 235199640198,
  "t_10" : -0.93506277,
  "t_02" : -0.06207189,
  "t_13" : 0.23707774,
  "t_21" : 0.06531623,
  "manual_keyframe" : false,
  "t_01" : -0.9978607,
  "t_00" : 0.020523917,
  "fy" : 712.6645,
  "t_11" : 0.002817563,
  "t_03" : 0.7214906,
  "cx" : 514.4665
}