{
  "height" : 768,
  "t_13" : -0.08778894,
  "t_12" : 0.45542064,
  "t_10" : -0.8883776,
  "blur_score" : 84.67377,
  "fx" : 712.0593,
  "t_02" : -0.85218704,
  "t_01" : -0.26030087,
  "t_11" : 0.05811277,
  "t_00" : -0.45389515,
  "cy" : 387.53156,
  "t_03" : 0.37174234,
  "t_20" : -0.06902347,
  "t_21" : 0.96377707,
  "t_22" : -0.25762263,
  "center_depth" : 1.3049625,
  "timestamp" : 235185395404,
  "fy" : 712.0593,
  "width" : 1024,
  "cx" : 514.1511,
  "angular_velocity" : 3.4028235e+38,
  "manual_keyframe" : false,
  "t_23" : 4.9769855
}