{
  "blur_score" : 104.898254,
  "t_21" : 0.11569102,
  "center_depth" : 1.3785206,
  "height" : 768,
  "t_10" : -0.9881409,
  "t_03" : 1.8293612,
  "t_00" : -0.032430235,
  "t_12" : 0.15281327,
  "cy" : 387.37265,
  "t_22" : -0.98188084,
  "angular_velocity" : 3.4028235e+38,
  "width" : 1024,
  "fx" : 713.27594,
  "t_01" : -0.99317163,
  "t_02" : -0.11206426,
  "fy" : 713.27594,
  "t_13" : -0.06065339,
  "timestamp" : 235143777263,
  "t_20" : -0.15008624,
  "t_23" : 1.4703083,
  "t_11" : 0.015023318,
  "manual_keyframe" : false,
  "cx" : 514.45105
}