{
  "t_11" : -0.05622287,
  "fy" : 714.9944,
  "center_depth" : 1.8347179,
  "t_23" : 1.6446811,
  "timestamp" : 235124351005,
  "t_12" : 0.0795292,
  "t_02" : -0.3178271,
  "t_21" : 0.32258093,
  "angular_velocity" : 3.4028235e+38,
  "width" : 1024,
  "t_01" : 0.94487077,
  "height" : 768,
  "fx" : 714.9944,
  "t_20" : 0.057275657,
  "t_13" : 0.058095865,
  "t_03" : 1.0713433,
  "t_22" : 0.9448076,
  "blur_score" : 112.36993,
  "cy" : 387.02667,
  "cx" : 514.53784,
  "t_00" : -0.07877441,
  "manual_keyframe" : false,
  "t_10" : -0.99524575
}