{
  "t_20" : 0.62451017,
  "timestamp" : 235167118750,
  "fx" : 721.74426,
  "center_depth" : 0.94834346,
  "manual_keyframe" : false,
  "t_23" : 1.2828419,
  "t_13" : -0.2551348,
  "cy" : 387.37384,
  "blur_score" : 70.83222,
  "height" : 768,
  "t_10" : -0.675851,
  "t_02" : 0.28779948,
  "t_00" : 0.39142394,
  "t_22" : 0.61452717,
  "t_01" : 0.87404746,
  "t_21" : -0.48202047,
  "angular_velocity" : 3.4028235e+38,
  "t_12" : 0.73452574,
  "t_03" : 1.88697,
  "fy" : 721.74426,
  "width" : 1024,
  "t_11" : 0.06080689,
  "cx" : 513.43646
}