{
  "fy" : 712.9948,
  "angular_velocity" : 3.4028235e+38,
  "t_10" : -0.85930467,
  "t_01" : 0.33428654,
  "cy" : 387.00406,
  "t_02" : -0.80060446,
  "cx" : 514.01373,
  "t_13" : -0.1337727,
  "t_00" : -0.49727774,
  "t_23" : 5.724026,
  "timestamp" : 235194442099,
  "t_11" : -0.06253606,
  "fx" : 712.9948,
  "height" : 768,
  "width" : 1024,
  "manual_keyframe" : false,
  "t_03" : 0.8766823,
  "t_22" : 0.31835178,
  "t_12" : 0.50762653,
  "center_depth" : 1.1535246,
  "blur_score" : 125.79904,
  "t_20" : 0.11962605,
  "t_21" : 0.9403944
}