{
  "fy" : 710.892,
  "angular_velocity" : 3.4028235e+38,
  "t_10" : -0.95856184,
  "t_01" : 0.83112895,
  "t_02" : 0.54109704,
  "t_13" : 0.07571342,
  "cy" : 387.11203,
  "cx" : 514.6307,
  "t_00" : 0.12821305,
  "t_23" : 2.2352877,
  "timestamp" : 235116320594,
  "t_11" : -0.036103953,
  "fx" : 710.892,
  "height" : 768,
  "width" : 1024,
  "manual_keyframe" : false,
  "t_03" : 0.1814231,
  "t_22" : 0.7920596,
  "t_12" : 0.28258735,
  "center_depth" : 1.4379725,
  "blur_score" : 101.43266,
  "t_20" : 0.2544023,
  "t_21" : -0.55490637
}