{
  "fy" : 713.8636,
  "angular_velocity" : 3.4028235e+38,
  "t_10" : -0.7239912,
  "t_01" : -0.4666588,
  "t_13" : -0.19739194,
  "t_02" : 0.5831188,
  "cy" : 386.428,
  "cx" : 512.8649,
  "t_00" : 0.66498286,
  "t_23" : 2.327979,
  "timestamp" : 235156022798,
  "t_11" : -0.211056,
  "fx" : 713.8636,
  "height" : 768,
  "width" : 1024,
  "manual_keyframe" : false,
  "t_03" : 1.7889985,
  "t_22" : -0.4782055,
  "t_12" : 0.6567283,
  "center_depth" : 1.1343936,
  "blur_score" : 59.437138,
  "t_20" : -0.18339735,
  "t_21" : -0.858886
}