{
  "t_22" : 0.09779471,
  "t_03" : 0.6538809,
  "t_10" : -0.73467743,
  "fy" : 713.8255,
  "t_00" : -0.6780804,
  "t_13" : -0.21208835,
  "t_01" : 0.08629846,
  "cy" : 386.94766,
  "cx" : 513.60614,
  "t_21" : 0.9949774,
  "timestamp" : 235192159599,
  "width" : 1024,
  "manual_keyframe" : false,
  "t_12" : 0.6765179,
  "t_23" : 5.4691663,
  "t_02" : -0.729904,
  "angular_velocity" : 3.4028235e+38,
  "blur_score" : 92.504906,
  "center_depth" : 0.7986244,
  "t_11" : -0.050721426,
  "height" : 768,
  "t_20" : 0.021360677,
  "fx" : 713.8255
}