{
  "height" : 768,
  "t_13" : -0.008940693,
  "t_12" : 0.4826083,
  "t_10" : -0.8750284,
  "blur_score" : 108.64003,
  "fx" : 710.33453,
  "t_02" : 0.53985023,
  "t_01" : 0.799496,
  "t_11" : -0.03761435,
  "t_00" : 0.26337847,
  "cy" : 386.98068,
  "t_03" : 0.23346585,
  "t_20" : 0.40614948,
  "t_21" : -0.59949267,
  "t_22" : 0.68967485,
  "center_depth" : 1.5307465,
  "timestamp" : 235116887055,
  "fy" : 710.33453,
  "width" : 1024,
  "cx" : 514.4277,
  "angular_velocity" : 3.4028235e+38,
  "manual_keyframe" : false,
  "t_23" : 2.2088916
}