{
  "height" : 768,
  "t_13" : 0.13924842,
  "t_12" : -0.028424248,
  "t_10" : -0.9977369,
  "blur_score" : 77.11091,
  "fx" : 708.8972,
  "t_02" : -0.8459442,
  "t_01" : 0.53320456,
  "t_11" : -0.060937118,
  "t_00" : -0.008465789,
  "cy" : 386.74988,
  "t_03" : 0.68338895,
  "t_20" : -0.06670533,
  "t_21" : 0.8437889,
  "t_22" : 0.53251374,
  "center_depth" : 3.0114803,
  "timestamp" : 235188111078,
  "fy" : 708.8972,
  "width" : 1024,
  "cx" : 514.6392,
  "angular_velocity" : 3.4028235e+38,
  "manual_keyframe" : false,
  "t_23" : 5.3340564
}