{
  "center_depth" : 1.0126011,
  "t_22" : -0.6215225,
  "t_21" : 0.46318206,
  "t_23" : 1.3575858,
  "angular_velocity" : 3.4028235e+38,
  "t_02" : -0.32084307,
  "t_00" : -0.33409852,
  "t_20" : -0.63180095,
  "cx" : 513.4409,
  "t_13" : -0.27687463,
  "t_12" : 0.71468157,
  "cy" : 387.2545,
  "blur_score" : 77.773506,
  "fy" : 712.89954,
  "t_11" : 0.0049407547,
  "height" : 768,
  "timestamp" : 235141494761,
  "t_03" : 2.0631692,
  "manual_keyframe" : false,
  "t_01" : -0.8862494,
  "t_10" : -0.6994326,
  "fx" : 712.89954,
  "width" : 1024
}