{
  "fy" : 708.84485,
  "angular_velocity" : 3.4028235e+38,
  "t_10" : -0.99239635,
  "t_01" : -0.9965272,
  "t_02" : 0.08306863,
  "cy" : 387.10962,
  "t_13" : 0.06579787,
  "cx" : 514.7101,
  "t_00" : -0.005760686,
  "t_23" : 3.676413,
  "timestamp" : 235179430917,
  "t_11" : -0.0045162356,
  "fx" : 708.84485,
  "height" : 768,
  "width" : 1024,
  "manual_keyframe" : false,
  "t_03" : 0.3229467,
  "t_22" : -0.988924,
  "t_12" : -0.12299993,
  "center_depth" : 2.509907,
  "blur_score" : 93.0947,
  "t_20" : 0.12294794,
  "t_21" : -0.08314559
}