{
  "blur_score" : 53.84032,
  "t_21" : 0.9854187,
  "center_depth" : 1.6637901,
  "height" : 768,
  "t_10" : -0.8476078,
  "cy" : 386.97934,
  "t_03" : 1.5429325,
  "t_12" : 0.50944334,
  "t_00" : -0.5026208,
  "t_22" : 0.004081887,
  "angular_velocity" : 3.4028235e+38,
  "width" : 1024,
  "fx" : 713.5682,
  "t_01" : -0.08319575,
  "fy" : 713.5682,
  "t_02" : -0.8604947,
  "t_13" : -0.004027616,
  "timestamp" : 235128116302,
  "t_20" : -0.17009863,
  "t_23" : 1.5464885,
  "t_11" : -0.14842056,
  "manual_keyframe" : false,
  "cx" : 514.4551
}