{
  "blur_score" : 89.02549,
  "t_21" : -0.40892455,
  "center_depth" : 0.68207353,
  "height" : 768,
  "t_10" : -0.8481446,
  "t_00" : 0.25589556,
  "t_03" : 1.6818857,
  "t_12" : 0.5272799,
  "cy" : 386.9083,
  "t_22" : -0.7858834,
  "angular_velocity" : 3.4028235e+38,
  "width" : 1024,
  "fx" : 717.6674,
  "t_01" : -0.9111279,
  "t_02" : 0.3230534,
  "fy" : 717.6674,
  "t_13" : -0.0848839,
  "timestamp" : 235150191592,
  "t_20" : -0.46386245,
  "t_23" : 1.5189108,
  "t_11" : -0.051251717,
  "manual_keyframe" : false,
  "cx" : 514.3442
}