{
  "t_10" : -0.98188,
  "cy" : 386.71112,
  "t_11" : -0.11252137,
  "manual_keyframe" : false,
  "t_02" : 0.916782,
  "t_13" : 0.09976514,
  "t_12" : -0.1524818,
  "t_03" : 1.7595828,
  "timestamp" : 235159404898,
  "angular_velocity" : 3.4028235e+38,
  "t_01" : -0.3871775,
  "t_00" : -0.09800263,
  "blur_score" : 72.63663,
  "fx" : 722.78937,
  "fy" : 722.78937,
  "t_20" : 0.1621951,
  "center_depth" : 0.98481834,
  "t_21" : -0.9151135,
  "height" : 768,
  "cx" : 514.28925,
  "t_22" : -0.36913443,
  "t_23" : 2.1897388,
  "width" : 1024
}