{
  "t_20" : -0.20128235,
  "timestamp" : 235112571957,
  "fx" : 709.12915,
  "center_depth" : 2.079135,
  "manual_keyframe" : false,
  "t_23" : 2.1012754,
  "cy" : 387.0083,
  "t_13" : 0.20391329,
  "blur_score" : 125.210526,
  "height" : 768,
  "t_10" : -0.97502357,
  "t_02" : -0.7079532,
  "t_00" : 0.09388574,
  "t_22" : 0.67508,
  "t_01" : 0.69999135,
  "t_21" : 0.70975536,
  "angular_velocity" : 3.4028235e+38,
  "t_12" : -0.20753178,
  "t_03" : 0.2469716,
  "fy" : 709.12915,
  "width" : 1024,
  "t_11" : -0.079118095,
  "cx" : 514.69867
}