{
  "fy" : 712.68677,
  "angular_velocity" : 3.4028235e+38,
  "t_10" : -0.995118,
  "t_01" : 0.18892367,
  "t_02" : -0.9777135,
  "cy" : 386.99765,
  "cx" : 514.5831,
  "t_13" : 0.16135184,
  "t_00" : -0.091566406,
  "t_23" : 1.6146913,
  "timestamp" : 235127066684,
  "t_11" : -0.053665876,
  "fx" : 712.68677,
  "height" : 768,
  "width" : 1024,
  "manual_keyframe" : false,
  "t_03" : 1.3176534,
  "t_22" : 0.19291532,
  "t_12" : 0.08282655,
  "center_depth" : 0.83586085,
  "blur_score" : 239.58765,
  "t_20" : -0.036821958,
  "t_21" : 0.98052436
}