{
  "height" : 768,
  "t_13" : 0.1121757,
  "t_12" : 0.22931941,
  "t_10" : -0.9726364,
  "blur_score" : 155.80952,
  "t_02" : -0.96904826,
  "fx" : 713.565,
  "t_01" : 0.08510976,
  "t_11" : -0.037298653,
  "t_00" : -0.23173721,
  "cy" : 387.04013,
  "t_03" : 1.3825305,
  "t_20" : -0.016626876,
  "t_21" : 0.9956733,
  "t_22" : 0.091424316,
  "center_depth" : 1.4893996,
  "timestamp" : 235127466538,
  "fy" : 713.565,
  "width" : 1024,
  "cx" : 514.72455,
  "angular_velocity" : 3.4028235e+38,
  "manual_keyframe" : false,
  "t_23" : 1.5758947
}