{
  "t_22" : -0.4966786,
  "t_03" : 2.371599,
  "t_10" : -0.96408063,
  "fy" : 714.1272,
  "t_13" : 0.21630676,
  "t_00" : 0.25478074,
  "t_01" : -0.49818358,
  "cx" : 514.4277,
  "cy" : 387.21466,
  "t_21" : 0.86468214,
  "timestamp" : 235134264062,
  "width" : 1024,
  "manual_keyframe" : false,
  "t_12" : -0.2577024,
  "t_23" : 1.3204672,
  "t_02" : -0.82879436,
  "angular_velocity" : 3.4028235e+38,
  "blur_score" : 132.7998,
  "center_depth" : 0.7007684,
  "t_11" : -0.06432742,
  "height" : 768,
  "t_20" : 0.07506891,
  "fx" : 714.1272
}