{
  "t_22" : -0.64120334,
  "t_03" : 1.7950065,
  "t_10" : -0.94712,
  "fy" : 730.18567,
  "t_13" : 0.02689112,
  "t_00" : 0.3098533,
  "cy" : 386.61163,
  "t_01" : -0.63139904,
  "cx" : 514.63,
  "t_21" : -0.76282614,
  "timestamp" : 235160171285,
  "width" : 1024,
  "manual_keyframe" : false,
  "t_12" : 0.28901932,
  "t_23" : 2.0198383,
  "t_02" : 0.71086305,
  "angular_velocity" : 3.4028235e+38,
  "blur_score" : 82.88145,
  "center_depth" : 1.1389933,
  "t_11" : -0.13939692,
  "height" : 768,
  "t_20" : -0.08339441,
  "fx" : 730.18567
}