{
  "t_10" : -0.95369977,
  "cy" : 386.95905,
  "t_11" : -0.058117237,
  "manual_keyframe" : false,
  "t_02" : -0.21223752,
  "t_13" : -0.067197405,
  "t_12" : 0.29509193,
  "t_03" : 0.20247622,
  "timestamp" : 235175748929,
  "angular_velocity" : 3.4028235e+38,
  "t_01" : -0.97719896,
  "t_00" : -0.0061208657,
  "blur_score" : 98.18631,
  "fx" : 708.5939,
  "fy" : 708.5939,
  "t_20" : -0.30069822,
  "center_depth" : 3.8066723,
  "t_21" : 0.20421708,
  "height" : 768,
  "cx" : 514.55927,
  "t_22" : -0.9315987,
  "t_23" : 2.7634385,
  "width" : 1024
}