{
  "t_22" : -0.84283537,
  "t_03" : -0.03610796,
  "t_10" : -0.84305614,
  "fy" : 708.883,
  "t_13" : -0.0046230922,
  "t_00" : -0.010561515,
  "t_01" : -0.999757,
  "cy" : 387.16318,
  "cx" : 514.3149,
  "t_21" : 0.021997314,
  "timestamp" : 235106240926,
  "width" : 1024,
  "manual_keyframe" : false,
  "t_12" : 0.53782356,
  "t_23" : 1.5625141,
  "t_02" : -0.019354703,
  "angular_velocity" : 3.4028235e+38,
  "blur_score" : 82.752,
  "center_depth" : 2.288299,
  "t_11" : -0.001505832,
  "height" : 768,
  "t_20" : -0.537722,
  "fx" : 708.883
}