{
  "t_22" : -0.6203951,
  "t_03" : 2.2415378,
  "t_10" : -0.97220063,
  "fy" : 713.0171,
  "t_13" : -0.085555285,
  "t_00" : -0.18427935,
  "cy" : 387.16885,
  "t_01" : -0.63696045,
  "cx" : 514.3385,
  "t_21" : 0.7708716,
  "timestamp" : 235131864936,
  "width" : 1024,
  "manual_keyframe" : false,
  "t_12" : 0.23406723,
  "t_23" : 1.4393901,
  "t_02" : -0.74854696,
  "angular_velocity" : 3.4028235e+38,
  "blur_score" : 105.70526,
  "center_depth" : 0.9363923,
  "t_11" : 0.006195326,
  "height" : 768,
  "t_20" : -0.1444541,
  "fx" : 713.0171
}