{
  "t_22" : 0.5203207,
  "t_03" : 0.6106118,
  "t_10" : -0.82877445,
  "fy" : 710.63153,
  "t_00" : -0.4456553,
  "cy" : 387.19376,
  "t_01" : 0.6205442,
  "cx" : 514.0472,
  "t_13" : -0.10291128,
  "t_21" : 0.78405493,
  "timestamp" : 235119802661,
  "width" : 1024,
  "manual_keyframe" : false,
  "t_12" : 0.55941933,
  "t_23" : 1.9207464,
  "t_02" : -0.64522594,
  "angular_velocity" : 3.4028235e+38,
  "blur_score" : 114.797134,
  "center_depth" : 1.959051,
  "t_11" : -0.013529749,
  "height" : 768,
  "t_20" : 0.33841464,
  "fx" : 710.63153
}