{
  "height" : 768,
  "t_13" : -0.048413325,
  "t_12" : 0.57948065,
  "t_10" : -0.8119256,
  "blur_score" : 92.69308,
  "t_02" : -0.6296327,
  "fx" : 710.0408,
  "t_01" : -0.5937854,
  "t_11" : 0.07056268,
  "t_00" : -0.50098073,
  "cy" : 387.53152,
  "t_03" : 0.32212463,
  "t_20" : -0.2996586,
  "t_21" : 0.8015234,
  "t_22" : -0.5174602,
  "center_depth" : 0.8324843,
  "timestamp" : 235108673374,
  "fy" : 710.0408,
  "width" : 1024,
  "cx" : 513.86646,
  "angular_velocity" : 3.4028235e+38,
  "manual_keyframe" : false,
  "t_23" : 1.6677183
}