{
  "t_23" : 6.136898,
  "angular_velocity" : 3.4028235e+38,
  "fx" : 712.68036,
  "t_22" : -0.909436,
  "blur_score" : 108.41647,
  "center_depth" : 1.5262936,
  "t_20" : 0.34656054,
  "t_12" : -0.3589883,
  "cy" : 386.99524,
  "width" : 1024,
  "height" : 768,
  "timestamp" : 235198990436,
  "t_10" : -0.93324775,
  "t_02" : -0.20989,
  "t_13" : 0.21594879,
  "t_21" : 0.22983097,
  "manual_keyframe" : false,
  "t_01" : -0.97314006,
  "fy" : 712.68036,
  "t_00" : 0.09457585,
  "t_03" : 0.675235,
  "t_11" : -0.0132711,
  "cx" : 514.43146
}