{
  "t_22" : -0.79087776,
  "t_03" : 2.3648186,
  "t_10" : -0.93718004,
  "fy" : 715.2914,
  "t_13" : 0.25407562,
  "t_00" : 0.17850003,
  "t_01" : -0.84571135,
  "cy" : 387.008,
  "cx" : 514.64594,
  "t_21" : 0.53355527,
  "timestamp" : 235135313680,
  "width" : 1024,
  "manual_keyframe" : false,
  "t_12" : -0.34871536,
  "t_23" : 1.3523136,
  "t_02" : -0.5029019,
  "angular_velocity" : 3.4028235e+38,
  "blur_score" : 55.931877,
  "center_depth" : 1.4257033,
  "t_11" : 0.009557612,
  "height" : 768,
  "t_20" : 0.29971907,
  "fx" : 715.2914
}