{
  "t_22" : -0.8656041,
  "t_03" : 2.3629928,
  "t_10" : -0.9181665,
  "fy" : 715.0452,
  "t_00" : 0.12568578,
  "t_13" : 0.27961612,
  "t_01" : -0.9436122,
  "cy" : 387.15436,
  "cx" : 514.5869,
  "t_21" : 0.33099303,
  "timestamp" : 235135613570,
  "width" : 1024,
  "manual_keyframe" : false,
  "t_12" : -0.39614484,
  "t_23" : 1.3677572,
  "t_02" : -0.30626607,
  "angular_velocity" : 3.4028235e+38,
  "blur_score" : 42.517006,
  "center_depth" : 1.5799685,
  "t_11" : 0.006279327,
  "height" : 768,
  "t_20" : 0.3757303,
  "fx" : 715.0452
}