{
  "height" : 768,
  "t_13" : -0.18263075,
  "t_12" : 0.78535795,
  "t_10" : -0.6179293,
  "blur_score" : 112.81458,
  "t_02" : -0.01805314,
  "fx" : 717.65784,
  "t_01" : 0.9991505,
  "t_11" : 0.037103012,
  "t_00" : 0.037048455,
  "cy" : 387.57593,
  "t_03" : 1.0192246,
  "t_20" : 0.7853605,
  "t_21" : -0.017940717,
  "t_22" : 0.6187789,
  "center_depth" : 0.67593,
  "timestamp" : 235122651624,
  "fy" : 717.65784,
  "width" : 1024,
  "cx" : 512.77234,
  "angular_velocity" : 3.4028235e+38,
  "manual_keyframe" : false,
  "t_23" : 1.5796678
}