{
  "height" : 768,
  "t_13" : 0.16149844,
  "t_12" : 0.025519038,
  "t_10" : -0.99674773,
  "blur_score" : 80.451805,
  "fx" : 711.19696,
  "t_02" : 0.40587473,
  "t_01" : 0.9119869,
  "t_11" : -0.07643859,
  "t_00" : -0.059547137,
  "cy" : 386.86093,
  "t_03" : 0.116717905,
  "t_20" : 0.054297518,
  "t_21" : -0.403035,
  "t_22" : 0.91357255,
  "center_depth" : 1.4092357,
  "timestamp" : 235115470903,
  "fy" : 711.19696,
  "width" : 1024,
  "cx" : 514.7255,
  "angular_velocity" : 3.4028235e+38,
  "manual_keyframe" : false,
  "t_23" : 2.2292516
}