{
  "center_depth" : 2.131816,
  "t_22" : -0.0972509,
  "t_21" : 0.99517864,
  "t_23" : 5.068395,
  "angular_velocity" : 3.4028235e+38,
  "t_00" : -0.31036738,
  "t_02" : -0.945718,
  "t_20" : -0.012716908,
  "cx" : 514.2381,
  "t_13" : -0.016285198,
  "t_12" : 0.31009665,
  "cy" : 387.33893,
  "blur_score" : 93.19886,
  "fy" : 711.77026,
  "t_11" : 0.01815689,
  "height" : 768,
  "timestamp" : 235185795258,
  "t_03" : 0.38961697,
  "manual_keyframe" : false,
  "t_01" : -0.0963835,
  "t_10" : -0.9505316,
  "fx" : 711.77026,
  "width" : 1024
}