{
  "fy" : 714.1542,
  "angular_velocity" : 3.4028235e+38,
  "t_10" : -0.984614,
  "t_01" : -0.98763305,
  "t_02" : -0.15542048,
  "t_13" : 0.24106406,
  "cy" : 387.02322,
  "cx" : 514.6825,
  "t_00" : 0.020623762,
  "t_23" : 1.4604495,
  "timestamp" : 235137013060,
  "t_11" : -0.047044158,
  "fx" : 714.1542,
  "height" : 768,
  "width" : 1024,
  "manual_keyframe" : false,
  "t_03" : 2.3811193,
  "t_22" : -0.9734077,
  "t_12" : 0.16829138,
  "center_depth" : 0.970287,
  "blur_score" : 57.067448,
  "t_20" : -0.17352177,
  "t_21" : 0.14955837
}