{
  "height" : 768,
  "t_13" : -0.16365471,
  "t_12" : 0.60147244,
  "t_10" : -0.79645854,
  "blur_score" : 62.559002,
  "fx" : 711.7259,
  "t_02" : -0.6315883,
  "t_01" : -0.5733957,
  "t_11" : 0.062327813,
  "t_00" : -0.5218369,
  "cy" : 387.4563,
  "t_03" : 0.3449602,
  "t_20" : -0.3055162,
  "t_21" : 0.81690437,
  "t_22" : -0.4892109,
  "center_depth" : 1.6921328,
  "timestamp" : 235184862265,
  "fy" : 711.7259,
  "width" : 1024,
  "cx" : 513.8548,
  "angular_velocity" : 3.4028235e+38,
  "manual_keyframe" : false,
  "t_23" : 4.8214273
}