{
  "height" : 768,
  "t_13" : -0.13588862,
  "t_12" : 0.44180816,
  "t_10" : -0.8971096,
  "blur_score" : 47.5932,
  "fx" : 715.59155,
  "t_02" : 0.88588375,
  "t_01" : -0.15779775,
  "t_11" : 0.00019422315,
  "t_00" : 0.4362455,
  "cy" : 387.12183,
  "t_03" : 1.4853562,
  "t_20" : -0.06988839,
  "t_21" : -0.9874716,
  "t_22" : -0.14147714,
  "center_depth" : 2.7251863,
  "timestamp" : 235170017692,
  "fy" : 715.59155,
  "width" : 1024,
  "cx" : 514.2601,
  "angular_velocity" : 3.4028235e+38,
  "manual_keyframe" : false,
  "t_23" : 1.4754285
}