{
  "height" : 768,
  "t_13" : 0.053126495,
  "t_12" : 0.14397536,
  "t_10" : -0.9890203,
  "blur_score" : 91.75418,
  "t_02" : -0.9895402,
  "fx" : 711.1779,
  "t_01" : 0.0042575,
  "t_11" : -0.03331587,
  "t_00" : -0.14419448,
  "cy" : 387.03613,
  "t_03" : 0.39200968,
  "t_20" : -0.032354426,
  "t_21" : 0.9994357,
  "t_22" : 0.009014703,
  "center_depth" : 2.9597626,
  "timestamp" : 235186228433,
  "fy" : 711.1779,
  "width" : 1024,
  "cx" : 514.4861,
  "angular_velocity" : 3.4028235e+38,
  "manual_keyframe" : false,
  "t_23" : 5.099864
}