{
  "t_21" : 0.87808824,
  "angular_velocity" : 3.4028235e+38,
  "t_03" : 0.67346156,
  "t_20" : 0.29520464,
  "cy" : 386.9659,
  "fx" : 712.07684,
  "t_12" : 0.6797248,
  "t_02" : -0.6294115,
  "t_01" : 0.47634026,
  "t_22" : 0.37658393,
  "t_00" : -0.6139555,
  "t_13" : -0.21252866,
  "center_depth" : 0.8122414,
  "cx" : 513.72406,
  "width" : 1024,
  "manual_keyframe" : false,
  "blur_score" : 73.23064,
  "t_23" : 5.4170957,
  "t_11" : -0.045400597,
  "timestamp" : 235191759746,
  "t_10" : -0.7320608,
  "height" : 768,
  "fy" : 712.07684
}