{
  "t_22" : -0.74082977,
  "t_02" : 0.10728772,
  "t_10" : -0.74834234,
  "t_12" : -0.66306925,
  "t_03" : 1.8141106,
  "cy" : 387.145,
  "t_21" : -0.12752947,
  "angular_velocity" : 3.4028235e+38,
  "t_20" : 0.6594754,
  "center_depth" : 1.3031259,
  "timestamp" : 235145976462,
  "manual_keyframe" : false,
  "fx" : 713.00275,
  "height" : 768,
  "t_23" : 1.4208893,
  "t_01" : -0.9916721,
  "t_11" : -0.017971877,
  "t_00" : -0.07124678,
  "fy" : 713.00275,
  "cx" : 513.9905,
  "width" : 1024,
  "t_13" : 0.29919413,
  "blur_score" : 141.60234
}