{
  "fy" : 709.7469,
  "angular_velocity" : 3.4028235e+38,
  "t_10" : -0.9545922,
  "t_01" : -0.972817,
  "t_02" : -0.23143144,
  "t_13" : -0.07643668,
  "cx" : 514.3832,
  "cy" : 386.94348,
  "t_00" : 0.008165172,
  "t_23" : 3.2538357,
  "timestamp" : 235177914804,
  "t_11" : -0.07650878,
  "fx" : 709.7469,
  "height" : 768,
  "width" : 1024,
  "manual_keyframe" : false,
  "t_03" : 0.28620487,
  "t_22" : -0.92926824,
  "t_12" : 0.28792387,
  "center_depth" : 3.425931,
  "blur_score" : 93.1076,
  "t_20" : -0.29780376,
  "t_21" : 0.2185717
}