{
  "fy" : 712.70575,
  "angular_velocity" : 3.4028235e+38,
  "t_10" : -0.6779665,
  "t_01" : -0.85267717,
  "cy" : 387.21487,
  "t_02" : -0.33912683,
  "t_13" : -0.22077677,
  "cx" : 513.3969,
  "t_00" : -0.3974099,
  "t_23" : 1.3734504,
  "timestamp" : 235140378501,
  "t_11" : 0.023773694,
  "fx" : 712.70575,
  "height" : 768,
  "width" : 1024,
  "manual_keyframe" : false,
  "t_03" : 2.3666496,
  "t_22" : -0.5875345,
  "t_12" : 0.73470825,
  "center_depth" : 1.2137055,
  "blur_score" : 94.57252,
  "t_20" : -0.6184067,
  "t_21" : 0.52189684
}