{
  "center_depth" : 2.0626125,
  "t_22" : -0.34529045,
  "t_21" : -0.92834866,
  "t_23" : 1.5894169,
  "angular_velocity" : 3.4028235e+38,
  "t_02" : 0.86117953,
  "t_00" : 0.34670255,
  "t_20" : -0.13763504,
  "cx" : 514.33435,
  "t_13" : -0.11602674,
  "t_12" : 0.373021,
  "cy" : 387.22638,
  "blur_score" : 61.282825,
  "fy" : 712.07367,
  "t_11" : -0.0011846407,
  "height" : 768,
  "timestamp" : 235170750758,
  "t_03" : 1.2709303,
  "manual_keyframe" : false,
  "t_01" : -0.3717089,
  "t_10" : -0.9278222,
  "fx" : 712.07367,
  "width" : 1024
}