{
  "fy" : 730.48267,
  "angular_velocity" : 3.4028235e+38,
  "t_10" : -0.84843564,
  "t_01" : -0.75643367,
  "t_02" : 0.50981045,
  "t_13" : -0.06797485,
  "cy" : 386.67746,
  "cx" : 514.3078,
  "t_00" : 0.40975788,
  "t_23" : 1.8519374,
  "timestamp" : 235160904351,
  "t_11" : -0.110764265,
  "fx" : 730.48267,
  "height" : 768,
  "width" : 1024,
  "manual_keyframe" : false,
  "t_03" : 1.8020027,
  "t_22" : -0.6871718,
  "t_12" : 0.51757926,
  "center_depth" : 0.48933384,
  "blur_score" : 57.42121,
  "t_20" : -0.3350456,
  "t_21" : -0.6446235
}