{
  "cy" : 386.3229,
  "blur_score" : 87.831474,
  "height" : 768,
  "t_10" : -0.96813387,
  "t_02" : 0.7128329,
  "fy" : 713.52686,
  "t_20" : 0.02259079,
  "t_03" : 1.7952106,
  "t_23" : 2.2791624,
  "fx" : 713.52686,
  "t_21" : -0.73195684,
  "width" : 1024,
  "manual_keyframe" : false,
  "t_00" : 0.24941248,
  "timestamp" : 235156622579,
  "t_13" : -0.09489004,
  "t_12" : 0.16775121,
  "cx" : 514.05493,
  "t_22" : -0.6809764,
  "center_depth" : 0.92584765,
  "t_01" : -0.6554866,
  "t_11" : -0.18594742,
  "angular_velocity" : 3.4028235e+38
}