{
  "blur_score" : 90.65827,
  "t_21" : -0.45144972,
  "center_depth" : 1.4732871,
  "height" : 768,
  "t_10" : -0.9909293,
  "t_03" : 0.12712474,
  "t_00" : -0.0008040236,
  "t_12" : 0.11925662,
  "cy" : 386.91913,
  "t_22" : 0.8821195,
  "angular_velocity" : 3.4028235e+38,
  "width" : 1024,
  "fx" : 710.92535,
  "t_01" : 0.89014393,
  "t_02" : 0.45567903,
  "fy" : 710.92535,
  "t_13" : 0.13751554,
  "timestamp" : 235115770794,
  "t_20" : 0.13438234,
  "t_23" : 2.2541046,
  "t_11" : -0.061944444,
  "manual_keyframe" : false,
  "cx" : 514.7104
}