{
  "fy" : 709.7088,
  "angular_velocity" : 3.4028235e+38,
  "t_10" : -0.9916793,
  "t_01" : 0.32432044,
  "t_13" : 0.074351445,
  "cy" : 387.32495,
  "cx" : 514.57153,
  "t_02" : -0.9394153,
  "t_00" : -0.11097496,
  "t_23" : 1.9923801,
  "timestamp" : 235111189127,
  "t_11" : 0.025918912,
  "fx" : 709.7088,
  "height" : 768,
  "width" : 1024,
  "manual_keyframe" : false,
  "t_03" : 0.21939808,
  "t_22" : 0.3187455,
  "t_12" : 0.12609717,
  "center_depth" : 2.8989363,
  "blur_score" : 257.0882,
  "t_20" : 0.06524451,
  "t_21" : 0.94559216
}