{
  "t_20" : 0.523301,
  "timestamp" : 235117420194,
  "fx" : 709.7422,
  "center_depth" : 1.7758663,
  "manual_keyframe" : false,
  "t_23" : 2.1761656,
  "cy" : 387.0768,
  "t_13" : -0.073798224,
  "blur_score" : 59.047943,
  "height" : 768,
  "t_10" : -0.8108002,
  "t_02" : 0.4134785,
  "t_00" : 0.2622199,
  "t_22" : 0.6982408,
  "t_01" : 0.87193835,
  "t_21" : -0.48848346,
  "angular_velocity" : 3.4028235e+38,
  "t_12" : 0.5843762,
  "t_03" : 0.27444452,
  "fy" : 709.7422,
  "width" : 1024,
  "t_11" : -0.033281073,
  "cx" : 514.1358
}