{
  "height" : 768,
  "t_13" : -0.058867067,
  "t_12" : 0.6058998,
  "t_10" : -0.79416627,
  "blur_score" : 55.390568,
  "fx" : 708.2762,
  "t_02" : -0.29572365,
  "t_01" : -0.9135029,
  "t_11" : 0.04674877,
  "t_00" : -0.27939245,
  "cy" : 387.31693,
  "t_03" : 0.06509292,
  "t_20" : -0.5396666,
  "t_21" : 0.40413758,
  "t_22" : -0.73853445,
  "center_depth" : 2.0103257,
  "timestamp" : 235107490471,
  "fy" : 708.2762,
  "width" : 1024,
  "cx" : 513.8032,
  "angular_velocity" : 3.4028235e+38,
  "manual_keyframe" : false,
  "t_23" : 1.5992965
}