{
  "t_20" : -0.61260605,
  "timestamp" : 235152440772,
  "fx" : 715.00714,
  "center_depth" : 1.0212567,
  "manual_keyframe" : false,
  "t_23" : 2.135317,
  "t_13" : -0.17111391,
  "cy" : 386.77032,
  "blur_score" : 52.49884,
  "height" : 768,
  "t_10" : -0.7040892,
  "t_02" : 0.17259987,
  "t_00" : 0.3591271,
  "t_22" : -0.69780886,
  "t_01" : -0.91718984,
  "t_21" : -0.37118286,
  "angular_velocity" : 3.4028235e+38,
  "t_12" : 0.6951778,
  "t_03" : 1.840833,
  "fy" : 715.00714,
  "width" : 1024,
  "t_11" : -0.14486635,
  "cx" : 513.5457
}