{
  "blur_score" : 62.903976,
  "t_21" : -0.26346728,
  "center_depth" : 2.0774298,
  "height" : 768,
  "t_10" : -0.7875747,
  "t_00" : 0.1394824,
  "cy" : 387.11926,
  "t_12" : 0.615487,
  "t_03" : 0.32838732,
  "t_22" : 0.7551916,
  "angular_velocity" : 3.4028235e+38,
  "width" : 1024,
  "fx" : 709.1673,
  "t_01" : 0.96420085,
  "t_02" : 0.22552489,
  "fy" : 709.1673,
  "t_13" : -0.09745824,
  "timestamp" : 235117870031,
  "t_20" : 0.60022557,
  "t_23" : 2.122701,
  "t_11" : -0.030029876,
  "manual_keyframe" : false,
  "cx" : 513.9681
}