{
  "t_11" : -0.09595637,
  "fy" : 712.68036,
  "center_depth" : 1.646699,
  "t_23" : 1.516118,
  "timestamp" : 235128882689,
  "t_12" : 0.5924251,
  "t_02" : -0.79208857,
  "t_21" : 0.96331686,
  "angular_velocity" : 3.4028235e+38,
  "width" : 1024,
  "t_01" : -0.25062537,
  "height" : 768,
  "fx" : 712.68036,
  "t_20" : -0.22448274,
  "t_13" : -0.04549296,
  "t_03" : 1.6899631,
  "t_22" : -0.14706536,
  "blur_score" : 79.41733,
  "cy" : 386.78156,
  "t_00" : -0.55658126,
  "cx" : 513.9901,
  "manual_keyframe" : false,
  "t_10" : -0.79989046
}