{
  "cy" : 386.7242,
  "blur_score" : 98.8946,
  "height" : 768,
  "t_10" : -0.965132,
  "t_02" : 0.69756997,
  "fy" : 715.5995,
  "t_20" : 0.19350944,
  "t_03" : 1.7804558,
  "t_23" : 2.2830954,
  "fx" : 715.5995,
  "t_21" : -0.7192889,
  "width" : 1024,
  "manual_keyframe" : false,
  "t_00" : -0.17627944,
  "timestamp" : 235157289003,
  "t_13" : 0.028880805,
  "cx" : 514.8063,
  "t_12" : -0.26118696,
  "t_22" : -0.6672164,
  "center_depth" : 0.94898,
  "t_01" : -0.69449395,
  "t_11" : -0.01736984,
  "angular_velocity" : 3.4028235e+38
}