{
  "t_20" : 0.050222456,
  "timestamp" : 235103475265,
  "fx" : 707.09937,
  "center_depth" : 3.4959612,
  "manual_keyframe" : false,
  "t_23" : 1.5552356,
  "t_13" : 0.17546856,
  "cy" : 386.81277,
  "blur_score" : 65.52975,
  "height" : 768,
  "t_10" : -0.99392796,
  "t_02" : -0.36248595,
  "t_00" : 0.09790306,
  "t_22" : -0.92832077,
  "t_01" : -0.92683285,
  "t_21" : 0.36837292,
  "angular_velocity" : 3.4028235e+38,
  "t_12" : -0.08261264,
  "t_03" : 0.0067628757,
  "fy" : 707.09937,
  "width" : 1024,
  "t_11" : -0.07268047,
  "cx" : 514.69055
}