{
  "fy" : 709.46106,
  "angular_velocity" : 3.4028235e+38,
  "t_10" : -0.9820251,
  "t_01" : -0.9919076,
  "cy" : 386.94992,
  "t_13" : -0.04540097,
  "cx" : 514.6076,
  "t_02" : -0.12487233,
  "t_00" : 0.022941688,
  "t_23" : 3.4002697,
  "timestamp" : 235178314658,
  "t_11" : -0.045766067,
  "fx" : 709.46106,
  "height" : 768,
  "width" : 1024,
  "manual_keyframe" : false,
  "t_03" : 0.2964193,
  "t_22" : -0.9751281,
  "t_12" : 0.18311828,
  "center_depth" : 3.9145432,
  "blur_score" : 104.36346,
  "t_20" : -0.18735132,
  "t_21" : 0.11842669
}