{
  "t_20" : -0.046182957,
  "timestamp" : 235173383130,
  "fx" : 710.33453,
  "center_depth" : 1.4438015,
  "manual_keyframe" : false,
  "t_23" : 2.1365345,
  "t_13" : 0.014047575,
  "cy" : 387.1506,
  "blur_score" : 71.61279,
  "height" : 768,
  "t_10" : -0.9977168,
  "t_02" : 0.36078227,
  "t_00" : 0.04928059,
  "t_22" : -0.93065983,
  "t_01" : -0.9313472,
  "t_21" : -0.36295962,
  "angular_velocity" : 3.4028235e+38,
  "t_12" : 0.060899228,
  "t_03" : 0.46181518,
  "fy" : 710.33453,
  "width" : 1024,
  "t_11" : -0.029201468,
  "cx" : 514.619
}