{
  "t_11" : -0.055043086,
  "fy" : 713.2871,
  "center_depth" : 1.8425272,
  "t_23" : 1.6615947,
  "timestamp" : 235124850823,
  "t_12" : -0.110413186,
  "t_02" : -0.42304397,
  "t_21" : 0.4194599,
  "angular_velocity" : 3.4028235e+38,
  "width" : 1024,
  "t_01" : 0.9061036,
  "height" : 768,
  "fx" : 713.2871,
  "t_20" : -0.12333144,
  "t_13" : 0.13899505,
  "t_03" : 1.0845637,
  "t_22" : 0.89935696,
  "blur_score" : 132.18108,
  "cy" : 386.93948,
  "cx" : 514.7556,
  "t_00" : -0.0031894771,
  "manual_keyframe" : false,
  "t_10" : -0.9923605
}