{
  "height" : 768,
  "t_13" : 0.16398513,
  "t_12" : -0.08815799,
  "t_10" : -0.9955364,
  "blur_score" : 241.04622,
  "fx" : 709.15295,
  "t_02" : -0.82812893,
  "t_01" : 0.5578871,
  "t_11" : -0.033697832,
  "t_00" : 0.054449636,
  "cy" : 387.1526,
  "t_03" : 0.24372968,
  "t_20" : -0.07708835,
  "t_21" : 0.8292327,
  "t_22" : 0.553562,
  "center_depth" : 2.2193313,
  "timestamp" : 235112205424,
  "fy" : 709.15295,
  "width" : 1024,
  "cx" : 514.72107,
  "angular_velocity" : 3.4028235e+38,
  "manual_keyframe" : false,
  "t_23" : 2.0723112
}