{
  "t_23" : 6.0707355,
  "angular_velocity" : 3.4028235e+38,
  "fx" : 712.70416,
  "t_22" : -0.9105425,
  "blur_score" : 111.25664,
  "center_depth" : 1.8508065,
  "t_20" : 0.25431442,
  "t_12" : -0.27659,
  "cy" : 387.04254,
  "width" : 1024,
  "height" : 768,
  "timestamp" : 235198540600,
  "t_10" : -0.9607108,
  "t_02" : -0.30726355,
  "t_13" : 0.16635579,
  "t_21" : 0.32594034,
  "manual_keyframe" : false,
  "t_01" : -0.9451086,
  "fy" : 712.70416,
  "t_00" : 0.11117166,
  "t_03" : 0.67707837,
  "t_11" : -0.02308495,
  "cx" : 514.7042
}