{
  "t_21" : 0.4989758,
  "angular_velocity" : 3.4028235e+38,
  "t_03" : -2.4176586,
  "t_20" : -0.0012629968,
  "cy" : 387.161,
  "fx" : 709.41345,
  "t_12" : -0.013529393,
  "t_02" : -0.49879402,
  "t_01" : 0.8663621,
  "t_22" : 0.866615,
  "t_00" : 0.024921408,
  "t_13" : 0.06920894,
  "center_depth" : 2.4372644,
  "cx" : 514.72,
  "width" : 1024,
  "manual_keyframe" : false,
  "blur_score" : 79.34067,
  "t_23" : 1.6988914,
  "t_11" : 0.020967284,
  "timestamp" : 235251654480,
  "t_10" : -0.99968857,
  "height" : 768,
  "fy" : 709.41345
}