{
  "t_22" : 0.5280526,
  "t_03" : -2.1296873,
  "t_10" : -0.98065305,
  "fy" : 708.8528,
  "t_00" : 0.17159067,
  "cy" : 387.00586,
  "t_01" : 0.5362401,
  "cx" : 514.5873,
  "t_13" : -0.015613825,
  "t_21" : -0.8439693,
  "timestamp" : 235247939178,
  "width" : 1024,
  "manual_keyframe" : false,
  "t_12" : 0.19533879,
  "t_23" : 1.8862817,
  "t_02" : 0.8264402,
  "angular_velocity" : 3.4028235e+38,
  "blur_score" : 95.83793,
  "center_depth" : 3.3339176,
  "t_11" : 0.012746343,
  "height" : 768,
  "t_20" : 0.0942144,
  "fx" : 708.8528
}