{
  "height" : 768,
  "t_13" : -0.12350473,
  "t_12" : 0.5264167,
  "t_10" : -0.8496224,
  "blur_score" : 79.40453,
  "t_02" : -0.40468204,
  "fx" : 710.6173,
  "t_01" : -0.88828206,
  "t_11" : -0.03205144,
  "t_00" : -0.21722667,
  "cy" : 387.02332,
  "t_03" : -1.6318107,
  "t_20" : -0.4805772,
  "t_21" : 0.45817864,
  "t_22" : -0.7477421,
  "center_depth" : 1.4939601,
  "timestamp" : 235294122141,
  "fy" : 710.6173,
  "width" : 1024,
  "cx" : 514.11444,
  "angular_velocity" : 3.4028235e+38,
  "manual_keyframe" : false,
  "t_23" : -3.960962
}