{
  "center_depth" : 3.583204,
  "t_22" : -0.50104463,
  "t_21" : -0.85494924,
  "t_23" : 1.9698559,
  "angular_velocity" : 3.4028235e+38,
  "t_00" : -0.037178777,
  "t_02" : 0.85960275,
  "t_20" : 0.13422327,
  "cx" : 514.6042,
  "t_13" : 0.09550966,
  "t_12" : -0.1001873,
  "cy" : 386.75082,
  "blur_score" : 68.909,
  "fy" : 709.7088,
  "t_11" : -0.09675043,
  "height" : 768,
  "timestamp" : 235244923619,
  "t_03" : -1.2195848,
  "manual_keyframe" : false,
  "t_01" : -0.5096087,
  "t_10" : -0.9902534,
  "fx" : 709.7088,
  "width" : 1024
}