{
  "t_11" : -0.1148524,
  "fy" : 710.2949,
  "height" : 768,
  "t_01" : 0.9254629,
  "t_23" : -2.446155,
  "t_10" : -0.8900473,
  "manual_keyframe" : false,
  "fx" : 710.2949,
  "t_21" : -0.36100912,
  "center_depth" : 1.7910483,
  "timestamp" : 235280593822,
  "t_22" : 0.8161803,
  "t_00" : 0.065523624,
  "t_20" : 0.45113477,
  "angular_velocity" : 3.4028235e+38,
  "t_13" : -0.08386195,
  "cy" : 387.00455,
  "width" : 1024,
  "blur_score" : 67.04978,
  "cx" : 514.0728,
  "t_02" : 0.37312907,
  "t_12" : 0.44116303,
  "t_03" : -2.823006
}