{
  "height" : 768,
  "t_13" : 0.098305136,
  "t_12" : -0.054571405,
  "t_10" : -0.9966737,
  "blur_score" : 113.72088,
  "fx" : 709.14813,
  "t_02" : 0.99158037,
  "t_01" : -0.120677546,
  "t_11" : -0.06052725,
  "t_00" : -0.046963863,
  "cy" : 386.93796,
  "t_03" : -1.5887072,
  "t_20" : 0.06660318,
  "t_21" : -0.99084485,
  "t_22" : -0.11743354,
  "center_depth" : 4.0776043,
  "timestamp" : 235245939912,
  "fy" : 709.14813,
  "width" : 1024,
  "cx" : 514.5718,
  "angular_velocity" : 3.4028235e+38,
  "manual_keyframe" : false,
  "t_23" : 1.9976944
}