{
  "fy" : 718.4059,
  "angular_velocity" : 3.4028235e+38,
  "t_10" : -0.80173194,
  "t_01" : -0.99806577,
  "cy" : 387.2645,
  "t_02" : 0.005861796,
  "cx" : 513.82996,
  "t_13" : -0.037283704,
  "t_00" : 0.061891273,
  "t_23" : 6.1666923,
  "timestamp" : 235222915018,
  "t_11" : -0.046216592,
  "fx" : 718.4059,
  "height" : 768,
  "width" : 1024,
  "manual_keyframe" : false,
  "t_03" : 0.7652665,
  "t_22" : -0.80304164,
  "t_12" : 0.5958942,
  "center_depth" : 1.1716667,
  "blur_score" : 73.13475,
  "t_20" : -0.59447074,
  "t_21" : -0.04158026
}