{
  "t_22" : -0.5614094,
  "t_02" : 0.82641494,
  "t_10" : -0.99634993,
  "t_12" : 0.04310506,
  "cy" : 386.91235,
  "t_03" : -1.0820136,
  "t_21" : -0.82671756,
  "angular_velocity" : 3.4028235e+38,
  "t_20" : 0.036847435,
  "center_depth" : 3.049985,
  "timestamp" : 235244440462,
  "manual_keyframe" : false,
  "fx" : 709.73584,
  "height" : 768,
  "t_23" : 1.9729687,
  "t_01" : -0.5577719,
  "t_11" : -0.07367996,
  "t_00" : 0.07700034,
  "fy" : 709.73584,
  "cx" : 514.61743,
  "width" : 1024,
  "t_13" : 0.042098876,
  "blur_score" : 68.58554
}