{
  "height" : 768,
  "t_13" : -0.124882795,
  "t_12" : 0.5386435,
  "t_10" : -0.84229475,
  "blur_score" : 41.1445,
  "fx" : 723.8265,
  "t_02" : -0.34628335,
  "t_01" : 0.90610164,
  "t_11" : -0.020071637,
  "t_00" : -0.24303874,
  "cy" : 387.21814,
  "t_03" : 0.3381558,
  "t_20" : 0.4811153,
  "t_21" : 0.42258382,
  "t_22" : 0.76808286,
  "center_depth" : 1.5419884,
  "timestamp" : 235239192388,
  "fy" : 723.8265,
  "width" : 1024,
  "cx" : 514.0032,
  "angular_velocity" : 3.4028235e+38,
  "manual_keyframe" : false,
  "t_23" : 2.801159
}