{
  "center_depth" : 2.7276983,
  "t_22" : 0.87934303,
  "t_21" : -0.124373615,
  "t_23" : 2.5469549,
  "angular_velocity" : 3.4028235e+38,
  "t_02" : 0.124498606,
  "t_00" : 0.030178681,
  "t_20" : 0.45966008,
  "cx" : 514.1676,
  "t_13" : -0.10283978,
  "t_12" : 0.45962623,
  "cy" : 387.0123,
  "blur_score" : 58.294662,
  "fy" : 721.711,
  "t_11" : -0.030689621,
  "height" : 768,
  "timestamp" : 235239825489,
  "t_03" : 0.30537862,
  "manual_keyframe" : false,
  "t_01" : 0.99176073,
  "t_10" : -0.88758206,
  "fx" : 721.711,
  "width" : 1024
}