{
  "t_23" : 4.1230426,
  "t_10" : -0.99177635,
  "cx" : 514.53284,
  "cy" : 387.07623,
  "fx" : 712.6836,
  "t_01" : 0.090227254,
  "t_00" : 0.091237985,
  "t_13" : 0.19857173,
  "fy" : 712.6836,
  "timestamp" : 235233927651,
  "t_11" : -0.081524394,
  "angular_velocity" : 3.4028235e+38,
  "blur_score" : 59.636173,
  "t_21" : 0.9925789,
  "t_20" : -0.08975219,
  "t_02" : -0.9917333,
  "height" : 768,
  "manual_keyframe" : false,
  "t_12" : -0.098658994,
  "t_03" : 0.7107421,
  "center_depth" : 2.5434775,
  "t_22" : 0.08204712,
  "width" : 1024
}