{
  "height" : 768,
  "t_13" : -0.07385979,
  "t_12" : 0.5160339,
  "t_10" : -0.8559417,
  "blur_score" : 87.89015,
  "fx" : 711.2049,
  "t_02" : 0.58769107,
  "t_01" : 0.7134364,
  "t_11" : 0.032755785,
  "t_00" : 0.3816121,
  "cy" : 387.0691,
  "t_03" : 0.59533674,
  "t_20" : 0.34890714,
  "t_21" : -0.699954,
  "t_22" : 0.62316,
  "center_depth" : 1.3918785,
  "timestamp" : 235227346729,
  "fy" : 711.2049,
  "width" : 1024,
  "cx" : 514.0072,
  "angular_velocity" : 3.4028235e+38,
  "manual_keyframe" : false,
  "t_23" : 5.234234
}