{
  "t_23" : 6.6751585,
  "angular_velocity" : 3.4028235e+38,
  "fx" : 724.079,
  "t_22" : -0.751699,
  "blur_score" : 52.451454,
  "center_depth" : 0.6030166,
  "t_20" : -0.5534041,
  "t_12" : 0.6007967,
  "cy" : 387.17303,
  "width" : 1024,
  "height" : 768,
  "timestamp" : 235221198980,
  "t_10" : -0.7989663,
  "t_02" : 0.27201492,
  "t_13" : 0.06534201,
  "t_21" : -0.35873762,
  "manual_keyframe" : false,
  "t_01" : -0.9330655,
  "fy" : 724.079,
  "t_00" : 0.23536572,
  "t_03" : 0.7669568,
  "t_11" : -0.026390016,
  "cx" : 514.0477
}