{
  "t_22" : -0.9344053,
  "t_03" : -1.5675727,
  "t_10" : -0.93402207,
  "fy" : 710.90955,
  "t_13" : 0.2289701,
  "t_00" : 0.035836983,
  "t_01" : -0.99928725,
  "cx" : 514.3052,
  "cy" : 387.02744,
  "t_21" : 0.023841098,
  "timestamp" : 235297254305,
  "width" : 1024,
  "manual_keyframe" : false,
  "t_12" : -0.3560143,
  "t_23" : -3.8160079,
  "t_02" : -0.011865499,
  "angular_velocity" : 3.4028235e+38,
  "blur_score" : 41.05304,
  "center_depth" : 1.6509062,
  "t_11" : -0.029269105,
  "height" : 768,
  "t_20" : 0.35541326,
  "fx" : 710.90955
}