{
  "height" : 768,
  "t_13" : 0.1506784,
  "t_12" : -0.23730169,
  "t_10" : -0.9710109,
  "blur_score" : 90.83252,
  "fx" : 708.85114,
  "t_02" : -0.030285819,
  "t_01" : 0.9992954,
  "t_11" : -0.02873739,
  "t_00" : -0.022173043,
  "cy" : 387.08878,
  "t_03" : -3.3517883,
  "t_20" : -0.23800482,
  "t_21" : 0.024146173,
  "t_22" : 0.9709639,
  "center_depth" : 4.111604,
  "timestamp" : 235267332048,
  "fy" : 708.85114,
  "width" : 1024,
  "cx" : 514.595,
  "angular_velocity" : 3.4028235e+38,
  "manual_keyframe" : false,
  "t_23" : -0.34873447
}