{
  "height" : 768,
  "t_13" : 0.17767368,
  "t_12" : -0.23354883,
  "t_10" : -0.9721655,
  "blur_score" : 115.69651,
  "fx" : 715.2914,
  "t_02" : 0.50769347,
  "t_01" : -0.85036314,
  "t_11" : 0.01868625,
  "t_00" : -0.13831113,
  "cy" : 387.16684,
  "t_03" : 0.8394691,
  "t_20" : 0.18911445,
  "t_21" : -0.5258645,
  "t_22" : -0.82927835,
  "center_depth" : 1.1099087,
  "timestamp" : 235207087476,
  "fy" : 715.2914,
  "width" : 1024,
  "cx" : 514.6208,
  "angular_velocity" : 3.4028235e+38,
  "manual_keyframe" : false,
  "t_23" : 5.9250193
}