{
  "height" : 768,
  "t_13" : 0.15322171,
  "t_12" : -0.22998893,
  "t_10" : -0.97163665,
  "blur_score" : 77.89367,
  "fx" : 709.41345,
  "t_02" : 0.48080516,
  "t_01" : 0.86161953,
  "t_11" : -0.055020284,
  "t_00" : -0.16259825,
  "cy" : 386.96338,
  "t_03" : -3.5230672,
  "t_20" : -0.17170893,
  "t_21" : -0.5045637,
  "t_22" : 0.8461274,
  "center_depth" : 4.360579,
  "timestamp" : 235266315756,
  "fy" : 709.41345,
  "width" : 1024,
  "cx" : 514.603,
  "angular_velocity" : 3.4028235e+38,
  "manual_keyframe" : false,
  "t_23" : -0.13969807
}