{
  "fy" : 711.7655,
  "angular_velocity" : 3.4028235e+38,
  "t_10" : -0.8200262,
  "t_01" : 0.37720755,
  "t_02" : 0.76419115,
  "t_13" : -0.0890714,
  "cy" : 386.9508,
  "cx" : 513.86237,
  "t_00" : 0.52318877,
  "t_23" : 5.281643,
  "timestamp" : 235226830251,
  "t_11" : -0.021301217,
  "fx" : 711.7655,
  "height" : 768,
  "width" : 1024,
  "manual_keyframe" : false,
  "t_03" : 0.6646136,
  "t_22" : 0.29817554,
  "t_12" : 0.5719295,
  "center_depth" : 1.0663111,
  "blur_score" : 107.03936,
  "t_20" : 0.23201433,
  "t_21" : -0.92588377
}