{
  "height" : 768,
  "t_13" : 0.20570955,
  "t_12" : -0.348579,
  "t_10" : -0.93723327,
  "blur_score" : 75.848335,
  "t_02" : -0.9329418,
  "fx" : 710.32184,
  "t_01" : 0.09953972,
  "t_11" : -0.009311837,
  "t_00" : 0.34599388,
  "cy" : 387.1368,
  "t_03" : -2.6445925,
  "t_20" : -0.04338485,
  "t_21" : 0.99499005,
  "t_22" : 0.09007008,
  "center_depth" : 2.111006,
  "timestamp" : 235255536387,
  "fy" : 710.32184,
  "width" : 1024,
  "cx" : 514.37604,
  "angular_velocity" : 3.4028235e+38,
  "manual_keyframe" : false,
  "t_23" : 1.642679
}