{
  "fy" : 710.3107,
  "angular_velocity" : 3.4028235e+38,
  "t_10" : -0.9336237,
  "t_01" : 0.60763705,
  "cy" : 387.26123,
  "t_02" : -0.73440933,
  "cx" : 514.4175,
  "t_13" : 0.24779278,
  "t_00" : 0.30235767,
  "t_23" : 4.699734,
  "timestamp" : 235231478549,
  "t_11" : 0.03346136,
  "fx" : 710.3107,
  "height" : 768,
  "width" : 1024,
  "manual_keyframe" : false,
  "t_03" : 0.46988404,
  "t_22" : 0.5774217,
  "t_12" : -0.35668924,
  "center_depth" : 2.6773863,
  "blur_score" : 102.31873,
  "t_20" : -0.19216329,
  "t_21" : 0.7935098
}