{
  "t_22" : 0.13632819,
  "t_02" : -0.91405344,
  "t_10" : -0.921526,
  "t_12" : 0.38199624,
  "cy" : 387.33722,
  "t_03" : -3.1201818,
  "t_21" : 0.98198205,
  "angular_velocity" : 3.4028235e+38,
  "t_20" : 0.13086593,
  "center_depth" : 2.0889874,
  "timestamp" : 235259751504,
  "manual_keyframe" : false,
  "fx" : 709.4261,
  "height" : 768,
  "t_23" : 1.2403997,
  "t_11" : 0.06977673,
  "t_01" : 0.17562026,
  "t_00" : -0.36560088,
  "fy" : 709.4261,
  "cx" : 514.4922,
  "width" : 1024,
  "t_13" : -0.114117,
  "blur_score" : 63.8836
}