{
  "t_22" : -0.24869283,
  "t_02" : 0.8939452,
  "t_10" : -0.92776126,
  "t_12" : 0.37284562,
  "t_03" : -0.75848055,
  "cy" : 387.07547,
  "t_21" : -0.9649627,
  "angular_velocity" : 3.4028235e+38,
  "t_20" : -0.08365852,
  "center_depth" : 3.4448907,
  "timestamp" : 235243457490,
  "manual_keyframe" : false,
  "fx" : 709.15137,
  "height" : 768,
  "t_23" : 1.9790446,
  "t_11" : -0.0156575,
  "t_01" : -0.26191926,
  "t_00" : 0.36367607,
  "fy" : 709.15137,
  "cx" : 514.3193,
  "width" : 1024,
  "t_13" : -0.08851661,
  "blur_score" : 82.83527
}