{
  "t_22" : 0.56111735,
  "t_02" : 0.6215584,
  "t_10" : -0.8371216,
  "t_12" : 0.5466376,
  "t_03" : -2.967204,
  "cy" : 387.0934,
  "t_21" : -0.7331443,
  "angular_velocity" : 3.4028235e+38,
  "t_20" : 0.38424847,
  "center_depth" : 1.9119617,
  "timestamp" : 235279644173,
  "manual_keyframe" : false,
  "fx" : 709.7644,
  "height" : 768,
  "t_23" : -2.0737507,
  "t_11" : -0.020370863,
  "t_01" : 0.67976797,
  "t_00" : 0.38933384,
  "fy" : 709.7644,
  "cx" : 514.24164,
  "width" : 1024,
  "t_13" : -0.12740505,
  "blur_score" : 130.73048
}