{
  "t_22" : 0.2781635,
  "t_03" : -2.5922637,
  "t_10" : -0.9251805,
  "fy" : 709.99786,
  "t_13" : 0.20458172,
  "t_00" : 0.3632445,
  "t_01" : 0.29908785,
  "cx" : 514.4872,
  "cy" : 387.193,
  "t_21" : 0.95421726,
  "timestamp" : 235255136534,
  "width" : 1024,
  "manual_keyframe" : false,
  "t_12" : -0.3795065,
  "t_23" : 1.6418507,
  "t_02" : -0.8823832,
  "angular_velocity" : 3.4028235e+38,
  "blur_score" : 79.57023,
  "center_depth" : 2.1156743,
  "t_11" : 0.0040008086,
  "height" : 768,
  "t_20" : -0.10997553,
  "fx" : 709.99786
}