{
  "height" : 768,
  "t_13" : 0.14968117,
  "t_12" : -0.19914132,
  "t_10" : -0.9798355,
  "blur_score" : 50.2492,
  "fx" : 713.25366,
  "t_02" : -0.97810215,
  "t_01" : 0.06501965,
  "t_11" : -0.016279744,
  "t_00" : 0.19770874,
  "cy" : 387.01468,
  "t_03" : -3.2516778,
  "t_20" : -0.028871352,
  "t_21" : 0.9977511,
  "t_22" : 0.06048991,
  "center_depth" : 1.3799934,
  "timestamp" : 235274112881,
  "fy" : 713.25366,
  "width" : 1024,
  "cx" : 514.6667,
  "angular_velocity" : 3.4028235e+38,
  "manual_keyframe" : false,
  "t_23" : -0.6945198
}