{
  "blur_score" : 49.265793,
  "t_21" : 0.17052922,
  "center_depth" : 1.5624896,
  "height" : 768,
  "t_10" : -0.9993534,
  "t_03" : -1.4883362,
  "cy" : 386.84055,
  "t_12" : -0.034237802,
  "t_00" : 0.016654057,
  "t_22" : -0.98483735,
  "angular_velocity" : 3.4028235e+38,
  "width" : 1024,
  "fx" : 710.5934,
  "t_01" : -0.9852914,
  "t_02" : -0.17006902,
  "fy" : 710.5934,
  "t_13" : 0.090742655,
  "timestamp" : 235297987365,
  "t_20" : 0.031866517,
  "t_23" : -3.7291205,
  "t_11" : -0.010982029,
  "manual_keyframe" : false,
  "cx" : 514.4675
}