{
  "t_22" : 0.22793601,
  "t_02" : 0.9369235,
  "t_10" : -0.9639625,
  "t_12" : 0.26499012,
  "t_03" : -2.5079467,
  "cy" : 386.9873,
  "t_21" : -0.9698356,
  "angular_velocity" : 3.4028235e+38,
  "t_20" : 0.086396046,
  "center_depth" : 2.052806,
  "timestamp" : 235285825224,
  "manual_keyframe" : false,
  "fx" : 713.8763,
  "height" : 768,
  "t_23" : -3.7918067,
  "t_01" : 0.24261582,
  "t_11" : -0.023593437,
  "t_00" : 0.25161907,
  "fy" : 713.8763,
  "cx" : 514.52637,
  "width" : 1024,
  "t_13" : -0.02167426,
  "blur_score" : 63.05091
}