{
  "height" : 768,
  "t_13" : 0.23776898,
  "t_12" : -0.410594,
  "t_10" : -0.9114353,
  "blur_score" : 56.71756,
  "t_02" : -0.2650033,
  "fx" : 710.89044,
  "t_01" : -0.9529745,
  "t_11" : -0.02642744,
  "t_00" : 0.14701365,
  "cy" : 387.02274,
  "t_03" : -1.5494823,
  "t_20" : 0.38428226,
  "t_21" : 0.3018962,
  "t_22" : -0.87245977,
  "center_depth" : 1.5423753,
  "timestamp" : 235296721171,
  "fy" : 710.89044,
  "width" : 1024,
  "cx" : 514.51874,
  "angular_velocity" : 3.4028235e+38,
  "manual_keyframe" : false,
  "t_23" : -3.8656776
}