{
  "height" : 768,
  "t_13" : -0.21746823,
  "t_12" : 0.89824784,
  "t_10" : -0.399641,
  "blur_score" : 52.982735,
  "t_02" : -0.3441169,
  "fx" : 717.95,
  "t_01" : -0.27299765,
  "t_11" : 0.18286027,
  "t_00" : -0.89836293,
  "cy" : 387.88788,
  "t_03" : 0.8239551,
  "t_20" : -0.18229425,
  "t_21" : 0.9444757,
  "t_22" : -0.273376,
  "center_depth" : 0.6100215,
  "timestamp" : 235214218201,
  "fy" : 717.95,
  "width" : 1024,
  "cx" : 512.7457,
  "angular_velocity" : 3.4028235e+38,
  "manual_keyframe" : false,
  "t_23" : 6.8503904
}