{
  "t_01" : 0.8256516,
  "blur_score" : 96.09653,
  "t_02" : 0.50916314,
  "t_20" : 0.35674047,
  "timestamp" : 235227663280,
  "fx" : 711.18585,
  "cy" : 387.26074,
  "angular_velocity" : 3.4028235e+38,
  "t_00" : 0.2430075,
  "t_03" : 0.566707,
  "t_23" : 5.238897,
  "center_depth" : 1.6200206,
  "t_13" : -0.0478587,
  "t_22" : 0.74460554,
  "height" : 768,
  "manual_keyframe" : false,
  "cx" : 514.1043,
  "t_11" : -0.00069439784,
  "fy" : 711.18585,
  "t_21" : -0.56418014,
  "t_12" : 0.43164325,
  "width" : 1024,
  "t_10" : -0.9020442
}