{
  "blur_score" : 116.72272,
  "t_21" : 0.4390925,
  "center_depth" : 1.675156,
  "height" : 768,
  "t_10" : -0.98604614,
  "t_00" : -0.1380852,
  "cy" : 386.7382,
  "t_12" : 0.14380522,
  "t_03" : -2.4267623,
  "t_22" : 0.89361763,
  "angular_velocity" : 3.4028235e+38,
  "width" : 1024,
  "fx" : 710.0567,
  "t_01" : 0.8945192,
  "t_02" : -0.42516783,
  "fy" : 710.0567,
  "t_13" : 0.023105722,
  "timestamp" : 235284175833,
  "t_20" : 0.092980735,
  "t_23" : -3.3864,
  "t_11" : -0.08386292,
  "manual_keyframe" : false,
  "cx" : 514.4245
}