{
  "t_01" : 0.36941066,
  "blur_score" : 113.344894,
  "t_02" : -0.8278674,
  "t_20" : -0.18313886,
  "timestamp" : 235232028347,
  "fx" : 710.61884,
  "cy" : 387.1841,
  "angular_velocity" : 3.4028235e+38,
  "t_03" : 0.6135803,
  "t_00" : 0.42210355,
  "t_23" : 4.516592,
  "center_depth" : 2.026361,
  "t_13" : 0.27029222,
  "t_22" : 0.32121837,
  "height" : 768,
  "manual_keyframe" : false,
  "t_11" : -0.016027251,
  "cx" : 514.4604,
  "fy" : 710.61884,
  "t_21" : 0.92912805,
  "t_12" : -0.4598416,
  "width" : 1024,
  "t_10" : -0.88785625
}