{
  "t_23" : -0.28462958,
  "t_10" : -0.9709271,
  "cx" : 514.57495,
  "cy" : 387.05954,
  "fx" : 708.82574,
  "t_13" : 0.1512872,
  "t_00" : -0.07011748,
  "fy" : 708.82574,
  "t_01" : 0.9906132,
  "timestamp" : 235267032158,
  "t_11" : -0.040783603,
  "angular_velocity" : 3.4028235e+38,
  "blur_score" : 65.63872,
  "t_21" : -0.13046981,
  "t_20" : -0.2288758,
  "t_02" : 0.11734231,
  "height" : 768,
  "manual_keyframe" : false,
  "t_12" : -0.23587558,
  "t_03" : -3.4179473,
  "center_depth" : 4.162537,
  "t_22" : 0.9646729,
  "width" : 1024
}