{
  "t_22" : -0.9876843,
  "t_03" : -1.5401084,
  "t_10" : -0.9881557,
  "fy" : 710.58075,
  "t_13" : 0.14530785,
  "t_00" : 0.024610559,
  "t_01" : -0.999053,
  "cy" : 386.88474,
  "cx" : 514.3267,
  "t_21" : 0.039206035,
  "timestamp" : 235297754118,
  "width" : 1024,
  "manual_keyframe" : false,
  "t_12" : -0.15228984,
  "t_23" : -3.7620997,
  "t_02" : -0.03588312,
  "angular_velocity" : 3.4028235e+38,
  "blur_score" : 40.76113,
  "center_depth" : 1.6223593,
  "t_11" : -0.0188723,
  "height" : 768,
  "t_20" : 0.15146841,
  "fx" : 710.58075
}