{
  "t_22" : 0.33113375,
  "t_03" : -3.1424756,
  "t_10" : -0.920544,
  "fy" : 709.423,
  "t_13" : -0.11643887,
  "t_00" : -0.31635585,
  "cy" : 387.4541,
  "cx" : 514.4785,
  "t_01" : 0.39175746,
  "t_21" : 0.915332,
  "timestamp" : 235260084715,
  "width" : 1024,
  "manual_keyframe" : false,
  "t_12" : 0.37934864,
  "t_23" : 1.1562372,
  "t_02" : -0.8639706,
  "angular_velocity" : 3.4028235e+38,
  "blur_score" : 69.284485,
  "center_depth" : 2.5523176,
  "t_11" : 0.09323762,
  "height" : 768,
  "t_20" : 0.22916722,
  "fx" : 709.423
}