{
  "height" : 768,
  "t_13" : 0.14976537,
  "t_12" : 0.25359872,
  "t_10" : -0.96661323,
  "blur_score" : 94.08395,
  "t_02" : -0.4324236,
  "fx" : 713.58246,
  "t_01" : -0.89817244,
  "t_11" : -0.036698025,
  "t_00" : -0.07935016,
  "cy" : 387.02054,
  "t_03" : 0.7601906,
  "t_20" : -0.24364446,
  "t_21" : 0.43810937,
  "t_22" : -0.86527324,
  "center_depth" : 1.1012105,
  "timestamp" : 235211535849,
  "fy" : 713.58246,
  "width" : 1024,
  "cx" : 514.63586,
  "angular_velocity" : 3.4028235e+38,
  "manual_keyframe" : false,
  "t_23" : 6.5324817
}