{
  "center_depth" : 3.9730594,
  "t_22" : -0.39545208,
  "t_21" : -0.90758324,
  "t_23" : 1.9898897,
  "angular_velocity" : 3.4028235e+38,
  "t_00" : -0.10809142,
  "t_02" : 0.9051209,
  "t_20" : 0.14110395,
  "cx" : 514.63745,
  "t_13" : 0.116260685,
  "t_12" : -0.1561217,
  "cy" : 386.75504,
  "blur_score" : 83.46291,
  "fy" : 709.7422,
  "t_11" : -0.08497113,
  "height" : 768,
  "timestamp" : 235245340132,
  "t_03" : -1.3652235,
  "manual_keyframe" : false,
  "t_01" : -0.41118437,
  "t_10" : -0.98407614,
  "fx" : 709.7422,
  "width" : 1024
}