{
  "t_11" : 0.0036210825,
  "fy" : 712.1261,
  "height" : 768,
  "t_01" : 0.5253716,
  "t_23" : 3.0252674,
  "t_10" : -0.81529546,
  "manual_keyframe" : false,
  "fx" : 712.1261,
  "t_21" : 0.8508653,
  "center_depth" : 0.5060133,
  "timestamp" : 235238609268,
  "t_22" : 0.42655468,
  "t_00" : -0.49113527,
  "t_20" : 0.30672398,
  "angular_velocity" : 3.4028235e+38,
  "t_13" : -0.13213396,
  "cy" : 387.03293,
  "width" : 1024,
  "blur_score" : 27.565306,
  "cx" : 513.88617,
  "t_02" : -0.69481725,
  "t_12" : 0.5790339,
  "t_03" : 0.39271888
}