{
  "height" : 768,
  "t_13" : -0.15813565,
  "t_12" : 0.54327995,
  "t_10" : -0.83933175,
  "blur_score" : 70.14912,
  "t_02" : 0.4991798,
  "fx" : 709.14813,
  "t_01" : -0.79643303,
  "t_11" : -0.019216323,
  "t_00" : 0.34134167,
  "cy" : 387.04913,
  "t_03" : -1.6952747,
  "t_20" : -0.42309368,
  "t_21" : -0.6044215,
  "t_22" : -0.67503077,
  "center_depth" : 2.1931462,
  "timestamp" : 235292306150,
  "fy" : 709.14813,
  "width" : 1024,
  "cx" : 514.2725,
  "angular_velocity" : 3.4028235e+38,
  "manual_keyframe" : false,
  "t_23" : -3.805943
}