{
  "t_22" : -0.27910113,
  "t_03" : -3.0033782,
  "t_10" : -0.93970275,
  "fy" : 710.04865,
  "t_13" : -0.08562022,
  "t_00" : -0.33152786,
  "cy" : 387.1155,
  "t_01" : -0.2909473,
  "cx" : 514.5453,
  "t_21" : 0.9565849,
  "timestamp" : 235259068422,
  "width" : 1024,
  "manual_keyframe" : false,
  "t_12" : 0.34156054,
  "t_23" : 1.382763,
  "t_02" : -0.8974628,
  "angular_velocity" : 3.4028235e+38,
  "blur_score" : 91.53158,
  "center_depth" : 3.0437102,
  "t_11" : 0.017184624,
  "height" : 768,
  "t_20" : -0.083953544,
  "fx" : 710.04865
}