{
  "center_depth" : 1.6537017,
  "t_22" : -0.6788119,
  "t_21" : 0.67248434,
  "t_23" : -4.001871,
  "angular_velocity" : 3.4028235e+38,
  "t_00" : -0.16571312,
  "t_02" : -0.6567877,
  "t_20" : -0.29492247,
  "cx" : 514.32874,
  "t_13" : -0.045319524,
  "t_12" : 0.3283968,
  "cy" : 386.88342,
  "blur_score" : 73.301575,
  "fy" : 710.92535,
  "t_11" : -0.08121341,
  "height" : 768,
  "timestamp" : 235295021806,
  "t_03" : -1.5862556,
  "manual_keyframe" : false,
  "t_01" : -0.735642,
  "t_10" : -0.94104195,
  "fx" : 710.92535,
  "width" : 1024
}