{
  "center_depth" : 1.6746053,
  "t_22" : 0.057688992,
  "t_21" : 0.9981195,
  "t_23" : 3.3191857,
  "angular_velocity" : 3.4028235e+38,
  "t_00" : -0.6890931,
  "t_02" : -0.72250056,
  "t_20" : 0.020727528,
  "cx" : 513.5249,
  "t_13" : -0.18721038,
  "t_12" : 0.68895936,
  "cy" : 387.14227,
  "blur_score" : 84.65231,
  "fy" : 711.7195,
  "t_11" : -0.024777435,
  "height" : 768,
  "timestamp" : 235237109818,
  "t_03" : 0.6829125,
  "manual_keyframe" : false,
  "t_01" : 0.056068975,
  "t_10" : -0.7243763,
  "fx" : 711.7195,
  "width" : 1024
}