{
  "blur_score" : 80.97186,
  "t_21" : -0.9741894,
  "center_depth" : 1.1007676,
  "height" : 768,
  "t_10" : -0.75835127,
  "t_00" : 0.6457601,
  "t_03" : 0.7591961,
  "cy" : 387.0112,
  "t_12" : 0.6481956,
  "t_22" : -0.20750335,
  "angular_velocity" : 3.4028235e+38,
  "width" : 1024,
  "fx" : 712.3977,
  "t_01" : -0.21496318,
  "fy" : 712.3977,
  "t_02" : 0.73265594,
  "t_13" : -0.088545114,
  "timestamp" : 235225763975,
  "t_20" : -0.08886629,
  "t_23" : 5.5678735,
  "t_11" : -0.06888894,
  "manual_keyframe" : false,
  "cx" : 513.76935
}