{
  "t_22" : -0.3365974,
  "t_03" : -2.9761589,
  "t_10" : -0.94541574,
  "fy" : 710.01056,
  "t_00" : -0.30874762,
  "cy" : 387.15488,
  "t_01" : -0.35216752,
  "t_13" : -0.07427618,
  "cx" : 514.5399,
  "t_21" : 0.93586224,
  "timestamp" : 235258951798,
  "width" : 1024,
  "manual_keyframe" : false,
  "t_12" : 0.32565203,
  "t_23" : 1.4020528,
  "t_02" : -0.8835458,
  "angular_velocity" : 3.4028235e+38,
  "blur_score" : 87.07698,
  "center_depth" : 2.5382564,
  "t_11" : 0.0118306,
  "height" : 768,
  "t_20" : -0.104231216,
  "fx" : 710.01056
}