{
  "height" : 768,
  "t_13" : -0.08668381,
  "t_12" : 0.6514993,
  "t_10" : -0.75416225,
  "blur_score" : 71.46115,
  "t_02" : 0.69120514,
  "fx" : 712.6851,
  "t_01" : -0.34528482,
  "t_11" : -0.08238997,
  "t_00" : 0.6348338,
  "cy" : 386.97522,
  "t_03" : 0.7706394,
  "t_20" : -0.16800441,
  "t_21" : -0.9348745,
  "t_22" : -0.31270465,
  "center_depth" : 1.1534278,
  "timestamp" : 235225580709,
  "fy" : 712.6851,
  "width" : 1024,
  "cx" : 513.7356,
  "angular_velocity" : 3.4028235e+38,
  "manual_keyframe" : false,
  "t_23" : 5.6250305
}