{
  "t_22" : 0.6533808,
  "t_03" : -3.4995782,
  "t_10" : -0.9841056,
  "fy" : 709.44995,
  "t_00" : 0.09446178,
  "cy" : 386.97302,
  "t_01" : 0.6686553,
  "cx" : 514.609,
  "t_13" : -0.006511411,
  "t_21" : -0.74194366,
  "timestamp" : 235265049555,
  "width" : 1024,
  "manual_keyframe" : false,
  "t_12" : 0.17063569,
  "t_23" : 0.12706879,
  "t_02" : 0.73754805,
  "angular_velocity" : 3.4028235e+38,
  "blur_score" : 119.252106,
  "center_depth" : 2.2270632,
  "t_11" : -0.04919076,
  "height" : 768,
  "t_20" : 0.15037702,
  "fx" : 709.44995
}