{
  "t_11" : -0.06514367,
  "fy" : 709.7025,
  "height" : 768,
  "t_01" : 0.80346173,
  "t_23" : -2.973235,
  "t_10" : -0.983336,
  "manual_keyframe" : false,
  "fx" : 709.7025,
  "t_21" : 0.59178185,
  "center_depth" : 2.448261,
  "timestamp" : 235282776350,
  "t_22" : 0.80001086,
  "t_00" : -0.152556,
  "t_20" : 0.09887898,
  "angular_velocity" : 3.4028235e+38,
  "t_13" : 0.014316537,
  "cy" : 386.89737,
  "width" : 1024,
  "blur_score" : 145.95001,
  "cx" : 514.3744,
  "t_02" : -0.57547903,
  "t_12" : 0.16972531,
  "t_03" : -2.551263
}