{
  "cy" : 386.98212,
  "blur_score" : 37.103615,
  "height" : 768,
  "t_10" : -0.9440214,
  "t_02" : -0.41720232,
  "fy" : 710.86664,
  "t_20" : 0.27970952,
  "t_03" : -1.5514832,
  "t_23" : -3.9043405,
  "fx" : 710.86664,
  "t_21" : 0.45127732,
  "width" : 1024,
  "manual_keyframe" : false,
  "t_00" : 0.17488924,
  "timestamp" : 235296404623,
  "t_13" : 0.19987495,
  "t_12" : -0.32837608,
  "cx" : 514.64417,
  "t_22" : -0.8474146,
  "center_depth" : 1.8369641,
  "t_01" : -0.8918274,
  "t_11" : -0.031508256,
  "angular_velocity" : 3.4028235e+38
}