{
  "t_11" : -0.04494255,
  "fy" : 709.15607,
  "height" : 768,
  "t_01" : -0.43924707,
  "t_23" : 1.9995048,
  "t_10" : -0.947949,
  "manual_keyframe" : false,
  "fx" : 709.15607,
  "t_21" : -0.89724153,
  "center_depth" : 2.052277,
  "timestamp" : 235243790701,
  "t_22" : -0.42996386,
  "t_00" : 0.30216536,
  "t_20" : -0.10044341,
  "angular_velocity" : 3.4028235e+38,
  "t_13" : -0.06755558,
  "cy" : 387.13037,
  "width" : 1024,
  "blur_score" : 63.865852,
  "cx" : 514.45605,
  "t_02" : 0.84602517,
  "t_12" : 0.31523472,
  "t_03" : -0.8842351
}