{
  "center_depth" : 1.7509803,
  "t_22" : 0.42857918,
  "t_21" : 0.9033097,
  "t_23" : 1.6727427,
  "angular_velocity" : 3.4028235e+38,
  "t_00" : -0.013978868,
  "t_02" : -0.903268,
  "t_20" : 0.018754913,
  "cx" : 514.60376,
  "t_13" : 0.06236028,
  "t_12" : 0.020670278,
  "cy" : 387.05698,
  "blur_score" : 93.24609,
  "fy" : 710.2916,
  "t_11" : 0.010949655,
  "height" : 768,
  "timestamp" : 235254003617,
  "t_03" : -2.4771864,
  "manual_keyframe" : false,
  "t_01" : 0.4288496,
  "t_10" : -0.9997264,
  "fx" : 710.2916,
  "width" : 1024
}