{
  "t_22" : 0.8225373,
  "t_02" : -0.30028623,
  "t_10" : -0.8755405,
  "t_12" : 0.48297063,
  "t_03" : -3.17304,
  "cy" : 387.28293,
  "t_21" : 0.33617526,
  "angular_velocity" : 3.4028235e+38,
  "t_20" : 0.4587141,
  "center_depth" : 2.0824914,
  "timestamp" : 235261834072,
  "manual_keyframe" : false,
  "fx" : 712.0975,
  "height" : 768,
  "t_23" : 0.7317431,
  "t_01" : 0.94171023,
  "t_11" : 0.012973562,
  "t_00" : -0.15169156,
  "fy" : 712.0975,
  "cx" : 514.1687,
  "width" : 1024,
  "t_13" : -0.14139163,
  "blur_score" : 96.03508
}