{
  "height" : 768,
  "t_13" : -0.09190866,
  "t_12" : 0.44638032,
  "t_10" : -0.89227086,
  "blur_score" : 66.67915,
  "t_02" : -0.5657363,
  "fx" : 710.9174,
  "t_01" : -0.79394674,
  "t_11" : -0.06780442,
  "t_00" : -0.22269073,
  "cy" : 386.9245,
  "t_03" : -1.6054895,
  "t_20" : -0.39276165,
  "t_21" : 0.6041947,
  "t_22" : -0.69331616,
  "center_depth" : 1.69278,
  "timestamp" : 235294555313,
  "fy" : 710.9174,
  "width" : 1024,
  "cx" : 514.13715,
  "angular_velocity" : 3.4028235e+38,
  "manual_keyframe" : false,
  "t_23" : -3.984791
}