{
  "t_23" : -3.7311122,
  "t_10" : -0.99343914,
  "cx" : 514.73413,
  "cy" : 386.9552,
  "t_01" : -0.20191461,
  "t_13" : 0.040363736,
  "t_00" : -0.09736001,
  "fy" : 719.12213,
  "fx" : 719.12213,
  "timestamp" : 235299936637,
  "t_11" : -0.039313972,
  "angular_velocity" : 3.4028235e+38,
  "blur_score" : 64.064606,
  "t_21" : 0.97861385,
  "t_20" : -0.059997585,
  "t_02" : -0.9745521,
  "height" : 768,
  "manual_keyframe" : false,
  "t_12" : 0.10739222,
  "t_03" : -0.97177523,
  "center_depth" : 3.5180542,
  "t_22" : -0.19676231,
  "width" : 1024
}