{
  "t_11" : 0.026662836,
  "fy" : 710.6157,
  "height" : 768,
  "t_01" : -0.5046113,
  "t_23" : 1.6735828,
  "t_10" : -0.9980368,
  "manual_keyframe" : false,
  "fx" : 710.6157,
  "t_21" : 0.8629349,
  "center_depth" : 2.6131496,
  "timestamp" : 235257335726,
  "t_22" : -0.5026741,
  "t_00" : 0.035501856,
  "t_20" : 0.051597327,
  "angular_velocity" : 3.4028235e+38,
  "t_13" : 0.090885654,
  "cy" : 387.21225,
  "width" : 1024,
  "blur_score" : 67.57726,
  "cx" : 514.6701,
  "t_12" : -0.056672383,
  "t_02" : -0.8626165,
  "t_03" : -2.7675765
}