{
  "fy" : 715.86945,
  "angular_velocity" : 3.4028235e+38,
  "t_10" : -0.99830955,
  "t_01" : -0.4088695,
  "t_02" : -0.91256344,
  "t_13" : 0.07352873,
  "cx" : 514.5721,
  "cy" : 386.89444,
  "t_00" : 0.0073393346,
  "t_23" : -3.6980546,
  "timestamp" : 235299420163,
  "t_11" : -0.05561382,
  "fx" : 715.86945,
  "height" : 768,
  "width" : 1024,
  "manual_keyframe" : false,
  "t_03" : -1.1623634,
  "t_22" : -0.40858653,
  "t_12" : 0.016888544,
  "center_depth" : 1.1427556,
  "blur_score" : 58.332314,
  "t_20" : -0.057656348,
  "t_21" : 0.9108968
}