{
  "t_11" : -0.01365122,
  "fy" : 709.7215,
  "height" : 768,
  "t_01" : 0.73247844,
  "t_23" : -2.1939805,
  "t_10" : -0.8494135,
  "manual_keyframe" : false,
  "fx" : 709.7215,
  "t_21" : -0.6806534,
  "center_depth" : 1.9629701,
  "timestamp" : 235279927402,
  "t_22" : 0.6173903,
  "t_00" : 0.3506515,
  "t_20" : 0.39438605,
  "angular_velocity" : 3.4028235e+38,
  "t_13" : -0.13259155,
  "cy" : 387.33688,
  "width" : 1024,
  "blur_score" : 84.06509,
  "cx" : 514.21857,
  "t_12" : 0.52755135,
  "t_02" : 0.5835401,
  "t_03" : -2.9481962
}