{
  "height" : 768,
  "t_13" : -0.063348554,
  "t_12" : 0.39245525,
  "t_10" : -0.9169229,
  "blur_score" : 83.60529,
  "t_02" : -0.5455479,
  "fx" : 709.72314,
  "t_01" : 0.78430563,
  "t_11" : -0.07232727,
  "t_00" : -0.29536813,
  "cy" : 386.8938,
  "t_03" : -2.5713108,
  "t_20" : 0.26834688,
  "t_21" : 0.61614406,
  "t_22" : 0.740511,
  "center_depth" : 2.766096,
  "timestamp" : 235282376497,
  "fy" : 709.72314,
  "width" : 1024,
  "cx" : 514.228,
  "angular_velocity" : 3.4028235e+38,
  "manual_keyframe" : false,
  "t_23" : -2.8869026
}