{
  "t_22" : -0.09766102,
  "t_02" : -0.9496251,
  "t_10" : -0.9534421,
  "t_12" : 0.29778296,
  "t_03" : -3.118245,
  "cy" : 386.8073,
  "t_21" : 0.9919903,
  "angular_velocity" : 3.4028235e+38,
  "t_20" : -0.080111675,
  "center_depth" : 1.317822,
  "timestamp" : 235273046607,
  "manual_keyframe" : false,
  "fx" : 713.24097,
  "height" : 768,
  "t_23" : -0.6427306,
  "t_11" : -0.04768198,
  "t_01" : -0.11696998,
  "t_00" : -0.29074112,
  "fy" : 713.24097,
  "cx" : 514.0769,
  "width" : 1024,
  "t_13" : -0.060443554,
  "blur_score" : 40.91141
}