{
  "height" : 768,
  "t_13" : -0.07591997,
  "t_12" : 0.38310692,
  "t_10" : -0.9236476,
  "blur_score" : 100.4299,
  "fx" : 719.4208,
  "t_02" : -0.66395074,
  "t_01" : -0.6982303,
  "t_11" : -0.010221537,
  "t_00" : -0.26766393,
  "cy" : 387.24692,
  "t_03" : 0.7768136,
  "t_20" : -0.27428347,
  "t_21" : 0.7158002,
  "t_22" : -0.6421828,
  "center_depth" : 0.6254501,
  "timestamp" : 235215967561,
  "fy" : 719.4208,
  "width" : 1024,
  "cx" : 513.9498,
  "angular_velocity" : 3.4028235e+38,
  "manual_keyframe" : false,
  "t_23" : 6.8523126
}