{
  "t_23" : 6.3133388,
  "angular_velocity" : 3.4028235e+38,
  "fx" : 714.0621,
  "t_22" : -0.6069564,
  "blur_score" : 41.384735,
  "center_depth" : 1.184375,
  "t_20" : -0.7783615,
  "t_12" : 0.7870088,
  "cy" : 387.36295,
  "width" : 1024,
  "height" : 768,
  "timestamp" : 235203855324,
  "t_10" : -0.61676294,
  "t_02" : 0.11054992,
  "t_13" : -0.22088288,
  "t_21" : -0.16049205,
  "manual_keyframe" : false,
  "t_01" : -0.9869254,
  "fy" : 714.0621,
  "t_00" : 0.11729089,
  "t_11" : 0.014857326,
  "t_03" : 0.80844337,
  "cx" : 513.3875
}