{
  "t_22" : 0.8074973,
  "t_03" : 0.5310855,
  "t_10" : -0.9557052,
  "fy" : 711.1652,
  "t_13" : 0.0036511905,
  "t_00" : 0.141053,
  "t_01" : 0.84761477,
  "cx" : 514.3336,
  "cy" : 387.232,
  "t_21" : -0.53029877,
  "timestamp" : 235227979830,
  "width" : 1024,
  "manual_keyframe" : false,
  "t_12" : 0.29376,
  "t_23" : 5.2335086,
  "t_02" : 0.51152074,
  "angular_velocity" : 3.4028235e+38,
  "blur_score" : 86.14435,
  "center_depth" : 1.5709082,
  "t_11" : -0.018238517,
  "height" : 768,
  "t_20" : 0.25832468,
  "fx" : 711.1652
}