{
  "t_23" : -3.6039064,
  "t_10" : -0.9585737,
  "cx" : 514.74927,
  "cy" : 386.8768,
  "fx" : 710.55054,
  "t_01" : 0.9930256,
  "fy" : 710.55054,
  "t_13" : -0.036588684,
  "t_00" : 0.007891758,
  "timestamp" : 235284775612,
  "t_11" : -0.025984423,
  "angular_velocity" : 3.4028235e+38,
  "blur_score" : 35.91079,
  "t_21" : -0.115000464,
  "t_20" : 0.2847354,
  "t_02" : 0.11763513,
  "height" : 768,
  "manual_keyframe" : false,
  "t_12" : 0.28365704,
  "t_03" : -2.4850535,
  "center_depth" : 1.1942576,
  "t_22" : 0.9516832,
  "width" : 1024
}