{
  "t_01" : 0.9978385,
  "blur_score" : 111.65163,
  "t_02" : -0.06268278,
  "t_20" : -0.385041,
  "timestamp" : 235229929116,
  "fx" : 711.521,
  "cy" : 386.898,
  "angular_velocity" : 3.4028235e+38,
  "t_03" : 0.38701403,
  "t_00" : 0.019728346,
  "t_23" : 4.9136896,
  "center_depth" : 2.0806403,
  "t_13" : 0.25930807,
  "t_22" : 0.92057645,
  "height" : 768,
  "manual_keyframe" : false,
  "t_11" : -0.0059739836,
  "cx" : 514.24963,
  "fy" : 711.521,
  "t_21" : 0.06544197,
  "t_12" : -0.38549978,
  "width" : 1024,
  "t_10" : -0.92268866
}