{
  "t_22" : 0.6953946,
  "t_02" : 0.5850597,
  "t_10" : -0.9086715,
  "t_12" : 0.41729075,
  "t_03" : 0.05251499,
  "cy" : 387.02878,
  "t_21" : -0.63894665,
  "angular_velocity" : 3.4028235e+38,
  "t_20" : 0.32889754,
  "center_depth" : 1.0577446,
  "timestamp" : 235240808462,
  "manual_keyframe" : false,
  "fx" : 712.0229,
  "height" : 768,
  "t_23" : 2.2609766,
  "t_11" : -0.013581868,
  "t_01" : 0.7691311,
  "t_00" : 0.25718176,
  "fy" : 712.0229,
  "cx" : 514.3698,
  "width" : 1024,
  "t_13" : -0.10587459,
  "blur_score" : 82.03921
}