{
  "t_11" : -0.025494153,
  "fy" : 709.7437,
  "height" : 768,
  "t_01" : 0.82653797,
  "t_23" : -2.3303578,
  "t_10" : -0.8820467,
  "manual_keyframe" : false,
  "fx" : 709.7437,
  "t_21" : -0.56230336,
  "center_depth" : 1.800452,
  "timestamp" : 235280227291,
  "t_22" : 0.72277045,
  "t_00" : 0.24612139,
  "t_20" : 0.40176836,
  "angular_velocity" : 3.4028235e+38,
  "t_13" : -0.10294401,
  "cy" : 387.33673,
  "width" : 1024,
  "blur_score" : 66.31579,
  "cx" : 514.2044,
  "t_12" : 0.47047168,
  "t_02" : 0.50622064,
  "t_03" : -2.8996334
}