{
  "t_01" : -0.601109,
  "blur_score" : 58.09213,
  "t_02" : 0.55814284,
  "t_20" : -0.341207,
  "timestamp" : 235225164195,
  "fx" : 713.86194,
  "cy" : 386.7633,
  "angular_velocity" : 3.4028235e+38,
  "t_00" : 0.57196563,
  "t_03" : 0.7561372,
  "t_23" : 5.7209687,
  "center_depth" : 0.7213669,
  "t_13" : -0.08826111,
  "t_22" : -0.50451803,
  "height" : 768,
  "manual_keyframe" : false,
  "cx" : 513.6429,
  "t_11" : -0.09812475,
  "fy" : 713.86194,
  "t_21" : -0.7931202,
  "t_12" : 0.65874004,
  "width" : 1024,
  "t_10" : -0.7459445
}