{
  "fy" : 710.58234,
  "angular_velocity" : 3.4028235e+38,
  "t_10" : -0.98350596,
  "t_01" : 0.24926324,
  "t_02" : -0.9515613,
  "cy" : 386.88428,
  "cx" : 514.7171,
  "t_13" : 0.05948054,
  "t_00" : -0.17999804,
  "t_23" : 3.8207057,
  "timestamp" : 235234927285,
  "t_11" : -0.063110545,
  "fx" : 710.58234,
  "height" : 768,
  "width" : 1024,
  "manual_keyframe" : false,
  "t_03" : 0.72585934,
  "t_22" : 0.25651166,
  "t_12" : 0.1695088,
  "center_depth" : 2.5407941,
  "blur_score" : 77.01333,
  "t_20" : -0.017801233,
  "t_21" : 0.9663773
}