{
  "height" : 768,
  "t_13" : -0.086100474,
  "t_12" : 0.6597351,
  "t_10" : -0.7451971,
  "blur_score" : 53.341858,
  "fx" : 714.41315,
  "t_02" : 0.4494205,
  "t_01" : -0.74376667,
  "t_11" : -0.09711257,
  "t_00" : 0.4948054,
  "cy" : 386.78995,
  "t_03" : 0.7293442,
  "t_20" : -0.44704458,
  "t_21" : -0.66134727,
  "t_22" : -0.60230464,
  "center_depth" : 0.9197197,
  "timestamp" : 235224930947,
  "fy" : 714.41315,
  "width" : 1024,
  "cx" : 513.69196,
  "angular_velocity" : 3.4028235e+38,
  "manual_keyframe" : false,
  "t_23" : 5.7524624
}