{
  "t_22" : 0.13961892,
  "t_02" : -0.8796891,
  "t_10" : -0.8892546,
  "t_12" : -0.45459202,
  "cy" : 387.22653,
  "t_03" : 0.68796664,
  "t_21" : 0.98197794,
  "angular_velocity" : 3.4028235e+38,
  "t_20" : -0.12738189,
  "center_depth" : 1.9980981,
  "timestamp" : 235232528164,
  "manual_keyframe" : false,
  "fx" : 712.04034,
  "height" : 768,
  "t_23" : 4.46146,
  "t_11" : -0.050719354,
  "t_01" : 0.18206355,
  "t_00" : 0.43931794,
  "fy" : 712.04034,
  "cx" : 514.35675,
  "width" : 1024,
  "t_13" : 0.30499378,
  "blur_score" : 97.246475
}