{
  "t_01" : 0.20251594,
  "t_12" : 0.6020246,
  "t_20" : 0.15517065,
  "t_23" : 5.3510113,
  "t_10" : -0.79735804,
  "timestamp" : 235226530361,
  "t_22" : 0.13682613,
  "fy" : 711.8323,
  "t_11" : -0.042268272,
  "t_21" : -0.97836643,
  "fx" : 711.8323,
  "angular_velocity" : 3.4028235e+38,
  "t_03" : 0.6896335,
  "t_13" : -0.09322873,
  "blur_score" : 96.80108,
  "center_depth" : 1.0299594,
  "width" : 1024,
  "cy" : 386.92874,
  "height" : 768,
  "cx" : 513.79803,
  "t_00" : 0.5832173,
  "manual_keyframe" : false,
  "t_02" : 0.7866671
}