{
  "t_22" : 0.77842796,
  "t_02" : 0.57521623,
  "t_10" : -0.9675666,
  "t_12" : -0.25134927,
  "cy" : 387.16873,
  "t_03" : -2.3072045,
  "t_21" : -0.58881515,
  "angular_velocity" : 3.4028235e+38,
  "t_20" : -0.21759327,
  "center_depth" : 2.6385283,
  "timestamp" : 235249205380,
  "manual_keyframe" : false,
  "fx" : 708.8353,
  "height" : 768,
  "t_23" : 1.9302969,
  "t_11" : 0.025268832,
  "t_01" : 0.8078728,
  "t_00" : -0.1283283,
  "fy" : 708.8353,
  "cx" : 514.58905,
  "width" : 1024,
  "t_13" : 0.13782012,
  "blur_score" : 77.95905
}