{
  "height" : 768,
  "t_13" : 0.018620264,
  "t_12" : 0.099303626,
  "t_10" : -0.99497026,
  "blur_score" : 45.09751,
  "fx" : 713.81757,
  "t_02" : -0.99179125,
  "t_01" : -0.082257144,
  "t_11" : -0.013153107,
  "t_00" : -0.09789893,
  "cy" : 387.02954,
  "t_03" : -3.2056642,
  "t_20" : -0.021213565,
  "t_21" : 0.99652445,
  "t_22" : -0.08055576,
  "center_depth" : 1.3484219,
  "timestamp" : 235273463120,
  "fy" : 713.81757,
  "width" : 1024,
  "cx" : 514.61066,
  "angular_velocity" : 3.4028235e+38,
  "manual_keyframe" : false,
  "t_23" : -0.6486013
}