{
  "t_22" : 0.8502999,
  "t_03" : -2.417273,
  "t_10" : -0.997077,
  "fy" : 710.02014,
  "t_00" : -0.06278714,
  "cy" : 386.87296,
  "t_01" : 0.8479879,
  "cx" : 514.3366,
  "t_13" : 0.08246381,
  "t_21" : 0.5244951,
  "timestamp" : 235283909265,
  "width" : 1024,
  "manual_keyframe" : false,
  "t_12" : -0.003985977,
  "t_23" : -3.3037417,
  "t_02" : -0.5262837,
  "angular_velocity" : 3.4028235e+38,
  "blur_score" : 160.25475,
  "center_depth" : 1.8706912,
  "t_11" : -0.07629986,
  "height" : 768,
  "t_20" : -0.04353544,
  "fx" : 710.02014
}