{
  "t_23" : -3.8426666,
  "t_10" : -0.86053103,
  "cx" : 514.08234,
  "cy" : 386.9898,
  "fx" : 709.1593,
  "t_01" : -0.90709454,
  "fy" : 709.1593,
  "t_13" : -0.1513878,
  "t_00" : 0.238841,
  "timestamp" : 235292572718,
  "t_11" : -0.032330308,
  "angular_velocity" : 3.4028235e+38,
  "blur_score" : 55.436672,
  "t_21" : -0.41968337,
  "t_20" : -0.44993472,
  "t_02" : 0.34660408,
  "height" : 768,
  "manual_keyframe" : false,
  "t_12" : 0.50837094,
  "t_03" : -1.6575098,
  "center_depth" : 1.382276,
  "t_22" : -0.7883049,
  "width" : 1024
}