{
  "t_23" : -0.4161214,
  "t_10" : -0.9924579,
  "cx" : 514.61456,
  "cy" : 386.99316,
  "fx" : 708.5558,
  "t_13" : 0.12008318,
  "t_00" : 0.020836927,
  "fy" : 708.5558,
  "t_01" : 0.9274612,
  "timestamp" : 235268131753,
  "t_11" : -0.025931507,
  "angular_velocity" : 3.4028235e+38,
  "blur_score" : 65.88035,
  "t_21" : 0.37301907,
  "t_20" : -0.12080179,
  "t_02" : -0.3733383,
  "height" : 768,
  "manual_keyframe" : false,
  "t_12" : -0.11981155,
  "t_03" : -3.1906824,
  "center_depth" : 3.6263392,
  "t_22" : 0.9199259,
  "width" : 1024
}