{
  "t_23" : 5.050228,
  "angular_velocity" : 3.4028235e+38,
  "fx" : 713.2521,
  "t_22" : 0.90724766,
  "blur_score" : 99.96588,
  "center_depth" : 1.7291152,
  "t_20" : -0.22474453,
  "t_12" : -0.24389541,
  "cy" : 387.0773,
  "width" : 1024,
  "height" : 768,
  "timestamp" : 235229029446,
  "t_10" : -0.9697565,
  "t_02" : 0.34266165,
  "t_13" : 0.18964748,
  "t_21" : -0.35551634,
  "manual_keyframe" : false,
  "t_01" : 0.93462336,
  "t_00" : -0.09519664,
  "fy" : 713.2521,
  "t_11" : -0.009355604,
  "t_03" : 0.4263424,
  "cx" : 514.6506
}