{
  "t_22" : 0.7712372,
  "t_03" : -3.1467235,
  "t_10" : -0.86016333,
  "fy" : 712.1023,
  "t_13" : -0.15461053,
  "t_00" : -0.1881223,
  "t_01" : 0.90455455,
  "cx" : 514.1416,
  "cy" : 387.236,
  "t_21" : 0.4248108,
  "timestamp" : 235261567503,
  "width" : 1024,
  "manual_keyframe" : false,
  "t_12" : 0.50872594,
  "t_23" : 0.78717816,
  "t_02" : -0.38261122,
  "angular_velocity" : 3.4028235e+38,
  "blur_score" : 105.29401,
  "center_depth" : 1.3605365,
  "t_11" : 0.036292262,
  "height" : 768,
  "t_20" : 0.47405618,
  "fx" : 712.1023
}