{
  "height" : 768,
  "t_13" : -0.123435915,
  "t_12" : 0.40284142,
  "t_10" : -0.91036403,
  "blur_score" : 106.32306,
  "fx" : 710.0646,
  "t_02" : -0.77141863,
  "t_01" : 0.5703992,
  "t_11" : 0.094637595,
  "t_00" : -0.2820609,
  "cy" : 387.5121,
  "t_03" : -3.1315536,
  "t_20" : 0.30278558,
  "t_21" : 0.8158974,
  "t_22" : 0.49257737,
  "center_depth" : 0.98720336,
  "timestamp" : 235260434586,
  "fy" : 710.0646,
  "width" : 1024,
  "cx" : 514.42645,
  "angular_velocity" : 3.4028235e+38,
  "manual_keyframe" : false,
  "t_23" : 1.0482575
}