{
  "t_23" : 3.4277215,
  "t_10" : -0.7675208,
  "cx" : 514.1,
  "cy" : 386.98212,
  "fx" : 711.76715,
  "t_13" : -0.1545892,
  "t_00" : -0.63538516,
  "t_01" : 0.21363685,
  "fy" : 711.76715,
  "timestamp" : 235236326772,
  "t_11" : -0.06914343,
  "angular_velocity" : 3.4028235e+38,
  "blur_score" : 85.10928,
  "t_21" : 0.9744632,
  "t_20" : 0.08483917,
  "t_02" : -0.74205464,
  "height" : 768,
  "manual_keyframe" : false,
  "t_12" : 0.6372842,
  "t_03" : 0.73710066,
  "center_depth" : 1.8529427,
  "t_22" : 0.20790341,
  "width" : 1024
}