{
  "fy" : 710.89044,
  "angular_velocity" : 3.4028235e+38,
  "t_10" : -0.9978107,
  "t_01" : -0.64213955,
  "t_02" : -0.76372975,
  "cy" : 386.8209,
  "t_13" : 0.09644572,
  "cx" : 514.61475,
  "t_00" : 0.06613521,
  "t_23" : -3.6517,
  "timestamp" : 235299070294,
  "t_11" : -0.04256842,
  "fx" : 710.89044,
  "height" : 768,
  "width" : 1024,
  "manual_keyframe" : false,
  "t_03" : -1.2723817,
  "t_22" : -0.643549,
  "t_12" : -0.05061418,
  "center_depth" : 0.9696953,
  "blur_score" : 66.65319,
  "t_20" : -9.404629e-06,
  "t_21" : 0.7654049
}