{
  "t_22" : 0.770262,
  "t_02" : 0.45969707,
  "t_10" : -0.89650726,
  "t_12" : 0.44201243,
  "t_03" : 0.16303353,
  "cy" : 386.90182,
  "t_21" : -0.49949965,
  "angular_velocity" : 3.4028235e+38,
  "t_20" : 0.3964801,
  "center_depth" : 1.6363193,
  "timestamp" : 235240441930,
  "manual_keyframe" : false,
  "fx" : 712.41516,
  "height" : 768,
  "t_23" : 2.3790734,
  "t_11" : -0.0299938,
  "t_01" : 0.86579466,
  "t_00" : 0.197682,
  "fy" : 712.41516,
  "cx" : 514.2053,
  "width" : 1024,
  "t_13" : -0.114085555,
  "blur_score" : 87.764915
}