{
  "t_22" : 0.9163456,
  "t_03" : -2.4418867,
  "t_10" : -0.9737919,
  "fy" : 710.01215,
  "t_00" : -0.1429108,
  "t_13" : -0.0059865313,
  "t_01" : 0.93054336,
  "cy" : 386.65137,
  "cx" : 514.5692,
  "t_21" : 0.35917273,
  "timestamp" : 235284325778,
  "width" : 1024,
  "manual_keyframe" : false,
  "t_12" : 0.2159752,
  "t_23" : -3.4396122,
  "t_02" : -0.33714345,
  "angular_velocity" : 3.4028235e+38,
  "blur_score" : 60.08697,
  "center_depth" : 1.4996682,
  "t_11" : -0.07130321,
  "height" : 768,
  "t_20" : 0.17693488,
  "fx" : 710.01215
}