{
  "height" : 768,
  "t_13" : -0.10515546,
  "t_12" : 0.49642074,
  "t_10" : -0.8540687,
  "blur_score" : 64.51656,
  "t_02" : 0.021449111,
  "fx" : 710.6427,
  "t_01" : 0.9857518,
  "t_11" : -0.15534861,
  "t_00" : -0.16683365,
  "cy" : 386.53552,
  "t_03" : -2.7091808,
  "t_20" : 0.49267974,
  "t_21" : 0.06450068,
  "t_22" : 0.8678171,
  "center_depth" : 1.9672594,
  "timestamp" : 235281160280,
  "fy" : 710.6427,
  "width" : 1024,
  "cx" : 514.1065,
  "angular_velocity" : 3.4028235e+38,
  "manual_keyframe" : false,
  "t_23" : -2.5562189
}