{
  "blur_score" : 34.227898,
  "t_21" : 0.99286854,
  "center_depth" : 1.3046681,
  "height" : 768,
  "cy" : 386.73422,
  "t_00" : -0.54021204,
  "t_03" : -2.9774492,
  "t_12" : 0.5447244,
  "t_10" : -0.83306754,
  "t_22" : -0.0065185595,
  "angular_velocity" : 3.4028235e+38,
  "width" : 1024,
  "fx" : 713.25055,
  "t_01" : -0.070272304,
  "t_02" : -0.8385899,
  "fy" : 713.25055,
  "t_13" : -0.13998647,
  "timestamp" : 235272530131,
  "t_20" : -0.11903622,
  "t_23" : -0.6267876,
  "t_11" : -0.096301146,
  "manual_keyframe" : false,
  "cx" : 513.7092
}