{
  "t_22" : -0.8696095,
  "t_03" : 0.85359764,
  "t_10" : -0.9983244,
  "fy" : 714.70374,
  "t_00" : 0.014346842,
  "cy" : 387.31958,
  "t_01" : -0.87128484,
  "cx" : 514.59875,
  "t_13" : 0.059932396,
  "t_21" : -0.49054778,
  "timestamp" : 235206404393,
  "width" : 1024,
  "manual_keyframe" : false,
  "t_12" : 0.05588104,
  "t_23" : 5.9359627,
  "t_02" : 0.4905681,
  "angular_velocity" : 3.4028235e+38,
  "blur_score" : 133.8066,
  "center_depth" : 0.7210162,
  "t_11" : 0.015024535,
  "height" : 768,
  "t_20" : -0.056058858,
  "fx" : 714.70374
}