{
  "center_depth" : 4.17244,
  "t_22" : -0.5590668,
  "t_21" : -0.82060987,
  "t_23" : -3.7625303,
  "angular_velocity" : 3.4028235e+38,
  "t_00" : 0.16386166,
  "t_02" : 0.8040918,
  "t_20" : -0.11850642,
  "cx" : 514.69794,
  "t_13" : -0.017484559,
  "t_12" : 0.20219015,
  "cy" : 386.9967,
  "blur_score" : 101.3191,
  "fy" : 709.4261,
  "t_11" : 0.0036804401,
  "height" : 768,
  "timestamp" : 235288340959,
  "t_03" : -1.8539832,
  "manual_keyframe" : false,
  "t_01" : -0.5714769,
  "t_10" : -0.9793393,
  "fx" : 709.4261,
  "width" : 1024
}