{
  "t_01" : -0.8811522,
  "blur_score" : 113.436714,
  "t_02" : -0.45743647,
  "t_20" : 0.2387291,
  "timestamp" : 235217233764,
  "fx" : 718.1994,
  "cy" : 387.02295,
  "angular_velocity" : 3.4028235e+38,
  "t_03" : 0.7912481,
  "t_00" : 0.11967787,
  "t_23" : 6.7654734,
  "center_depth" : 1.114513,
  "t_13" : 0.19794998,
  "t_22" : -0.8482316,
  "height" : 768,
  "manual_keyframe" : false,
  "cx" : 514.6093,
  "t_11" : 0.0076888422,
  "fy" : 718.1994,
  "t_21" : 0.4727703,
  "t_12" : -0.26693678,
  "width" : 1024,
  "t_10" : -0.9636834
}