{
  "height" : 768,
  "t_13" : 0.23281437,
  "t_12" : -0.052907534,
  "t_10" : -0.9966438,
  "blur_score" : 100.81906,
  "fx" : 713.59515,
  "t_02" : -0.38855186,
  "t_01" : -0.9181051,
  "t_11" : -0.062465865,
  "t_00" : 0.07816991,
  "cy" : 387.0992,
  "t_03" : 0.7703048,
  "t_20" : 0.024303453,
  "t_21" : 0.39138353,
  "t_22" : -0.9199069,
  "center_depth" : 1.3741384,
  "timestamp" : 235210886087,
  "fy" : 713.59515,
  "width" : 1024,
  "cx" : 514.53467,
  "angular_velocity" : 3.4028235e+38,
  "manual_keyframe" : false,
  "t_23" : 6.4261346
}