{
  "t_22" : 0.72391504,
  "t_03" : -3.4700353,
  "t_10" : -0.96691966,
  "fy" : 709.46106,
  "t_00" : 0.13458273,
  "cy" : 387.02985,
  "t_01" : 0.75449497,
  "cx" : 514.53394,
  "t_13" : -0.04181391,
  "t_21" : -0.6549757,
  "timestamp" : 235264666362,
  "width" : 1024,
  "manual_keyframe" : false,
  "t_12" : 0.25163874,
  "t_23" : 0.14588387,
  "t_02" : 0.6423591,
  "angular_velocity" : 3.4028235e+38,
  "blur_score" : 120.39024,
  "center_depth" : 2.9106028,
  "t_11" : -0.041765332,
  "height" : 768,
  "t_20" : 0.21668848,
  "fx" : 709.46106
}