{
  "t_23" : -3.7899823,
  "t_10" : -0.97067505,
  "cx" : 514.6026,
  "cy" : 387.00165,
  "t_01" : 0.1424461,
  "fx" : 713.58887,
  "fy" : 713.58887,
  "t_00" : 0.23189422,
  "t_13" : -0.011815048,
  "timestamp" : 235286025150,
  "t_11" : -0.030550962,
  "angular_velocity" : 3.4028235e+38,
  "blur_score" : 89.89435,
  "t_21" : -0.9893309,
  "t_20" : 0.063363515,
  "t_02" : 0.96225476,
  "height" : 768,
  "manual_keyframe" : false,
  "t_12" : 0.238446,
  "t_03" : -2.4929667,
  "center_depth" : 2.5771868,
  "t_22" : 0.13118432,
  "width" : 1024
}