{
  "height" : 768,
  "t_13" : 0.20029917,
  "t_12" : 0.09133301,
  "t_10" : -0.99545676,
  "blur_score" : 103.32251,
  "fx" : 713.58563,
  "t_02" : -0.41308978,
  "t_01" : -0.9105935,
  "t_11" : -0.026911162,
  "t_00" : -0.01328396,
  "cy" : 386.95645,
  "t_03" : 0.7609779,
  "t_20" : -0.09428398,
  "t_21" : 0.41242623,
  "t_22" : -0.9060991,
  "center_depth" : 1.0421994,
  "timestamp" : 235211202638,
  "fy" : 713.58563,
  "width" : 1024,
  "cx" : 514.66046,
  "angular_velocity" : 3.4028235e+38,
  "manual_keyframe" : false,
  "t_23" : 6.479431
}