{
  "blur_score" : 32.388718,
  "t_21" : 0.9928623,
  "center_depth" : 1.2798874,
  "height" : 768,
  "t_10" : -0.88418466,
  "t_03" : -3.0106103,
  "cy" : 386.75977,
  "t_12" : 0.4612131,
  "t_00" : -0.45429492,
  "t_22" : -0.04889667,
  "angular_velocity" : 3.4028235e+38,
  "width" : 1024,
  "fx" : 712.8916,
  "t_01" : -0.09340563,
  "t_02" : -0.8859411,
  "fy" : 712.8916,
  "t_13" : -0.11349507,
  "timestamp" : 235272663415,
  "t_20" : -0.10878262,
  "t_23" : -0.6270659,
  "t_11" : -0.07416147,
  "manual_keyframe" : false,
  "cx" : 513.7375
}