{
  "t_21" : 0.22572744,
  "angular_velocity" : 3.4028235e+38,
  "t_03" : -3.305849,
  "t_20" : 0.32972583,
  "cy" : 387.2993,
  "t_02" : -0.21774837,
  "t_12" : 0.3350487,
  "fx" : 709.7517,
  "t_01" : 0.974068,
  "t_22" : 0.9166942,
  "t_00" : -0.061460752,
  "t_13" : -0.06812799,
  "center_depth" : 3.47145,
  "cx" : 514.33545,
  "width" : 1024,
  "manual_keyframe" : false,
  "blur_score" : 101.53383,
  "t_23" : 0.41541326,
  "t_11" : 0.015456549,
  "timestamp" : 235262917006,
  "t_10" : -0.94207406,
  "height" : 768,
  "fy" : 709.7517
}