{
  "blur_score" : 89.147865,
  "t_21" : -0.99372774,
  "center_depth" : 1.0687262,
  "height" : 768,
  "t_10" : -0.7610041,
  "t_03" : 0.73587614,
  "cy" : 386.92175,
  "t_12" : 0.6460561,
  "t_00" : 0.6485302,
  "t_22" : -0.11056077,
  "angular_velocity" : 3.4028235e+38,
  "width" : 1024,
  "fx" : 712.39606,
  "t_01" : -0.094978236,
  "t_02" : 0.7552403,
  "fy" : 712.39606,
  "t_13" : -0.09250826,
  "timestamp" : 235225980562,
  "t_20" : -0.01678035,
  "t_23" : 5.504347,
  "t_11" : -0.05902878,
  "manual_keyframe" : false,
  "cx" : 513.8016
}