{
  "center_depth" : 1.8255211,
  "t_22" : -0.045222905,
  "t_21" : 0.9945088,
  "t_23" : 3.273073,
  "angular_velocity" : 3.4028235e+38,
  "t_00" : -0.6361753,
  "t_02" : -0.76565033,
  "t_20" : -0.09437651,
  "cx" : 513.5315,
  "t_13" : -0.15567385,
  "t_12" : 0.6416654,
  "cy" : 387.014,
  "blur_score" : 110.12834,
  "fy" : 711.78143,
  "t_11" : -0.043489706,
  "height" : 768,
  "timestamp" : 235237542993,
  "t_03" : 0.58522886,
  "manual_keyframe" : false,
  "t_01" : -0.0951876,
  "t_10" : -0.76575065,
  "fx" : 711.78143,
  "width" : 1024
}