{
  "height" : 768,
  "t_13" : -0.023971215,
  "t_12" : 0.20673308,
  "t_10" : -0.9779486,
  "blur_score" : 42.91375,
  "fx" : 713.57294,
  "t_02" : -0.9735277,
  "t_01" : -0.105834216,
  "t_11" : -0.02963398,
  "t_00" : -0.20259151,
  "cy" : 386.92743,
  "t_03" : -3.1656654,
  "t_20" : -0.050728936,
  "t_21" : 0.99394214,
  "t_22" : -0.097496845,
  "center_depth" : 1.2933258,
  "timestamp" : 235273246534,
  "fy" : 713.57294,
  "width" : 1024,
  "cx" : 514.3669,
  "angular_velocity" : 3.4028235e+38,
  "manual_keyframe" : false,
  "t_23" : -0.6463939
}