{
  "blur_score" : 62.25015,
  "t_21" : -0.9503518,
  "center_depth" : 3.726062,
  "height" : 768,
  "t_10" : -0.9924736,
  "t_00" : 0.122206144,
  "cy" : 386.99673,
  "t_12" : 0.11371629,
  "t_03" : -2.2540596,
  "t_22" : -0.31107834,
  "angular_velocity" : 3.4028235e+38,
  "width" : 1024,
  "fx" : 710.90796,
  "t_01" : -0.30784214,
  "t_02" : 0.9435566,
  "fy" : 710.90796,
  "t_13" : 0.01809356,
  "timestamp" : 235287008119,
  "t_20" : 0.007869405,
  "t_23" : -3.6831918,
  "t_11" : -0.045440897,
  "manual_keyframe" : false,
  "cx" : 514.60626
}