{
  "center_depth" : 1.3126339,
  "t_22" : 0.6652136,
  "t_21" : -0.7138941,
  "t_23" : -3.7501693,
  "angular_velocity" : 3.4028235e+38,
  "t_00" : 0.15212785,
  "t_02" : 0.69941723,
  "t_20" : 0.21873765,
  "cx" : 514.47125,
  "t_13" : -0.029108733,
  "t_12" : 0.26135546,
  "cy" : 386.929,
  "blur_score" : 55.508118,
  "fy" : 714.7879,
  "t_11" : -0.051791355,
  "height" : 768,
  "timestamp" : 235285358730,
  "t_03" : -2.532922,
  "manual_keyframe" : false,
  "t_01" : 0.69833577,
  "t_10" : -0.9638522,
  "fx" : 714.7879,
  "width" : 1024
}