{
  "t_01" : 0.5435928,
  "blur_score" : 120.84631,
  "t_02" : -0.7707074,
  "t_20" : -0.18954125,
  "timestamp" : 235231628494,
  "fx" : 710.30914,
  "cy" : 387.27234,
  "angular_velocity" : 3.4028235e+38,
  "t_03" : 0.5102383,
  "t_00" : 0.3324413,
  "t_23" : 4.6542816,
  "center_depth" : 2.4812593,
  "t_13" : 0.25084046,
  "t_22" : 0.51001775,
  "height" : 768,
  "manual_keyframe" : false,
  "t_11" : 0.023470124,
  "cx" : 514.4433,
  "fy" : 710.30914,
  "t_21" : 0.839021,
  "t_12" : -0.38195848,
  "width" : 1024,
  "t_10" : -0.9238815
}