{
  "t_01" : -0.59860027,
  "blur_score" : 84.005516,
  "t_02" : -0.6249296,
  "t_20" : -0.34500143,
  "timestamp" : 235215601028,
  "fx" : 719.69867,
  "cy" : 387.37708,
  "angular_velocity" : 3.4028235e+38,
  "t_03" : 0.7792943,
  "t_00" : -0.5011395,
  "t_23" : 6.856407,
  "center_depth" : 0.7633942,
  "t_13" : -0.15849824,
  "t_22" : -0.49009866,
  "height" : 768,
  "manual_keyframe" : false,
  "t_11" : 0.030006172,
  "cx" : 513.11566,
  "fy" : 719.69867,
  "t_21" : 0.80048573,
  "t_12" : 0.6076729,
  "width" : 1024,
  "t_10" : -0.7936204
}