{
  "fy" : 713.5809,
  "angular_velocity" : 3.4028235e+38,
  "t_10" : -0.7009793,
  "t_01" : -0.99465805,
  "t_02" : 0.09000467,
  "cy" : 387.30646,
  "cx" : 513.8044,
  "t_13" : -0.15946355,
  "t_00" : 0.05054449,
  "t_23" : 6.4063807,
  "timestamp" : 235203138920,
  "t_11" : 0.028860621,
  "fx" : 713.5809,
  "height" : 768,
  "width" : 1024,
  "manual_keyframe" : false,
  "t_03" : 0.8408919,
  "t_22" : -0.695776,
  "t_12" : 0.7125974,
  "center_depth" : 0.8821791,
  "blur_score" : 37.939934,
  "t_20" : -0.7113884,
  "t_21" : -0.099109285
}