{
  "t_22" : 0.7237288,
  "t_02" : 0.68685675,
  "t_10" : -0.9974731,
  "t_12" : -0.066668555,
  "t_03" : -2.2529721,
  "cy" : 387.1553,
  "t_21" : -0.68936974,
  "angular_velocity" : 3.4028235e+38,
  "t_20" : -0.03140285,
  "center_depth" : 5.118692,
  "timestamp" : 235248638922,
  "manual_keyframe" : false,
  "fx" : 708.83215,
  "height" : 768,
  "t_23" : 1.9453546,
  "t_11" : -0.024553524,
  "t_01" : 0.7239934,
  "t_00" : -0.063729376,
  "fy" : 708.83215,
  "cx" : 514.6962,
  "width" : 1024,
  "t_13" : 0.08255467,
  "blur_score" : 84.40952
}