{
  "blur_score" : 72.62491,
  "t_21" : 0.4275297,
  "center_depth" : 1.8901241,
  "height" : 768,
  "t_10" : -0.98326766,
  "t_00" : 0.008797577,
  "cy" : 386.8783,
  "t_12" : -0.16773954,
  "t_03" : -2.9340384,
  "t_22" : 0.8855005,
  "angular_velocity" : 3.4028235e+38,
  "width" : 1024,
  "fx" : 712.05304,
  "t_01" : 0.9012049,
  "t_02" : -0.43330422,
  "fy" : 712.05304,
  "t_13" : 0.15381223,
  "timestamp" : 235275895557,
  "t_20" : -0.18195455,
  "t_23" : -0.9706394,
  "t_11" : -0.07105139,
  "manual_keyframe" : false,
  "cx" : 514.5423
}