{
  "t_20" : -0.11720171,
  "timestamp" : 235201172971,
  "fx" : 712.7264,
  "center_depth" : 1.0506834,
  "manual_keyframe" : false,
  "t_23" : 6.4605327,
  "t_13" : 0.22109462,
  "cy" : 387.07797,
  "blur_score" : 204.87788,
  "height" : 768,
  "t_10" : -0.9902998,
  "t_02" : 0.14682037,
  "t_00" : 0.07463324,
  "t_22" : -0.9809557,
  "t_01" : -0.9863436,
  "t_21" : -0.15488662,
  "angular_velocity" : 3.4028235e+38,
  "t_12" : 0.12716083,
  "fy" : 712.7264,
  "t_03" : 0.8254632,
  "width" : 1024,
  "t_11" : -0.056004293,
  "cx" : 514.6732
}