{
  "t_23" : 5.9564295,
  "angular_velocity" : 3.4028235e+38,
  "fx" : 712.71216,
  "t_22" : -0.76956594,
  "blur_score" : 67.35101,
  "center_depth" : 1.5592548,
  "t_20" : -0.517567,
  "t_12" : 0.5632634,
  "cy" : 387.12497,
  "width" : 1024,
  "height" : 768,
  "timestamp" : 235205454739,
  "t_10" : -0.8261273,
  "t_02" : 0.30083674,
  "t_13" : -0.13079341,
  "t_21" : -0.37402245,
  "manual_keyframe" : false,
  "t_01" : -0.92728597,
  "fy" : 712.71216,
  "t_00" : 0.22279635,
  "t_03" : 0.80398124,
  "t_11" : -0.015753318,
  "cx" : 513.7625
}