{
  "t_01" : 0.8967364,
  "blur_score" : 93.0728,
  "t_02" : 0.43887064,
  "t_20" : -0.0676394,
  "timestamp" : 235228679574,
  "fx" : 713.854,
  "cy" : 387.16757,
  "angular_velocity" : 3.4028235e+38,
  "t_03" : 0.4461615,
  "t_00" : -0.057067256,
  "t_23" : 5.1153746,
  "center_depth" : 1.8118973,
  "t_13" : 0.13983727,
  "t_22" : 0.8944369,
  "height" : 768,
  "manual_keyframe" : false,
  "cx" : 514.6318,
  "t_11" : -0.0213581,
  "fy" : 713.854,
  "t_21" : -0.44204962,
  "t_12" : -0.08588126,
  "width" : 1024,
  "t_10" : -0.99607646
}