{
  "t_11" : 0.007997404,
  "fy" : 714.9213,
  "height" : 768,
  "t_01" : 0.6549961,
  "t_23" : 2.9725487,
  "t_10" : -0.832875,
  "manual_keyframe" : false,
  "fx" : 714.9213,
  "t_21" : 0.7555901,
  "center_depth" : 0.601526,
  "timestamp" : 235238742552,
  "t_22" : 0.5422204,
  "t_00" : -0.4138098,
  "t_20" : 0.36753345,
  "angular_velocity" : 3.4028235e+38,
  "t_13" : -0.12721245,
  "cy" : 387.04022,
  "width" : 1024,
  "blur_score" : 28.666153,
  "cx" : 513.9573,
  "t_12" : 0.5534035,
  "t_02" : -0.63225144,
  "t_03" : 0.37644172
}