{
  "blur_score" : 63.253,
  "t_21" : 0.34900522,
  "center_depth" : 2.207368,
  "height" : 768,
  "t_10" : -0.9961624,
  "t_00" : 0.059450023,
  "t_03" : -2.3794625,
  "t_12" : -0.080906995,
  "cy" : 387.23422,
  "t_22" : 0.93491673,
  "angular_velocity" : 3.4028235e+38,
  "width" : 1024,
  "fx" : 709.4118,
  "t_01" : 0.93652594,
  "t_02" : -0.3455213,
  "fy" : 709.4118,
  "t_13" : 0.08145423,
  "timestamp" : 235251271288,
  "t_20" : -0.064235955,
  "t_23" : 1.6824179,
  "t_11" : 0.03338592,
  "manual_keyframe" : false,
  "cx" : 514.6298
}