{
  "t_23" : -0.61667466,
  "t_10" : -0.7659791,
  "cx" : 513.76483,
  "cy" : 386.8501,
  "fx" : 712.42,
  "t_13" : -0.1950002,
  "t_00" : -0.6416834,
  "fy" : 712.42,
  "t_01" : 0.14966913,
  "timestamp" : 235271680445,
  "t_11" : -0.075226605,
  "angular_velocity" : 3.4028235e+38,
  "blur_score" : 41.516777,
  "t_21" : 0.98587024,
  "t_20" : 0.0389688,
  "t_02" : -0.75222456,
  "height" : 768,
  "manual_keyframe" : false,
  "t_12" : 0.638449,
  "t_03" : -3.0251813,
  "center_depth" : 1.4716855,
  "t_22" : 0.16291507,
  "width" : 1024
}