{
  "t_23" : 6.7503552,
  "angular_velocity" : 3.4028235e+38,
  "fx" : 724.04724,
  "t_22" : -0.7871143,
  "blur_score" : 79.96474,
  "center_depth" : 0.6488774,
  "t_20" : -0.48224035,
  "t_12" : 0.53059494,
  "cy" : 387.11688,
  "width" : 1024,
  "height" : 768,
  "timestamp" : 235220832447,
  "t_10" : -0.84729975,
  "t_02" : 0.31451595,
  "t_13" : 0.10449927,
  "t_21" : -0.38457194,
  "manual_keyframe" : false,
  "t_01" : -0.922796,
  "t_00" : 0.22254764,
  "fy" : 724.04724,
  "t_03" : 0.76944214,
  "t_11" : -0.023498125,
  "cx" : 514.2884
}