{
  "t_21" : 0.6555211,
  "angular_velocity" : 3.4028235e+38,
  "t_03" : -3.1029353,
  "t_20" : 0.40501004,
  "cy" : 387.48456,
  "t_02" : -0.5807314,
  "t_12" : 0.50645036,
  "fx" : 711.48914,
  "t_01" : 0.7541305,
  "t_22" : 0.6373847,
  "t_00" : -0.3066568,
  "t_13" : -0.15840133,
  "center_depth" : 1.509528,
  "cx" : 514.2483,
  "width" : 1024,
  "manual_keyframe" : false,
  "blur_score" : 82.93854,
  "t_23" : 0.8861866,
  "t_11" : 0.039743662,
  "timestamp" : 235261034366,
  "t_10" : -0.8613528,
  "height" : 768,
  "fy" : 711.48914
}