{
  "t_22" : 0.37324768,
  "t_02" : 0.8922531,
  "t_10" : -0.9669417,
  "t_12" : 0.2541079,
  "cy" : 387.01382,
  "t_03" : -2.0781374,
  "t_21" : -0.9201531,
  "angular_velocity" : 3.4028235e+38,
  "t_20" : 0.118341155,
  "center_depth" : 4.056866,
  "timestamp" : 235247639289,
  "manual_keyframe" : false,
  "fx" : 708.5875,
  "height" : 768,
  "t_23" : 1.9012467,
  "t_11" : -0.021283207,
  "t_01" : 0.39098012,
  "t_00" : 0.22587426,
  "fy" : 708.5875,
  "cx" : 514.6194,
  "width" : 1024,
  "t_13" : -0.024905544,
  "blur_score" : 155.684
}