{
  "t_22" : -0.8984457,
  "t_03" : 0.7888386,
  "t_10" : -0.94736373,
  "fy" : 715.87427,
  "t_00" : -0.117703155,
  "cy" : 387.155,
  "t_01" : -0.94635695,
  "t_13" : 0.2567578,
  "cx" : 514.53046,
  "t_21" : -0.32271922,
  "timestamp" : 235218366683,
  "width" : 1024,
  "manual_keyframe" : false,
  "t_12" : -0.31975138,
  "t_23" : 6.7109084,
  "t_02" : 0.3009229,
  "angular_velocity" : 3.4028235e+38,
  "blur_score" : 97.26704,
  "center_depth" : 1.245018,
  "t_11" : 0.016153714,
  "height" : 768,
  "t_20" : 0.29773793,
  "fx" : 715.87427
}