{
  "t_22" : -0.81484056,
  "t_02" : -0.23420309,
  "t_10" : -0.8473791,
  "t_12" : 0.53026783,
  "t_03" : -1.6113961,
  "cy" : 387.16187,
  "t_21" : 0.25946784,
  "angular_velocity" : 3.4028235e+38,
  "t_20" : -0.51837397,
  "center_depth" : 1.5463558,
  "timestamp" : 235293638988,
  "manual_keyframe" : false,
  "fx" : 710.3758,
  "height" : 768,
  "t_23" : -3.9503477,
  "t_11" : -0.027654633,
  "t_01" : -0.9653557,
  "t_00" : -0.11505336,
  "fy" : 710.3758,
  "cx" : 514.2029,
  "width" : 1024,
  "t_13" : -0.123421,
  "blur_score" : 72.46751
}