{
  "fy" : 712.6709,
  "angular_velocity" : 3.4028235e+38,
  "t_10" : -0.92882764,
  "t_01" : -0.9047074,
  "t_13" : -0.05806443,
  "t_02" : 0.40305912,
  "cx" : 514.073,
  "cy" : 387.05627,
  "t_00" : 0.13801514,
  "t_23" : 5.951785,
  "timestamp" : 235205787951,
  "t_11" : 0.023053495,
  "fx" : 712.6709,
  "height" : 768,
  "width" : 1024,
  "manual_keyframe" : false,
  "t_03" : 0.81835717,
  "t_22" : -0.83713543,
  "t_12" : 0.36979428,
  "center_depth" : 0.70283544,
  "blur_score" : 87.73953,
  "t_20" : -0.34384754,
  "t_21" : -0.42540962
}