{
  "center_depth" : 1.9338406,
  "t_22" : 0.42189127,
  "t_21" : 0.9021459,
  "t_23" : 1.649629,
  "angular_velocity" : 3.4028235e+38,
  "t_00" : 0.20837848,
  "t_02" : -0.8777937,
  "t_20" : -0.0902251,
  "cx" : 514.65643,
  "t_13" : 0.14219461,
  "t_12" : -0.22690575,
  "cy" : 387.2594,
  "blur_score" : 89.6369,
  "fy" : 710.3107,
  "t_11" : 0.008714037,
  "height" : 768,
  "timestamp" : 235254486773,
  "t_03" : -2.5258381,
  "manual_keyframe" : false,
  "t_01" : 0.4313431,
  "t_10" : -0.9738778,
  "fx" : 710.3107,
  "width" : 1024
}