{
  "t_21" : 0.8937274,
  "angular_velocity" : 3.4028235e+38,
  "t_03" : -2.4639833,
  "t_20" : 0.09506783,
  "fx" : 710.0296,
  "cy" : 387.1508,
  "t_02" : -0.88001096,
  "t_12" : 0.18266742,
  "t_01" : 0.44836083,
  "t_22" : 0.43842152,
  "t_00" : -0.15669513,
  "t_13" : -0.006967884,
  "center_depth" : 1.6295434,
  "cx" : 514.57434,
  "width" : 1024,
  "manual_keyframe" : false,
  "blur_score" : 114.536804,
  "t_23" : 1.7098058,
  "t_11" : 0.014962209,
  "timestamp" : 235253703728,
  "t_10" : -0.9830609,
  "height" : 768,
  "fy" : 710.0296
}