{
  "height" : 768,
  "t_13" : 0.08906682,
  "t_12" : -0.024798209,
  "t_10" : -0.99817425,
  "blur_score" : 55.913006,
  "t_02" : -0.8445473,
  "fx" : 712.09906,
  "t_01" : -0.53310454,
  "t_11" : -0.055074796,
  "t_00" : 0.050395895,
  "cy" : 386.85126,
  "t_03" : -1.2280527,
  "t_20" : -0.033293232,
  "t_21" : 0.84425503,
  "t_22" : -0.53490674,
  "center_depth" : 0.778923,
  "timestamp" : 235299220238,
  "fy" : 712.09906,
  "width" : 1024,
  "cx" : 514.52277,
  "angular_velocity" : 3.4028235e+38,
  "manual_keyframe" : false,
  "t_23" : -3.6732137
}