{
  "height" : 768,
  "t_13" : -0.11007815,
  "t_12" : 0.46142766,
  "t_10" : -0.8871334,
  "blur_score" : 87.00953,
  "t_02" : 0.68021667,
  "fx" : 708.8861,
  "t_01" : -0.6384068,
  "t_11" : -0.008885132,
  "t_00" : 0.3601974,
  "cy" : 386.9867,
  "t_03" : -1.6682686,
  "t_20" : -0.28853476,
  "t_21" : -0.769648,
  "t_22" : -0.5695524,
  "center_depth" : 2.424487,
  "timestamp" : 235291872978,
  "fy" : 708.8861,
  "width" : 1024,
  "cx" : 514.4776,
  "angular_velocity" : 3.4028235e+38,
  "manual_keyframe" : false,
  "t_23" : -3.810881
}