{
  "t_22" : 0.8586678,
  "t_02" : 0.42276564,
  "t_10" : -0.95670223,
  "t_12" : -0.28975704,
  "cy" : 387.3036,
  "t_03" : -2.3374908,
  "t_21" : -0.43403476,
  "angular_velocity" : 3.4028235e+38,
  "t_20" : -0.2725871,
  "center_depth" : 2.3781,
  "timestamp" : 235249538591,
  "manual_keyframe" : false,
  "fx" : 708.8655,
  "height" : 768,
  "t_23" : 1.8718984,
  "t_11" : 0.027600631,
  "t_01" : 0.90047336,
  "t_00" : -0.10206487,
  "fy" : 708.8655,
  "cx" : 514.49603,
  "width" : 1024,
  "t_13" : 0.14281207,
  "blur_score" : 80.47376
}