{
  "blur_score" : 92.74261,
  "t_21" : 0.6839595,
  "center_depth" : 1.9862334,
  "height" : 768,
  "t_10" : -0.9454964,
  "t_03" : -2.514648,
  "t_00" : -0.21304701,
  "t_12" : 0.3253404,
  "cy" : 387.16147,
  "t_22" : 0.6866964,
  "angular_velocity" : 3.4028235e+38,
  "width" : 1024,
  "fx" : 709.68335,
  "t_01" : 0.7293896,
  "t_02" : -0.6500783,
  "fy" : 709.68335,
  "t_13" : -0.05615502,
  "timestamp" : 235252554150,
  "t_20" : 0.24626747,
  "t_23" : 1.7223115,
  "t_11" : 0.013794556,
  "manual_keyframe" : false,
  "cx" : 514.6165
}