{
  "height" : 768,
  "t_13" : -0.020122167,
  "t_12" : 0.6353356,
  "t_10" : -0.7658118,
  "blur_score" : 56.361298,
  "t_02" : -0.4285438,
  "fx" : 715.62335,
  "t_01" : -0.7795871,
  "t_11" : 0.0994034,
  "t_00" : -0.4567215,
  "cy" : 387.3086,
  "t_03" : 0.83302665,
  "t_20" : -0.4527007,
  "t_21" : 0.6183552,
  "t_22" : -0.6424166,
  "center_depth" : 0.78259367,
  "timestamp" : 235212735411,
  "fy" : 715.62335,
  "width" : 1024,
  "cx" : 514.18475,
  "angular_velocity" : 3.4028235e+38,
  "manual_keyframe" : false,
  "t_23" : 6.7640905
}