{
  "t_23" : 3.5704355,
  "t_10" : -0.8748386,
  "cx" : 514.39905,
  "cy" : 386.80026,
  "fx" : 710.86505,
  "t_13" : -0.09070288,
  "fy" : 710.86505,
  "t_01" : 0.31017134,
  "t_00" : -0.4702679,
  "timestamp" : 235235793634,
  "t_11" : -0.040557828,
  "angular_velocity" : 3.4028235e+38,
  "blur_score" : 82.15715,
  "t_21" : 0.9498152,
  "t_20" : 0.11621424,
  "t_02" : -0.8262216,
  "height" : 768,
  "manual_keyframe" : false,
  "t_12" : 0.48271385,
  "t_03" : 0.7363467,
  "center_depth" : 1.9351021,
  "t_22" : 0.2904229,
  "width" : 1024
}