{
  "height" : 768,
  "t_13" : -0.21435055,
  "t_12" : 0.8138618,
  "t_10" : -0.5776046,
  "blur_score" : 64.158455,
  "t_02" : -0.5087021,
  "fx" : 720.01154,
  "t_01" : -0.40281862,
  "t_11" : 0.06326047,
  "t_00" : -0.7608938,
  "cy" : 387.96445,
  "t_03" : 0.791356,
  "t_20" : -0.29565796,
  "t_21" : 0.91309094,
  "t_22" : -0.28080443,
  "center_depth" : 0.687324,
  "timestamp" : 235215201175,
  "fy" : 720.01154,
  "width" : 1024,
  "cx" : 512.20807,
  "angular_velocity" : 3.4028235e+38,
  "manual_keyframe" : false,
  "t_23" : 6.8496284
}