{
  "t_23" : 6.7049217,
  "angular_velocity" : 3.4028235e+38,
  "fx" : 719.9465,
  "t_22" : -0.9041499,
  "blur_score" : 104.99916,
  "center_depth" : 0.6311288,
  "t_20" : -0.12457715,
  "t_12" : 0.14534959,
  "cy" : 387.1505,
  "width" : 1024,
  "height" : 768,
  "timestamp" : 235219732850,
  "t_10" : -0.9891774,
  "t_02" : 0.4017297,
  "t_13" : 0.25244325,
  "t_21" : -0.40864873,
  "manual_keyframe" : false,
  "t_01" : -0.91247183,
  "fy" : 719.9465,
  "t_00" : 0.07751517,
  "t_11" : -0.020038977,
  "t_03" : 0.76124823,
  "cx" : 514.6306
}