{
  "fy" : 719.1476,
  "angular_velocity" : 3.4028235e+38,
  "t_10" : -0.9835747,
  "t_01" : -0.76588106,
  "t_13" : 0.010695032,
  "cy" : 387.10672,
  "cx" : 514.35693,
  "t_02" : -0.6380706,
  "t_00" : -0.07932387,
  "t_23" : 6.8353868,
  "timestamp" : 235216350754,
  "t_11" : -0.043977305,
  "fx" : 719.1476,
  "height" : 768,
  "width" : 1024,
  "manual_keyframe" : false,
  "t_03" : 0.78556323,
  "t_22" : -0.7498128,
  "t_12" : 0.17506267,
  "center_depth" : 0.70123947,
  "blur_score" : 116.666176,
  "t_20" : -0.16213782,
  "t_21" : 0.64147663
}