{
  "blur_score" : 96.670296,
  "t_21" : -0.86071616,
  "center_depth" : 4.0359898,
  "height" : 768,
  "cy" : 387.13147,
  "t_00" : 0.15977246,
  "t_03" : -2.0289223,
  "t_12" : 0.17324802,
  "t_10" : -0.98465157,
  "t_22" : -0.50421596,
  "angular_velocity" : 3.4028235e+38,
  "width" : 1024,
  "fx" : 709.94226,
  "t_01" : -0.5086466,
  "t_02" : 0.8460211,
  "fy" : 709.94226,
  "t_13" : -0.013484315,
  "timestamp" : 235287774502,
  "t_20" : -0.07024391,
  "t_23" : -3.715791,
  "t_11" : -0.02113199,
  "manual_keyframe" : false,
  "cx" : 514.6028
}