{
  "t_02" : -0.9666867,
  "t_12" : -0.25531995,
  "t_20" : -0.0833203,
  "t_23" : 4.2031918,
  "t_10" : -0.9630968,
  "timestamp" : 235233527798,
  "t_22" : -0.01812905,
  "fy" : 713.565,
  "t_11" : -0.08518445,
  "t_21" : 0.996358,
  "fx" : 713.565,
  "angular_velocity" : 3.4028235e+38,
  "t_13" : 0.25470063,
  "t_03" : 0.6874256,
  "blur_score" : 59.9432,
  "center_depth" : 2.6751723,
  "width" : 1024,
  "cy" : 386.89218,
  "height" : 768,
  "cx" : 514.309,
  "t_00" : 0.25593433,
  "manual_keyframe" : false,
  "t_01" : 0.0038133147
}