{
  "t_23" : -0.55313015,
  "t_10" : -0.78848064,
  "cx" : 514.1975,
  "cy" : 386.82584,
  "fx" : 711.49866,
  "t_13" : -0.18304472,
  "t_01" : 0.25872818,
  "t_00" : -0.60758644,
  "fy" : 711.49866,
  "timestamp" : 235270430906,
  "t_11" : -0.08269714,
  "angular_velocity" : 3.4028235e+38,
  "blur_score" : 50.23449,
  "t_21" : 0.9624038,
  "t_20" : 0.095588386,
  "t_02" : -0.7509319,
  "height" : 768,
  "manual_keyframe" : false,
  "t_12" : 0.60947484,
  "t_03" : -3.21278,
  "center_depth" : 1.545394,
  "t_22" : 0.25424784,
  "width" : 1024
}