{
  "t_23" : 6.1015515,
  "angular_velocity" : 3.4028235e+38,
  "fx" : 713.83344,
  "t_22" : -0.62123424,
  "blur_score" : 47.019688,
  "center_depth" : 1.4756235,
  "t_20" : -0.7155654,
  "t_12" : 0.7534953,
  "cy" : 387.1693,
  "width" : 1024,
  "height" : 768,
  "timestamp" : 235204721674,
  "t_10" : -0.6574132,
  "t_02" : 0.21520497,
  "t_13" : -0.2290163,
  "t_21" : -0.31942838,
  "manual_keyframe" : false,
  "t_01" : -0.94758254,
  "fy" : 713.83344,
  "t_00" : 0.23616587,
  "t_03" : 0.7819625,
  "t_11" : 0.0072789188,
  "cx" : 513.24243
}