{
  "t_23" : 6.4570403,
  "angular_velocity" : 3.4028235e+38,
  "fx" : 713.5793,
  "t_22" : -0.79396576,
  "blur_score" : 50.43584,
  "center_depth" : 1.0589089,
  "t_20" : -0.600498,
  "t_12" : 0.6021018,
  "cy" : 387.18277,
  "width" : 1024,
  "height" : 768,
  "timestamp" : 235202672423,
  "t_10" : -0.798297,
  "t_02" : 0.08421425,
  "t_13" : -0.07235254,
  "t_21" : -0.09497827,
  "manual_keyframe" : false,
  "t_01" : -0.99538124,
  "t_00" : 0.046089027,
  "fy" : 713.5793,
  "t_11" : 0.013977378,
  "t_03" : 0.8495119,
  "cx" : 514.21295
}