{
  "t_21" : -0.9990128,
  "angular_velocity" : 3.4028235e+38,
  "t_03" : -1.7124531,
  "t_20" : 0.043409348,
  "fx" : 708.883,
  "cy" : 386.94684,
  "t_12" : 0.07279087,
  "t_02" : 0.99730265,
  "t_01" : 0.012567772,
  "t_22" : 0.009441628,
  "t_00" : 0.07231671,
  "t_13" : 0.05084538,
  "center_depth" : 3.9970613,
  "cx" : 514.64185,
  "width" : 1024,
  "manual_keyframe" : false,
  "blur_score" : 116.47376,
  "t_23" : 1.9820168,
  "t_11" : -0.04260946,
  "timestamp" : 235246339766,
  "t_10" : -0.99643666,
  "height" : 768,
  "fy" : 708.883
}