{
  "t_11" : -0.16168883,
  "fy" : 710.67126,
  "height" : 768,
  "t_01" : 0.9807731,
  "t_23" : -2.5162144,
  "t_10" : -0.86189204,
  "manual_keyframe" : false,
  "fx" : 710.67126,
  "t_21" : -0.10927348,
  "center_depth" : 2.2222118,
  "timestamp" : 235280927033,
  "t_22" : 0.85929364,
  "t_00" : -0.0864188,
  "t_20" : 0.49967378,
  "angular_velocity" : 3.4028235e+38,
  "t_13" : -0.09749858,
  "cy" : 386.7212,
  "width" : 1024,
  "blur_score" : 50.460503,
  "cx" : 514.0698,
  "t_02" : 0.17497362,
  "t_12" : 0.48062333,
  "t_03" : -2.7536724
}