{
  "t_22" : 0.90044165,
  "t_03" : -2.9221575,
  "t_10" : -0.98712796,
  "fy" : 709.7104,
  "t_13" : 0.028891455,
  "t_00" : 0.031133467,
  "t_01" : 0.9133082,
  "cx" : 514.72186,
  "cy" : 387.08228,
  "t_21" : -0.4057043,
  "timestamp" : 235277211738,
  "width" : 1024,
  "manual_keyframe" : false,
  "t_12" : 0.15590446,
  "t_23" : -1.329986,
  "t_02" : 0.40607756,
  "angular_velocity" : 3.4028235e+38,
  "blur_score" : 71.38415,
  "center_depth" : 3.448952,
  "t_11" : -0.035668764,
  "height" : 768,
  "t_20" : 0.15687312,
  "fx" : 709.7104
}