{
  "height" : 768,
  "t_13" : -0.0870575,
  "t_12" : 0.5481364,
  "t_10" : -0.8362575,
  "blur_score" : 97.515594,
  "fx" : 711.47015,
  "t_02" : 0.72183627,
  "t_01" : 0.49666968,
  "t_11" : 0.0148309,
  "t_00" : 0.48194587,
  "cy" : 386.94836,
  "t_03" : 0.64587843,
  "t_20" : 0.26153728,
  "t_21" : -0.867813,
  "t_22" : 0.42249146,
  "center_depth" : 1.1312627,
  "timestamp" : 235226996857,
  "fy" : 711.47015,
  "width" : 1024,
  "cx" : 513.897,
  "angular_velocity" : 3.4028235e+38,
  "manual_keyframe" : false,
  "t_23" : 5.2551985
}