{
  "center_depth" : 2.405006,
  "t_22" : 0.7274715,
  "t_21" : 0.55915314,
  "t_23" : -2.8045304,
  "angular_velocity" : 3.4028235e+38,
  "t_02" : -0.45738292,
  "t_00" : -0.3264062,
  "t_20" : 0.3976594,
  "cx" : 514.16296,
  "t_13" : -0.11301389,
  "t_12" : 0.51145494,
  "cy" : 386.6653,
  "blur_score" : 65.65861,
  "fy" : 710.009,
  "t_11" : -0.055568587,
  "height" : 768,
  "timestamp" : 235282076608,
  "t_03" : -2.598784,
  "manual_keyframe" : false,
  "t_01" : 0.8271999,
  "t_10" : -0.85751146,
  "fx" : 710.009,
  "width" : 1024
}