{
  "t_22" : 0.6897637,
  "t_03" : -3.1190603,
  "t_10" : -0.84779626,
  "fy" : 711.78937,
  "t_13" : -0.16628122,
  "t_00" : -0.27803564,
  "t_01" : 0.82385296,
  "cx" : 514.15894,
  "cy" : 387.35223,
  "t_21" : 0.56594026,
  "timestamp" : 235261284274,
  "width" : 1024,
  "manual_keyframe" : false,
  "t_12" : 0.52939916,
  "t_23" : 0.8379112,
  "t_02" : -0.49392572,
  "angular_velocity" : 3.4028235e+38,
  "blur_score" : 73.98899,
  "center_depth" : 1.4306179,
  "t_11" : 0.03127538,
  "height" : 768,
  "t_20" : 0.4515948,
  "fx" : 711.78937
}