{
  "t_22" : 0.94641966,
  "t_03" : -2.4657419,
  "t_10" : -0.95885336,
  "fy" : 710.05023,
  "t_00" : -0.1039038,
  "cy" : 386.67505,
  "t_01" : 0.9810575,
  "t_13" : -0.029645205,
  "cx" : 514.6911,
  "t_21" : 0.18570352,
  "timestamp" : 235284525704,
  "width" : 1024,
  "manual_keyframe" : false,
  "t_12" : 0.27849567,
  "t_23" : -3.5133243,
  "t_02" : -0.16349399,
  "angular_velocity" : 3.4028235e+38,
  "blur_score" : 68.945496,
  "center_depth" : 1.2524964,
  "t_11" : -0.05514063,
  "height" : 768,
  "t_20" : 0.26420516,
  "fx" : 710.05023
}