{
  "t_11" : 0.0003008797,
  "fy" : 712.088,
  "height" : 768,
  "t_01" : 0.21552101,
  "t_23" : 3.1274254,
  "t_10" : -0.78482413,
  "manual_keyframe" : false,
  "fx" : 712.088,
  "t_21" : 0.9764992,
  "center_depth" : 0.70441866,
  "timestamp" : 235238326039,
  "t_22" : 0.16896403,
  "t_00" : -0.60510385,
  "t_20" : 0.13379297,
  "angular_velocity" : 3.4028235e+38,
  "t_13" : -0.14346401,
  "cy" : 387.01224,
  "width" : 1024,
  "blur_score" : 35.00408,
  "cx" : 513.84753,
  "t_02" : -0.7664204,
  "t_12" : 0.61971855,
  "t_03" : 0.4289576
}