{
  "height" : 768,
  "t_13" : 0.033438146,
  "t_12" : 0.07891567,
  "t_10" : -0.9968346,
  "blur_score" : 127.61448,
  "t_02" : 0.75121266,
  "fx" : 708.8591,
  "t_01" : 0.65792125,
  "t_11" : -0.009654319,
  "t_00" : 0.053098753,
  "cy" : 387.01678,
  "t_03" : -2.2061732,
  "t_20" : 0.059172742,
  "t_21" : -0.75302505,
  "t_22" : 0.65532595,
  "center_depth" : 4.032989,
  "timestamp" : 235248305710,
  "fy" : 708.8591,
  "width" : 1024,
  "cx" : 514.7152,
  "angular_velocity" : 3.4028235e+38,
  "manual_keyframe" : false,
  "t_23" : 1.9147543
}