{
  "t_20" : 0.06461803,
  "timestamp" : 235206687622,
  "fx" : 715.00073,
  "center_depth" : 0.7391532,
  "manual_keyframe" : false,
  "t_23" : 5.9299793,
  "cy" : 387.31073,
  "t_13" : 0.11835639,
  "blur_score" : 126.623695,
  "height" : 768,
  "t_10" : -0.99691993,
  "t_02" : 0.5043851,
  "t_00" : -0.0444428,
  "t_22" : -0.85992825,
  "t_01" : -0.86233425,
  "t_21" : -0.5063081,
  "angular_velocity" : 3.4028235e+38,
  "t_12" : -0.07822409,
  "t_03" : 0.848046,
  "fy" : 715.00073,
  "width" : 1024,
  "t_11" : 0.005625246,
  "cx" : 514.7195
}