{
  "t_23" : 5.9720407,
  "angular_velocity" : 3.4028235e+38,
  "fx" : 713.0044,
  "t_22" : -0.7151998,
  "blur_score" : 51.05208,
  "center_depth" : 1.6494254,
  "t_20" : -0.60195446,
  "t_12" : 0.6496579,
  "cy" : 387.17554,
  "width" : 1024,
  "height" : 768,
  "timestamp" : 235205271473,
  "t_10" : -0.75995827,
  "t_02" : 0.25774783,
  "t_13" : -0.17120457,
  "t_21" : -0.35516223,
  "manual_keyframe" : false,
  "t_01" : -0.9345865,
  "t_00" : 0.24518245,
  "fy" : 713.0044,
  "t_03" : 0.8028731,
  "t_11" : -0.020202024,
  "cx" : 513.5622
}