{
  "height" : 768,
  "t_13" : 0.25548372,
  "t_12" : -0.21410309,
  "t_10" : -0.9757853,
  "blur_score" : 106.5433,
  "fx" : 713.4967,
  "t_02" : -0.34605965,
  "t_01" : -0.930684,
  "t_11" : -0.044755403,
  "t_00" : 0.11861787,
  "cy" : 387.11523,
  "t_03" : 0.7808374,
  "t_20" : 0.18377426,
  "t_21" : 0.36307627,
  "t_22" : -0.9134566,
  "center_depth" : 1.4787755,
  "timestamp" : 235210636178,
  "fy" : 713.4967,
  "width" : 1024,
  "cx" : 514.5032,
  "angular_velocity" : 3.4028235e+38,
  "manual_keyframe" : false,
  "t_23" : 6.3752604
}