{
  "t_23" : 6.1993623,
  "angular_velocity" : 3.4028235e+38,
  "fx" : 714.15106,
  "t_22" : -0.60953736,
  "blur_score" : 42.05875,
  "center_depth" : 1.432422,
  "t_20" : -0.74598676,
  "t_12" : 0.77270555,
  "cy" : 387.23535,
  "width" : 1024,
  "height" : 768,
  "timestamp" : 235204371802,
  "t_10" : -0.63469726,
  "t_02" : 0.1771738,
  "t_13" : -0.23500235,
  "t_21" : -0.26826876,
  "manual_keyframe" : false,
  "t_01" : -0.9632997,
  "fy" : 714.15106,
  "t_00" : 0.20165128,
  "t_03" : 0.77811855,
  "t_11" : 0.009255326,
  "cx" : 513.1454
}