{
  "blur_score" : 123.795204,
  "t_21" : 0.5797067,
  "center_depth" : 2.1617093,
  "height" : 768,
  "t_10" : -0.98664415,
  "t_00" : 0.04323402,
  "cy" : 386.78778,
  "t_12" : -0.15272039,
  "t_03" : -2.451202,
  "t_22" : 0.7995474,
  "angular_velocity" : 3.4028235e+38,
  "width" : 1024,
  "fx" : 709.7342,
  "t_01" : 0.8128533,
  "fy" : 709.7342,
  "t_02" : -0.5808619,
  "t_13" : 0.13010828,
  "timestamp" : 235283559394,
  "t_20" : -0.15704848,
  "t_23" : -3.1952128,
  "t_11" : -0.056655828,
  "manual_keyframe" : false,
  "cx" : 514.6567
}