{
  "height" : 768,
  "t_13" : 0.030812923,
  "t_12" : 0.50551385,
  "t_10" : -0.86208075,
  "blur_score" : 69.17011,
  "fx" : 714.7482,
  "t_02" : -0.43226945,
  "t_01" : -0.8542378,
  "t_11" : 0.035674132,
  "t_00" : -0.2888272,
  "cy" : 387.16776,
  "t_03" : 0.80386007,
  "t_20" : -0.41640818,
  "t_21" : 0.5186572,
  "t_22" : -0.7467256,
  "center_depth" : 0.8228566,
  "timestamp" : 235212418860,
  "fy" : 714.7482,
  "width" : 1024,
  "cx" : 514.39777,
  "angular_velocity" : 3.4028235e+38,
  "manual_keyframe" : false,
  "t_23" : 6.688184
}