{
  "t_22" : 0.056714676,
  "t_02" : 0.91148204,
  "t_10" : -0.91314703,
  "t_12" : 0.40741158,
  "t_03" : -0.43575478,
  "cy" : 386.99585,
  "t_21" : -0.997593,
  "angular_velocity" : 3.4028235e+38,
  "t_20" : 0.039896585,
  "center_depth" : 3.0925825,
  "timestamp" : 235242541160,
  "manual_keyframe" : false,
  "fx" : 709.43243,
  "height" : 768,
  "t_23" : 1.9507632,
  "t_11" : -0.013357387,
  "t_01" : 0.06804315,
  "t_00" : 0.40567338,
  "fy" : 709.43243,
  "cx" : 514.3954,
  "width" : 1024,
  "t_13" : -0.11376296,
  "blur_score" : 85.948006
}