{
  "center_depth" : 2.1750438,
  "t_22" : 0.9334192,
  "t_21" : -0.240327,
  "t_23" : 1.7938701,
  "angular_velocity" : 3.4028235e+38,
  "t_02" : 0.23848756,
  "t_00" : -0.039744508,
  "t_20" : -0.2664051,
  "cx" : 514.527,
  "t_13" : 0.1386344,
  "t_12" : -0.26805305,
  "cy" : 387.22168,
  "blur_score" : 67.86466,
  "fy" : 709.15607,
  "t_11" : 0.02643601,
  "height" : 768,
  "timestamp" : 235249921784,
  "t_03" : -2.3893807,
  "manual_keyframe" : false,
  "t_01" : 0.97033197,
  "t_10" : -0.96304137,
  "fx" : 709.15607,
  "width" : 1024
}