{
  "fy" : 713.8636,
  "angular_velocity" : 3.4028235e+38,
  "t_10" : -0.7537915,
  "t_01" : -0.9835281,
  "t_02" : 0.0899917,
  "t_13" : -0.07931876,
  "cy" : 386.9723,
  "cx" : 513.864,
  "t_00" : 0.15676083,
  "t_23" : 5.88715,
  "timestamp" : 235223997955,
  "t_11" : -0.06027228,
  "fx" : 713.8636,
  "height" : 768,
  "width" : 1024,
  "manual_keyframe" : false,
  "t_03" : 0.7115209,
  "t_22" : -0.75082356,
  "t_12" : 0.6543436,
  "center_depth" : 1.7928883,
  "blur_score" : 53.662457,
  "t_20" : -0.6381414,
  "t_21" : -0.17041042
}