{
  "t_21" : -0.7019175,
  "angular_velocity" : 3.4028235e+38,
  "t_03" : -3.5315921,
  "t_20" : -0.030504616,
  "fx" : 710.0042,
  "t_02" : 0.694428,
  "cy" : 386.94028,
  "t_12" : -0.106716864,
  "t_01" : 0.70927966,
  "t_22" : 0.71160483,
  "t_00" : -0.12121165,
  "t_13" : 0.101439565,
  "center_depth" : 3.2716033,
  "cx" : 514.7079,
  "width" : 1024,
  "manual_keyframe" : false,
  "blur_score" : 76.1723,
  "t_23" : 0.0048577674,
  "t_11" : -0.06507152,
  "timestamp" : 235265732637,
  "t_10" : -0.9921578,
  "height" : 768,
  "fy" : 710.0042
}