{
  "t_22" : 0.97504956,
  "t_03" : -2.9220972,
  "t_10" : -0.9944671,
  "fy" : 710.0281,
  "t_00" : -0.013648613,
  "t_13" : 0.047093716,
  "t_01" : 0.98000795,
  "cx" : 514.7101,
  "cy" : 386.88388,
  "t_21" : -0.19603473,
  "timestamp" : 235276861867,
  "width" : 1024,
  "manual_keyframe" : false,
  "t_12" : 0.09940069,
  "t_23" : -1.2388673,
  "t_02" : 0.19848968,
  "angular_velocity" : 3.4028235e+38,
  "blur_score" : 57.361664,
  "center_depth" : 3.4910383,
  "t_11" : -0.033982486,
  "height" : 768,
  "t_20" : 0.104158655,
  "fx" : 710.0281
}