{
  "t_22" : 0.76483595,
  "t_03" : -3.5370812,
  "t_10" : -0.9870908,
  "fy" : 709.7374,
  "t_13" : 0.12755595,
  "t_00" : -0.13838132,
  "t_01" : 0.7670825,
  "cx" : 514.6687,
  "cy" : 386.93808,
  "t_21" : -0.63915867,
  "timestamp" : 235265932563,
  "width" : 1024,
  "manual_keyframe" : false,
  "t_12" : -0.15030311,
  "t_23" : -0.04663836,
  "t_02" : 0.6264465,
  "angular_velocity" : 3.4028235e+38,
  "blur_score" : 78.722786,
  "center_depth" : 3.7345545,
  "t_11" : -0.055324003,
  "height" : 768,
  "t_20" : -0.080637366,
  "fx" : 709.7374
}