{
  "fy" : 728.13214,
  "angular_velocity" : 3.4028235e+38,
  "t_10" : -0.8624711,
  "t_01" : 0.9656888,
  "t_02" : -0.21137889,
  "cy" : 387.21555,
  "cx" : 514.08923,
  "t_13" : -0.11979435,
  "t_00" : -0.15087804,
  "t_23" : 2.724393,
  "timestamp" : 235239375654,
  "t_11" : -0.024095803,
  "fx" : 728.13214,
  "height" : 768,
  "width" : 1024,
  "manual_keyframe" : false,
  "t_03" : 0.3303451,
  "t_22" : 0.8365143,
  "t_12" : 0.5055325,
  "center_depth" : 1.5144699,
  "blur_score" : 43.136513,
  "t_20" : 0.48309377,
  "t_21" : 0.2585819
}