{
  "t_23" : 6.77334,
  "angular_velocity" : 3.4028235e+38,
  "fx" : 722.61786,
  "t_22" : -0.8365262,
  "blur_score" : 88.02914,
  "center_depth" : 0.60952353,
  "t_20" : -0.37794957,
  "t_12" : 0.42753208,
  "cy" : 387.10202,
  "width" : 1024,
  "height" : 768,
  "timestamp" : 235220432594,
  "t_10" : -0.9030626,
  "t_02" : 0.34269598,
  "t_13" : 0.15271214,
  "t_21" : -0.39670938,
  "manual_keyframe" : false,
  "t_01" : -0.9170209,
  "t_00" : 0.2040396,
  "fy" : 722.61786,
  "t_11" : -0.041162655,
  "t_03" : 0.76401323,
  "cx" : 514.5228
}