{
  "t_22" : -0.8726626,
  "t_03" : -1.5901532,
  "t_10" : -0.87204576,
  "fy" : 710.02325,
  "t_00" : 0.04410085,
  "t_13" : -0.11383461,
  "t_01" : -0.9989856,
  "cx" : 514.2172,
  "cy" : 387.14417,
  "t_21" : -0.02947531,
  "timestamp" : 235293189155,
  "width" : 1024,
  "manual_keyframe" : false,
  "t_12" : 0.48823884,
  "t_23" : -3.9424095,
  "t_02" : 0.0091090975,
  "angular_velocity" : 3.4028235e+38,
  "blur_score" : 52.84185,
  "center_depth" : 1.6281073,
  "t_11" : -0.03404508,
  "height" : 768,
  "t_20" : -0.48743343,
  "fx" : 710.02325
}