{
  "blur_score" : 42.637962,
  "t_21" : 0.99377024,
  "center_depth" : 1.2907348,
  "height" : 768,
  "t_10" : -0.9257291,
  "t_03" : -3.0612047,
  "t_00" : -0.36808193,
  "t_12" : 0.3742265,
  "cy" : 386.77237,
  "t_22" : -0.06985283,
  "angular_velocity" : 3.4028235e+38,
  "width" : 1024,
  "fx" : 713.0187,
  "t_01" : -0.097162776,
  "fy" : 713.0187,
  "t_02" : -0.9247027,
  "t_13" : -0.08623353,
  "timestamp" : 235272830021,
  "t_20" : -0.08684044,
  "t_23" : -0.6340555,
  "t_11" : -0.05459002,
  "manual_keyframe" : false,
  "cx" : 513.8316
}