{
  "height" : 768,
  "t_13" : 0.26552013,
  "t_12" : -0.31055516,
  "t_10" : -0.9496059,
  "blur_score" : 110.77705,
  "fx" : 713.843,
  "t_02" : -0.22745138,
  "t_01" : -0.9666594,
  "t_11" : -0.04247696,
  "t_00" : 0.11762455,
  "cy" : 386.80606,
  "t_03" : 0.7784775,
  "t_20" : 0.2905396,
  "t_21" : 0.25251806,
  "t_22" : -0.9229418,
  "center_depth" : 1.5008045,
  "timestamp" : 235210219664,
  "fy" : 713.843,
  "width" : 1024,
  "cx" : 514.483,
  "angular_velocity" : 3.4028235e+38,
  "manual_keyframe" : false,
  "t_23" : 6.299922
}