{
  "t_11" : -0.067113526,
  "fy" : 709.7152,
  "height" : 768,
  "t_01" : 0.66386014,
  "t_23" : 0.07174179,
  "t_10" : -0.9975532,
  "manual_keyframe" : false,
  "fx" : 709.7152,
  "t_21" : -0.7448392,
  "center_depth" : 2.9849875,
  "timestamp" : 235265416087,
  "t_22" : 0.6642492,
  "t_00" : -0.02999653,
  "t_20" : 0.06314896,
  "angular_velocity" : 3.4028235e+38,
  "t_13" : 0.047295053,
  "cy" : 387.03845,
  "width" : 1024,
  "blur_score" : 88.95364,
  "cx" : 514.7025,
  "t_02" : 0.74725497,
  "t_12" : 0.019579483,
  "t_03" : -3.5189242
}