{
  "height" : 768,
  "t_13" : 0.069463745,
  "t_12" : -0.014998166,
  "t_10" : -0.99987906,
  "blur_score" : 54.386383,
  "t_02" : -0.9986673,
  "fx" : 713.84924,
  "t_01" : -0.049452104,
  "t_11" : 0.0041265124,
  "t_00" : 0.014775901,
  "cy" : 387.0494,
  "t_03" : -3.2391858,
  "t_20" : 0.0048627043,
  "t_21" : 0.99876803,
  "t_22" : -0.049385164,
  "center_depth" : 1.3613032,
  "timestamp" : 235273696368,
  "fy" : 713.84924,
  "width" : 1024,
  "cx" : 514.6904,
  "angular_velocity" : 3.4028235e+38,
  "manual_keyframe" : false,
  "t_23" : -0.656094
}