{
  "t_22" : 0.112486295,
  "t_03" : -1.9583219,
  "t_10" : -0.9737495,
  "fy" : 708.59064,
  "t_00" : 0.21049613,
  "t_13" : -0.008998708,
  "t_01" : 0.12854676,
  "cy" : 386.99127,
  "cx" : 514.70337,
  "t_21" : -0.9898704,
  "timestamp" : 235246989527,
  "width" : 1024,
  "manual_keyframe" : false,
  "t_12" : 0.2194988,
  "t_23" : 1.9688188,
  "t_02" : 0.96910644,
  "angular_velocity" : 3.4028235e+38,
  "blur_score" : 127.16902,
  "center_depth" : 3.5694995,
  "t_11" : -0.06026754,
  "height" : 768,
  "t_20" : 0.08662154,
  "fx" : 708.59064
}