{
  "fy" : 719.10156,
  "angular_velocity" : 3.4028235e+38,
  "t_10" : -0.95923287,
  "t_01" : -0.73461944,
  "t_13" : -0.036777675,
  "cy" : 387.15018,
  "cx" : 514.1798,
  "t_02" : -0.65412396,
  "t_00" : -0.18015587,
  "t_23" : 6.846156,
  "timestamp" : 235216150827,
  "t_11" : -0.016005911,
  "fx" : 719.10156,
  "height" : 768,
  "width" : 1024,
  "manual_keyframe" : false,
  "t_03" : 0.7781888,
  "t_22" : -0.7017877,
  "t_12" : 0.28216317,
  "center_depth" : 0.63217074,
  "blur_score" : 112.30738,
  "t_20" : -0.21775241,
  "t_21" : 0.6782905
}