{
  "height" : 768,
  "t_13" : 0.11524889,
  "t_12" : -0.12481587,
  "t_10" : -0.99216175,
  "blur_score" : 57.706287,
  "fx" : 713.2712,
  "t_02" : -0.99217993,
  "t_01" : 0.00016134341,
  "t_11" : -0.0060089584,
  "t_00" : 0.124817155,
  "cy" : 387.0266,
  "t_03" : -3.2545862,
  "t_20" : -0.0059821033,
  "t_21" : 0.999982,
  "t_22" : -0.0005899588,
  "center_depth" : 1.3764253,
  "timestamp" : 235273929615,
  "fy" : 713.2712,
  "width" : 1024,
  "cx" : 514.6884,
  "angular_velocity" : 3.4028235e+38,
  "manual_keyframe" : false,
  "t_23" : -0.67345214
}