{
  "center_depth" : 4.281766,
  "t_22" : -0.39873052,
  "t_21" : -0.915321,
  "t_23" : -3.806688,
  "angular_velocity" : 3.4028235e+38,
  "t_02" : 0.90631783,
  "t_00" : 0.12806486,
  "t_20" : -0.056583267,
  "cx" : 514.59467,
  "t_13" : -0.0023665777,
  "t_12" : 0.14000793,
  "cy" : 387.24374,
  "blur_score" : 104.9429,
  "fy" : 709.4547,
  "t_11" : 0.000219066,
  "height" : 768,
  "timestamp" : 235289024038,
  "t_03" : -1.6422622,
  "manual_keyframe" : false,
  "t_01" : -0.40272525,
  "t_10" : -0.99015045,
  "fx" : 709.4547,
  "width" : 1024
}