{
  "t_01" : -0.47076985,
  "blur_score" : 68.400444,
  "t_02" : 0.6320767,
  "t_20" : -0.2498931,
  "timestamp" : 235225380782,
  "fx" : 713.02814,
  "cy" : 386.8628,
  "angular_velocity" : 3.4028235e+38,
  "t_03" : 0.7706661,
  "t_00" : 0.61551183,
  "t_23" : 5.67834,
  "center_depth" : 1.0657316,
  "t_13" : -0.087429896,
  "t_22" : -0.40998673,
  "height" : 768,
  "manual_keyframe" : false,
  "t_11" : -0.09440006,
  "cx" : 513.6782,
  "fy" : 713.02814,
  "t_21" : -0.8771912,
  "t_12" : 0.6575636,
  "width" : 1024,
  "t_10" : -0.74746144
}