{
  "t_01" : -0.98105395,
  "blur_score" : 66.85097,
  "t_02" : 0.16151208,
  "t_20" : -0.62923855,
  "timestamp" : 235222431862,
  "fx" : 721.08203,
  "cy" : 387.19254,
  "angular_velocity" : 3.4028235e+38,
  "t_03" : 0.7675774,
  "t_00" : 0.10699116,
  "t_23" : 6.345629,
  "center_depth" : 1.0552506,
  "t_13" : -0.016240142,
  "t_22" : -0.7529741,
  "height" : 768,
  "manual_keyframe" : false,
  "cx" : 513.82275,
  "t_11" : 0.021068051,
  "fy" : 721.08203,
  "t_21" : -0.19258606,
  "t_12" : 0.6379218,
  "width" : 1024,
  "t_10" : -0.76981294
}