{
  "t_21" : 0.25893712,
  "angular_velocity" : 3.4028235e+38,
  "t_03" : -3.207192,
  "t_20" : 0.45530388,
  "fx" : 711.4304,
  "t_02" : -0.2380307,
  "t_12" : 0.46657413,
  "cy" : 387.21793,
  "t_01" : 0.9656891,
  "t_22" : 0.85185117,
  "t_00" : -0.10385618,
  "t_13" : -0.13153243,
  "center_depth" : 2.5286584,
  "cx" : 514.1768,
  "width" : 1024,
  "manual_keyframe" : false,
  "blur_score" : 82.89817,
  "t_23" : 0.6621671,
  "t_11" : 0.019906294,
  "timestamp" : 235262117301,
  "t_10" : -0.88425815,
  "height" : 768,
  "fy" : 711.4304
}