{
  "t_11" : 0.0007177318,
  "fy" : 712.0928,
  "height" : 768,
  "t_01" : 0.4528265,
  "t_23" : 3.0507662,
  "t_10" : -0.8081298,
  "manual_keyframe" : false,
  "fx" : 712.0928,
  "t_21" : 0.8915985,
  "center_depth" : 0.28280526,
  "timestamp" : 235238542626,
  "t_22" : 0.36556578,
  "t_00" : -0.5248928,
  "t_20" : 0.26723397,
  "angular_velocity" : 3.4028235e+38,
  "t_13" : -0.13447727,
  "cy" : 387.0183,
  "width" : 1024,
  "blur_score" : 21.88582,
  "cx" : 513.8688,
  "t_02" : -0.72071904,
  "t_12" : 0.5890042,
  "t_03" : 0.40125337
}