{
  "t_22" : 0.9716236,
  "t_02" : -0.19508119,
  "t_10" : -0.9903624,
  "t_12" : -0.13375783,
  "cy" : 387.27344,
  "t_03" : -2.380534,
  "t_21" : 0.20147553,
  "angular_velocity" : 3.4028235e+38,
  "t_20" : -0.123917036,
  "center_depth" : 2.2125053,
  "timestamp" : 235250938077,
  "manual_keyframe" : false,
  "fx" : 709.1371,
  "height" : 768,
  "t_23" : 1.6843047,
  "t_11" : 0.035932347,
  "t_01" : 0.97883433,
  "t_00" : 0.061861638,
  "fy" : 709.1371,
  "cx" : 514.5969,
  "width" : 1024,
  "t_13" : 0.09722094,
  "blur_score" : 70.77701
}