{
  "height" : 768,
  "t_13" : 0.17830108,
  "t_12" : -0.27004987,
  "t_10" : -0.9626511,
  "blur_score" : 56.6087,
  "t_02" : -0.953582,
  "fx" : 712.68677,
  "t_01" : 0.14374733,
  "t_11" : -0.019393826,
  "t_00" : 0.2646098,
  "cy" : 386.9857,
  "t_03" : -3.2437768,
  "t_20" : -0.057312552,
  "t_21" : 0.9894245,
  "t_22" : 0.13324672,
  "center_depth" : 1.3894578,
  "timestamp" : 235274296147,
  "fy" : 712.68677,
  "width" : 1024,
  "cx" : 514.6384,
  "angular_velocity" : 3.4028235e+38,
  "manual_keyframe" : false,
  "t_23" : -0.7217484
}