{
  "fy" : 719.10944,
  "angular_velocity" : 3.4028235e+38,
  "t_10" : -0.996058,
  "t_01" : -0.7860173,
  "t_13" : 0.06208451,
  "t_02" : -0.6178869,
  "cy" : 387.05127,
  "cx" : 514.531,
  "t_00" : 0.019823981,
  "t_23" : 6.824523,
  "timestamp" : 235216567341,
  "t_11" : -0.06897085,
  "fx" : 719.10944,
  "height" : 768,
  "width" : 1024,
  "manual_keyframe" : false,
  "t_03" : 0.7919074,
  "t_22" : -0.784286,
  "t_12" : 0.055781167,
  "center_depth" : 0.74666625,
  "blur_score" : 115.3642,
  "t_20" : -0.08646114,
  "t_21" : 0.61434525
}