{
  "t_01" : -0.9752041,
  "t_12" : -0.3302841,
  "t_20" : 0.32542792,
  "t_23" : 6.7365665,
  "t_10" : -0.9437524,
  "timestamp" : 235217633618,
  "t_22" : -0.9194368,
  "fy" : 717.05426,
  "t_11" : 0.015619315,
  "t_21" : 0.22075564,
  "fx" : 717.05426,
  "angular_velocity" : 3.4028235e+38,
  "t_03" : 0.7790559,
  "t_13" : 0.23093022,
  "blur_score" : 116.89349,
  "center_depth" : 1.1148796,
  "width" : 1024,
  "cy" : 387.18723,
  "height" : 768,
  "cx" : 514.4803,
  "t_00" : 0.05855111,
  "manual_keyframe" : false,
  "t_02" : -0.21342163
}