{
  "t_23" : 6.746186,
  "angular_velocity" : 3.4028235e+38,
  "fx" : 721.16144,
  "t_22" : -0.8800118,
  "blur_score" : 89.52342,
  "center_depth" : 0.63899195,
  "t_20" : -0.25332192,
  "t_12" : 0.2875003,
  "cy" : 387.0012,
  "width" : 1024,
  "height" : 768,
  "timestamp" : 235220082722,
  "t_10" : -0.95742625,
  "t_02" : 0.3780518,
  "t_13" : 0.20366114,
  "t_21" : -0.4017557,
  "manual_keyframe" : false,
  "t_01" : -0.9153764,
  "fy" : 721.16144,
  "t_00" : 0.13843107,
  "t_03" : 0.764067,
  "t_11" : -0.026052173,
  "cx" : 514.57367
}