{
  "t_11" : 0.0066531235,
  "fy" : 712.0801,
  "height" : 768,
  "t_01" : 0.5966232,
  "t_23" : 2.9994106,
  "t_10" : -0.8271255,
  "manual_keyframe" : false,
  "fx" : 712.0801,
  "t_21" : 0.80249393,
  "center_depth" : 0.56726205,
  "timestamp" : 235238675910,
  "t_22" : 0.4905035,
  "t_00" : -0.4477206,
  "t_20" : 0.33972025,
  "angular_velocity" : 3.4028235e+38,
  "t_13" : -0.12939458,
  "cy" : 387.0178,
  "width" : 1024,
  "blur_score" : 27.946402,
  "cx" : 513.91,
  "t_02" : -0.66602343,
  "t_12" : 0.561978,
  "t_03" : 0.38414764
}