{
  "t_21" : 0.055664357,
  "angular_velocity" : 3.4028235e+38,
  "t_03" : -3.370112,
  "t_20" : 0.31690034,
  "cy" : 387.26318,
  "t_02" : -0.053969454,
  "t_12" : 0.3171934,
  "fx" : 708.9115,
  "t_01" : 0.99844265,
  "t_22" : 0.9468242,
  "t_00" : -0.014130904,
  "t_13" : -0.0623059,
  "center_depth" : 3.7458982,
  "cx" : 514.3779,
  "width" : 1024,
  "manual_keyframe" : false,
  "blur_score" : 102.66205,
  "t_23" : 0.2963409,
  "t_11" : 0.0037234572,
  "timestamp" : 235263433483,
  "t_10" : -0.94835365,
  "height" : 768,
  "fy" : 708.9115
}