{
  "t_20" : 0.28457728,
  "timestamp" : 235217433691,
  "fx" : 717.6769,
  "center_depth" : 1.125834,
  "manual_keyframe" : false,
  "t_23" : 6.7512913,
  "cy" : 387.12204,
  "t_13" : 0.2158675,
  "blur_score" : 121.97547,
  "height" : 768,
  "t_10" : -0.95308375,
  "t_02" : -0.3647127,
  "t_00" : 0.103185065,
  "t_22" : -0.88063645,
  "t_01" : -0.9253852,
  "t_21" : 0.37880805,
  "angular_velocity" : 3.4028235e+38,
  "t_12" : -0.30243093,
  "t_03" : 0.7847377,
  "fy" : 717.6769,
  "width" : 1024,
  "t_11" : 0.0129204355,
  "cx" : 514.5308
}