{
  "t_23" : 5.9524813,
  "angular_velocity" : 3.4028235e+38,
  "fx" : 712.6947,
  "t_22" : -0.81542176,
  "blur_score" : 79.14002,
  "center_depth" : 0.7466461,
  "t_20" : -0.4020393,
  "t_12" : 0.4361434,
  "cy" : 387.0396,
  "width" : 1024,
  "height" : 768,
  "timestamp" : 235205671327,
  "t_10" : -0.89975804,
  "t_02" : 0.38061306,
  "t_13" : -0.08316639,
  "t_21" : -0.41647545,
  "manual_keyframe" : false,
  "t_01" : -0.909029,
  "fy" : 712.6947,
  "t_00" : 0.16970523,
  "t_11" : 0.0146400295,
  "t_03" : 0.8110156,
  "cx" : 513.9686
}