{
  "t_11" : 0.019913496,
  "fy" : 710.0074,
  "height" : 768,
  "t_01" : 0.38201085,
  "t_23" : 1.6433994,
  "t_10" : -0.9359,
  "manual_keyframe" : false,
  "fx" : 710.0074,
  "t_21" : 0.92394346,
  "center_depth" : 2.110781,
  "timestamp" : 235254903287,
  "t_22" : 0.3641393,
  "t_00" : 0.3322047,
  "t_20" : -0.11718117,
  "angular_velocity" : 3.4028235e+38,
  "t_13" : 0.19062445,
  "cy" : 387.20966,
  "width" : 1024,
  "blur_score" : 87.15487,
  "cx" : 514.58484,
  "t_12" : -0.35170275,
  "t_02" : -0.8623851,
  "t_03" : -2.5672512
}