{
  "t_22" : 0.0047605047,
  "t_02" : 0.9864178,
  "t_10" : -0.9853645,
  "t_12" : 0.16418758,
  "cy" : 386.92606,
  "t_03" : -2.4553754,
  "t_21" : -0.9988723,
  "angular_velocity" : 3.4028235e+38,
  "t_20" : 0.04723932,
  "center_depth" : 3.4111102,
  "timestamp" : 235286325039,
  "manual_keyframe" : false,
  "fx" : 712.69617,
  "height" : 768,
  "t_23" : -3.7648618,
  "t_11" : -0.04581799,
  "t_01" : 0.012446923,
  "t_00" : 0.16378431,
  "fy" : 712.69617,
  "cx" : 514.59247,
  "width" : 1024,
  "t_13" : 0.006645167,
  "blur_score" : 81.271965
}