{
  "t_23" : 6.4092402,
  "angular_velocity" : 3.4028235e+38,
  "fx" : 712.7534,
  "t_22" : -0.97885084,
  "blur_score" : 128.06609,
  "center_depth" : 1.450827,
  "t_20" : 0.075158976,
  "t_12" : -0.070489265,
  "cy" : 387.2161,
  "width" : 1024,
  "height" : 768,
  "timestamp" : 235200606512,
  "t_10" : -0.9970244,
  "t_02" : 0.19204853,
  "t_13" : 0.25683066,
  "t_21" : -0.19026954,
  "manual_keyframe" : false,
  "t_01" : -0.981236,
  "fy" : 712.7534,
  "t_00" : 0.01713058,
  "t_03" : 0.82402015,
  "t_11" : -0.031202447,
  "cx" : 514.5958
}