{
  "t_22" : -0.11112619,
  "t_03" : -2.3811696,
  "t_10" : -0.9918778,
  "fy" : 711.7338,
  "t_00" : 0.12467884,
  "cy" : 386.87558,
  "t_01" : -0.107173264,
  "cx" : 514.55414,
  "t_13" : 0.01356466,
  "t_21" : -0.99348754,
  "timestamp" : 235286608267,
  "width" : 1024,
  "manual_keyframe" : false,
  "t_12" : 0.121168844,
  "t_23" : -3.72673,
  "t_02" : 0.986392,
  "angular_velocity" : 3.4028235e+38,
  "blur_score" : 75.5324,
  "center_depth" : 3.5279684,
  "t_11" : -0.038686775,
  "height" : 768,
  "t_20" : 0.025174277,
  "fx" : 711.7338
}