{
  "height" : 768,
  "t_13" : -0.10039693,
  "t_12" : 0.3539537,
  "t_10" : -0.93387955,
  "blur_score" : 69.591064,
  "t_02" : -0.93189335,
  "fx" : 709.7564,
  "t_01" : -0.06551069,
  "t_11" : 0.050851136,
  "t_00" : -0.356768,
  "cy" : 387.1235,
  "t_03" : -3.076155,
  "t_20" : 0.024200073,
  "t_21" : 0.9965553,
  "t_22" : -0.07932117,
  "center_depth" : 2.6108205,
  "timestamp" : 235259418294,
  "fy" : 709.7564,
  "width" : 1024,
  "cx" : 514.52747,
  "angular_velocity" : 3.4028235e+38,
  "manual_keyframe" : false,
  "t_23" : 1.3102221
}