{
  "height" : 768,
  "t_13" : -0.19490916,
  "t_12" : 0.7300057,
  "t_10" : -0.68309665,
  "blur_score" : 69.9223,
  "fx" : 720.00684,
  "t_02" : -0.5882436,
  "t_01" : -0.48889372,
  "t_11" : 0.02169772,
  "t_00" : -0.6441681,
  "cy" : 387.83426,
  "t_03" : 0.78087497,
  "t_20" : -0.34413162,
  "t_21" : 0.8720735,
  "t_22" : -0.34793866,
  "center_depth" : 0.7111215,
  "timestamp" : 235215351120,
  "fy" : 720.00684,
  "width" : 1024,
  "cx" : 512.41644,
  "angular_velocity" : 3.4028235e+38,
  "manual_keyframe" : false,
  "t_23" : 6.85336
}