{
  "t_23" : -3.5634308,
  "t_10" : -0.9569262,
  "cx" : 514.7596,
  "cy" : 386.755,
  "t_01" : 0.99851143,
  "fx" : 710.2679,
  "t_00" : -0.050136648,
  "t_13" : -0.035402004,
  "fy" : 710.2679,
  "timestamp" : 235284658988,
  "t_11" : -0.04186834,
  "angular_velocity" : 3.4028235e+38,
  "blur_score" : 53.284092,
  "t_21" : 0.034958616,
  "t_20" : 0.2859696,
  "t_02" : -0.021479728,
  "height" : 768,
  "manual_keyframe" : false,
  "t_12" : 0.2872966,
  "t_03" : -2.476768,
  "center_depth" : 1.2311068,
  "t_22" : 0.95760095,
  "width" : 1024
}