{
  "height" : 768,
  "t_13" : 0.054258756,
  "t_12" : 0.075814,
  "t_10" : -0.99650806,
  "blur_score" : 60.957375,
  "t_02" : -0.6218974,
  "fx" : 709.1879,
  "t_01" : 0.7795297,
  "t_11" : -0.034984753,
  "t_00" : -0.07468097,
  "cy" : 386.93796,
  "t_03" : -3.1631439,
  "t_20" : 0.03734234,
  "t_21" : 0.6253876,
  "t_22" : 0.7794204,
  "center_depth" : 1.3251147,
  "timestamp" : 235268831496,
  "fy" : 709.1879,
  "width" : 1024,
  "cx" : 514.664,
  "angular_velocity" : 3.4028235e+38,
  "manual_keyframe" : false,
  "t_23" : -0.47226655
}