{
  "height" : 768,
  "t_13" : -0.0845914,
  "t_12" : 0.66379046,
  "t_10" : -0.742984,
  "blur_score" : 50.691723,
  "fx" : 712.4246,
  "t_02" : 0.31538182,
  "t_01" : -0.86866224,
  "t_11" : -0.085773155,
  "t_00" : 0.38204777,
  "cy" : 386.88358,
  "t_03" : 0.7022954,
  "t_20" : -0.5495584,
  "t_21" : -0.48792326,
  "t_22" : -0.6781715,
  "center_depth" : 1.0407754,
  "timestamp" : 235224647717,
  "fy" : 712.4246,
  "width" : 1024,
  "cx" : 513.7252,
  "angular_velocity" : 3.4028235e+38,
  "manual_keyframe" : false,
  "t_23" : 5.781276
}