{
  "fy" : 715.92664,
  "angular_velocity" : 3.4028235e+38,
  "t_10" : -0.81141305,
  "t_01" : -0.9989361,
  "cy" : 387.06793,
  "t_02" : 0.03028,
  "cx" : 514.0231,
  "t_13" : -0.047785237,
  "t_00" : 0.03478377,
  "t_23" : 6.059667,
  "timestamp" : 235223331532,
  "t_11" : -0.010540235,
  "fx" : 715.92664,
  "height" : 768,
  "width" : 1024,
  "manual_keyframe" : false,
  "t_03" : 0.7427133,
  "t_22" : -0.81091636,
  "t_12" : 0.5843783,
  "center_depth" : 1.2251898,
  "blur_score" : 81.38992,
  "t_20" : -0.58343744,
  "t_21" : -0.044896476
}