{
  "t_22" : -0.82553947,
  "t_03" : 0.7971579,
  "t_10" : -0.98395604,
  "fy" : 718.82196,
  "t_00" : 0.10402539,
  "cy" : 386.9268,
  "t_01" : -0.83812666,
  "cx" : 514.6915,
  "t_13" : 0.16499738,
  "t_21" : 0.54541314,
  "timestamp" : 235217017177,
  "width" : 1024,
  "manual_keyframe" : false,
  "t_12" : -0.17821981,
  "t_23" : 6.7866426,
  "t_02" : -0.5354648,
  "angular_velocity" : 3.4028235e+38,
  "blur_score" : 116.75425,
  "center_depth" : 1.0048429,
  "t_11" : -0.008263617,
  "height" : 768,
  "t_20" : 0.14494592,
  "fx" : 718.82196
}