{
  "t_23" : -3.6711924,
  "t_10" : -0.9867359,
  "cx" : 514.6068,
  "cy" : 387.109,
  "t_01" : -0.4199917,
  "t_13" : 0.003194224,
  "t_00" : 0.15935713,
  "fy" : 710.2758,
  "fx" : 710.2758,
  "timestamp" : 235287324669,
  "t_11" : -0.039392497,
  "angular_velocity" : 3.4028235e+38,
  "blur_score" : 95.68878,
  "t_21" : -0.90667266,
  "t_20" : -0.030946862,
  "t_02" : 0.89342743,
  "height" : 768,
  "manual_keyframe" : false,
  "t_12" : 0.15748216,
  "t_03" : -2.1670465,
  "center_depth" : 3.7933543,
  "t_22" : -0.42069837,
  "width" : 1024
}