{
  "t_11" : -0.03239141,
  "fy" : 710.89044,
  "height" : 768,
  "t_01" : 0.41984668,
  "t_23" : 2.062323,
  "t_10" : -0.90182585,
  "manual_keyframe" : false,
  "fx" : 710.89044,
  "t_21" : -0.9070169,
  "center_depth" : 2.8979666,
  "timestamp" : 235241641490,
  "t_22" : 0.3663538,
  "t_00" : 0.37895244,
  "t_20" : 0.20761834,
  "angular_velocity" : 3.4028235e+38,
  "t_13" : -0.11474767,
  "cy" : 387.12033,
  "width" : 1024,
  "blur_score" : 103.43459,
  "cx" : 514.3019,
  "t_12" : 0.4308841,
  "t_02" : 0.8246964,
  "t_03" : -0.1835107
}