{
  "t_23" : -1.0550717,
  "t_10" : -0.991942,
  "cx" : 514.5933,
  "cy" : 386.7757,
  "fx" : 711.5162,
  "t_13" : 0.12372066,
  "fy" : 711.5162,
  "t_01" : 0.9546232,
  "t_00" : -0.023071708,
  "timestamp" : 235276162125,
  "t_11" : -0.05886745,
  "angular_velocity" : 3.4028235e+38,
  "blur_score" : 73.73467,
  "t_21" : 0.29194024,
  "t_20" : -0.12457451,
  "t_02" : -0.2969212,
  "height" : 768,
  "manual_keyframe" : false,
  "t_12" : -0.112186156,
  "t_03" : -2.9104748,
  "center_depth" : 3.9985697,
  "t_22" : 0.94828916,
  "width" : 1024
}