{
  "blur_score" : 107.86075,
  "t_21" : -0.23334783,
  "center_depth" : 2.1331968,
  "height" : 768,
  "cy" : 387.11923,
  "t_00" : -0.118925914,
  "t_10" : -0.92984635,
  "t_03" : 0.42380598,
  "t_12" : -0.36609343,
  "t_22" : 0.9079132,
  "angular_velocity" : 3.4028235e+38,
  "width" : 1024,
  "fx" : 712.36273,
  "t_01" : 0.97169304,
  "t_02" : 0.20413034,
  "fy" : 712.36273,
  "t_13" : 0.24867854,
  "timestamp" : 235229395978,
  "t_20" : -0.3481988,
  "t_23" : 5.0051217,
  "t_11" : -0.036896475,
  "manual_keyframe" : false,
  "cx" : 514.60815
}