{
  "t_11" : -0.052178048,
  "fy" : 714.7451,
  "height" : 768,
  "t_01" : 0.8127719,
  "t_23" : -3.7268631,
  "t_10" : -0.9601169,
  "manual_keyframe" : false,
  "fx" : 714.7451,
  "t_21" : -0.5802408,
  "center_depth" : 1.2234002,
  "timestamp" : 235285225446,
  "t_22" : 0.77414745,
  "t_00" : 0.1189912,
  "t_20" : 0.2530152,
  "angular_velocity" : 3.4028235e+38,
  "t_13" : -0.027872134,
  "cy" : 386.97336,
  "width" : 1024,
  "blur_score" : 55.212173,
  "cx" : 514.5222,
  "t_02" : 0.5703008,
  "t_12" : 0.27468714,
  "t_03" : -2.523223
}