{
  "center_depth" : 1.5289714,
  "t_22" : 0.67548054,
  "t_21" : 0.68307954,
  "t_23" : -0.8491241,
  "angular_velocity" : 3.4028235e+38,
  "t_02" : -0.65112054,
  "t_00" : 0.21012479,
  "t_20" : -0.27772042,
  "cx" : 514.2503,
  "t_13" : 0.21448335,
  "t_12" : -0.34607553,
  "cy" : 387.00073,
  "blur_score" : 71.670044,
  "fy" : 712.9964,
  "t_11" : -0.038894277,
  "height" : 768,
  "timestamp" : 235275295778,
  "t_03" : -3.0257673,
  "manual_keyframe" : false,
  "t_01" : 0.72930765,
  "t_10" : -0.9374002,
  "fx" : 712.9964,
  "width" : 1024
}