{
  "height" : 768,
  "t_13" : -0.06444249,
  "t_12" : 0.32131732,
  "t_10" : -0.9468436,
  "blur_score" : 75.25417,
  "fx" : 708.5923,
  "t_02" : 0.15653603,
  "t_01" : 0.9869831,
  "t_11" : -0.015571753,
  "t_00" : 0.036889587,
  "cy" : 387.20798,
  "t_03" : -3.4023979,
  "t_20" : 0.3195723,
  "t_21" : -0.16006835,
  "t_22" : 0.93394434,
  "center_depth" : 3.340224,
  "timestamp" : 235263766694,
  "fy" : 708.5923,
  "width" : 1024,
  "cx" : 514.50006,
  "angular_velocity" : 3.4028235e+38,
  "manual_keyframe" : false,
  "t_23" : 0.22059214
}