{
  "t_23" : -3.916335,
  "t_10" : -0.8676305,
  "cx" : 514.12225,
  "cy" : 387.08432,
  "t_01" : -0.9809108,
  "fx" : 709.7183,
  "fy" : 709.7183,
  "t_00" : 0.115179986,
  "t_13" : -0.1230148,
  "timestamp" : 235292922588,
  "t_11" : -0.022542613,
  "angular_velocity" : 3.4028235e+38,
  "blur_score" : 59.12882,
  "t_21" : -0.19314772,
  "t_20" : -0.48368493,
  "t_02" : 0.15667732,
  "height" : 768,
  "manual_keyframe" : false,
  "t_12" : 0.4966984,
  "t_03" : -1.6056852,
  "center_depth" : 1.4665881,
  "t_22" : -0.8536645,
  "width" : 1024
}