{
  "t_01" : 0.86460966,
  "blur_score" : 90.18659,
  "t_02" : 0.50198406,
  "t_20" : 0.0762643,
  "timestamp" : 235228329702,
  "fx" : 713.83344,
  "cy" : 387.14355,
  "angular_velocity" : 3.4028235e+38,
  "t_03" : 0.48189068,
  "t_00" : 0.021495426,
  "t_23" : 5.1903596,
  "center_depth" : 1.554601,
  "t_13" : 0.07895031,
  "t_22" : 0.86146647,
  "height" : 768,
  "manual_keyframe" : false,
  "cx" : 514.5582,
  "t_11" : -0.019765869,
  "fy" : 713.83344,
  "t_21" : -0.5020551,
  "t_12" : 0.076730736,
  "width" : 1024,
  "t_10" : -0.99685585
}