{
  "fy" : 712.06256,
  "angular_velocity" : 3.4028235e+38,
  "t_10" : -0.7679697,
  "t_01" : 0.03062377,
  "t_13" : -0.09704582,
  "t_02" : 0.76981205,
  "cx" : 513.77374,
  "cy" : 386.90018,
  "t_00" : 0.6375358,
  "t_23" : 5.436046,
  "timestamp" : 235226213810,
  "t_11" : -0.05438147,
  "fx" : 712.06256,
  "height" : 768,
  "width" : 1024,
  "manual_keyframe" : false,
  "t_03" : 0.714555,
  "t_22" : -0.011152002,
  "t_12" : 0.63817334,
  "center_depth" : 1.0476714,
  "blur_score" : 89.72697,
  "t_20" : 0.0614068,
  "t_21" : -0.9980506
}