{
  "fy" : 714.4115,
  "angular_velocity" : 3.4028235e+38,
  "t_10" : -0.9457096,
  "t_01" : -0.98605245,
  "t_02" : 0.16574024,
  "cy" : 386.98233,
  "t_13" : 0.22621316,
  "cx" : 514.5588,
  "t_00" : 0.015196727,
  "t_23" : 6.051526,
  "timestamp" : 235209236690,
  "t_11" : -0.067995764,
  "fx" : 714.4115,
  "height" : 768,
  "width" : 1024,
  "manual_keyframe" : false,
  "t_03" : 0.73857206,
  "t_22" : -0.93355256,
  "t_12" : -0.31782085,
  "center_depth" : 1.6663808,
  "blur_score" : 130.4047,
  "t_20" : 0.32465765,
  "t_21" : -0.15191229
}