{
  "t_23" : 6.3377323,
  "angular_velocity" : 3.4028235e+38,
  "fx" : 712.69305,
  "t_22" : -0.9565276,
  "blur_score" : 128.53377,
  "center_depth" : 1.5596243,
  "t_20" : 0.26752293,
  "t_12" : -0.2663955,
  "cy" : 387.14777,
  "width" : 1024,
  "height" : 768,
  "timestamp" : 235200156676,
  "t_10" : -0.9635288,
  "t_02" : 0.11869629,
  "t_13" : 0.25886267,
  "t_21" : -0.11613297,
  "manual_keyframe" : false,
  "t_01" : -0.9929087,
  "fy" : 712.69305,
  "t_00" : -0.0066280304,
  "t_03" : 0.79638696,
  "t_11" : -0.025414081,
  "cx" : 514.54425
}