{
  "t_22" : 0.57019234,
  "t_02" : 0.703429,
  "t_10" : -0.9050998,
  "t_12" : 0.42434475,
  "t_03" : -0.053513512,
  "cy" : 387.01968,
  "t_21" : -0.76854455,
  "angular_velocity" : 3.4028235e+38,
  "t_20" : 0.29020688,
  "center_depth" : 2.8757348,
  "timestamp" : 235241158334,
  "manual_keyframe" : false,
  "fx" : 711.77985,
  "height" : 768,
  "t_23" : 2.1839373,
  "t_01" : 0.6392287,
  "t_11" : -0.026944477,
  "t_00" : 0.3107643,
  "fy" : 711.77985,
  "cx" : 514.2222,
  "width" : 1024,
  "t_13" : -0.10797,
  "blur_score" : 88.47518
}