{
  "height" : 768,
  "t_13" : -0.14866944,
  "t_12" : 0.83245397,
  "t_10" : -0.5287663,
  "blur_score" : 60.61413,
  "t_02" : -0.40323544,
  "fx" : 717.06384,
  "t_01" : -0.47343758,
  "t_11" : 0.1656105,
  "t_00" : -0.7831081,
  "cy" : 387.66034,
  "t_03" : 0.83601743,
  "t_20" : -0.32733494,
  "t_21" : 0.86511856,
  "t_22" : -0.3800288,
  "center_depth" : 0.7418993,
  "timestamp" : 235213651742,
  "fy" : 717.06384,
  "width" : 1024,
  "cx" : 513.223,
  "angular_velocity" : 3.4028235e+38,
  "manual_keyframe" : false,
  "t_23" : 6.8443055
}