{
  "height" : 768,
  "t_13" : -0.085228704,
  "t_12" : 0.74462694,
  "t_10" : -0.65315694,
  "blur_score" : 53.08402,
  "fx" : 716.1697,
  "t_02" : -0.43990007,
  "t_01" : -0.6348434,
  "t_11" : 0.13753773,
  "t_00" : -0.63518643,
  "cy" : 387.6586,
  "t_03" : 0.8378056,
  "t_20" : -0.41221866,
  "t_21" : 0.76030064,
  "t_22" : -0.5020145,
  "center_depth" : 0.7949643,
  "timestamp" : 235213185246,
  "fy" : 716.1697,
  "width" : 1024,
  "cx" : 513.62274,
  "angular_velocity" : 3.4028235e+38,
  "manual_keyframe" : false,
  "t_23" : 6.826362
}