{
  "t_22" : -0.7119565,
  "t_02" : -0.6802944,
  "t_10" : -0.9836353,
  "t_12" : 0.17412002,
  "t_03" : -1.5838134,
  "cy" : 386.86002,
  "t_21" : 0.6841641,
  "angular_velocity" : 3.4028235e+38,
  "t_20" : -0.15823297,
  "center_depth" : 1.5992157,
  "timestamp" : 235295355014,
  "manual_keyframe" : false,
  "fx" : 710.90314,
  "height" : 768,
  "t_23" : -4.005496,
  "t_11" : -0.04630125,
  "t_01" : -0.72785693,
  "t_00" : -0.0861622,
  "fy" : 710.90314,
  "cx" : 514.49646,
  "width" : 1024,
  "t_13" : 0.008339762,
  "blur_score" : 67.7388
}