{
  "t_23" : -1.1256224,
  "t_10" : -0.9979989,
  "cx" : 514.64624,
  "cy" : 386.77426,
  "fx" : 710.892,
  "t_13" : 0.098700516,
  "fy" : 710.892,
  "t_01" : 0.9915508,
  "t_00" : -0.039392717,
  "timestamp" : 235276378712,
  "t_11" : -0.045164958,
  "angular_velocity" : 3.4028235e+38,
  "blur_score" : 75.91573,
  "t_21" : 0.12160228,
  "t_20" : -0.04946211,
  "t_02" : -0.12359289,
  "height" : 768,
  "manual_keyframe" : false,
  "t_12" : -0.044253945,
  "t_03" : -2.902418,
  "center_depth" : 3.6499054,
  "t_22" : 0.9913459,
  "width" : 1024
}