{
  "t_11" : -0.028905172,
  "fy" : 710.8841,
  "height" : 768,
  "t_01" : -0.83514625,
  "t_23" : -3.9487295,
  "t_10" : -0.9848783,
  "manual_keyframe" : false,
  "fx" : 710.8841,
  "t_21" : 0.5492681,
  "center_depth" : 1.9922981,
  "timestamp" : 235296071414,
  "t_22" : -0.82591957,
  "t_00" : 0.117699176,
  "t_20" : 0.12712906,
  "angular_velocity" : 3.4028235e+38,
  "t_13" : 0.14087817,
  "cy" : 387.02084,
  "width" : 1024,
  "blur_score" : 41.749554,
  "cx" : 514.6682,
  "t_12" : -0.17081973,
  "t_02" : -0.5372876,
  "t_03" : -1.5688423
}