{
  "t_23" : 1.9903634,
  "t_10" : -0.97972345,
  "cx" : 514.62524,
  "cy" : 387.1236,
  "fx" : 709.43243,
  "t_01" : -0.5510463,
  "fy" : 709.43243,
  "t_00" : 0.19206777,
  "t_13" : -0.013066792,
  "timestamp" : 235244140573,
  "t_11" : -0.059580307,
  "angular_velocity" : 3.4028235e+38,
  "blur_score" : 69.38805,
  "t_21" : -0.8323451,
  "t_20" : -0.057026837,
  "t_02" : 0.81207037,
  "height" : 768,
  "manual_keyframe" : false,
  "t_12" : 0.19129106,
  "t_03" : -1.0030582,
  "center_depth" : 2.4713473,
  "t_22" : -0.55131644,
  "width" : 1024
}