{
  "t_22" : 0.48492807,
  "t_02" : -0.820259,
  "t_10" : -0.95020366,
  "t_12" : 0.3033484,
  "t_03" : -3.2090783,
  "cy" : 386.99463,
  "t_21" : 0.8699652,
  "angular_velocity" : 3.4028235e+38,
  "t_20" : 0.08947348,
  "center_depth" : 0.8814988,
  "timestamp" : 235269481256,
  "manual_keyframe" : false,
  "fx" : 710.02484,
  "height" : 768,
  "t_23" : -0.50887525,
  "t_11" : -0.07136391,
  "t_01" : 0.48792204,
  "t_00" : -0.2985089,
  "fy" : 710.02484,
  "cx" : 514.64795,
  "width" : 1024,
  "t_13" : -0.03971609,
  "blur_score" : 55.25597
}