{
  "t_22" : -0.81214786,
  "t_03" : 0.7978463,
  "t_10" : -0.99682057,
  "fy" : 719.12537,
  "t_13" : 0.11529004,
  "cy" : 386.974,
  "t_01" : -0.81106293,
  "cx" : 514.6594,
  "t_00" : 0.07610998,
  "t_21" : 0.5829752,
  "timestamp" : 235216783929,
  "width" : 1024,
  "manual_keyframe" : false,
  "t_12" : -0.06349579,
  "t_23" : 6.8086414,
  "t_02" : -0.57998663,
  "angular_velocity" : 3.4028235e+38,
  "blur_score" : 122.36756,
  "center_depth" : 0.8100989,
  "t_11" : -0.048135955,
  "height" : 768,
  "t_20" : 0.023580875,
  "fx" : 719.12537
}