{
  "height" : 768,
  "t_13" : 0.063347846,
  "t_12" : 0.03441264,
  "t_10" : -0.9992896,
  "blur_score" : 55.71259,
  "t_02" : -0.30731928,
  "fx" : 710.85077,
  "t_01" : -0.9515979,
  "t_11" : -0.015366974,
  "t_00" : 0.0040503894,
  "cy" : 387.0138,
  "t_03" : -1.4352176,
  "t_20" : -0.037469573,
  "t_21" : 0.30696154,
  "t_22" : -0.9509841,
  "center_depth" : 1.5378287,
  "timestamp" : 235298237271,
  "fy" : 710.85077,
  "width" : 1024,
  "cx" : 514.7472,
  "angular_velocity" : 3.4028235e+38,
  "manual_keyframe" : false,
  "t_23" : -3.6871276
}