{
  "t_21" : 0.99839735,
  "angular_velocity" : 3.4028235e+38,
  "t_03" : -2.6906657,
  "t_20" : 0.03421871,
  "fx" : 710.6236,
  "t_02" : -0.9464818,
  "t_12" : -0.31959417,
  "cy" : 387.163,
  "t_01" : -0.053640876,
  "t_22" : -0.0450766,
  "t_00" : 0.31826875,
  "t_13" : 0.20072314,
  "center_depth" : 2.163427,
  "cx" : 514.43964,
  "width" : 1024,
  "manual_keyframe" : false,
  "blur_score" : 70.678604,
  "t_23" : 1.6530054,
  "t_11" : 0.018040907,
  "timestamp" : 235255852938,
  "t_10" : -0.9473828,
  "height" : 768,
  "fy" : 710.6236
}