{
  "height" : 768,
  "t_13" : 0.121550724,
  "t_12" : -0.1317422,
  "t_10" : -0.9891026,
  "blur_score" : 94.07691,
  "t_02" : 0.95375216,
  "fx" : 709.4149,
  "t_01" : -0.28036752,
  "t_11" : -0.06572786,
  "t_00" : -0.10840275,
  "cy" : 386.82248,
  "t_03" : -1.4858457,
  "t_20" : 0.09962432,
  "t_21" : -0.9576398,
  "t_22" : -0.27018717,
  "center_depth" : 4.1062565,
  "timestamp" : 235245640022,
  "fy" : 709.4149,
  "width" : 1024,
  "cx" : 514.6487,
  "angular_velocity" : 3.4028235e+38,
  "manual_keyframe" : false,
  "t_23" : 2.0039785
}