{
  "blur_score" : 99.17196,
  "t_21" : 0.643926,
  "center_depth" : 2.575753,
  "height" : 768,
  "t_10" : -0.9380846,
  "t_00" : 0.24486957,
  "cy" : 387.30667,
  "t_12" : -0.3449843,
  "t_03" : 0.39547643,
  "t_22" : 0.7247917,
  "angular_velocity" : 3.4028235e+38,
  "width" : 1024,
  "fx" : 710.5776,
  "t_01" : 0.76444495,
  "t_02" : -0.59637463,
  "fy" : 710.5776,
  "t_13" : 0.25465783,
  "timestamp" : 235230962071,
  "t_20" : -0.24502277,
  "t_23" : 4.787396,
  "t_11" : 0.031354062,
  "manual_keyframe" : false,
  "cx" : 514.37744
}