{
  "t_22" : -0.820674,
  "t_03" : 0.79312795,
  "t_10" : -0.9603742,
  "fy" : 716.5016,
  "t_00" : -0.13468115,
  "t_13" : 0.26384673,
  "t_01" : -0.85610884,
  "cx" : 514.5238,
  "cy" : 387.21872,
  "t_21" : -0.51667386,
  "timestamp" : 235218866501,
  "width" : 1024,
  "manual_keyframe" : false,
  "t_12" : -0.27848813,
  "t_23" : 6.6856394,
  "t_02" : 0.4989376,
  "angular_velocity" : 3.4028235e+38,
  "blur_score" : 93.04213,
  "center_depth" : 0.8522209,
  "t_11" : -0.011218083,
  "height" : 768,
  "t_20" : 0.24401328,
  "fx" : 716.5016
}