{
  "height" : 768,
  "t_13" : 0.027659267,
  "t_12" : 0.4611014,
  "t_10" : -0.8870593,
  "blur_score" : 100.632866,
  "fx" : 713.56024,
  "t_02" : 0.12111283,
  "t_01" : -0.9887157,
  "t_11" : -0.022618176,
  "t_00" : 0.088165745,
  "cy" : 387.00027,
  "t_03" : 0.8461332,
  "t_20" : -0.4531588,
  "t_21" : -0.14808758,
  "t_22" : -0.8790435,
  "center_depth" : 1.0937564,
  "timestamp" : 235202089303,
  "fy" : 713.56024,
  "width" : 1024,
  "cx" : 514.4761,
  "angular_velocity" : 3.4028235e+38,
  "manual_keyframe" : false,
  "t_23" : 6.4820204
}