{
  "t_23" : -3.6610363,
  "t_10" : -0.9594258,
  "cx" : 514.68164,
  "cy" : 387.00235,
  "fx" : 711.51135,
  "t_13" : -0.03204577,
  "fy" : 711.51135,
  "t_01" : 0.9536631,
  "t_00" : 0.055999663,
  "timestamp" : 235284958878,
  "t_11" : -0.030550443,
  "angular_velocity" : 3.4028235e+38,
  "blur_score" : 38.352795,
  "t_21" : -0.29932132,
  "t_20" : 0.2763442,
  "t_02" : 0.29561907,
  "height" : 768,
  "manual_keyframe" : false,
  "t_12" : 0.28030115,
  "t_03" : -2.4952939,
  "center_depth" : 1.1610124,
  "t_22" : 0.9132584,
  "width" : 1024
}