{
  "t_23" : 6.525469,
  "angular_velocity" : 3.4028235e+38,
  "fx" : 723.17847,
  "t_22" : -0.74848133,
  "blur_score" : 50.774624,
  "center_depth" : 0.6594919,
  "t_20" : -0.57500297,
  "t_12" : 0.61162776,
  "cy" : 387.096,
  "width" : 1024,
  "height" : 768,
  "timestamp" : 235221732118,
  "t_10" : -0.7910967,
  "t_02" : 0.25629503,
  "t_13" : 0.031138841,
  "t_21" : -0.33037445,
  "manual_keyframe" : false,
  "t_01" : -0.9438089,
  "fy" : 723.17847,
  "t_00" : 0.2086569,
  "t_03" : 0.7604411,
  "t_11" : -0.008805396,
  "cx" : 513.91675
}