{
  "height" : 768,
  "t_13" : 0.21209428,
  "t_12" : -0.36691514,
  "t_10" : -0.9301163,
  "blur_score" : 63.778957,
  "fx" : 712.709,
  "t_02" : -0.8912689,
  "t_01" : 0.29248,
  "t_11" : -0.016035989,
  "t_00" : 0.3465479,
  "cy" : 387.05618,
  "t_03" : -3.2095087,
  "t_20" : -0.1216077,
  "t_21" : 0.9561372,
  "t_22" : 0.2664831,
  "center_depth" : 1.418927,
  "timestamp" : 235274579376,
  "fy" : 712.709,
  "width" : 1024,
  "cx" : 514.51044,
  "angular_velocity" : 3.4028235e+38,
  "manual_keyframe" : false,
  "t_23" : -0.75668496
}