{
  "t_23" : 6.013748,
  "angular_velocity" : 3.4028235e+38,
  "fx" : 713.5777,
  "t_22" : -0.6586945,
  "blur_score" : 48.443607,
  "center_depth" : 1.5745292,
  "t_20" : -0.6758786,
  "t_12" : 0.7196029,
  "cy" : 387.1881,
  "width" : 1024,
  "height" : 768,
  "timestamp" : 235205038225,
  "t_10" : -0.6942354,
  "t_02" : 0.21975751,
  "t_13" : -0.20709497,
  "t_21" : -0.33062044,
  "manual_keyframe" : false,
  "t_01" : -0.9436532,
  "fy" : 713.5777,
  "t_00" : 0.24743791,
  "t_03" : 0.79698217,
  "t_11" : -0.014456608,
  "cx" : 513.35455
}