{
  "t_11" : -0.032833625,
  "fy" : 709.1434,
  "height" : 768,
  "t_01" : 0.9537177,
  "t_23" : -0.21734624,
  "t_10" : -0.96754044,
  "manual_keyframe" : false,
  "fx" : 709.1434,
  "t_21" : -0.29890552,
  "center_depth" : 4.04396,
  "timestamp" : 235266732269,
  "t_22" : 0.92621815,
  "t_00" : -0.105309196,
  "t_20" : -0.22972934,
  "angular_velocity" : 3.4028235e+38,
  "t_13" : 0.1543744,
  "cy" : 386.99188,
  "width" : 1024,
  "blur_score" : 62.937046,
  "cx" : 514.56055,
  "t_12" : -0.2505744,
  "t_02" : 0.28166038,
  "t_03" : -3.4700398
}