{
  "t_22" : -0.059872452,
  "t_02" : 0.9190209,
  "t_10" : -0.9209681,
  "t_12" : 0.38963592,
  "t_03" : -0.6089483,
  "cy" : 387.1397,
  "t_21" : -0.99791896,
  "angular_velocity" : 3.4028235e+38,
  "t_20" : -0.02394017,
  "center_depth" : 3.2545464,
  "timestamp" : 235242957673,
  "manual_keyframe" : false,
  "fx" : 709.16406,
  "height" : 768,
  "t_23" : 1.9481558,
  "t_11" : -0.0012829904,
  "t_01" : -0.06446857,
  "t_00" : 0.38890192,
  "fy" : 709.16406,
  "cx" : 514.3665,
  "width" : 1024,
  "t_13" : -0.103991546,
  "blur_score" : 101.85699
}