{
  "height" : 768,
  "t_13" : -0.050134074,
  "t_12" : 0.36265635,
  "t_10" : -0.9314114,
  "blur_score" : 109.600845,
  "t_02" : 0.6598492,
  "fx" : 709.44995,
  "t_01" : 0.7142804,
  "t_11" : -0.030874016,
  "t_00" : 0.23324369,
  "cy" : 386.86508,
  "t_03" : -2.9381182,
  "t_20" : 0.27941057,
  "t_21" : -0.69917834,
  "t_22" : 0.6580878,
  "center_depth" : 2.457182,
  "timestamp" : 235279027734,
  "fy" : 709.44995,
  "width" : 1024,
  "cx" : 514.5153,
  "angular_velocity" : 3.4028235e+38,
  "manual_keyframe" : false,
  "t_23" : -1.9082439
}