{
  "center_depth" : 3.1312895,
  "t_22" : 0.21563241,
  "t_21" : -0.9729376,
  "t_23" : 1.9699366,
  "angular_velocity" : 3.4028235e+38,
  "t_00" : 0.39290866,
  "t_02" : 0.8901389,
  "t_20" : 0.083038524,
  "cx" : 514.2904,
  "t_13" : -0.112438016,
  "t_12" : 0.40144208,
  "cy" : 387.03915,
  "blur_score" : 121.2923,
  "fy" : 710.0296,
  "t_11" : 0.010808009,
  "height" : 768,
  "timestamp" : 235242074664,
  "t_03" : -0.2780902,
  "manual_keyframe" : false,
  "t_01" : 0.23081572,
  "t_10" : -0.9158207,
  "fx" : 710.0296,
  "width" : 1024
}