{
  "t_11" : -0.00988617,
  "fy" : 712.38495,
  "height" : 768,
  "t_01" : -0.07296925,
  "t_23" : 3.2226973,
  "t_10" : -0.7741767,
  "manual_keyframe" : false,
  "fx" : 712.38495,
  "t_21" : 0.9972851,
  "center_depth" : 1.8801546,
  "timestamp" : 235237942846,
  "t_22" : -0.05025613,
  "t_00" : -0.6306773,
  "t_20" : -0.05381982,
  "angular_velocity" : 3.4028235e+38,
  "t_13" : -0.15093586,
  "cy" : 386.94458,
  "width" : 1024,
  "blur_score" : 86.692566,
  "cx" : 513.701,
  "t_02" : -0.7726071,
  "t_12" : 0.6328923,
  "t_03" : 0.4929003
}