{
  "t_22" : 0.8812498,
  "t_03" : -3.426825,
  "t_10" : -0.94949305,
  "fy" : 708.54144,
  "t_13" : -0.057964638,
  "cy" : 387.12238,
  "t_01" : 0.9297578,
  "t_00" : 0.10189858,
  "cx" : 514.52155,
  "t_21" : -0.36785793,
  "timestamp" : 235264066583,
  "width" : 1024,
  "manual_keyframe" : false,
  "t_12" : 0.31341985,
  "t_23" : 0.17957495,
  "t_02" : 0.3537898,
  "angular_velocity" : 3.4028235e+38,
  "blur_score" : 90.13239,
  "center_depth" : 3.2209682,
  "t_11" : -0.015200486,
  "height" : 768,
  "t_20" : 0.29678234,
  "fx" : 708.54144
}