{
  "t_22" : 0.34745488,
  "t_03" : -3.2214131,
  "t_10" : -0.89203554,
  "fy" : 710.05505,
  "t_00" : -0.44211707,
  "t_13" : -0.110025436,
  "t_01" : 0.3517457,
  "cy" : 386.88766,
  "cx" : 514.4967,
  "t_21" : 0.9329899,
  "timestamp" : 235269897769,
  "width" : 1024,
  "manual_keyframe" : false,
  "t_12" : 0.4454971,
  "t_23" : -0.5224103,
  "t_02" : -0.8251107,
  "angular_velocity" : 3.4028235e+38,
  "blur_score" : 29.106863,
  "center_depth" : 1.1506106,
  "t_11" : -0.07619065,
  "height" : 768,
  "t_20" : 0.093835965,
  "fx" : 710.05505
}