{
  "blur_score" : 80.843094,
  "t_21" : -0.8516834,
  "center_depth" : 3.4941175,
  "height" : 768,
  "cy" : 387.15402,
  "t_00" : 0.26876414,
  "t_03" : -1.6229271,
  "t_12" : 0.29865962,
  "t_10" : -0.9539366,
  "t_22" : -0.50681823,
  "angular_velocity" : 3.4028235e+38,
  "width" : 1024,
  "fx" : 708.6447,
  "t_01" : -0.5232859,
  "t_02" : 0.8086642,
  "fy" : 708.6447,
  "t_13" : -0.03911512,
  "timestamp" : 235291556429,
  "t_20" : -0.13330702,
  "t_23" : -3.8286037,
  "t_11" : -0.028413955,
  "manual_keyframe" : false,
  "cx" : 514.639
}