{
  "t_23" : -3.9735036,
  "t_10" : -0.99684274,
  "cx" : 514.65106,
  "cy" : 387.04547,
  "t_01" : -0.7949156,
  "t_13" : 0.102473706,
  "fy" : 710.9063,
  "t_00" : 0.06982447,
  "fx" : 710.9063,
  "timestamp" : 235295854828,
  "t_11" : -0.032704506,
  "angular_velocity" : 3.4028235e+38,
  "blur_score" : 55.446186,
  "t_21" : 0.60583806,
  "t_20" : 0.037804358,
  "t_02" : -0.60268885,
  "height" : 768,
  "manual_keyframe" : false,
  "t_12" : -0.072353594,
  "t_03" : -1.5785624,
  "center_depth" : 1.8819028,
  "t_22" : -0.79468954,
  "width" : 1024
}