{
  "fy" : 710.9063,
  "angular_velocity" : 3.4028235e+38,
  "t_10" : -0.9983773,
  "t_01" : -0.79177606,
  "t_13" : 0.09754767,
  "t_02" : -0.608751,
  "cx" : 514.82446,
  "cy" : 386.99936,
  "t_00" : 0.050130926,
  "t_23" : -3.6245728,
  "timestamp" : 235298837047,
  "t_11" : -0.02324167,
  "fx" : 710.9063,
  "height" : 768,
  "width" : 1024,
  "manual_keyframe" : false,
  "t_03" : -1.3323914,
  "t_22" : -0.79165643,
  "t_12" : -0.051987395,
  "center_depth" : 1.4260879,
  "blur_score" : 60.635464,
  "t_20" : 0.027013985,
  "t_21" : 0.6103692
}