{
  "blur_score" : 117.744705,
  "t_21" : -0.06047092,
  "center_depth" : 2.0924292,
  "height" : 768,
  "t_10" : -0.9214884,
  "t_00" : -0.043914832,
  "t_03" : 0.41027427,
  "t_12" : -0.3877693,
  "cy" : 386.96692,
  "t_22" : 0.9205503,
  "angular_velocity" : 3.4028235e+38,
  "width" : 1024,
  "fx" : 711.74817,
  "t_01" : 0.9979224,
  "t_02" : 0.047143426,
  "fy" : 711.74817,
  "t_13" : 0.2593751,
  "timestamp" : 235229729190,
  "t_20" : -0.38591555,
  "t_23" : 4.9553742,
  "t_11" : -0.02223242,
  "manual_keyframe" : false,
  "cx" : 514.29236
}