{
  "height" : 768,
  "t_13" : -0.12537996,
  "t_12" : 0.5120059,
  "t_10" : -0.85898125,
  "blur_score" : 101.498825,
  "fx" : 719.41125,
  "t_02" : -0.65712047,
  "t_01" : -0.6445008,
  "t_11" : -0.0010306537,
  "t_00" : -0.3909111,
  "cy" : 387.2629,
  "t_03" : 0.778833,
  "t_20" : -0.33066553,
  "t_21" : 0.7646029,
  "t_22" : -0.55321133,
  "center_depth" : 0.6967751,
  "timestamp" : 235215750973,
  "fy" : 719.41125,
  "width" : 1024,
  "cx" : 513.5286,
  "angular_velocity" : 3.4028235e+38,
  "manual_keyframe" : false,
  "t_23" : 6.8565555
}