{
  "t_22" : 0.31670836,
  "t_02" : 0.91083884,
  "t_10" : -0.9636217,
  "t_12" : 0.26470503,
  "t_03" : -2.0598905,
  "cy" : 387.03348,
  "t_21" : -0.94050705,
  "angular_velocity" : 3.4028235e+38,
  "t_20" : 0.1230545,
  "center_depth" : 4.1289525,
  "timestamp" : 235247522665,
  "manual_keyframe" : false,
  "fx" : 708.5574,
  "height" : 768,
  "t_23" : 1.9125144,
  "t_01" : 0.33776015,
  "t_11" : -0.0369414,
  "t_00" : 0.23725732,
  "fy" : 708.5574,
  "cx" : 514.61194,
  "width" : 1024,
  "t_13" : -0.027849011,
  "blur_score" : 95.92219
}