{
  "fy" : 714.44965,
  "angular_velocity" : 3.4028235e+38,
  "t_10" : -0.778023,
  "t_01" : -0.99254256,
  "cy" : 387.09354,
  "t_02" : 0.05142208,
  "cx" : 513.8787,
  "t_13" : -0.072959885,
  "t_00" : 0.11052146,
  "t_23" : 5.950423,
  "timestamp" : 235223731386,
  "t_11" : -0.05420777,
  "fx" : 714.44965,
  "height" : 768,
  "width" : 1024,
  "manual_keyframe" : false,
  "t_03" : 0.71967083,
  "t_22" : -0.77821213,
  "t_12" : 0.6258927,
  "center_depth" : 1.4584268,
  "blur_score" : 68.49689,
  "t_20" : -0.61843777,
  "t_21" : -0.10918215
}