{
  "height" : 768,
  "t_13" : -0.10673669,
  "t_12" : 0.4744015,
  "t_10" : -0.8795273,
  "blur_score" : 51.579483,
  "t_02" : -0.056042068,
  "fx" : 728.16864,
  "t_01" : 0.9958137,
  "t_11" : -0.037079502,
  "t_00" : -0.07221006,
  "cy" : 387.1484,
  "t_03" : 0.3280457,
  "t_20" : 0.47033757,
  "t_21" : 0.083547086,
  "t_22" : 0.87852293,
  "center_depth" : 2.0997007,
  "timestamp" : 235239575581,
  "fy" : 728.16864,
  "width" : 1024,
  "cx" : 514.16504,
  "angular_velocity" : 3.4028235e+38,
  "manual_keyframe" : false,
  "t_23" : 2.636032
}