{
  "height" : 768,
  "t_13" : 0.09004685,
  "t_12" : 0.4058314,
  "t_10" : -0.913759,
  "blur_score" : 93.68483,
  "fx" : 713.8636,
  "t_02" : -0.40298954,
  "t_01" : -0.900994,
  "t_11" : -0.018587494,
  "t_00" : -0.16065349,
  "cy" : 387.03165,
  "t_03" : 0.76941323,
  "t_20" : -0.3731422,
  "t_21" : 0.43343347,
  "t_22" : -0.82030535,
  "center_depth" : 0.92478734,
  "timestamp" : 235211935703,
  "fy" : 713.8636,
  "width" : 1024,
  "cx" : 514.56824,
  "angular_velocity" : 3.4028235e+38,
  "manual_keyframe" : false,
  "t_23" : 6.5936213
}