{
  "t_21" : 0.033024743,
  "angular_velocity" : 3.4028235e+38,
  "t_03" : -2.4033413,
  "t_20" : -0.20833331,
  "cy" : 387.4131,
  "t_02" : -0.02837924,
  "t_12" : -0.20901676,
  "fx" : 708.8766,
  "t_01" : 0.99927837,
  "t_22" : 0.9775004,
  "t_00" : 0.025248865,
  "t_13" : 0.123331845,
  "center_depth" : 3.2239468,
  "cx" : 514.6138,
  "width" : 1024,
  "manual_keyframe" : false,
  "blur_score" : 79.64178,
  "t_23" : 1.7094103,
  "t_11" : 0.018768424,
  "timestamp" : 235250538224,
  "t_10" : -0.977732,
  "height" : 768,
  "fy" : 708.8766
}