{
  "t_11" : -0.023344843,
  "fy" : 714.6863,
  "height" : 768,
  "t_01" : 0.45820007,
  "t_23" : -3.774385,
  "t_10" : -0.9676529,
  "manual_keyframe" : false,
  "fx" : 714.6863,
  "t_21" : -0.88854253,
  "center_depth" : 1.7400318,
  "timestamp" : 235285575316,
  "t_22" : 0.43840694,
  "t_00" : 0.21297006,
  "t_20" : 0.13524689,
  "angular_velocity" : 3.4028235e+38,
  "t_13" : -0.029189028,
  "cy" : 386.92575,
  "width" : 1024,
  "blur_score" : 48.40408,
  "cx" : 514.4296,
  "t_02" : 0.862958,
  "t_12" : 0.25120306,
  "t_03" : -2.5280254
}