{
  "t_21" : -0.105667196,
  "angular_velocity" : 3.4028235e+38,
  "t_03" : -2.4137888,
  "t_20" : -0.24523082,
  "cy" : 387.30475,
  "t_02" : 0.10851242,
  "t_12" : -0.24398516,
  "fx" : 709.13544,
  "t_01" : 0.9940933,
  "t_22" : 0.96368897,
  "t_00" : -0.0019200633,
  "t_13" : 0.12914659,
  "center_depth" : 2.7867417,
  "cx" : 514.58856,
  "width" : 1024,
  "manual_keyframe" : false,
  "blur_score" : 70.13645,
  "t_23" : 1.7417604,
  "t_11" : 0.024760243,
  "timestamp" : 235250254995,
  "t_10" : -0.9694629,
  "height" : 768,
  "fy" : 709.13544
}