{
  "t_22" : 0.6456678,
  "t_02" : -0.74227595,
  "t_10" : -0.9822596,
  "t_12" : 0.1792759,
  "cy" : 386.98267,
  "t_03" : -3.184894,
  "t_21" : 0.75989836,
  "angular_velocity" : 3.4028235e+38,
  "t_20" : 0.07528493,
  "center_depth" : 1.0170096,
  "timestamp" : 235269131385,
  "manual_keyframe" : false,
  "fx" : 709.7517,
  "height" : 768,
  "t_23" : -0.49548256,
  "t_11" : -0.055011716,
  "t_01" : 0.64771014,
  "t_00" : -0.17175077,
  "fy" : 709.7517,
  "cx" : 514.6386,
  "width" : 1024,
  "t_13" : 0.010316313,
  "blur_score" : 51.79143
}