{
  "t_21" : 0.2363458,
  "angular_velocity" : 3.4028235e+38,
  "t_03" : -3.2584245,
  "t_20" : 0.40270254,
  "cy" : 387.2242,
  "t_02" : -0.22877063,
  "t_12" : 0.40705362,
  "fx" : 710.35846,
  "t_01" : 0.9711305,
  "t_22" : 0.8842917,
  "t_00" : -0.06759994,
  "t_13" : -0.10411462,
  "center_depth" : 2.8515928,
  "cx" : 514.30005,
  "width" : 1024,
  "manual_keyframe" : false,
  "blur_score" : 113.2014,
  "t_23" : 0.51990026,
  "t_11" : 0.032348454,
  "timestamp" : 235262550475,
  "t_10" : -0.9128313,
  "height" : 768,
  "fy" : 710.35846
}