{
  "t_01" : 0.9588937,
  "blur_score" : 108.3255,
  "t_02" : -0.26337042,
  "t_20" : -0.36580548,
  "timestamp" : 235230229007,
  "fx" : 711.52734,
  "cy" : 387.06677,
  "angular_velocity" : 3.4028235e+38,
  "t_03" : 0.35868597,
  "t_00" : 0.10563634,
  "t_23" : 4.8606577,
  "center_depth" : 2.1451173,
  "t_13" : 0.26227307,
  "t_22" : 0.88638085,
  "height" : 768,
  "manual_keyframe" : false,
  "t_11" : -0.0027083126,
  "cx" : 514.38165,
  "fy" : 711.52734,
  "t_21" : 0.28375283,
  "t_12" : -0.38074318,
  "width" : 1024,
  "t_10" : -0.92467695
}