{
  "t_22" : -0.7519009,
  "t_02" : -0.6586967,
  "t_10" : -0.99923474,
  "t_12" : 0.027639981,
  "t_03" : -1.585254,
  "cy" : 386.98837,
  "t_21" : 0.65812016,
  "angular_velocity" : 3.4028235e+38,
  "t_20" : -0.03902691,
  "center_depth" : 1.6844265,
  "timestamp" : 235295621582,
  "manual_keyframe" : false,
  "fx" : 710.92065,
  "height" : 768,
  "t_23" : -3.996532,
  "t_01" : -0.75240415,
  "t_11" : -0.02767658,
  "t_00" : 0.0026196137,
  "fy" : 710.92065,
  "cx" : 514.63495,
  "width" : 1024,
  "t_13" : 0.062599204,
  "blur_score" : 68.834435
}