{
  "t_22" : -0.34502056,
  "t_02" : -0.91794413,
  "t_10" : -0.9795826,
  "t_12" : -0.19580516,
  "cy" : 387.2675,
  "t_03" : -2.7736213,
  "t_21" : 0.9318488,
  "angular_velocity" : 3.4028235e+38,
  "t_20" : 0.11233266,
  "center_depth" : 2.3988695,
  "timestamp" : 235256735947,
  "manual_keyframe" : false,
  "fx" : 710.333,
  "height" : 768,
  "t_23" : 1.7116972,
  "t_01" : -0.3599714,
  "t_11" : 0.045589264,
  "t_00" : 0.16673157,
  "fy" : 710.333,
  "cx" : 514.4942,
  "width" : 1024,
  "t_13" : 0.15944123,
  "blur_score" : 64.895
}