{
  "t_22" : 0.7941746,
  "t_02" : -0.6070439,
  "t_10" : -0.9967719,
  "t_12" : 0.028009992,
  "t_03" : -2.5144787,
  "cy" : 386.90274,
  "t_21" : 0.6072344,
  "angular_velocity" : 3.4028235e+38,
  "t_20" : -0.02351996,
  "center_depth" : 2.3956833,
  "timestamp" : 235283059578,
  "manual_keyframe" : false,
  "fx" : 709.4103,
  "height" : 768,
  "t_23" : -3.0455472,
  "t_11" : -0.07524088,
  "t_01" : 0.790952,
  "t_00" : -0.07676303,
  "fy" : 709.4103,
  "cx" : 514.5465,
  "width" : 1024,
  "t_13" : 0.062462136,
  "blur_score" : 154.6347
}