{
  "t_23" : 1.7390285,
  "t_10" : -0.9428915,
  "cx" : 514.59094,
  "cy" : 387.40677,
  "fx" : 710.009,
  "t_13" : -0.0764145,
  "t_00" : -0.26590946,
  "fy" : 710.009,
  "t_01" : 0.54743195,
  "timestamp" : 235253337196,
  "t_11" : 0.023601796,
  "angular_velocity" : 3.4028235e+38,
  "blur_score" : 93.265915,
  "t_21" : 0.83651745,
  "t_20" : 0.20061897,
  "t_02" : -0.79348016,
  "height" : 768,
  "manual_keyframe" : false,
  "t_12" : 0.33226302,
  "t_03" : -2.4879594,
  "center_depth" : 1.6294082,
  "t_22" : 0.509893,
  "width" : 1024
}