{
  "t_22" : 0.6086343,
  "t_02" : -0.5795841,
  "t_10" : -0.8404484,
  "t_12" : 0.5418917,
  "t_03" : 0.36753672,
  "cy" : 387.09338,
  "t_21" : 0.6895585,
  "angular_velocity" : 3.4028235e+38,
  "t_20" : 0.39252186,
  "center_depth" : 0.6538927,
  "timestamp" : 235238825855,
  "manual_keyframe" : false,
  "fx" : 716.4793,
  "height" : 768,
  "t_23" : 2.9400113,
  "t_11" : 0.000116705385,
  "t_01" : 0.72423,
  "t_00" : -0.37359506,
  "fy" : 716.4793,
  "cx" : 513.9314,
  "width" : 1024,
  "t_13" : -0.12552945,
  "blur_score" : 40.792274
}