{
  "t_11" : -0.033570513,
  "fy" : 711.49243,
  "height" : 768,
  "t_01" : 0.5323435,
  "t_23" : 2.128481,
  "t_10" : -0.9011237,
  "manual_keyframe" : false,
  "fx" : 711.49243,
  "t_21" : -0.84586257,
  "center_depth" : 2.8807273,
  "timestamp" : 235241408242,
  "t_22" : 0.46796027,
  "t_00" : 0.34992337,
  "t_20" : 0.255988,
  "angular_velocity" : 3.4028235e+38,
  "t_13" : -0.11275569,
  "cy" : 387.05667,
  "width" : 1024,
  "blur_score" : 107.78147,
  "cx" : 514.23474,
  "t_12" : 0.4322606,
  "t_02" : 0.7708205,
  "t_03" : -0.12500899
}