{
  "t_22" : -0.45404613,
  "t_03" : -2.8741612,
  "t_10" : -0.9702977,
  "fy" : 710.3854,
  "t_00" : -0.20504813,
  "t_13" : -0.023784306,
  "t_01" : -0.4715365,
  "cx" : 514.59595,
  "cy" : 387.28204,
  "t_21" : 0.8816828,
  "timestamp" : 235258468643,
  "width" : 1024,
  "manual_keyframe" : false,
  "t_12" : 0.2413164,
  "t_23" : 1.4578419,
  "t_02" : -0.8576764,
  "angular_velocity" : 3.4028235e+38,
  "blur_score" : 80.42319,
  "center_depth" : 2.7172875,
  "t_11" : -0.016994726,
  "height" : 768,
  "t_20" : -0.12836547,
  "fx" : 710.3854
}