{
  "t_20" : -0.29526094,
  "timestamp" : 235201656128,
  "fx" : 712.99005,
  "center_depth" : 1.0289406,
  "manual_keyframe" : false,
  "t_23" : 6.485843,
  "t_13" : 0.13145714,
  "cy" : 386.9099,
  "blur_score" : 169.5642,
  "height" : 768,
  "t_10" : -0.9500429,
  "t_02" : 0.12069265,
  "t_00" : 0.101189874,
  "t_22" : -0.9442481,
  "t_01" : -0.9875191,
  "t_21" : -0.14565921,
  "angular_velocity" : 3.4028235e+38,
  "t_12" : 0.306315,
  "t_03" : 0.83879346,
  "fy" : 712.99005,
  "width" : 1024,
  "t_11" : -0.059912518,
  "cx" : 514.4854
}