{
  "center_depth" : 2.3419802,
  "t_22" : 0.8369862,
  "t_21" : -0.31514782,
  "t_23" : 2.473715,
  "angular_velocity" : 3.4028235e+38,
  "t_02" : 0.29556644,
  "t_00" : 0.11509544,
  "t_20" : 0.44736573,
  "cx" : 514.0773,
  "t_13" : -0.11001954,
  "t_12" : 0.46053743,
  "cy" : 386.86374,
  "blur_score" : 51.554413,
  "fy" : 715.8949,
  "t_11" : -0.035892997,
  "height" : 768,
  "timestamp" : 235240092058,
  "t_03" : 0.2519705,
  "manual_keyframe" : false,
  "t_01" : 0.94836366,
  "t_10" : -0.8869144,
  "fx" : 715.8949,
  "width" : 1024
}