{
  "t_11" : -0.040924046,
  "fy" : 709.7104,
  "height" : 768,
  "t_01" : 0.7970477,
  "t_23" : -1.5040092,
  "t_10" : -0.97775835,
  "manual_keyframe" : false,
  "fx" : 709.7104,
  "t_21" : -0.6025283,
  "center_depth" : 3.4711587,
  "timestamp" : 235277744874,
  "t_22" : 0.7755469,
  "t_00" : 0.09220349,
  "t_20" : 0.18838026,
  "angular_velocity" : 3.4028235e+38,
  "t_13" : 0.017793827,
  "cy" : 387.08112,
  "width" : 1024,
  "blur_score" : 101.87854,
  "cx" : 514.6277,
  "t_02" : 0.5968363,
  "t_12" : 0.20570321,
  "t_03" : -2.893542
}