{
  "t_23" : 6.4071918,
  "angular_velocity" : 3.4028235e+38,
  "fx" : 721.98737,
  "t_22" : -0.7474166,
  "blur_score" : 58.875023,
  "center_depth" : 0.90944964,
  "t_20" : -0.62113005,
  "t_12" : 0.6341924,
  "cy" : 387.15256,
  "width" : 1024,
  "height" : 768,
  "timestamp" : 235222231935,
  "t_10" : -0.7727593,
  "t_02" : 0.19791046,
  "t_13" : -0.00041230768,
  "t_21" : -0.23572457,
  "manual_keyframe" : false,
  "t_01" : -0.971489,
  "fy" : 721.98737,
  "t_00" : 0.13053997,
  "t_03" : 0.7622904,
  "t_11" : 0.02536037,
  "cx" : 513.88995
}