{
  "t_21" : 0.60944986,
  "angular_velocity" : 3.4028235e+38,
  "t_03" : -2.4623501,
  "t_20" : 0.12954961,
  "fx" : 709.4388,
  "t_02" : -0.6027105,
  "t_12" : 0.15796268,
  "cy" : 387.271,
  "t_01" : 0.7927924,
  "t_22" : 0.7821688,
  "t_00" : -0.090666614,
  "t_13" : 0.016071504,
  "center_depth" : 2.193709,
  "cx" : 514.58575,
  "width" : 1024,
  "manual_keyframe" : false,
  "blur_score" : 69.39653,
  "t_23" : 1.7120483,
  "t_11" : 0.0071643186,
  "timestamp" : 235252087655,
  "t_10" : -0.9874191,
  "height" : 768,
  "fy" : 709.4388
}