{
  "t_22" : -0.9488249,
  "t_03" : 0.7768808,
  "t_10" : -0.9498822,
  "fy" : 716.4031,
  "t_00" : -0.014093542,
  "cy" : 387.16562,
  "t_01" : -0.99889606,
  "cx" : 514.45996,
  "t_13" : 0.24421698,
  "t_21" : -0.046971187,
  "timestamp" : 235217916848,
  "width" : 1024,
  "manual_keyframe" : false,
  "t_12" : -0.3126075,
  "t_23" : 6.7248335,
  "t_02" : 0.044811275,
  "angular_velocity" : 3.4028235e+38,
  "blur_score" : 90.28356,
  "center_depth" : 1.1312075,
  "t_11" : -0.000621823,
  "height" : 768,
  "t_20" : 0.31229028,
  "fx" : 716.4031
}