{
  "t_11" : -0.007874189,
  "fy" : 712.0801,
  "height" : 768,
  "t_01" : 0.35938674,
  "t_23" : 3.0819223,
  "t_10" : -0.79563195,
  "manual_keyframe" : false,
  "fx" : 712.0801,
  "t_21" : 0.93315566,
  "center_depth" : 0.25296843,
  "timestamp" : 235238459323,
  "t_22" : 0.29040834,
  "t_00" : -0.56752646,
  "t_20" : 0.21185805,
  "angular_velocity" : 3.4028235e+38,
  "t_13" : -0.13767825,
  "cy" : 387.01266,
  "width" : 1024,
  "blur_score" : 27.153412,
  "cx" : 513.8926,
  "t_02" : -0.7407802,
  "t_12" : 0.6057294,
  "t_03" : 0.41274133
}