{
  "t_20" : -0.06295373,
  "timestamp" : 235234177560,
  "fx" : 711.77026,
  "center_depth" : 2.5537236,
  "manual_keyframe" : false,
  "t_23" : 4.0712843,
  "cy" : 386.931,
  "t_13" : 0.15603238,
  "blur_score" : 64.55737,
  "height" : 768,
  "t_10" : -0.9977545,
  "t_02" : -0.9717131,
  "t_00" : -0.022862436,
  "t_22" : 0.23604946,
  "t_01" : 0.2350553,
  "t_21" : 0.9696997,
  "angular_velocity" : 3.4028235e+38,
  "t_12" : 0.0073720887,
  "t_03" : 0.73040235,
  "fy" : 711.77026,
  "width" : 1024,
  "t_11" : -0.06656962,
  "cx" : 514.60333
}