{
  "height" : 768,
  "t_13" : 0.14339735,
  "t_12" : -0.19481584,
  "t_10" : -0.98062843,
  "blur_score" : 63.721375,
  "t_02" : -0.21150705,
  "fx" : 708.5367,
  "t_01" : 0.9771349,
  "t_11" : -0.020361122,
  "t_00" : 0.021730307,
  "cy" : 387.07608,
  "t_03" : -3.258115,
  "t_20" : -0.19466789,
  "t_21" : 0.21164323,
  "t_22" : 0.9577639,
  "center_depth" : 4.098932,
  "timestamp" : 235267731901,
  "fy" : 708.5367,
  "width" : 1024,
  "cx" : 514.62134,
  "angular_velocity" : 3.4028235e+38,
  "manual_keyframe" : false,
  "t_23" : -0.39752188
}