{
  "t_22" : 0.85037464,
  "t_03" : -3.1611762,
  "t_10" : -0.9997553,
  "fy" : 708.883,
  "t_00" : -0.019191284,
  "cy" : 386.9178,
  "t_01" : 0.85015833,
  "t_13" : 0.08396077,
  "cx" : 514.6863,
  "t_21" : 0.52606285,
  "timestamp" : 235268581588,
  "width" : 1024,
  "manual_keyframe" : false,
  "t_12" : 0.000739537,
  "t_23" : -0.44899178,
  "t_02" : -0.5261775,
  "angular_velocity" : 3.4028235e+38,
  "blur_score" : 51.043594,
  "center_depth" : 1.8681557,
  "t_11" : -0.02211054,
  "height" : 768,
  "t_20" : -0.011005345,
  "fx" : 708.883
}