{
  "t_11" : 0.010455575,
  "fy" : 712.36273,
  "height" : 768,
  "t_01" : 0.0866248,
  "t_23" : 3.1668923,
  "t_10" : -0.78039694,
  "manual_keyframe" : false,
  "fx" : 712.36273,
  "t_21" : 0.9961861,
  "center_depth" : 1.9150172,
  "timestamp" : 235238192754,
  "t_22" : 0.061096538,
  "t_00" : -0.6221738,
  "t_20" : 0.062292747,
  "angular_velocity" : 3.4028235e+38,
  "t_13" : -0.14829592,
  "cy" : 386.9977,
  "width" : 1024,
  "blur_score" : 48.883087,
  "cx" : 513.7979,
  "t_12" : 0.6251969,
  "t_02" : -0.778072,
  "t_03" : 0.44710845
}