{
  "t_23" : 1.5705413,
  "t_10" : -0.9968437,
  "cx" : 514.7797,
  "cy" : 387.17746,
  "t_01" : -0.53213835,
  "fx" : 710.5728,
  "t_13" : 0.044820387,
  "fy" : 710.5728,
  "t_00" : -0.06645733,
  "timestamp" : 235257835542,
  "t_11" : -0.0014105932,
  "angular_velocity" : 3.4028235e+38,
  "blur_score" : 78.55871,
  "t_21" : 0.8466563,
  "t_20" : -0.04343041,
  "t_02" : -0.8440452,
  "height" : 768,
  "manual_keyframe" : false,
  "t_12" : 0.07937749,
  "t_03" : -2.772245,
  "center_depth" : 2.6754434,
  "t_22" : -0.53036505,
  "width" : 1024
}