{
  "t_23" : -3.7173152,
  "t_10" : -0.9976198,
  "cx" : 514.68976,
  "cy" : 386.96033,
  "fx" : 716.4365,
  "t_01" : -0.28561813,
  "t_00" : -0.02889726,
  "t_13" : 0.058822587,
  "fy" : 716.4365,
  "timestamp" : 235299670070,
  "t_11" : -0.051782444,
  "angular_velocity" : 3.4028235e+38,
  "blur_score" : 61.31487,
  "t_21" : 0.95694363,
  "t_20" : -0.06260848,
  "t_02" : -0.9579079,
  "height" : 768,
  "manual_keyframe" : false,
  "t_12" : 0.045535155,
  "t_03" : -1.0753654,
  "center_depth" : 3.5555315,
  "t_22" : -0.28344196,
  "width" : 1024
}