{
  "blur_score" : 68.02424,
  "t_21" : 0.55043954,
  "center_depth" : 1.67648,
  "height" : 768,
  "t_10" : -0.96223754,
  "t_00" : 0.112116,
  "cy" : 386.88663,
  "t_12" : -0.26850638,
  "t_03" : -2.9778612,
  "t_22" : 0.79717463,
  "angular_velocity" : 3.4028235e+38,
  "width" : 1024,
  "fx" : 712.6629,
  "t_01" : 0.8336744,
  "fy" : 712.6629,
  "t_02" : -0.54075605,
  "t_13" : 0.18773642,
  "timestamp" : 235275579007,
  "t_20" : -0.24805047,
  "t_23" : -0.8992085,
  "t_11" : -0.04475874,
  "manual_keyframe" : false,
  "cx" : 514.40344
}