{
  "fy" : 714.41785,
  "angular_velocity" : 3.4028235e+38,
  "t_10" : -0.95746726,
  "t_01" : -0.9478441,
  "t_02" : 0.30928305,
  "t_13" : 0.21416757,
  "cy" : 387.2949,
  "cx" : 514.4933,
  "t_00" : -0.07704251,
  "t_23" : 5.9704676,
  "timestamp" : 235208870158,
  "t_11" : -0.016178796,
  "fx" : 714.41785,
  "height" : 768,
  "width" : 1024,
  "manual_keyframe" : false,
  "t_03" : 0.7661312,
  "t_22" : -0.9062833,
  "t_12" : -0.28808782,
  "center_depth" : 1.3492229,
  "blur_score" : 141.04007,
  "t_20" : 0.27806616,
  "t_21" : -0.3183234
}