{
  "t_21" : 0.7482811,
  "angular_velocity" : 3.4028235e+38,
  "t_03" : -3.105719,
  "t_20" : 0.34647268,
  "cy" : 387.5789,
  "t_02" : -0.6834403,
  "t_12" : 0.46138632,
  "fx" : 710.9302,
  "t_01" : 0.6605708,
  "t_22" : 0.56571394,
  "t_00" : -0.31073433,
  "t_13" : -0.14693843,
  "center_depth" : 1.4587746,
  "cx" : 514.3154,
  "width" : 1024,
  "manual_keyframe" : false,
  "blur_score" : 123.1629,
  "t_23" : 0.9528413,
  "t_11" : 0.061006606,
  "timestamp" : 235260751137,
  "t_10" : -0.8850995,
  "height" : 768,
  "fy" : 710.9302
}