{
  "t_23" : 3.6973805,
  "t_10" : -0.94025683,
  "cx" : 514.5721,
  "cy" : 386.9978,
  "fx" : 710.6363,
  "t_13" : -0.017081575,
  "t_00" : -0.33951607,
  "t_01" : 0.28892183,
  "fy" : 710.6363,
  "timestamp" : 235235377120,
  "t_11" : -0.078536645,
  "angular_velocity" : 3.4028235e+38,
  "blur_score" : 78.360466,
  "t_21" : 0.95412576,
  "t_20" : 0.025414877,
  "t_02" : -0.8951273,
  "height" : 768,
  "manual_keyframe" : false,
  "t_12" : 0.33128393,
  "t_03" : 0.7325618,
  "center_depth" : 2.0020173,
  "t_22" : 0.29832524,
  "width" : 1024
}