{
  "t_21" : 0.9937914,
  "angular_velocity" : 3.4028235e+38,
  "t_03" : -2.9529636,
  "t_20" : -0.08233738,
  "cy" : 386.8223,
  "t_02" : -0.7823021,
  "t_12" : 0.61838853,
  "fx" : 713.00116,
  "t_01" : 0.007299727,
  "t_22" : 0.07482888,
  "t_00" : -0.62285674,
  "t_13" : -0.17658852,
  "center_depth" : 1.3474547,
  "cx" : 513.7053,
  "width" : 1024,
  "manual_keyframe" : false,
  "blur_score" : 27.740294,
  "t_23" : -0.63025546,
  "t_11" : -0.11102035,
  "timestamp" : 235272296884,
  "t_10" : -0.7779911,
  "height" : 768,
  "fy" : 713.00116
}