{
  "t_22" : -0.870968,
  "t_03" : 0.7709887,
  "t_10" : -0.9999674,
  "fy" : 717.60864,
  "t_13" : 0.26757258,
  "t_00" : -0.00074569084,
  "t_01" : -0.8709929,
  "cx" : 514.6055,
  "cy" : 387.1872,
  "t_21" : -0.49127412,
  "timestamp" : 235219382978,
  "width" : 1024,
  "manual_keyframe" : false,
  "t_12" : 0.006640217,
  "t_23" : 6.690849,
  "t_02" : 0.49129516,
  "angular_velocity" : 3.4028235e+38,
  "blur_score" : 105.42765,
  "center_depth" : 0.7463193,
  "t_11" : 0.004601613,
  "height" : 768,
  "t_20" : -0.008044332,
  "fx" : 717.60864
}