{
  "fy" : 710.9047,
  "angular_velocity" : 3.4028235e+38,
  "t_10" : -0.9997881,
  "t_01" : -0.8936787,
  "t_02" : -0.44855252,
  "cy" : 387.17737,
  "cx" : 514.9147,
  "t_13" : 0.076099284,
  "t_00" : 0.011794736,
  "t_23" : -3.624197,
  "timestamp" : 235298587141,
  "t_11" : -0.018109707,
  "fx" : 710.9047,
  "height" : 768,
  "width" : 1024,
  "manual_keyframe" : false,
  "t_03" : -1.3801106,
  "t_22" : -0.893703,
  "t_12" : 0.009791553,
  "center_depth" : 1.5330117,
  "blur_score" : 51.638687,
  "t_20" : -0.016873658,
  "t_21" : 0.4483419
}