{
  "t_11" : -0.032085177,
  "fy" : 708.9099,
  "height" : 768,
  "t_01" : 0.81903845,
  "t_23" : 0.15750456,
  "t_10" : -0.95387346,
  "manual_keyframe" : false,
  "fx" : 708.9099,
  "t_21" : -0.5728407,
  "center_depth" : 2.9373572,
  "timestamp" : 235264433115,
  "t_22" : 0.77657247,
  "t_00" : 0.1460704,
  "t_20" : 0.2622762,
  "angular_velocity" : 3.4028235e+38,
  "t_13" : -0.05646236,
  "cy" : 387.00656,
  "width" : 1024,
  "blur_score" : 107.1839,
  "cx" : 514.4004,
  "t_12" : 0.29848936,
  "t_02" : 0.55483276,
  "t_03" : -3.4523523
}