{
  "height" : 768,
  "t_13" : 0.26255947,
  "t_12" : -0.34601426,
  "t_10" : -0.9357615,
  "blur_score" : 124.120224,
  "fx" : 713.84924,
  "t_02" : -0.0918195,
  "t_01" : -0.9901278,
  "t_11" : -0.06800317,
  "t_00" : 0.105905935,
  "cy" : 386.76315,
  "t_03" : 0.7454094,
  "t_20" : 0.33635435,
  "t_21" : 0.122566104,
  "t_22" : -0.93372554,
  "center_depth" : 1.4392635,
  "timestamp" : 235209836471,
  "fy" : 713.84924,
  "width" : 1024,
  "cx" : 514.4396,
  "angular_velocity" : 3.4028235e+38,
  "manual_keyframe" : false,
  "t_23" : 6.2257857
}