{
  "t_22" : 0.40178216,
  "t_03" : -3.1495628,
  "t_10" : -0.9087774,
  "fy" : 712.7105,
  "t_00" : 0.3657585,
  "t_13" : 0.22851744,
  "t_01" : 0.44887713,
  "cx" : 514.41296,
  "cy" : 387.1375,
  "t_21" : 0.8934354,
  "timestamp" : 235274829283,
  "width" : 1024,
  "manual_keyframe" : false,
  "t_12" : -0.41694248,
  "t_23" : -0.7834763,
  "t_02" : -0.8153098,
  "angular_velocity" : 3.4028235e+38,
  "blur_score" : 70.4454,
  "center_depth" : 1.4475964,
  "t_11" : -0.016806837,
  "height" : 768,
  "t_20" : -0.20085874,
  "fx" : 712.7105
}