{
  "t_23" : -1.1860279,
  "t_10" : -0.9986028,
  "cx" : 514.6689,
  "cy" : 386.80682,
  "fx" : 710.333,
  "t_13" : 0.070726216,
  "fy" : 710.333,
  "t_01" : 0.9991457,
  "t_00" : -0.031895433,
  "timestamp" : 235276611959,
  "t_11" : -0.032964353,
  "angular_velocity" : 3.4028235e+38,
  "blur_score" : 86.91844,
  "t_21" : -0.024924561,
  "t_20" : 0.042131897,
  "t_02" : 0.026278606,
  "height" : 768,
  "manual_keyframe" : false,
  "t_12" : 0.041300926,
  "t_03" : -2.9081676,
  "center_depth" : 3.5789459,
  "t_22" : 0.9988012,
  "width" : 1024
}