{
  "fy" : 710.8539,
  "angular_velocity" : 3.4028235e+38,
  "t_10" : -0.91123086,
  "t_01" : -0.96959305,
  "t_13" : 0.24031758,
  "t_02" : -0.21071711,
  "cx" : 514.44336,
  "cy" : 387.07358,
  "t_00" : 0.1244502,
  "t_23" : -3.853911,
  "timestamp" : 235296821134,
  "t_11" : -0.027645614,
  "fx" : 710.8539,
  "height" : 768,
  "width" : 1024,
  "manual_keyframe" : false,
  "t_03" : -1.5525192,
  "t_22" : -0.8869636,
  "t_12" : -0.4109674,
  "center_depth" : 1.5268223,
  "blur_score" : 62.174355,
  "t_20" : 0.39264572,
  "t_21" : 0.24315687
}