{
  "t_22" : 0.78204435,
  "t_02" : -0.31850252,
  "t_10" : -0.8396468,
  "t_12" : 0.5356893,
  "cy" : 386.5138,
  "t_03" : -2.6323915,
  "t_21" : 0.42770705,
  "angular_velocity" : 3.4028235e+38,
  "t_20" : 0.45329198,
  "center_depth" : 2.2790446,
  "timestamp" : 235281793379,
  "manual_keyframe" : false,
  "fx" : 710.02325,
  "height" : 768,
  "t_23" : -2.701026,
  "t_11" : -0.089611806,
  "t_01" : 0.89946467,
  "t_00" : -0.29919845,
  "fy" : 710.02325,
  "cx" : 514.09106,
  "width" : 1024,
  "t_13" : -0.12116906,
  "blur_score" : 67.63849
}