{
  "blur_score" : 101.92272,
  "t_21" : 0.4605404,
  "center_depth" : 2.2722647,
  "height" : 768,
  "cy" : 387.2709,
  "t_00" : 0.19939582,
  "t_03" : 0.36049804,
  "t_12" : -0.37786472,
  "t_10" : -0.9253524,
  "t_22" : 0.82700574,
  "angular_velocity" : 3.4028235e+38,
  "width" : 1024,
  "fx" : 710.89844,
  "t_01" : 0.8871083,
  "t_02" : -0.41626936,
  "fy" : 710.89844,
  "t_13" : 0.26380736,
  "timestamp" : 235230528897,
  "t_20" : -0.32243517,
  "t_23" : 4.8305483,
  "t_11" : 0.030681588,
  "manual_keyframe" : false,
  "cx" : 514.4352
}