{
  "t_22" : -0.9267079,
  "t_03" : 0.7323033,
  "t_10" : -0.9258958,
  "fy" : 714.1145,
  "t_13" : 0.24978775,
  "cy" : 386.8219,
  "t_01" : -0.9974915,
  "cx" : 514.5926,
  "t_00" : 0.04869541,
  "t_21" : -0.029443633,
  "timestamp" : 235209536581,
  "width" : 1024,
  "manual_keyframe" : false,
  "t_12" : -0.37225407,
  "t_23" : 6.139767,
  "t_02" : 0.05137801,
  "angular_velocity" : 3.4028235e+38,
  "blur_score" : 133.19409,
  "center_depth" : 1.365502,
  "t_11" : -0.06437402,
  "height" : 768,
  "t_20" : 0.37462768,
  "fx" : 714.1145
}