{
  "height" : 768,
  "t_13" : -0.12332689,
  "t_12" : 0.53598595,
  "t_10" : -0.84421796,
  "blur_score" : 38.530495,
  "t_02" : -0.46841407,
  "fx" : 720.8374,
  "t_01" : 0.8305701,
  "t_11" : -0.0039052381,
  "t_00" : -0.30123374,
  "cy" : 387.18042,
  "t_03" : 0.34967813,
  "t_20" : 0.44334465,
  "t_21" : 0.5569005,
  "t_22" : 0.7023586,
  "center_depth" : 0.79196036,
  "timestamp" : 235239009122,
  "fy" : 720.8374,
  "width" : 1024,
  "cx" : 513.9633,
  "angular_velocity" : 3.4028235e+38,
  "manual_keyframe" : false,
  "t_23" : 2.8710222
}