{
  "t_22" : 0.5250603,
  "t_02" : -0.74919903,
  "t_10" : -0.91444236,
  "t_12" : -0.4037485,
  "t_03" : -3.091675,
  "cy" : 387.1234,
  "t_21" : 0.8114453,
  "angular_velocity" : 3.4028235e+38,
  "t_20" : -0.25664866,
  "center_depth" : 1.463271,
  "timestamp" : 235275029210,
  "manual_keyframe" : false,
  "fx" : 712.971,
  "height" : 768,
  "t_23" : -0.8083258,
  "t_01" : 0.58375883,
  "t_11" : -0.027972491,
  "t_00" : 0.31293252,
  "fy" : 712.971,
  "cx" : 514.2948,
  "width" : 1024,
  "t_13" : 0.22723109,
  "blur_score" : 74.31495
}