{
  "t_22" : 0.8488966,
  "t_03" : -2.6589427,
  "t_10" : -0.85930586,
  "fy" : 710.30286,
  "t_00" : -0.24302816,
  "t_13" : -0.10505134,
  "t_01" : 0.9527393,
  "cx" : 514.14307,
  "cy" : 386.44104,
  "t_21" : 0.27720714,
  "timestamp" : 235281510150,
  "width" : 1024,
  "manual_keyframe" : false,
  "t_12" : 0.4961346,
  "t_23" : -2.6174476,
  "t_02" : -0.18227796,
  "angular_velocity" : 3.4028235e+38,
  "blur_score" : 55.030155,
  "center_depth" : 2.169892,
  "t_11" : -0.12427438,
  "height" : 768,
  "t_20" : 0.45003447,
  "fx" : 710.30286
}