{
  "fy" : 714.1257,
  "angular_velocity" : 3.4028235e+38,
  "t_10" : -0.98198754,
  "t_01" : -0.8820252,
  "t_13" : 0.0068587204,
  "t_02" : 0.4652898,
  "cx" : 514.3665,
  "cy" : 387.19598,
  "t_00" : 0.07441135,
  "t_23" : 5.9414496,
  "timestamp" : 235206137823,
  "t_11" : 0.016450506,
  "fx" : 714.1257,
  "height" : 768,
  "width" : 1024,
  "manual_keyframe" : false,
  "t_03" : 0.84529775,
  "t_22" : -0.8649137,
  "t_12" : 0.18822846,
  "center_depth" : 0.69418585,
  "blur_score" : 129.15572,
  "t_20" : -0.1736765,
  "t_21" : -0.4709151
}