{
  "t_20" : 0.275719,
  "timestamp" : 235207970487,
  "fx" : 714.9913,
  "center_depth" : 1.2717214,
  "manual_keyframe" : false,
  "t_23" : 5.92985,
  "cy" : 387.2405,
  "t_13" : 0.22525553,
  "blur_score" : 147.86238,
  "height" : 768,
  "t_10" : -0.93895686,
  "t_02" : 0.46355033,
  "t_00" : -0.2057649,
  "t_22" : -0.81755406,
  "t_01" : -0.86184806,
  "t_21" : -0.50555384,
  "angular_velocity" : 3.4028235e+38,
  "t_12" : -0.34165308,
  "fy" : 714.9913,
  "t_03" : 0.8428124,
  "width" : 1024,
  "t_11" : 0.040414274,
  "cx" : 514.4117
}