{
  "t_22" : -0.17582163,
  "t_02" : -0.94055915,
  "t_10" : -0.9562682,
  "t_12" : -0.29057795,
  "t_03" : -2.7450345,
  "cy" : 387.24728,
  "t_21" : 0.98051006,
  "angular_velocity" : 3.4028235e+38,
  "t_20" : 0.087674946,
  "center_depth" : 2.2653565,
  "timestamp" : 235256236130,
  "manual_keyframe" : false,
  "fx" : 710.59827,
  "height" : 768,
  "t_23" : 1.6756948,
  "t_11" : 0.03340188,
  "t_01" : -0.193609,
  "t_00" : 0.2790418,
  "fy" : 710.59827,
  "cx" : 514.52783,
  "width" : 1024,
  "t_13" : 0.19396119,
  "blur_score" : 78.07273
}