{
  "t_23" : 6.5895133,
  "angular_velocity" : 3.4028235e+38,
  "fx" : 723.7439,
  "t_22" : -0.74035585,
  "blur_score" : 53.460106,
  "center_depth" : 0.5569419,
  "t_20" : -0.5686998,
  "t_12" : 0.6128668,
  "cy" : 387.1424,
  "width" : 1024,
  "height" : 768,
  "timestamp" : 235221498870,
  "t_10" : -0.7900903,
  "t_02" : 0.27616584,
  "t_13" : 0.041784097,
  "t_21" : -0.35840467,
  "manual_keyframe" : false,
  "t_01" : -0.93348515,
  "t_00" : 0.2287753,
  "fy" : 723.7439,
  "t_03" : 0.7602418,
  "t_11" : -0.012319695,
  "cx" : 513.8992
}