{
  "t_21" : -0.43971044,
  "angular_velocity" : 3.4028235e+38,
  "t_03" : -2.508649,
  "t_20" : 0.27212298,
  "cy" : 387.02362,
  "fx" : 714.7673,
  "t_12" : 0.28155732,
  "t_02" : 0.43373,
  "t_01" : 0.8970063,
  "t_22" : 0.855923,
  "t_00" : 0.08519553,
  "t_13" : -0.028135698,
  "center_depth" : 1.170292,
  "cx" : 514.61456,
  "width" : 1024,
  "manual_keyframe" : false,
  "blur_score" : 60.523354,
  "t_23" : -3.696664,
  "t_11" : -0.045107074,
  "timestamp" : 235285092162,
  "t_10" : -0.9584837,
  "height" : 768,
  "fy" : 714.7673
}