{
  "fy" : 713.0298,
  "angular_velocity" : 3.4028235e+38,
  "t_10" : -0.74309146,
  "t_01" : -0.94940305,
  "t_13" : -0.079522215,
  "t_02" : 0.19752297,
  "cx" : 513.8297,
  "cy" : 386.91235,
  "t_00" : 0.24416915,
  "t_23" : 5.8220305,
  "timestamp" : 235224331166,
  "t_11" : -0.052310873,
  "fx" : 713.0298,
  "height" : 768,
  "width" : 1024,
  "manual_keyframe" : false,
  "t_03" : 0.6987012,
  "t_22" : -0.71826607,
  "t_12" : 0.6671421,
  "center_depth" : 1.7546821,
  "blur_score" : 54.39747,
  "t_20" : -0.6230542,
  "t_21" : -0.30967316
}