{
  "t_21" : 0.5933673,
  "angular_velocity" : 3.4028235e+38,
  "t_03" : -1.8660669,
  "t_20" : 0.14466467,
  "fx" : 710.58386,
  "t_02" : -0.55620337,
  "t_12" : -0.2522904,
  "cy" : 386.73364,
  "t_01" : -0.798434,
  "t_22" : -0.7918255,
  "t_00" : 0.23052366,
  "t_13" : 0.18909118,
  "center_depth" : 2.2429273,
  "cx" : 514.5433,
  "width" : 1024,
  "manual_keyframe" : false,
  "blur_score" : 219.4243,
  "t_23" : 6.25119,
  "t_11" : -0.102071516,
  "timestamp" : 235385704506,
  "t_10" : -0.9622531,
  "height" : 768,
  "fy" : 710.58386
}