{
  "center_depth" : 0.95941573,
  "t_22" : -0.86898696,
  "t_21" : -0.024506262,
  "t_23" : -3.6101077,
  "angular_velocity" : 3.4028235e+38,
  "t_02" : -0.0169947,
  "t_00" : 0.079302825,
  "t_20" : -0.49422824,
  "cx" : 514.1536,
  "t_13" : -0.015247015,
  "t_12" : 0.4945435,
  "cy" : 386.83337,
  "blur_score" : 69.52627,
  "fy" : 718.47894,
  "t_11" : -0.07731234,
  "height" : 768,
  "timestamp" : 235323094662,
  "t_03" : 0.5234607,
  "manual_keyframe" : false,
  "t_01" : -0.9967058,
  "t_10" : -0.86570764,
  "fx" : 718.47894,
  "width" : 1024
}