{
  "blur_score" : 74.6302,
  "t_21" : 0.65533715,
  "center_depth" : 1.6026253,
  "height" : 768,
  "t_10" : -0.85812664,
  "t_00" : 0.366206,
  "t_03" : 0.40750626,
  "cy" : 386.84457,
  "t_12" : -0.51129305,
  "t_22" : -0.66409427,
  "angular_velocity" : 3.4028235e+38,
  "width" : 1024,
  "fx" : 715.0055,
  "t_01" : -0.7538799,
  "fy" : 715.0055,
  "t_02" : -0.54548913,
  "t_13" : 0.36356717,
  "timestamp" : 235329042443,
  "t_20" : 0.35987782,
  "t_23" : -3.686582,
  "t_11" : -0.046885844,
  "manual_keyframe" : false,
  "cx" : 514.122
}