{
  "t_21" : -0.078834616,
  "angular_velocity" : 3.4028235e+38,
  "t_03" : -2.6760209,
  "t_20" : -0.07292853,
  "cy" : 386.45886,
  "t_02" : 0.06839086,
  "t_12" : 0.0828019,
  "fx" : 708.8845,
  "t_01" : -0.9883418,
  "t_22" : -0.99421674,
  "t_00" : 0.13602652,
  "t_13" : 0.08910209,
  "center_depth" : 7.60333,
  "cx" : 514.57684,
  "width" : 1024,
  "manual_keyframe" : false,
  "blur_score" : 65.261086,
  "t_23" : -3.1967492,
  "t_11" : -0.13025217,
  "timestamp" : 235340754730,
  "t_10" : -0.9880174,
  "height" : 768,
  "fy" : 708.8845
}