{
  "t_11" : -0.036402803,
  "fy" : 717.0353,
  "height" : 768,
  "t_01" : 0.5844116,
  "t_23" : -3.8199487,
  "t_10" : -0.8420438,
  "manual_keyframe" : false,
  "fx" : 717.0353,
  "t_21" : 0.8106406,
  "center_depth" : 1.0826031,
  "timestamp" : 235312082100,
  "t_22" : 0.50865567,
  "t_00" : -0.45478663,
  "t_20" : 0.29005435,
  "angular_velocity" : 3.4028235e+38,
  "t_13" : -0.10164669,
  "cy" : 386.8287,
  "width" : 1024,
  "blur_score" : 81.607475,
  "cx" : 514.02423,
  "t_12" : 0.5381795,
  "t_02" : -0.6720361,
  "t_03" : 0.46144402
}