{
  "t_23" : 2.3644786,
  "t_10" : -0.91661435,
  "cx" : 514.31903,
  "cy" : 386.9236,
  "t_01" : -0.98494637,
  "t_13" : -0.045831475,
  "t_00" : 0.013684679,
  "fy" : 709.9915,
  "fx" : 709.9915,
  "timestamp" : 235354766131,
  "t_11" : -0.08121753,
  "angular_velocity" : 3.4028235e+38,
  "blur_score" : 119.008766,
  "t_21" : 0.15259223,
  "t_20" : -0.3995386,
  "t_02" : -0.17231777,
  "height" : 768,
  "manual_keyframe" : false,
  "t_12" : 0.39143586,
  "t_03" : -3.8754528,
  "center_depth" : 3.4089196,
  "t_22" : -0.9039274,
  "width" : 1024
}