{
  "height" : 768,
  "t_13" : -0.1857306,
  "t_12" : 0.7391664,
  "t_10" : -0.66650236,
  "blur_score" : 43.33201,
  "t_02" : 0.601429,
  "fx" : 715.93304,
  "t_01" : 0.5404969,
  "t_11" : -0.09699353,
  "t_00" : 0.5883422,
  "cy" : 386.53177,
  "t_03" : 0.10084912,
  "t_20" : 0.4578519,
  "t_21" : -0.8357365,
  "t_22" : 0.30317706,
  "center_depth" : 1.0783607,
  "timestamp" : 235320145762,
  "fy" : 715.93304,
  "width" : 1024,
  "cx" : 513.56573,
  "angular_velocity" : 3.4028235e+38,
  "manual_keyframe" : false,
  "t_23" : -3.9365914
}