{
  "t_22" : -0.6107502,
  "t_02" : -0.791804,
  "t_10" : -0.994458,
  "t_12" : 0.005541856,
  "t_03" : -3.574106,
  "cy" : 386.7017,
  "t_21" : 0.78708464,
  "angular_velocity" : 3.4028235e+38,
  "t_20" : -0.08649838,
  "center_depth" : 4.3924026,
  "timestamp" : 235365312170,
  "manual_keyframe" : false,
  "fx" : 712.0372,
  "height" : 768,
  "t_23" : 5.2937684,
  "t_01" : -0.6078447,
  "t_11" : -0.10498783,
  "t_00" : 0.05975943,
  "fy" : 712.0372,
  "cx" : 514.5984,
  "width" : 1024,
  "t_13" : 0.1089124,
  "blur_score" : 123.78804
}