{
  "fy" : 714.1812,
  "angular_velocity" : 3.4028235e+38,
  "t_10" : -0.6676164,
  "t_01" : -0.31979725,
  "cy" : 387.36523,
  "t_02" : -0.62345296,
  "t_13" : -0.13392694,
  "cx" : 513.6232,
  "t_00" : -0.7134677,
  "t_23" : -3.7699568,
  "timestamp" : 235308766671,
  "t_11" : 0.040130254,
  "fx" : 714.1812,
  "height" : 768,
  "width" : 1024,
  "manual_keyframe" : false,
  "t_03" : 0.3408399,
  "t_22" : -0.24213357,
  "t_12" : 0.74342304,
  "center_depth" : 0.782177,
  "blur_score" : 40.661156,
  "t_20" : -0.21272533,
  "t_21" : 0.9466358
}