{
  "t_21" : 0.9151754,
  "angular_velocity" : 3.4028235e+38,
  "t_03" : -3.1326022,
  "t_20" : 0.2606929,
  "cy" : 387.2875,
  "t_02" : -0.72169197,
  "t_12" : 0.62021583,
  "fx" : 713.2871,
  "t_01" : 0.40277353,
  "t_22" : 0.3073976,
  "t_00" : -0.5629694,
  "t_13" : -0.17649947,
  "center_depth" : 1.8740845,
  "cx" : 513.8173,
  "width" : 1024,
  "manual_keyframe" : false,
  "blur_score" : 139.20221,
  "t_23" : 5.297885,
  "t_11" : 0.015084535,
  "timestamp" : 235380339855,
  "t_10" : -0.7842862,
  "height" : 768,
  "fy" : 713.2871
}