{
  "t_21" : 0.8397781,
  "angular_velocity" : 3.4028235e+38,
  "t_03" : -2.7002604,
  "t_20" : -0.25742406,
  "fx" : 711.19543,
  "t_02" : -0.7561691,
  "t_12" : 0.44688106,
  "cy" : 387.0604,
  "t_01" : -0.54256934,
  "t_22" : -0.47802278,
  "t_00" : -0.36582372,
  "t_13" : -0.0900251,
  "center_depth" : 2.3520281,
  "cx" : 514.09015,
  "width" : 1024,
  "manual_keyframe" : false,
  "blur_score" : 205.45891,
  "t_23" : 5.5784183,
  "t_11" : -0.019784039,
  "timestamp" : 235382189160,
  "t_10" : -0.8943746,
  "height" : 768,
  "fy" : 711.19543
}