{
  "t_22" : 0.64839864,
  "t_03" : 0.6458519,
  "t_10" : -0.81448,
  "fy" : 716.7589,
  "t_13" : -0.12475244,
  "t_00" : -0.3413241,
  "t_01" : 0.8002757,
  "cx" : 514.00714,
  "cy" : 387.20853,
  "t_21" : 0.59954906,
  "timestamp" : 235312881802,
  "width" : 1024,
  "manual_keyframe" : false,
  "t_12" : 0.5801057,
  "t_23" : -3.9120374,
  "t_02" : -0.493008,
  "angular_velocity" : 3.4028235e+38,
  "blur_score" : 68.54903,
  "center_depth" : 0.9227259,
  "t_11" : 0.0099904025,
  "height" : 768,
  "t_20" : 0.4691699,
  "fx" : 716.7589
}