{
  "t_11" : -0.054572377,
  "fy" : 716.4747,
  "height" : 768,
  "t_01" : 0.60641897,
  "t_23" : -3.7256968,
  "t_10" : -0.70651466,
  "manual_keyframe" : false,
  "fx" : 716.4747,
  "t_21" : 0.79327035,
  "center_depth" : 0.77425903,
  "timestamp" : 235310132828,
  "t_22" : 0.4603605,
  "t_00" : -0.5848475,
  "t_20" : 0.39848518,
  "angular_velocity" : 3.4028235e+38,
  "t_13" : -0.20399198,
  "cy" : 387.11935,
  "width" : 1024,
  "blur_score" : 69.00061,
  "cx" : 513.5507,
  "t_12" : 0.7055911,
  "t_02" : -0.5387109,
  "t_03" : 0.17733677
}