{
  "t_23" : -0.37418517,
  "t_10" : -0.97052604,
  "cx" : 514.5374,
  "cy" : 386.39676,
  "fx" : 710.0392,
  "t_01" : -0.96016014,
  "fy" : 710.0392,
  "t_13" : 0.1722902,
  "t_00" : 0.19244573,
  "timestamp" : 235347668800,
  "t_11" : -0.15570511,
  "angular_velocity" : 3.4028235e+38,
  "blur_score" : 81.27051,
  "t_21" : 0.23205276,
  "t_20" : 0.14506531,
  "t_02" : -0.20262584,
  "height" : 768,
  "manual_keyframe" : false,
  "t_12" : -0.18394347,
  "t_03" : -3.3213577,
  "center_depth" : 3.9556823,
  "t_22" : -0.96182525,
  "width" : 1024
}