{
  "t_10" : -0.95482105,
  "t_23" : 6.370241,
  "t_21" : -0.61462957,
  "t_01" : -0.78879005,
  "center_depth" : 1.0813581,
  "height" : 768,
  "manual_keyframe" : false,
  "timestamp" : 235398183159,
  "t_00" : -0.1874357,
  "t_03" : -1.5596983,
  "t_12" : -0.297113,
  "cx" : 514.46106,
  "t_20" : 0.23061839,
  "fx" : 712.97253,
  "t_11" : 0.0063912654,
  "angular_velocity" : 3.4028235e+38,
  "blur_score" : 93.24404,
  "cy" : 387.23813,
  "width" : 1024,
  "t_02" : 0.5853873,
  "t_22" : -0.7543512,
  "fy" : 712.97253,
  "t_13" : 0.27241334
}