{
  "center_depth" : 2.5479403,
  "t_22" : -0.3402054,
  "t_21" : 0.93915975,
  "t_23" : 5.425099,
  "angular_velocity" : 3.4028235e+38,
  "t_00" : 0.16809535,
  "t_02" : -0.92951655,
  "t_20" : -0.047320675,
  "cx" : 514.5663,
  "t_13" : 0.1647684,
  "t_12" : -0.14233571,
  "cy" : 386.5839,
  "blur_score" : 97.934685,
  "fy" : 711.49866,
  "t_11" : -0.10117228,
  "height" : 768,
  "timestamp" : 235366195172,
  "t_03" : -3.3887994,
  "manual_keyframe" : false,
  "t_01" : -0.32824245,
  "t_10" : -0.98463434,
  "fx" : 711.49866,
  "width" : 1024
}