{
  "width" : 1024,
  "t_02" : 0.7131858,
  "height" : 768,
  "timestamp" : 235317430107,
  "t_00" : -0.07204391,
  "t_20" : 0.012644513,
  "t_21" : -0.71434784,
  "center_depth" : 1.22483,
  "t_01" : 0.697263,
  "blur_score" : 39.825535,
  "manual_keyframe" : false,
  "t_22" : 0.69967663,
  "t_03" : 0.24438295,
  "t_10" : -0.9973213,
  "fx" : 713.8906,
  "cx" : 514.57355,
  "fy" : 713.8906,
  "t_13" : 0.14182368,
  "t_11" : -0.059425313,
  "cy" : 387.0121,
  "t_23" : -3.9796855,
  "angular_velocity" : 3.4028235e+38,
  "t_12" : -0.042647857
}