{
  "t_22" : 0.57887954,
  "t_02" : -0.8098109,
  "t_10" : -0.9935457,
  "t_12" : 0.095420964,
  "t_03" : -2.9953287,
  "cy" : 386.9313,
  "t_21" : 0.81539625,
  "angular_velocity" : 3.4028235e+38,
  "t_20" : 0.0052597905,
  "center_depth" : 2.0633302,
  "timestamp" : 235369277346,
  "manual_keyframe" : false,
  "fx" : 710.87616,
  "height" : 768,
  "t_23" : 5.6098757,
  "t_01" : 0.57564515,
  "t_11" : -0.061333857,
  "t_00" : -0.11331081,
  "fy" : 710.87616,
  "cx" : 514.6638,
  "width" : 1024,
  "t_13" : 0.08099438,
  "blur_score" : 66.45151
}