{
  "center_depth" : 1.3055224,
  "t_22" : 0.76518637,
  "t_21" : 0.24571994,
  "t_23" : 5.1593947,
  "angular_velocity" : 3.4028235e+38,
  "t_02" : -0.19594105,
  "t_00" : -0.14830753,
  "t_20" : 0.5950729,
  "cx" : 514.02637,
  "t_13" : -0.18156068,
  "t_12" : 0.61326766,
  "cy" : 387.1778,
  "blur_score" : 97.4886,
  "fy" : 712.06885,
  "t_11" : 0.0031163276,
  "height" : 768,
  "timestamp" : 235379290249,
  "t_03" : -3.134797,
  "manual_keyframe" : false,
  "t_01" : 0.9693359,
  "t_10" : -0.78986907,
  "fx" : 712.06885,
  "width" : 1024
}