{
  "t_22" : -0.12903892,
  "t_03" : 0.2960798,
  "t_10" : -0.9775609,
  "fy" : 711.7465,
  "t_13" : 0.28457466,
  "t_00" : 0.21016833,
  "t_01" : -0.12914687,
  "cx" : 514.5343,
  "cy" : 387.06213,
  "t_21" : 0.9915367,
  "timestamp" : 235306117661,
  "width" : 1024,
  "manual_keyframe" : false,
  "t_12" : -0.21023466,
  "t_23" : -3.7890508,
  "t_02" : -0.96909785,
  "angular_velocity" : 3.4028235e+38,
  "blur_score" : 75.25356,
  "center_depth" : 2.1390505,
  "t_11" : -0.013274863,
  "height" : 768,
  "t_20" : 0.014286508,
  "fx" : 711.7465
}