{
  "t_22" : -0.8485651,
  "manual_keyframe" : false,
  "fy" : 712.38495,
  "t_10" : -0.85765237,
  "t_11" : -0.053436518,
  "t_21" : -0.1887859,
  "t_23" : 6.8628283,
  "height" : 768,
  "width" : 1024,
  "t_13" : -0.07364023,
  "t_01" : -0.9805634,
  "t_12" : 0.511446,
  "t_00" : 0.14189814,
  "cy" : 386.769,
  "blur_score" : 213.49176,
  "t_20" : -0.49426448,
  "center_depth" : 1.7892578,
  "timestamp" : 235395900681,
  "t_02" : 0.13550088,
  "t_03" : -1.516283,
  "angular_velocity" : 3.4028235e+38,
  "fx" : 712.38495,
  "cx" : 513.88025
}