{
  "t_23" : 5.553094,
  "t_10" : -0.9731755,
  "cx" : 514.53143,
  "cy" : 386.6402,
  "fx" : 711.78143,
  "t_13" : 0.21944566,
  "t_00" : -0.08318098,
  "t_01" : 0.99653006,
  "fy" : 711.78143,
  "timestamp" : 235371676444,
  "t_11" : -0.08188119,
  "angular_velocity" : 3.4028235e+38,
  "blur_score" : 81.599174,
  "t_21" : -0.014953633,
  "t_20" : -0.2145003,
  "t_02" : -0.003011012,
  "height" : 768,
  "manual_keyframe" : false,
  "t_12" : -0.2149998,
  "t_03" : -2.7326326,
  "center_depth" : 1.5697677,
  "t_22" : 0.97660965,
  "width" : 1024
}