{
  "t_22" : -0.97444475,
  "t_03" : -2.557524,
  "t_10" : -0.9902531,
  "fy" : 709.145,
  "t_13" : 0.12416369,
  "cy" : 386.63477,
  "t_01" : -0.9660247,
  "cx" : 514.6948,
  "t_00" : 0.12954865,
  "t_21" : -0.21872728,
  "timestamp" : 235340204936,
  "width" : 1024,
  "manual_keyframe" : false,
  "t_12" : -0.021073602,
  "t_23" : -3.3958817,
  "t_02" : 0.22363709,
  "angular_velocity" : 3.4028235e+38,
  "blur_score" : 83.188965,
  "center_depth" : 7.4061804,
  "t_11" : -0.13767637,
  "height" : 768,
  "t_20" : 0.051147167,
  "fx" : 709.145
}