{
  "t_22" : -0.8239576,
  "t_02" : 0.03073863,
  "t_10" : -0.8217024,
  "t_12" : -0.56581736,
  "cy" : 387.17157,
  "t_03" : 0.2645631,
  "t_21" : -0.08394455,
  "angular_velocity" : 3.4028235e+38,
  "t_20" : 0.5603994,
  "center_depth" : 1.4094468,
  "timestamp" : 235329908786,
  "manual_keyframe" : false,
  "fx" : 713.26324,
  "height" : 768,
  "t_23" : -3.7175167,
  "t_01" : -0.9941315,
  "t_11" : 0.06823488,
  "t_00" : -0.10371993,
  "fy" : 713.26324,
  "cx" : 514.0604,
  "width" : 1024,
  "t_13" : 0.3741324,
  "blur_score" : 49.855396
}