{
  "fy" : 713.0091,
  "angular_velocity" : 3.4028235e+38,
  "t_10" : -0.8021354,
  "t_01" : -0.34473765,
  "t_02" : -0.75036436,
  "t_13" : -0.009304016,
  "cx" : 514.1716,
  "cy" : 387.03622,
  "t_00" : -0.5640119,
  "t_23" : -3.762676,
  "timestamp" : 235308050272,
  "t_11" : 0.012890678,
  "fx" : 713.0091,
  "height" : 768,
  "width" : 1024,
  "manual_keyframe" : false,
  "t_03" : 0.3749019,
  "t_22" : -0.28379682,
  "t_12" : 0.59700316,
  "center_depth" : 1.1330225,
  "blur_score" : 51.16798,
  "t_20" : -0.1961368,
  "t_21" : 0.9386107
}