{
  "fy" : 712.0848,
  "angular_velocity" : 3.4028235e+38,
  "t_10" : -0.95865744,
  "t_01" : 0.076869,
  "t_02" : -0.956809,
  "cy" : 387.15637,
  "cx" : 514.41565,
  "t_13" : 0.28169435,
  "t_00" : 0.28037128,
  "t_23" : -3.7963636,
  "timestamp" : 235305801112,
  "t_11" : -0.028109847,
  "fx" : 712.0848,
  "height" : 768,
  "width" : 1024,
  "manual_keyframe" : false,
  "t_03" : 0.27013734,
  "t_22" : 0.06580983,
  "t_12" : -0.28317124,
  "center_depth" : 2.1424932,
  "blur_score" : 68.45109,
  "t_20" : -0.048662838,
  "t_21" : 0.9966449
}