{
  "t_21" : 0.580026,
  "angular_velocity" : 3.4028235e+38,
  "t_03" : -3.0915208,
  "t_20" : 0.51440185,
  "cy" : 387.12958,
  "t_02" : -0.46760404,
  "t_12" : 0.61837363,
  "fx" : 713.2807,
  "t_01" : 0.81426543,
  "t_22" : 0.6316333,
  "t_00" : -0.34397414,
  "t_13" : -0.18035501,
  "center_depth" : 1.2127881,
  "cx" : 513.7656,
  "width" : 1024,
  "manual_keyframe" : false,
  "blur_score" : 107.41047,
  "t_23" : 5.193143,
  "t_11" : 0.023270858,
  "timestamp" : 235379756740,
  "t_10" : -0.7855397,
  "height" : 768,
  "fy" : 713.2807
}