{
  "t_22" : -0.9137579,
  "t_03" : -2.8408582,
  "t_10" : -0.91345453,
  "fy" : 709.16406,
  "t_00" : 0.04169138,
  "cy" : 386.99744,
  "t_01" : -0.9989472,
  "t_13" : -0.051501792,
  "cx" : 514.51324,
  "t_21" : -0.034407016,
  "timestamp" : 235342620697,
  "width" : 1024,
  "manual_keyframe" : false,
  "t_12" : 0.40580806,
  "t_23" : -2.3327277,
  "t_02" : 0.019145243,
  "angular_velocity" : 3.4028235e+38,
  "blur_score" : 88.23304,
  "center_depth" : 3.28821,
  "t_11" : -0.030345827,
  "height" : 768,
  "t_20" : -0.40479985,
  "fx" : 709.16406
}