{
  "t_22" : -0.9088087,
  "t_02" : 0.35511732,
  "t_10" : -0.9756878,
  "t_12" : 0.21899447,
  "t_03" : -3.6768334,
  "cy" : 387.09003,
  "t_21" : -0.365746,
  "angular_velocity" : 3.4028235e+38,
  "t_20" : -0.20074047,
  "center_depth" : 2.1248238,
  "timestamp" : 235360180765,
  "manual_keyframe" : false,
  "fx" : 711.17316,
  "height" : 768,
  "t_23" : 3.9825244,
  "t_01" : -0.93067455,
  "t_11" : -0.008650992,
  "t_00" : 0.08795844,
  "fy" : 711.17316,
  "cx" : 514.3816,
  "width" : 1024,
  "t_13" : 0.0070689204,
  "blur_score" : 222.79793
}