{
  "t_21" : 0.9932495,
  "angular_velocity" : 3.4028235e+38,
  "t_03" : -3.1283834,
  "t_20" : 0.087304294,
  "fx" : 712.6772,
  "t_02" : -0.8204251,
  "t_12" : 0.5666298,
  "cy" : 387.2185,
  "t_01" : 0.11236292,
  "t_22" : 0.07637655,
  "t_00" : -0.56060445,
  "t_13" : -0.14709374,
  "center_depth" : 1.8471403,
  "cx" : 513.9714,
  "width" : 1024,
  "manual_keyframe" : false,
  "blur_score" : 236.95143,
  "t_23" : 5.376604,
  "t_11" : 0.028809592,
  "timestamp" : 235380789686,
  "t_10" : -0.8234686,
  "height" : 768,
  "fy" : 712.6772
}