{
  "center_depth" : 2.0348744,
  "t_22" : 0.6465605,
  "t_21" : 0.7520245,
  "t_23" : 5.598636,
  "angular_velocity" : 3.4028235e+38,
  "t_02" : -0.75755364,
  "t_00" : 0.008256584,
  "t_20" : -0.12813616,
  "cx" : 514.5221,
  "t_13" : 0.15330188,
  "t_12" : -0.089846306,
  "cy" : 386.75104,
  "blur_score" : 87.25224,
  "fy" : 710.87775,
  "t_11" : -0.0917316,
  "height" : 768,
  "timestamp" : 235369810479,
  "t_03" : -2.8956926,
  "manual_keyframe" : false,
  "t_01" : 0.652721,
  "t_10" : -0.9917222,
  "fx" : 710.87775,
  "width" : 1024
}