{
  "blur_score" : 72.96394,
  "t_21" : 0.58064127,
  "center_depth" : 1.614693,
  "height" : 768,
  "t_10" : -0.98757,
  "t_00" : 0.029875208,
  "t_03" : -0.02313689,
  "t_12" : -0.14256795,
  "cy" : 386.855,
  "t_22" : 0.7994015,
  "angular_velocity" : 3.4028235e+38,
  "width" : 1024,
  "fx" : 714.72284,
  "t_01" : 0.8114653,
  "t_02" : -0.58363664,
  "fy" : 714.72284,
  "t_13" : 0.16057296,
  "timestamp" : 235304218371,
  "t_20" : -0.1543149,
  "t_23" : -3.881559,
  "t_11" : -0.06618155,
  "manual_keyframe" : false,
  "cx" : 514.63043
}