{
  "fy" : 716.1887,
  "angular_velocity" : 3.4028235e+38,
  "t_10" : -0.83811873,
  "t_01" : -0.54495454,
  "t_02" : 0.6966371,
  "cy" : 387.24188,
  "t_13" : 0.37608713,
  "cx" : 514.1895,
  "t_00" : -0.46660644,
  "t_23" : -3.701322,
  "timestamp" : 235331008376,
  "t_11" : 0.020811072,
  "fx" : 716.1887,
  "height" : 768,
  "width" : 1024,
  "manual_keyframe" : false,
  "t_03" : 0.1199311,
  "t_22" : -0.4664472,
  "t_12" : -0.54509085,
  "center_depth" : 0.7561109,
  "blur_score" : 77.82992,
  "t_20" : 0.28255194,
  "t_21" : -0.8382074
}