{
  "blur_score" : 72.826164,
  "t_21" : 0.45634717,
  "center_depth" : 1.4658328,
  "height" : 768,
  "t_10" : -0.83318883,
  "t_00" : 0.24119535,
  "t_03" : 0.35590142,
  "cy" : 387.06024,
  "t_12" : -0.5527852,
  "t_22" : -0.737649,
  "angular_velocity" : 3.4028235e+38,
  "width" : 1024,
  "fx" : 713.57294,
  "t_01" : -0.88967544,
  "fy" : 713.57294,
  "t_02" : -0.38768888,
  "t_13" : 0.36769852,
  "timestamp" : 235329442294,
  "t_20" : 0.49761575,
  "t_23" : -3.7090724,
  "t_11" : 0.015002564,
  "manual_keyframe" : false,
  "cx" : 514.3335
}