{
  "t_21" : -0.1802194,
  "angular_velocity" : 3.4028235e+38,
  "t_03" : -2.953025,
  "t_20" : -0.01560732,
  "fx" : 709.17676,
  "t_02" : 0.17824653,
  "t_12" : 0.030834861,
  "cy" : 386.8049,
  "t_01" : -0.98020226,
  "t_22" : -0.9835028,
  "t_00" : 0.086209014,
  "t_13" : 0.07737232,
  "center_depth" : 6.988669,
  "cx" : 514.6356,
  "width" : 1024,
  "manual_keyframe" : false,
  "blur_score" : 82.52974,
  "t_23" : -1.4031591,
  "t_11" : -0.08200484,
  "timestamp" : 235344703248,
  "t_10" : -0.99615484,
  "height" : 768,
  "fy" : 709.17676
}