{
  "t_22" : 0.75402164,
  "t_03" : -0.21777233,
  "t_10" : -0.96787006,
  "fy" : 715.0246,
  "t_00" : -0.21237423,
  "cy" : 386.91428,
  "t_01" : 0.76198727,
  "cx" : 514.34576,
  "t_13" : 0.008678198,
  "t_21" : 0.64290494,
  "timestamp" : 235303418669,
  "width" : 1024,
  "manual_keyframe" : false,
  "t_12" : 0.23912111,
  "t_23" : -3.9162285,
  "t_02" : -0.61177814,
  "angular_velocity" : 3.4028235e+38,
  "blur_score" : 92.091866,
  "center_depth" : 0.79098177,
  "t_11" : -0.07777239,
  "height" : 768,
  "t_20" : 0.1346278,
  "fx" : 715.0246
}