{
  "center_depth" : 1.6499093,
  "t_22" : -0.37266824,
  "t_21" : 0.91836077,
  "t_23" : 6.6775713,
  "angular_velocity" : 3.4028235e+38,
  "t_00" : -0.028701933,
  "t_02" : -0.9247743,
  "t_20" : -0.1331613,
  "cx" : 514.5631,
  "t_13" : 0.10080973,
  "t_12" : 0.076884426,
  "cy" : 386.71808,
  "blur_score" : 285.59595,
  "fy" : 711.4289,
  "t_11" : -0.11244782,
  "height" : 768,
  "timestamp" : 235387103981,
  "t_03" : -1.6714458,
  "manual_keyframe" : false,
  "t_01" : -0.37943244,
  "t_10" : -0.9906788,
  "fx" : 711.4289,
  "width" : 1024
}