{
  "t_22" : -0.80499506,
  "manual_keyframe" : false,
  "fy" : 712.41516,
  "t_10" : -0.8045837,
  "t_11" : -0.071241684,
  "t_21" : -0.1337488,
  "t_23" : 6.884319,
  "height" : 768,
  "width" : 1024,
  "t_13" : -0.110991575,
  "t_01" : -0.98845124,
  "t_12" : 0.58955044,
  "cy" : 386.6833,
  "t_00" : 0.13620086,
  "blur_score" : 187.68031,
  "t_20" : -0.5780091,
  "center_depth" : 1.7856188,
  "timestamp" : 235395684096,
  "t_02" : 0.06643376,
  "t_03" : -1.505856,
  "angular_velocity" : 3.4028235e+38,
  "fx" : 712.41516,
  "cx" : 513.7375
}