{
  "t_22" : 0.22649376,
  "t_02" : -0.73653156,
  "t_10" : -0.770465,
  "t_12" : 0.63735527,
  "cy" : 387.07584,
  "t_03" : -0.6027484,
  "t_21" : 0.9587902,
  "angular_velocity" : 3.4028235e+38,
  "t_20" : 0.17152809,
  "center_depth" : 1.4579755,
  "timestamp" : 235301569360,
  "manual_keyframe" : false,
  "fx" : 711.24146,
  "height" : 768,
  "t_23" : -3.7133799,
  "t_11" : -0.012725001,
  "t_01" : 0.28382984,
  "t_00" : -0.6139721,
  "fy" : 711.24146,
  "cx" : 513.9255,
  "width" : 1024,
  "t_13" : -0.19586551,
  "blur_score" : 65.21907
}