{
  "t_11" : 0.0054457365,
  "fy" : 712.66925,
  "height" : 768,
  "t_01" : -0.059501793,
  "t_23" : 7.0083075,
  "t_10" : -0.9176163,
  "manual_keyframe" : false,
  "fx" : 712.66925,
  "t_21" : 0.99821335,
  "center_depth" : 1.2992866,
  "timestamp" : 235390935877,
  "t_22" : -0.056761954,
  "t_00" : -0.39702907,
  "t_20" : -0.01866019,
  "angular_velocity" : 3.4028235e+38,
  "t_13" : -0.06758739,
  "cy" : 387.34042,
  "width" : 1024,
  "blur_score" : 204.83362,
  "cx" : 513.86786,
  "t_02" : -0.9158754,
  "t_12" : 0.39743,
  "t_03" : -1.5439608
}