{
  "t_21" : -0.7460635,
  "angular_velocity" : 3.4028235e+38,
  "t_03" : -2.9458003,
  "t_20" : -0.059071712,
  "cy" : 386.7854,
  "t_02" : 0.7225318,
  "t_12" : -0.1950592,
  "fx" : 711.1875,
  "t_01" : 0.6589001,
  "t_22" : 0.66324943,
  "t_00" : -0.20928095,
  "t_13" : 0.20358017,
  "center_depth" : 2.4515748,
  "cx" : 514.6255,
  "width" : 1024,
  "manual_keyframe" : false,
  "blur_score" : 148.23654,
  "t_23" : 5.462285,
  "t_11" : -0.09612427,
  "timestamp" : 235376258054,
  "t_10" : -0.9760696,
  "height" : 768,
  "fy" : 711.1875
}