{
  "blur_score" : 79.61933,
  "t_21" : -0.21224713,
  "center_depth" : 1.1515721,
  "height" : 768,
  "cy" : 386.7944,
  "t_00" : -0.1101327,
  "t_03" : 0.67895764,
  "t_12" : -0.076500036,
  "t_10" : -0.99241453,
  "t_22" : 0.975688,
  "angular_velocity" : 3.4028235e+38,
  "width" : 1024,
  "fx" : 716.157,
  "t_01" : 0.972466,
  "fy" : 716.157,
  "t_02" : 0.20537993,
  "t_13" : 0.12212619,
  "timestamp" : 235315247587,
  "t_20" : -0.054628856,
  "t_23" : -3.9600253,
  "t_11" : -0.09623547,
  "manual_keyframe" : false,
  "cx" : 514.5988
}