{
  "t_23" : -3.8136425,
  "t_10" : -0.91068465,
  "cx" : 514.3457,
  "cy" : 387.12134,
  "fx" : 717.3402,
  "t_13" : 0.31331554,
  "fy" : 717.3402,
  "t_01" : -0.14685953,
  "t_00" : -0.40931058,
  "timestamp" : 235333107591,
  "t_11" : 0.00535406,
  "angular_velocity" : 3.4028235e+38,
  "blur_score" : 49.680214,
  "t_21" : -0.98914284,
  "t_20" : 0.05584157,
  "t_02" : 0.90049833,
  "height" : 768,
  "manual_keyframe" : false,
  "t_12" : -0.4130675,
  "t_03" : -0.41594982,
  "center_depth" : 1.8786323,
  "t_22" : -0.13593419,
  "width" : 1024
}