{
  "t_21" : 0.8656284,
  "angular_velocity" : 3.4028235e+38,
  "t_03" : 0.23515528,
  "t_20" : 0.2527391,
  "fx" : 718.27563,
  "t_02" : -0.66149926,
  "t_12" : 0.6128689,
  "cy" : 387.00543,
  "t_01" : 0.49482715,
  "t_22" : 0.43221605,
  "t_00" : -0.5635292,
  "t_13" : -0.15120699,
  "center_depth" : 0.8275482,
  "cx" : 513.8037,
  "width" : 1024,
  "manual_keyframe" : false,
  "blur_score" : 82.90549,
  "t_23" : -3.6885371,
  "t_11" : -0.07637964,
  "timestamp" : 235311265738,
  "t_10" : -0.7864846,
  "height" : 768,
  "fy" : 718.27563
}