{
  "t_23" : 4.968475,
  "t_10" : -0.93054265,
  "cx" : 514.57086,
  "cy" : 387.02798,
  "fx" : 710.87616,
  "t_13" : -0.03987095,
  "t_00" : -0.07994828,
  "t_01" : -0.9685847,
  "fy" : 710.87616,
  "timestamp" : 235363662790,
  "t_11" : -0.012169143,
  "angular_velocity" : 3.4028235e+38,
  "blur_score" : 150.93137,
  "t_21" : 0.24838597,
  "t_20" : -0.35734943,
  "t_02" : -0.2354824,
  "height" : 768,
  "manual_keyframe" : false,
  "t_12" : 0.36598116,
  "t_03" : -3.6156154,
  "center_depth" : 1.3957698,
  "t_22" : -0.90033656,
  "width" : 1024
}