{
  "t_23" : -3.643248,
  "t_10" : -0.772853,
  "cx" : 513.9837,
  "cy" : 386.78162,
  "fx" : 716.1824,
  "t_13" : 0.384095,
  "fy" : 716.1824,
  "t_01" : -0.98968405,
  "t_00" : -0.038723096,
  "timestamp" : 235327892873,
  "t_11" : -0.05783691,
  "angular_velocity" : 3.4028235e+38,
  "blur_score" : 66.719986,
  "t_21" : -0.1310747,
  "t_20" : 0.63340265,
  "t_02" : 0.13793553,
  "height" : 768,
  "manual_keyframe" : false,
  "t_12" : -0.631944,
  "t_03" : 0.47830385,
  "center_depth" : 1.2577128,
  "t_22" : -0.7626407,
  "width" : 1024
}