{
  "t_01" : -0.9828499,
  "blur_score" : 197.3474,
  "t_02" : 0.16503829,
  "t_20" : -0.28546053,
  "timestamp" : 235358781290,
  "fx" : 709.4563,
  "cy" : 387.0619,
  "angular_velocity" : 3.4028235e+38,
  "t_03" : -3.6250575,
  "t_00" : 0.0822711,
  "t_23" : 3.631026,
  "center_depth" : 2.654603,
  "t_13" : -0.007315396,
  "t_22" : -0.94097006,
  "height" : 768,
  "manual_keyframe" : false,
  "cx" : 514.5649,
  "t_11" : -0.030302715,
  "fy" : 709.4563,
  "t_21" : -0.18190084,
  "t_12" : 0.29553002,
  "width" : 1024,
  "t_10" : -0.9548528
}