{
  "t_21" : 0.99004406,
  "angular_velocity" : 3.4028235e+38,
  "t_03" : -3.1482232,
  "t_20" : -0.022205701,
  "fx" : 710.9302,
  "t_02" : -0.96728265,
  "cy" : 386.87656,
  "t_12" : 0.21223815,
  "t_01" : 0.1309248,
  "t_22" : 0.13899438,
  "t_00" : -0.21730894,
  "t_13" : 0.05146892,
  "center_depth" : 1.9999743,
  "cx" : 514.6143,
  "width" : 1024,
  "manual_keyframe" : false,
  "blur_score" : 128.25659,
  "t_23" : 5.559637,
  "t_11" : -0.0516839,
  "timestamp" : 235367644627,
  "t_10" : -0.9758502,
  "height" : 768,
  "fy" : 710.9302
}