{
  "center_depth" : 2.1766114,
  "t_22" : 0.7278441,
  "t_21" : 0.6338247,
  "t_23" : 5.586717,
  "angular_velocity" : 3.4028235e+38,
  "t_02" : -0.641967,
  "t_00" : 0.06487108,
  "t_20" : -0.26174283,
  "cx" : 514.659,
  "t_13" : 0.211415,
  "t_12" : -0.24108398,
  "cy" : 386.75323,
  "blur_score" : 97.74751,
  "fy" : 710.9238,
  "t_11" : -0.120814204,
  "height" : 768,
  "timestamp" : 235370260310,
  "t_03" : -2.8399336,
  "manual_keyframe" : false,
  "t_01" : 0.7639832,
  "t_10" : -0.96295506,
  "fx" : 710.9238,
  "width" : 1024
}