{
  "height" : 768,
  "t_13" : 0.25242746,
  "t_12" : -0.23361996,
  "t_10" : -0.97142226,
  "blur_score" : 51.246563,
  "fx" : 714.9817,
  "t_02" : 0.44934148,
  "t_01" : -0.89064527,
  "t_11" : -0.04195877,
  "t_00" : -0.06959357,
  "cy" : 386.63022,
  "t_03" : 0.54959995,
  "t_20" : 0.22692633,
  "t_21" : -0.45275873,
  "t_22" : -0.8622726,
  "center_depth" : 1.2091695,
  "timestamp" : 235326560037,
  "fy" : 714.9817,
  "width" : 1024,
  "cx" : 514.6148,
  "angular_velocity" : 3.4028235e+38,
  "manual_keyframe" : false,
  "t_23" : -3.5255053
}