{
  "t_21" : 0.88058364,
  "angular_velocity" : 3.4028235e+38,
  "t_03" : 0.21328285,
  "t_20" : 0.32876843,
  "fx" : 715.8679,
  "cy" : 387.2489,
  "t_12" : 0.7066699,
  "t_02" : -0.6197854,
  "t_01" : 0.47379044,
  "t_22" : 0.34129724,
  "t_00" : -0.6256108,
  "t_13" : -0.20209707,
  "center_depth" : 0.7645179,
  "cx" : 513.53345,
  "width" : 1024,
  "manual_keyframe" : false,
  "blur_score" : 74.82155,
  "t_23" : -3.7330856,
  "t_11" : -0.009753388,
  "timestamp" : 235309832940,
  "t_10" : -0.70747614,
  "height" : 768,
  "fy" : 715.8679
}