{
  "height" : 768,
  "t_13" : 0.02214329,
  "t_12" : 0.24832825,
  "t_10" : -0.9679648,
  "blur_score" : 88.06699,
  "t_02" : -0.1994781,
  "fx" : 709.42773,
  "t_01" : -0.97980785,
  "t_11" : -0.037110887,
  "t_00" : -0.0136105195,
  "cy" : 386.80896,
  "t_03" : -3.5493052,
  "t_20" : -0.2507168,
  "t_21" : 0.19646762,
  "t_22" : -0.9479145,
  "center_depth" : 2.5890853,
  "timestamp" : 235350101219,
  "fy" : 709.42773,
  "width" : 1024,
  "cx" : 514.617,
  "angular_velocity" : 3.4028235e+38,
  "manual_keyframe" : false,
  "t_23" : 0.555981
}