{
  "t_21" : 0.103349045,
  "angular_velocity" : 3.4028235e+38,
  "t_03" : -3.6599607,
  "t_20" : -0.008781829,
  "fx" : 709.46106,
  "t_02" : -0.10361909,
  "t_12" : 0.0046079885,
  "cy" : 386.80344,
  "t_01" : -0.99381804,
  "t_22" : -0.9946066,
  "t_00" : 0.039860573,
  "t_13" : 0.098851584,
  "center_depth" : 3.5252678,
  "cx" : 514.60657,
  "width" : 1024,
  "manual_keyframe" : false,
  "blur_score" : 154.77187,
  "t_23" : 3.363788,
  "t_11" : -0.04055554,
  "timestamp" : 235357998250,
  "t_10" : -0.9991667,
  "height" : 768,
  "fy" : 709.46106
}