{
  "t_22" : -0.93745774,
  "t_03" : -2.869327,
  "t_10" : -0.93516064,
  "fy" : 709.4786,
  "t_13" : -0.020912096,
  "t_00" : 0.0682991,
  "t_01" : -0.9976522,
  "cx" : 514.287,
  "cy" : 386.94928,
  "t_21" : -0.019063322,
  "timestamp" : 235342970565,
  "width" : 1024,
  "manual_keyframe" : false,
  "t_12" : 0.3480629,
  "t_23" : -2.182177,
  "t_02" : -0.0050355797,
  "angular_velocity" : 3.4028235e+38,
  "blur_score" : 92.58406,
  "center_depth" : 3.9015818,
  "t_11" : -0.065777756,
  "height" : 768,
  "t_20" : -0.347577,
  "fx" : 709.4786
}