{
  "t_22" : -0.94465977,
  "manual_keyframe" : false,
  "fy" : 712.3802,
  "t_10" : -0.96918845,
  "t_11" : -0.036838625,
  "t_21" : -0.23544574,
  "t_23" : 6.806664,
  "height" : 768,
  "width" : 1024,
  "t_01" : -0.97118914,
  "t_13" : 0.03984508,
  "t_12" : 0.24355036,
  "t_00" : 0.09214285,
  "cy" : 386.90088,
  "blur_score" : 273.4079,
  "t_20" : -0.22843723,
  "center_depth" : 1.6691757,
  "timestamp" : 235396300531,
  "t_02" : 0.21977596,
  "t_03" : -1.5251511,
  "angular_velocity" : 3.4028235e+38,
  "fx" : 712.3802,
  "cx" : 514.2926
}