{
  "t_23" : 5.010811,
  "t_10" : -0.91876984,
  "cx" : 514.4768,
  "cy" : 387.05627,
  "fx" : 711.16675,
  "t_13" : -0.05027207,
  "t_00" : -0.12143182,
  "fy" : 711.16675,
  "t_01" : -0.9296274,
  "timestamp" : 235363896036,
  "t_11" : -0.027384339,
  "angular_velocity" : 3.4028235e+38,
  "blur_score" : 167.6253,
  "t_21" : 0.36748183,
  "t_20" : -0.37565467,
  "t_02" : -0.34791827,
  "height" : 768,
  "manual_keyframe" : false,
  "t_12" : 0.39384285,
  "t_03" : -3.5832975,
  "center_depth" : 1.3946341,
  "t_22" : -0.8507884,
  "width" : 1024
}