{
  "blur_score" : 67.26321,
  "t_21" : -0.36362645,
  "center_depth" : 1.2052273,
  "height" : 768,
  "t_10" : -0.98206025,
  "t_03" : 0.62838334,
  "cy" : 386.66434,
  "t_12" : -0.15831302,
  "t_00" : -0.15231605,
  "t_22" : 0.9248883,
  "angular_velocity" : 3.4028235e+38,
  "width" : 1024,
  "fx" : 715.5836,
  "t_01" : 0.9258948,
  "t_02" : 0.345715,
  "fy" : 715.5836,
  "t_13" : 0.15618299,
  "timestamp" : 235315514154,
  "t_20" : -0.11116481,
  "t_23" : -3.9592097,
  "t_11" : -0.102443986,
  "manual_keyframe" : false,
  "cx" : 514.59863
}