{
  "t_11" : -0.08517638,
  "fy" : 710.04395,
  "center_depth" : 2.24001,
  "t_23" : -4.037892,
  "timestamp" : 235336406359,
  "t_12" : 0.44277224,
  "t_02" : 0.8872707,
  "t_21" : -0.97901917,
  "angular_velocity" : 3.4028235e+38,
  "width" : 1024,
  "t_01" : 0.18511206,
  "height" : 768,
  "fx" : 710.04395,
  "t_20" : 0.157537,
  "t_13" : -0.00663638,
  "t_03" : -1.2533404,
  "t_22" : 0.12924242,
  "blur_score" : 75.02695,
  "cy" : 386.70285,
  "t_00" : 0.42247412,
  "cx" : 514.32666,
  "manual_keyframe" : false,
  "t_10" : -0.8925793
}