{
  "t_23" : -3.6275423,
  "t_10" : -0.79365224,
  "cx" : 514.10364,
  "cy" : 386.86902,
  "t_01" : -0.9451645,
  "t_13" : 0.37432274,
  "fy" : 720.145,
  "t_00" : -0.13583352,
  "fx" : 720.145,
  "timestamp" : 235327692947,
  "t_11" : -0.075632095,
  "angular_velocity" : 3.4028235e+38,
  "blur_score" : 61.4145,
  "t_21" : -0.31771696,
  "t_20" : 0.593014,
  "t_02" : 0.29700768,
  "height" : 768,
  "manual_keyframe" : false,
  "t_12" : -0.60365224,
  "t_03" : 0.48986375,
  "center_depth" : 1.3320383,
  "t_22" : -0.7398585,
  "width" : 1024
}