{
  "t_22" : -0.7197054,
  "t_02" : 0.42518505,
  "t_10" : -0.8337508,
  "t_12" : -0.54885525,
  "t_03" : 0.18274827,
  "cy" : 387.35928,
  "t_21" : -0.5413279,
  "angular_velocity" : 3.4028235e+38,
  "t_20" : 0.43472815,
  "center_depth" : 1.2949021,
  "timestamp" : 235330425260,
  "manual_keyframe" : false,
  "fx" : 715.01984,
  "height" : 768,
  "t_23" : -3.692415,
  "t_11" : 0.0601468,
  "t_01" : -0.8386576,
  "t_00" : -0.34039864,
  "fy" : 715.01984,
  "cx" : 514.0042,
  "width" : 1024,
  "t_13" : 0.36597463,
  "blur_score" : 43.12443
}