{
  "t_21" : 0.20710064,
  "angular_velocity" : 3.4028235e+38,
  "t_03" : -3.6899796,
  "t_20" : -0.13749787,
  "fx" : 709.423,
  "t_02" : -0.20977364,
  "t_12" : 0.13338429,
  "cy" : 387.07886,
  "t_01" : -0.9777369,
  "t_22" : -0.96860933,
  "t_00" : 0.0050817383,
  "t_13" : 0.05803714,
  "center_depth" : 3.4226685,
  "cx" : 514.6062,
  "width" : 1024,
  "manual_keyframe" : false,
  "blur_score" : 148.58778,
  "t_23" : 3.118844,
  "t_11" : -0.033765636,
  "timestamp" : 235357298513,
  "t_10" : -0.9904891,
  "height" : 768,
  "fy" : 709.423
}