{
  "t_22" : -0.120087385,
  "t_02" : 0.8974156,
  "t_10" : -0.9052011,
  "t_12" : 0.42452842,
  "t_03" : -1.5456908,
  "cy" : 386.82983,
  "t_21" : -0.99215424,
  "angular_velocity" : 3.4028235e+38,
  "t_20" : -0.03476926,
  "center_depth" : 2.0389016,
  "timestamp" : 235337206060,
  "manual_keyframe" : false,
  "fx" : 710.35846,
  "height" : 768,
  "t_23" : -4.062031,
  "t_01" : -0.12346378,
  "t_11" : -0.019661592,
  "t_00" : 0.4235588,
  "fy" : 710.35846,
  "cx" : 514.4462,
  "width" : 1024,
  "t_13" : -0.05166757,
  "blur_score" : 84.26092
}