{
  "t_11" : 0.018725002,
  "fy" : 712.6899,
  "height" : 768,
  "t_01" : 0.023859026,
  "t_23" : 6.99495,
  "t_10" : -0.8455834,
  "manual_keyframe" : false,
  "fx" : 712.6899,
  "t_21" : 0.99954,
  "center_depth" : 1.5425334,
  "timestamp" : 235390769273,
  "t_22" : 0.010192882,
  "t_00" : -0.53307873,
  "t_20" : 0.028565424,
  "angular_velocity" : 3.4028235e+38,
  "t_13" : -0.12682688,
  "cy" : 387.30978,
  "width" : 1024,
  "blur_score" : 201.00592,
  "cx" : 513.6787,
  "t_02" : -0.84572935,
  "t_12" : 0.533515,
  "t_03" : -1.5260218
}