{
  "t_11" : -0.036546674,
  "fy" : 716.6636,
  "height" : 768,
  "t_01" : -0.8656584,
  "t_23" : -3.549157,
  "t_10" : -0.9500899,
  "manual_keyframe" : false,
  "fx" : 716.6636,
  "t_21" : -0.49929956,
  "center_depth" : 0.520453,
  "timestamp" : 235326776623,
  "t_22" : -0.8178921,
  "t_00" : -0.124806,
  "t_20" : 0.28592455,
  "angular_velocity" : 3.4028235e+38,
  "t_13" : 0.26990148,
  "cy" : 386.8523,
  "width" : 1024,
  "blur_score" : 51.961727,
  "cx" : 514.569,
  "t_02" : 0.484829,
  "t_12" : -0.30982855,
  "t_03" : 0.52692723
}