{
  "t_21" : 0.72193503,
  "angular_velocity" : 3.4028235e+38,
  "t_03" : -3.101722,
  "t_20" : 0.44226488,
  "fx" : 713.56024,
  "cy" : 387.1086,
  "t_02" : -0.57048833,
  "t_12" : 0.6255649,
  "t_01" : 0.69175947,
  "t_22" : 0.53217655,
  "t_00" : -0.44273242,
  "t_13" : -0.18411298,
  "center_depth" : 1.5393335,
  "cx" : 513.7092,
  "width" : 1024,
  "manual_keyframe" : false,
  "blur_score" : 118.13142,
  "t_23" : 5.2220283,
  "t_11" : 0.01669514,
  "timestamp" : 235379956665,
  "t_10" : -0.77999353,
  "height" : 768,
  "fy" : 713.56024
}