{
  "fy" : 716.157,
  "angular_velocity" : 3.4028235e+38,
  "t_10" : -0.9667924,
  "t_01" : 0.5149575,
  "t_02" : 0.836625,
  "t_13" : 0.02301507,
  "cy" : 386.9952,
  "cx" : 514.6531,
  "t_00" : 0.18675593,
  "t_23" : -3.9739008,
  "timestamp" : 235318246470,
  "t_11" : -0.054890737,
  "fx" : 716.157,
  "height" : 768,
  "width" : 1024,
  "manual_keyframe" : false,
  "t_03" : 0.23619705,
  "t_22" : 0.4876058,
  "t_12" : 0.24959885,
  "center_depth" : 0.9711925,
  "blur_score" : 41.45594,
  "t_20" : 0.17445575,
  "t_21" : -0.8554565
}