{
  "t_21" : -0.27850798,
  "angular_velocity" : 3.4028235e+38,
  "t_03" : -2.9864252,
  "t_20" : -0.061813053,
  "fx" : 709.1402,
  "t_02" : 0.27263805,
  "cy" : 386.89444,
  "t_12" : 0.084000215,
  "t_01" : -0.9579926,
  "t_22" : -0.9584429,
  "t_00" : 0.08898767,
  "t_13" : 0.068556845,
  "center_depth" : 5.2349243,
  "cx" : 514.6907,
  "width" : 1024,
  "manual_keyframe" : false,
  "blur_score" : 102.557915,
  "t_23" : -1.3166224,
  "t_11" : -0.068436995,
  "timestamp" : 235344903173,
  "t_10" : -0.9941129,
  "height" : 768,
  "fy" : 709.1402
}