{
  "height" : 768,
  "t_13" : 0.278199,
  "t_12" : -0.35708064,
  "t_10" : -0.9340735,
  "blur_score" : 75.64587,
  "t_02" : -0.89588666,
  "fx" : 712.0483,
  "t_01" : 0.28321102,
  "t_11" : -0.00055560935,
  "t_00" : 0.34231398,
  "cy" : 387.1211,
  "t_03" : 0.22760439,
  "t_20" : -0.10162694,
  "t_21" : 0.9590575,
  "t_22" : 0.2643497,
  "center_depth" : 2.2630508,
  "timestamp" : 235305517885,
  "fy" : 712.0483,
  "width" : 1024,
  "cx" : 514.42145,
  "angular_velocity" : 3.4028235e+38,
  "manual_keyframe" : false,
  "t_23" : -3.7974446
}