{
  "t_11" : -0.08594625,
  "fy" : 717.1019,
  "height" : 768,
  "t_01" : 0.70965487,
  "t_23" : -3.7354684,
  "t_10" : -0.73043406,
  "manual_keyframe" : false,
  "fx" : 717.1019,
  "t_21" : 0.69928765,
  "center_depth" : 0.73194766,
  "timestamp" : 235310482697,
  "t_22" : 0.56323844,
  "t_00" : -0.52221334,
  "t_20" : 0.44018108,
  "angular_velocity" : 3.4028235e+38,
  "t_13" : -0.18819311,
  "cy" : 386.92017,
  "width" : 1024,
  "blur_score" : 82.23689,
  "cx" : 513.5711,
  "t_02" : -0.4729517,
  "t_12" : 0.6775539,
  "t_03" : 0.13284472
}