{
  "t_21" : 0.8328841,
  "angular_velocity" : 3.4028235e+38,
  "t_03" : -3.1179636,
  "t_20" : 0.35773227,
  "fx" : 713.2855,
  "t_02" : -0.65693414,
  "t_12" : 0.6245845,
  "cy" : 387.14795,
  "t_01" : 0.55313325,
  "t_22" : 0.42229375,
  "t_00" : -0.5123294,
  "t_13" : -0.18624008,
  "center_depth" : 1.8374197,
  "cx" : 513.7297,
  "width" : 1024,
  "manual_keyframe" : false,
  "blur_score" : 128.79019,
  "t_23" : 5.2559776,
  "t_11" : 0.018653043,
  "timestamp" : 235380139930,
  "t_10" : -0.78073454,
  "height" : 768,
  "fy" : 713.2855
}