{
  "t_11" : -0.051788855,
  "fy" : 717.3433,
  "height" : 768,
  "t_01" : 0.51327497,
  "t_23" : -3.7459712,
  "t_10" : -0.82525724,
  "manual_keyframe" : false,
  "fx" : 717.3433,
  "t_21" : 0.85666037,
  "center_depth" : 1.0071387,
  "timestamp" : 235311765552,
  "t_22" : 0.44974023,
  "t_00" : -0.50505805,
  "t_20" : 0.2527192,
  "angular_velocity" : 3.4028235e+38,
  "t_13" : -0.12725556,
  "cy" : 386.70917,
  "width" : 1024,
  "blur_score" : 78.5311,
  "cx" : 513.9378,
  "t_02" : -0.69387716,
  "t_12" : 0.5623775,
  "t_03" : 0.36873797
}