{
  "t_11" : -0.09372904,
  "fy" : 711.19696,
  "height" : 768,
  "t_01" : -0.46196252,
  "t_23" : 6.5937657,
  "t_10" : -0.99341565,
  "manual_keyframe" : false,
  "fx" : 711.19696,
  "t_21" : 0.8819329,
  "center_depth" : 1.5342184,
  "timestamp" : 235386787433,
  "t_22" : -0.46848235,
  "t_00" : 0.10201257,
  "t_20" : -0.052142207,
  "angular_velocity" : 3.4028235e+38,
  "t_13" : 0.14371853,
  "cy" : 386.52023,
  "width" : 1024,
  "blur_score" : 249.65273,
  "cx" : 514.5841,
  "t_12" : -0.065880485,
  "t_02" : -0.8810133,
  "t_03" : -1.7010136
}