{
  "t_23" : 4.859885,
  "t_10" : -0.9653563,
  "cx" : 514.6746,
  "cy" : 386.87036,
  "t_01" : -0.9942834,
  "t_13" : -1.1283032e-06,
  "fy" : 710.91266,
  "t_00" : -0.017777247,
  "fx" : 710.91266,
  "timestamp" : 235363312922,
  "t_11" : -0.010348309,
  "angular_velocity" : 3.4028235e+38,
  "blur_score" : 129.1646,
  "t_21" : 0.10627092,
  "t_20" : -0.26032922,
  "t_02" : -0.10528328,
  "height" : 768,
  "manual_keyframe" : false,
  "t_12" : 0.26073018,
  "t_03" : -3.6624656,
  "center_depth" : 1.8363914,
  "t_22" : -0.9596538,
  "width" : 1024
}