{
  "t_11" : -0.033235397,
  "fy" : 713.26324,
  "height" : 768,
  "t_01" : -0.26924205,
  "t_23" : 7.019085,
  "t_10" : -0.99906313,
  "manual_keyframe" : false,
  "fx" : 713.26324,
  "t_21" : 0.9624989,
  "center_depth" : 1.3152814,
  "timestamp" : 235391535652,
  "t_22" : -0.26839972,
  "t_00" : -0.0177564,
  "t_20" : -0.03946502,
  "angular_velocity" : 3.4028235e+38,
  "t_13" : 0.10311846,
  "cy" : 386.93994,
  "width" : 1024,
  "blur_score" : 242.0799,
  "cx" : 514.47296,
  "t_12" : 0.027716158,
  "t_02" : -0.96290886,
  "t_03" : -1.5438615
}