{
  "t_23" : 2.1654477,
  "t_10" : -0.91398376,
  "cx" : 514.4879,
  "cy" : 387.09586,
  "fx" : 709.7295,
  "t_01" : -0.9774373,
  "t_00" : -0.08599196,
  "fy" : 709.7295,
  "t_13" : -0.050646786,
  "timestamp" : 235353683205,
  "t_11" : 0.00032113332,
  "angular_velocity" : 3.4028235e+38,
  "blur_score" : 92.8547,
  "t_21" : 0.21122584,
  "t_20" : -0.39653403,
  "t_02" : -0.19292966,
  "height" : 768,
  "manual_keyframe" : false,
  "t_12" : 0.4057508,
  "t_03" : -3.7910485,
  "center_depth" : 3.2805176,
  "t_22" : -0.89338946,
  "width" : 1024
}