{
  "t_21" : 0.96665376,
  "angular_velocity" : 3.4028235e+38,
  "t_03" : -3.1392365,
  "t_20" : 0.16668227,
  "cy" : 387.25037,
  "fx" : 712.9758,
  "t_12" : 0.59680027,
  "t_02" : -0.7784805,
  "t_01" : 0.25543305,
  "t_22" : 0.1944162,
  "t_00" : -0.57334304,
  "t_13" : -0.16287999,
  "center_depth" : 1.8713402,
  "cx" : 513.8806,
  "width" : 1024,
  "manual_keyframe" : false,
  "blur_score" : 228.2483,
  "t_23" : 5.340035,
  "t_11" : 0.018291721,
  "timestamp" : 235380539780,
  "t_10" : -0.80218136,
  "height" : 768,
  "fy" : 712.9758
}