{
  "t_21" : -0.067562096,
  "angular_velocity" : 3.4028235e+38,
  "t_03" : -3.6401048,
  "t_20" : -0.1160293,
  "fx" : 709.423,
  "t_02" : 0.06301533,
  "t_12" : 0.118560106,
  "cy" : 386.9423,
  "t_01" : -0.99711055,
  "t_22" : -0.99094534,
  "t_00" : 0.042421423,
  "t_13" : 0.0669926,
  "center_depth" : 3.3441296,
  "cx" : 514.53955,
  "width" : 1024,
  "manual_keyframe" : false,
  "blur_score" : 188.22437,
  "t_23" : 3.4947817,
  "t_11" : -0.03472568,
  "timestamp" : 235358314798,
  "t_10" : -0.99233943,
  "height" : 768,
  "fy" : 709.423
}