{
  "t_23" : -3.7683651,
  "t_10" : -0.8372696,
  "cx" : 513.9247,
  "cy" : 386.92978,
  "fx" : 712.46277,
  "t_13" : -0.14139907,
  "fy" : 712.46277,
  "t_00" : -0.49056488,
  "t_01" : 0.53743094,
  "timestamp" : 235302285759,
  "t_11" : -0.07253856,
  "angular_velocity" : 3.4028235e+38,
  "blur_score" : 78.72229,
  "t_21" : 0.84018224,
  "t_20" : 0.24150759,
  "t_02" : -0.6859405,
  "height" : 768,
  "manual_keyframe" : false,
  "t_12" : 0.54195756,
  "t_03" : -0.50310874,
  "center_depth" : 1.024418,
  "t_22" : 0.48555946,
  "width" : 1024
}