{
  "t_21" : 0.9957745,
  "angular_velocity" : 3.4028235e+38,
  "t_03" : -0.75397956,
  "t_20" : -0.040475745,
  "fx" : 712.1309,
  "t_02" : -0.90174186,
  "t_12" : 0.42434284,
  "cy" : 387.1229,
  "t_01" : -0.0918172,
  "t_22" : -0.08243139,
  "t_00" : -0.4224114,
  "t_13" : -0.096375026,
  "center_depth" : 1.7032075,
  "cx" : 514.4827,
  "width" : 1024,
  "manual_keyframe" : false,
  "blur_score" : 70.85098,
  "t_23" : -3.75844,
  "t_11" : -0.0016787203,
  "timestamp" : 235300653036,
  "t_10" : -0.9055001,
  "height" : 768,
  "fy" : 712.1309
}