{
  "t_22" : -0.77484286,
  "manual_keyframe" : false,
  "fy" : 712.10864,
  "t_10" : -0.9972633,
  "t_11" : -0.072800614,
  "t_21" : 0.6311248,
  "t_23" : 6.905124,
  "height" : 768,
  "width" : 1024,
  "t_13" : 0.17690955,
  "t_01" : -0.77225757,
  "t_12" : -0.012885772,
  "t_00" : 0.06454157,
  "cy" : 386.9923,
  "blur_score" : 284.43018,
  "t_20" : -0.036060516,
  "center_depth" : 1.9078327,
  "timestamp" : 235393185033,
  "t_02" : -0.6320228,
  "t_03" : -1.3854204,
  "angular_velocity" : 3.4028235e+38,
  "fx" : 712.10864,
  "cx" : 514.4219
}