{
  "t_22" : -0.6433451,
  "manual_keyframe" : false,
  "fy" : 711.8053,
  "t_10" : -0.7577508,
  "t_11" : -0.119737856,
  "t_21" : 0.4540878,
  "t_23" : 6.9273186,
  "height" : 768,
  "width" : 1024,
  "t_01" : -0.8828745,
  "t_13" : -0.14245826,
  "t_12" : 0.64146453,
  "t_00" : -0.21424846,
  "cy" : 386.71588,
  "blur_score" : 175.3951,
  "t_20" : -0.6163696,
  "center_depth" : 1.8632809,
  "timestamp" : 235394767773,
  "t_02" : -0.4178882,
  "t_03" : -1.4117476,
  "angular_velocity" : 3.4028235e+38,
  "fx" : 711.8053,
  "cx" : 514.04254
}