{
  "t_11" : -0.017852776,
  "fy" : 714.4639,
  "height" : 768,
  "t_01" : -0.71768284,
  "t_23" : 6.266206,
  "t_10" : -0.8178885,
  "manual_keyframe" : false,
  "fx" : 714.4639,
  "t_21" : -0.6961413,
  "center_depth" : 1.0934079,
  "timestamp" : 235399999144,
  "t_22" : -0.59432137,
  "t_00" : 0.41096103,
  "t_20" : -0.40270287,
  "angular_velocity" : 3.4028235e+38,
  "t_13" : -0.09717662,
  "cy" : 387.03845,
  "width" : 1024,
  "blur_score" : 227.65875,
  "cx" : 514.3498,
  "t_02" : 0.5621766,
  "t_12" : 0.57509977,
  "t_03" : -1.6092695
}