{
  "t_21" : -0.7062328,
  "angular_velocity" : 3.4028235e+38,
  "t_03" : -3.1766315,
  "t_20" : 0.26017892,
  "fx" : 710.86346,
  "t_02" : 0.6759458,
  "t_12" : 0.33099106,
  "cy" : 386.98563,
  "t_01" : 0.70691836,
  "t_22" : 0.65843934,
  "t_00" : 0.2082399,
  "t_13" : 0.0109127695,
  "center_depth" : 1.6231935,
  "cx" : 514.5283,
  "width" : 1024,
  "manual_keyframe" : false,
  "blur_score" : 186.48698,
  "t_23" : 5.5411477,
  "t_11" : -0.038753502,
  "timestamp" : 235374991863,
  "t_10" : -0.94283783,
  "height" : 768,
  "fy" : 710.86346
}