{
  "t_23" : 5.602699,
  "t_10" : -0.9427411,
  "cx" : 514.531,
  "cy" : 386.82672,
  "fx" : 710.919,
  "t_13" : -0.0049573146,
  "fy" : 710.919,
  "t_01" : 0.27824056,
  "t_00" : -0.32915938,
  "timestamp" : 235368077797,
  "t_11" : -0.042396657,
  "angular_velocity" : 3.4028235e+38,
  "blur_score" : 199.01205,
  "t_21" : 0.95957536,
  "t_20" : 0.05379089,
  "t_02" : -0.90235054,
  "height" : 768,
  "manual_keyframe" : false,
  "t_12" : 0.33082,
  "t_03" : -3.1359756,
  "center_depth" : 2.098108,
  "t_22" : 0.27626407,
  "width" : 1024
}