{
  "height" : 768,
  "t_13" : -0.08672004,
  "t_12" : 0.46679074,
  "t_10" : -0.8843622,
  "blur_score" : 85.69124,
  "fx" : 717.0782,
  "t_02" : -0.020287747,
  "t_01" : 0.9996924,
  "t_11" : -0.003156838,
  "t_00" : -0.014276954,
  "cy" : 387.42142,
  "t_03" : 0.7583919,
  "t_20" : 0.46658307,
  "t_21" : 0.024606079,
  "t_22" : 0.88413525,
  "center_depth" : 1.3049563,
  "timestamp" : 235314197978,
  "fy" : 717.0782,
  "width" : 1024,
  "cx" : 513.9246,
  "angular_velocity" : 3.4028235e+38,
  "manual_keyframe" : false,
  "t_23" : -3.9303331
}