{
  "t_22" : -0.76768035,
  "manual_keyframe" : false,
  "fy" : 712.03076,
  "t_10" : -0.7643554,
  "t_11" : -0.082265854,
  "t_21" : -0.015424244,
  "t_23" : 6.9098244,
  "height" : 768,
  "width" : 1024,
  "t_01" : -0.9964912,
  "t_13" : -0.13620172,
  "t_12" : 0.63952583,
  "cy" : 386.61038,
  "t_00" : 0.07301807,
  "blur_score" : 165.9482,
  "t_20" : -0.64064765,
  "center_depth" : 1.7834533,
  "timestamp" : 235395417529,
  "t_02" : -0.04091384,
  "t_03" : -1.4897187,
  "angular_velocity" : 3.4028235e+38,
  "fx" : 712.03076,
  "cx" : 513.6832
}