{
  "t_21" : 0.08380437,
  "angular_velocity" : 3.4028235e+38,
  "t_03" : -3.171768,
  "t_20" : 0.5887621,
  "fx" : 711.1715,
  "t_02" : -0.05938701,
  "cy" : 387.1532,
  "t_12" : 0.59172386,
  "t_01" : 0.9963859,
  "t_22" : 0.8039505,
  "t_00" : -0.06073297,
  "t_13" : -0.17346935,
  "center_depth" : 1.4499414,
  "cx" : 514.2303,
  "width" : 1024,
  "manual_keyframe" : false,
  "blur_score" : 100.37557,
  "t_23" : 5.166207,
  "t_11" : -0.013861471,
  "timestamp" : 235379023682,
  "t_10" : -0.80602163,
  "height" : 768,
  "fy" : 711.1715
}