{
  "height" : 768,
  "t_13" : -0.050495002,
  "t_12" : 0.3665394,
  "t_10" : -0.930152,
  "blur_score" : 96.862175,
  "t_02" : 0.01850088,
  "fx" : 717.013,
  "t_01" : 0.9997022,
  "t_11" : -0.021587702,
  "t_00" : -0.01591135,
  "cy" : 387.19662,
  "t_03" : 0.7446192,
  "t_20" : 0.36682966,
  "t_21" : -0.011376477,
  "t_22" : 0.9302187,
  "center_depth" : 1.1220164,
  "timestamp" : 235314364583,
  "fy" : 717.013,
  "width" : 1024,
  "cx" : 513.99243,
  "angular_velocity" : 3.4028235e+38,
  "manual_keyframe" : false,
  "t_23" : -3.9355295
}