{
  "t_11" : 0.017139478,
  "fy" : 712.40875,
  "height" : 768,
  "t_01" : -0.36724675,
  "t_23" : 6.742875,
  "t_10" : -0.87802863,
  "manual_keyframe" : false,
  "fx" : 712.40875,
  "t_21" : 0.9299657,
  "center_depth" : 1.5696417,
  "timestamp" : 235388020304,
  "t_22" : -0.33017388,
  "t_00" : -0.45046273,
  "t_20" : -0.16170706,
  "angular_velocity" : 3.4028235e+38,
  "t_13" : -0.07716131,
  "cy" : 386.87366,
  "width" : 1024,
  "blur_score" : 321.10367,
  "cx" : 514.50525,
  "t_02" : -0.813765,
  "t_12" : 0.47830123,
  "t_03" : -1.6461138
}