{
  "t_21" : -0.5811018,
  "angular_velocity" : 3.4028235e+38,
  "t_03" : -2.9420013,
  "t_20" : -0.13512255,
  "cy" : 386.603,
  "fx" : 711.7401,
  "t_02" : 0.55457926,
  "t_12" : -0.21995284,
  "t_01" : 0.8101178,
  "t_22" : 0.8025353,
  "t_00" : -0.19013484,
  "t_13" : 0.20567569,
  "center_depth" : 2.0505888,
  "cx" : 514.4285,
  "width" : 1024,
  "manual_keyframe" : false,
  "blur_score" : 94.31741,
  "t_23" : 5.399334,
  "t_11" : -0.077653736,
  "timestamp" : 235376957791,
  "t_10" : -0.9724149,
  "height" : 768,
  "fy" : 711.7401
}