{
  "t_11" : -0.026618995,
  "fy" : 709.4706,
  "height" : 768,
  "t_01" : -0.99268514,
  "t_23" : 1.216691,
  "t_10" : -0.97678876,
  "manual_keyframe" : false,
  "fx" : 709.4706,
  "t_21" : 0.117761314,
  "center_depth" : 5.1225433,
  "timestamp" : 235351600655,
  "t_22" : -0.9696646,
  "t_00" : 0.00078195904,
  "t_20" : -0.21420361,
  "angular_velocity" : 3.4028235e+38,
  "t_13" : 0.035967242,
  "cy" : 387.17746,
  "width" : 1024,
  "blur_score" : 146.06673,
  "cx" : 514.6642,
  "t_12" : 0.2125446,
  "t_02" : -0.12072983,
  "t_03" : -3.6531165
}