{
  "t_21" : -0.747332,
  "angular_velocity" : 3.4028235e+38,
  "t_03" : -3.17748,
  "t_20" : 0.16481444,
  "fx" : 711.1986,
  "t_02" : 0.7364369,
  "t_12" : 0.20815773,
  "cy" : 387.03238,
  "t_01" : 0.66346025,
  "t_22" : 0.64368576,
  "t_00" : 0.1322169,
  "t_13" : 0.058801897,
  "center_depth" : 1.888916,
  "cx" : 514.53,
  "width" : 1024,
  "manual_keyframe" : false,
  "blur_score" : 211.73787,
  "t_23" : 5.5451665,
  "t_11" : -0.0362693,
  "timestamp" : 235375241769,
  "t_10" : -0.97742265,
  "height" : 768,
  "fy" : 711.1986
}