{
  "t_22" : -0.79199046,
  "manual_keyframe" : false,
  "fy" : 714.4671,
  "t_10" : -0.9996511,
  "t_11" : -0.008832576,
  "t_21" : -0.61036545,
  "t_23" : 6.335206,
  "height" : 768,
  "width" : 1024,
  "t_13" : 0.14761059,
  "t_01" : -0.7920708,
  "t_12" : 0.024895856,
  "t_00" : 0.022190886,
  "cy" : 387.08713,
  "blur_score" : 118.95672,
  "t_20" : -0.014331181,
  "center_depth" : 1.0292501,
  "timestamp" : 235398932877,
  "t_02" : 0.6100259,
  "t_03" : -1.5690933,
  "angular_velocity" : 3.4028235e+38,
  "fx" : 714.4671,
  "cx" : 514.5024
}