{
  "center_depth" : 1.3514609,
  "t_22" : -0.18809947,
  "t_21" : 0.9802017,
  "t_23" : 7.0187254,
  "angular_velocity" : 3.4028235e+38,
  "t_00" : -0.12625474,
  "t_02" : -0.9727179,
  "t_20" : -0.061833747,
  "cx" : 514.2902,
  "t_13" : 0.0510847,
  "t_12" : 0.13578963,
  "cy" : 387.09018,
  "blur_score" : 212.36894,
  "fy" : 712.9552,
  "t_11" : -0.03639833,
  "height" : 768,
  "timestamp" : 235391319066,
  "t_03" : -1.562386,
  "manual_keyframe" : false,
  "t_01" : -0.19462779,
  "t_10" : -0.9900689,
  "fx" : 712.9552,
  "width" : 1024
}