{
  "t_21" : -0.27385792,
  "angular_velocity" : 3.4028235e+38,
  "t_03" : -3.1747556,
  "t_20" : 0.20294727,
  "cy" : 386.99655,
  "t_02" : 0.27369994,
  "t_12" : 0.20316026,
  "fx" : 710.8841,
  "t_01" : 0.96136546,
  "t_22" : 0.94011414,
  "t_00" : 0.029408656,
  "t_13" : 0.04201351,
  "center_depth" : 4.9839954,
  "cx" : 514.5822,
  "width" : 1024,
  "manual_keyframe" : false,
  "blur_score" : 102.68049,
  "t_23" : 5.3152914,
  "t_11" : -0.027899163,
  "timestamp" : 235377907434,
  "t_10" : -0.97874796,
  "height" : 768,
  "fy" : 710.8841
}