{
  "width" : 1024,
  "t_02" : 0.55794615,
  "height" : 768,
  "timestamp" : 235339388576,
  "t_00" : 0.11590614,
  "t_20" : 0.07600123,
  "t_21" : -0.5527481,
  "center_depth" : 4.8110313,
  "t_01" : -0.8217433,
  "blur_score" : 86.315735,
  "manual_keyframe" : false,
  "t_22" : -0.8298757,
  "fx" : 709.7295,
  "t_03" : -2.3542113,
  "t_10" : -0.9903482,
  "cy" : 386.67218,
  "fy" : 709.7295,
  "t_11" : -0.13859224,
  "t_13" : 0.11670925,
  "cx" : 514.60046,
  "t_23" : -3.690164,
  "angular_velocity" : 3.4028235e+38,
  "t_12" : 0.0016133918
}