{
  "t_11" : -0.06456886,
  "fy" : 714.4401,
  "height" : 768,
  "t_01" : -0.76887465,
  "t_23" : 6.3280168,
  "t_10" : -0.96705914,
  "manual_keyframe" : false,
  "fx" : 714.4401,
  "t_21" : -0.6361311,
  "center_depth" : 1.042303,
  "timestamp" : 235399299407,
  "t_22" : -0.7568161,
  "t_00" : 0.20549919,
  "t_20" : -0.15022245,
  "angular_velocity" : 3.4028235e+38,
  "t_13" : 0.05809936,
  "cy" : 387.13818,
  "width" : 1024,
  "blur_score" : 138.5308,
  "cx" : 514.6933,
  "t_02" : 0.60547674,
  "t_12" : 0.24622661,
  "t_03" : -1.5722557
}