{
  "fy" : 720.8152,
  "angular_velocity" : 3.4028235e+38,
  "t_10" : -0.6602425,
  "t_01" : -0.86480135,
  "t_02" : 0.24652775,
  "t_13" : 0.008907749,
  "cx" : 513.35474,
  "cy" : 386.62424,
  "t_00" : 0.43742767,
  "t_23" : -3.2995257,
  "timestamp" : 235324627424,
  "t_11" : -0.122735746,
  "fx" : 720.8152,
  "height" : 768,
  "width" : 1024,
  "manual_keyframe" : false,
  "t_03" : 0.6839131,
  "t_22" : -0.6246665,
  "t_12" : 0.7409562,
  "center_depth" : 0.65659666,
  "blur_score" : 75.08661,
  "t_20" : -0.6105221,
  "t_21" : -0.48688275
}