{
  "t_10" : -0.9611152,
  "t_23" : 6.6211348,
  "t_21" : -0.37168443,
  "t_01" : -0.92799526,
  "center_depth" : 1.6136975,
  "height" : 768,
  "manual_keyframe" : false,
  "timestamp" : 235397250175,
  "t_00" : -0.12544852,
  "t_03" : -1.496273,
  "t_12" : -0.27492198,
  "cx" : 514.60803,
  "t_20" : 0.24600855,
  "fx" : 711.4559,
  "t_11" : 0.025988664,
  "angular_velocity" : 3.4028235e+38,
  "blur_score" : 205.6738,
  "cy" : 387.06747,
  "width" : 1024,
  "t_02" : 0.35083812,
  "t_22" : -0.8951706,
  "fy" : 711.4559,
  "t_13" : 0.24443561
}