{
  "t_21" : 0.7000079,
  "angular_velocity" : 3.4028235e+38,
  "t_03" : -1.8000252,
  "t_20" : 0.051016558,
  "fx" : 710.89996,
  "t_02" : -0.66551197,
  "t_12" : -0.22295237,
  "cy" : 386.7813,
  "t_01" : -0.6967197,
  "t_22" : -0.7123105,
  "t_00" : 0.26772287,
  "t_13" : 0.17136686,
  "center_depth" : 2.4171107,
  "cx" : 514.5143,
  "width" : 1024,
  "manual_keyframe" : false,
  "blur_score" : 199.83574,
  "t_23" : 6.3748655,
  "t_11" : -0.15674962,
  "timestamp" : 235386170998,
  "t_10" : -0.9621443,
  "height" : 768,
  "fy" : 710.89996
}