{
  "t_21" : 0.9882919,
  "angular_velocity" : 3.4028235e+38,
  "t_03" : -0.8565882,
  "t_20" : -0.0675174,
  "fx" : 712.06885,
  "cy" : 386.94885,
  "t_12" : 0.24494302,
  "t_02" : -0.95983475,
  "t_01" : -0.14911944,
  "t_22" : -0.13682312,
  "t_00" : -0.23765743,
  "t_13" : -0.011593011,
  "center_depth" : 2.535616,
  "cx" : 514.58844,
  "width" : 1024,
  "manual_keyframe" : false,
  "blur_score" : 70.81697,
  "t_23" : -3.7517943,
  "t_11" : -0.032288503,
  "timestamp" : 235300269846,
  "t_10" : -0.96899974,
  "height" : 768,
  "fy" : 712.06885
}