{
  "t_23" : -3.9677556,
  "t_10" : -0.9385938,
  "cx" : 514.68365,
  "cy" : 386.8724,
  "fx" : 714.45605,
  "t_01" : 0.80267406,
  "fy" : 714.45605,
  "t_00" : -0.2551786,
  "t_13" : 0.24907541,
  "timestamp" : 235316280535,
  "t_11" : -0.07173647,
  "angular_velocity" : 3.4028235e+38,
  "blur_score" : 67.029785,
  "t_21" : -0.592088,
  "t_20" : -0.23221865,
  "t_02" : 0.5390716,
  "height" : 768,
  "manual_keyframe" : false,
  "t_12" : -0.33748406,
  "t_03" : 0.5145037,
  "center_depth" : 1.3701999,
  "t_22" : 0.77169067,
  "width" : 1024
}