{
  "t_22" : -0.9062802,
  "t_02" : 0.38839692,
  "t_10" : -0.9859572,
  "t_12" : 0.1667463,
  "t_03" : -3.6758485,
  "cy" : 387.05872,
  "t_21" : -0.3953203,
  "angular_velocity" : 3.4028235e+38,
  "t_20" : -0.14959401,
  "center_depth" : 2.223413,
  "timestamp" : 235360280727,
  "manual_keyframe" : false,
  "fx" : 711.1715,
  "height" : 768,
  "t_23" : 3.9991608,
  "t_01" : -0.9184976,
  "t_11" : -0.009171172,
  "t_00" : 0.07422985,
  "fy" : 711.1715,
  "cx" : 514.43353,
  "width" : 1024,
  "t_13" : 0.024895668,
  "blur_score" : 236.67581
}