{
  "height" : 768,
  "t_13" : 0.021630714,
  "t_12" : 0.27357444,
  "t_10" : -0.9597791,
  "blur_score" : 113.20692,
  "fx" : 710.04553,
  "t_02" : 0.6715038,
  "t_01" : -0.70189285,
  "t_11" : -0.06309726,
  "t_00" : 0.2375482,
  "cy" : 386.8849,
  "t_03" : -2.1385622,
  "t_20" : -0.14964993,
  "t_21" : -0.7094823,
  "t_22" : -0.6886507,
  "center_depth" : 4.371538,
  "timestamp" : 235338605536,
  "fy" : 710.04553,
  "width" : 1024,
  "cx" : 514.3959,
  "angular_velocity" : 3.4028235e+38,
  "manual_keyframe" : false,
  "t_23" : -3.9182806
}