{
  "t_01" : -0.9953603,
  "blur_score" : 110.66653,
  "t_02" : -0.0962125,
  "t_20" : -0.3146786,
  "timestamp" : 235356098964,
  "fx" : 709.7104,
  "cy" : 387.13553,
  "angular_velocity" : 3.4028235e+38,
  "t_00" : -0.0010218112,
  "t_03" : -3.6764936,
  "t_23" : 2.7490652,
  "center_depth" : 3.7855616,
  "t_13" : -0.01979682,
  "t_22" : -0.9447639,
  "height" : 768,
  "manual_keyframe" : false,
  "t_11" : -0.029310644,
  "cx" : 514.4071,
  "fy" : 709.7104,
  "t_21" : 0.09164482,
  "t_12" : 0.3133122,
  "width" : 1024,
  "t_10" : -0.94919777
}