{
  "t_21" : -0.94964665,
  "angular_velocity" : 3.4028235e+38,
  "t_03" : 0.0012669042,
  "t_20" : 0.15088014,
  "fx" : 717.6531,
  "t_02" : 0.84859544,
  "t_12" : -0.45219398,
  "cy" : 387.2086,
  "t_01" : -0.3131321,
  "t_22" : -0.27460262,
  "t_00" : -0.4264203,
  "t_13" : 0.34400126,
  "center_depth" : 0.6921419,
  "cx" : 514.13763,
  "width" : 1024,
  "manual_keyframe" : false,
  "blur_score" : 65.40663,
  "t_23" : -3.737222,
  "t_11" : -0.010940056,
  "timestamp" : 235331574831,
  "t_10" : -0.8918526,
  "height" : 768,
  "fy" : 717.6531
}