{
  "t_01" : -0.966126,
  "blur_score" : 158.91354,
  "t_02" : 0.22280638,
  "t_20" : -0.44743657,
  "timestamp" : 235359297763,
  "fx" : 710.04236,
  "cy" : 387.06363,
  "angular_velocity" : 3.4028235e+38,
  "t_03" : -3.6455047,
  "t_00" : 0.1302238,
  "t_23" : 3.7861753,
  "center_depth" : 2.1313539,
  "t_13" : -0.102506004,
  "t_22" : -0.8563526,
  "height" : 768,
  "manual_keyframe" : false,
  "t_11" : -0.011825768,
  "cx" : 514.4681,
  "fy" : 710.04236,
  "t_21" : -0.25780046,
  "t_12" : 0.46585175,
  "width" : 1024,
  "t_10" : -0.8847839
}