{
  "t_11" : 0.06009077,
  "fy" : 712.3865,
  "height" : 768,
  "t_01" : 0.031428058,
  "t_23" : 6.9206104,
  "t_10" : -0.69219905,
  "manual_keyframe" : false,
  "fx" : 712.3865,
  "t_21" : 0.99769807,
  "center_depth" : 1.5466826,
  "timestamp" : 235389869610,
  "t_22" : -0.021440802,
  "t_00" : -0.71883357,
  "t_20" : 0.0643344,
  "angular_velocity" : 3.4028235e+38,
  "t_13" : -0.20758867,
  "cy" : 387.724,
  "width" : 1024,
  "blur_score" : 289.9708,
  "cx" : 513.38666,
  "t_02" : -0.69447166,
  "t_12" : 0.71920073,
  "t_03" : -1.5158733
}