{
  "fy" : 716.77,
  "angular_velocity" : 3.4028235e+38,
  "t_10" : -0.8701716,
  "t_01" : -0.41911995,
  "t_02" : 0.7924609,
  "cy" : 387.23407,
  "cx" : 514.02716,
  "t_13" : 0.35743216,
  "t_00" : -0.44310746,
  "t_23" : -3.7188902,
  "timestamp" : 235331291603,
  "t_11" : -0.011450655,
  "fx" : 716.77,
  "height" : 768,
  "width" : 1024,
  "manual_keyframe" : false,
  "t_03" : 0.07285664,
  "t_22" : -0.3596324,
  "t_12" : -0.49261573,
  "center_depth" : 0.6338944,
  "blur_score" : 65.4676,
  "t_20" : 0.21553929,
  "t_21" : -0.90785867
}