{
  "t_21" : 0.9196898,
  "angular_velocity" : 3.4028235e+38,
  "t_03" : -2.8259454,
  "t_20" : -0.1997971,
  "fx" : 711.4479,
  "t_02" : -0.79990035,
  "t_12" : 0.4958907,
  "cy" : 387.19754,
  "t_01" : -0.3925939,
  "t_22" : -0.3380118,
  "t_00" : -0.45390487,
  "t_13" : -0.11980761,
  "center_depth" : 2.2309284,
  "cx" : 514.14264,
  "width" : 1024,
  "manual_keyframe" : false,
  "blur_score" : 219.19888,
  "t_23" : 5.5254984,
  "t_11" : -0.0063925674,
  "timestamp" : 235381739329,
  "t_10" : -0.86836153,
  "height" : 768,
  "fy" : 711.4479
}