{
  "t_21" : -0.6086368,
  "angular_velocity" : 3.4028235e+38,
  "t_03" : -3.0514507,
  "t_20" : 0.2230481,
  "fx" : 710.61884,
  "cy" : 386.8229,
  "t_12" : 0.23288217,
  "t_02" : 0.6049424,
  "t_01" : 0.79084224,
  "t_22" : 0.7614531,
  "t_00" : 0.09280793,
  "t_13" : 0.06242594,
  "center_depth" : 2.189014,
  "cx" : 514.5991,
  "width" : 1024,
  "manual_keyframe" : false,
  "blur_score" : 136.04712,
  "t_23" : 5.5345373,
  "t_11" : -0.064262316,
  "timestamp" : 235374042220,
  "t_10" : -0.9703794,
  "height" : 768,
  "fy" : 710.61884
}