{
  "t_22" : 0.40185338,
  "t_02" : 0.65436524,
  "t_10" : -0.7545444,
  "t_12" : 0.6405622,
  "t_03" : 0.18040867,
  "cy" : 386.56296,
  "t_21" : -0.7750532,
  "angular_velocity" : 3.4028235e+38,
  "t_20" : 0.4876539,
  "center_depth" : 1.1691062,
  "timestamp" : 235319629287,
  "manual_keyframe" : false,
  "fx" : 716.44763,
  "height" : 768,
  "t_23" : -3.9920392,
  "t_01" : 0.61558884,
  "t_11" : -0.14262815,
  "t_00" : 0.43915424,
  "fy" : 716.44763,
  "cx" : 514.0982,
  "width" : 1024,
  "t_13" : -0.13147935,
  "blur_score" : 50.10123
}