{
  "blur_score" : 52.746334,
  "t_21" : -0.9685645,
  "center_depth" : 2.278982,
  "height" : 768,
  "t_10" : -0.97704214,
  "t_00" : -0.21209258,
  "t_03" : -0.670908,
  "t_12" : -0.21038772,
  "cy" : 386.99106,
  "t_22" : 0.2479465,
  "angular_velocity" : 3.4028235e+38,
  "width" : 1024,
  "fx" : 712.7264,
  "t_01" : 0.24648972,
  "t_02" : 0.945653,
  "fy" : 712.7264,
  "t_13" : 0.2802236,
  "timestamp" : 235334573710,
  "t_20" : -0.02013217,
  "t_23" : -3.8191218,
  "t_11" : -0.033549562,
  "manual_keyframe" : false,
  "cx" : 514.38995
}