{
  "t_22" : 0.5045604,
  "t_02" : -0.8061379,
  "t_10" : -0.94869685,
  "t_12" : 0.3091286,
  "t_03" : -3.0880828,
  "cy" : 386.98816,
  "t_21" : 0.8570421,
  "angular_velocity" : 3.4028235e+38,
  "t_20" : 0.10439135,
  "center_depth" : 2.1972742,
  "timestamp" : 235368894157,
  "manual_keyframe" : false,
  "fx" : 710.8888,
  "height" : 768,
  "t_23" : 5.6013117,
  "t_11" : -0.066435836,
  "t_01" : 0.51094526,
  "t_00" : -0.29845715,
  "fy" : 710.8888,
  "cx" : 514.5563,
  "width" : 1024,
  "t_13" : -0.007095882,
  "blur_score" : 155.05852
}