{
  "t_23" : -3.6075807,
  "t_10" : -0.8339566,
  "cx" : 514.38165,
  "cy" : 386.875,
  "fx" : 722.0509,
  "t_13" : 0.35392457,
  "fy" : 722.0509,
  "t_01" : -0.87608916,
  "t_00" : -0.2192789,
  "timestamp" : 235327409720,
  "t_11" : -0.0601266,
  "angular_velocity" : 3.4028235e+38,
  "blur_score" : 59.620155,
  "t_21" : -0.47838557,
  "t_20" : 0.5063925,
  "t_02" : 0.4294004,
  "height" : 768,
  "manual_keyframe" : false,
  "t_12" : -0.54854476,
  "t_03" : 0.50600356,
  "center_depth" : 1.5009356,
  "t_22" : -0.7174358,
  "width" : 1024
}