{
  "center_depth" : 0.8335948,
  "t_22" : -0.81774634,
  "t_21" : 0.0034755142,
  "t_23" : -3.5297024,
  "angular_velocity" : 3.4028235e+38,
  "t_02" : -0.093597546,
  "t_00" : 0.12701713,
  "t_20" : -0.5755685,
  "cx" : 514.0907,
  "t_13" : -0.003394004,
  "t_12" : 0.5679178,
  "cy" : 386.80972,
  "blur_score" : 85.03128,
  "fy" : 719.1492,
  "t_11" : -0.15773955,
  "height" : 768,
  "timestamp" : 235323461192,
  "t_03" : 0.5892825,
  "manual_keyframe" : false,
  "t_01" : -0.98747474,
  "t_10" : -0.807829,
  "fx" : 719.1492,
  "width" : 1024
}