{
  "t_11" : -0.022670886,
  "fy" : 711.52734,
  "height" : 768,
  "t_01" : -0.28786707,
  "t_23" : -3.764821,
  "t_10" : -0.90234923,
  "manual_keyframe" : false,
  "fx" : 711.52734,
  "t_21" : 0.9574021,
  "center_depth" : 1.6703802,
  "timestamp" : 235307533799,
  "t_22" : -0.25054327,
  "t_00" : -0.40639454,
  "t_20" : -0.14356002,
  "angular_velocity" : 3.4028235e+38,
  "t_13" : 0.08493232,
  "cy" : 387.0596,
  "width" : 1024,
  "blur_score" : 73.1733,
  "cx" : 514.5414,
  "t_02" : -0.8671657,
  "t_12" : 0.4304091,
  "t_03" : 0.36443678
}