{
  "t_23" : -3.432328,
  "t_10" : -0.6998383,
  "cx" : 513.8543,
  "cy" : 386.5802,
  "fx" : 719.41125,
  "t_13" : -0.020326339,
  "fy" : 719.41125,
  "t_01" : -0.98667884,
  "t_00" : 0.13814732,
  "timestamp" : 235323894364,
  "t_11" : -0.1586264,
  "angular_velocity" : 3.4028235e+38,
  "blur_score" : 76.22981,
  "t_21" : -0.03609255,
  "t_20" : -0.70081514,
  "t_02" : -0.08590886,
  "height" : 768,
  "manual_keyframe" : false,
  "t_12" : 0.69646543,
  "t_03" : 0.6736125,
  "center_depth" : 0.67409545,
  "t_22" : -0.71242946,
  "width" : 1024
}