{
  "center_depth" : 1.985197,
  "t_22" : -0.82498956,
  "t_21" : -0.56281906,
  "t_23" : 4.0718703,
  "angular_velocity" : 3.4028235e+38,
  "t_00" : 0.007833262,
  "t_02" : 0.5638746,
  "t_20" : 0.051256094,
  "cx" : 514.6045,
  "t_13" : 0.09881893,
  "t_12" : -0.03791976,
  "cy" : 387.0582,
  "blur_score" : 397.05804,
  "fy" : 711.1779,
  "t_11" : -0.035364356,
  "height" : 768,
  "timestamp" : 235360813860,
  "t_03" : -3.6636286,
  "manual_keyframe" : false,
  "t_01" : -0.8258234,
  "t_10" : -0.9986549,
  "fx" : 711.1779,
  "width" : 1024
}