{
  "t_10" : -0.9485776,
  "t_23" : 6.454846,
  "t_21" : -0.55432034,
  "t_01" : -0.8314942,
  "center_depth" : 1.2134795,
  "height" : 768,
  "manual_keyframe" : false,
  "timestamp" : 235397833290,
  "t_00" : -0.20350192,
  "t_03" : -1.5322441,
  "t_12" : -0.31441072,
  "cx" : 514.44836,
  "t_20" : 0.24246173,
  "fx" : 712.03076,
  "t_11" : 0.036696203,
  "angular_velocity" : 3.4028235e+38,
  "blur_score" : 119.91127,
  "cy" : 387.31924,
  "width" : 1024,
  "t_02" : 0.51691836,
  "t_22" : -0.79620445,
  "fy" : 712.03076,
  "t_13" : 0.2747234
}