{
  "t_22" : -0.8071634,
  "t_02" : -0.1812606,
  "t_10" : -0.82615876,
  "t_12" : -0.5618113,
  "t_03" : 0.30720693,
  "cy" : 387.17578,
  "t_21" : 0.19047113,
  "angular_velocity" : 3.4028235e+38,
  "t_20" : 0.55875593,
  "center_depth" : 1.4211302,
  "timestamp" : 235329675540,
  "manual_keyframe" : false,
  "fx" : 713.2489,
  "height" : 768,
  "t_23" : -3.7176979,
  "t_11" : 0.042775705,
  "t_01" : -0.98076046,
  "t_00" : 0.07248188,
  "fy" : 713.2489,
  "cx" : 514.2596,
  "width" : 1024,
  "t_13" : 0.3720479,
  "blur_score" : 58.76956
}