{
  "width" : 1024,
  "t_02" : -0.9723264,
  "height" : 768,
  "timestamp" : 235306500851,
  "t_00" : 0.017928192,
  "t_20" : -0.012709841,
  "t_21" : 0.9723511,
  "center_depth" : 2.1429722,
  "t_01" : -0.23293804,
  "blur_score" : 74.50315,
  "manual_keyframe" : false,
  "t_22" : -0.23317832,
  "t_10" : -0.99975854,
  "t_03" : 0.32493138,
  "fx" : 711.4463,
  "cx" : 514.53406,
  "cy" : 387.0239,
  "t_13" : 0.25148475,
  "t_11" : -0.016538575,
  "fy" : 711.4463,
  "t_23" : -3.778447,
  "angular_velocity" : 3.4028235e+38,
  "t_12" : -0.0144718895
}