{
  "t_22" : -0.87608725,
  "t_02" : 0.26406762,
  "t_10" : -0.91469,
  "t_12" : 0.40341023,
  "cy" : 387.0965,
  "t_03" : -3.6664114,
  "t_21" : -0.29884985,
  "angular_velocity" : 3.4028235e+38,
  "t_20" : -0.37836525,
  "center_depth" : 1.778294,
  "timestamp" : 235359747594,
  "manual_keyframe" : false,
  "fx" : 710.61255,
  "height" : 768,
  "t_23" : 3.9125524,
  "t_11" : -0.024546001,
  "t_01" : -0.95398456,
  "t_00" : 0.14206348,
  "fy" : 710.61255,
  "cx" : 514.4612,
  "width" : 1024,
  "t_13" : -0.07135568,
  "blur_score" : 170.67175
}