{
  "width" : 1024,
  "t_02" : -0.19595204,
  "height" : 768,
  "timestamp" : 235328409346,
  "t_00" : 0.17817059,
  "t_20" : 0.5662168,
  "t_21" : 0.2633365,
  "center_depth" : 1.354392,
  "t_01" : -0.96429145,
  "blur_score" : 80.290306,
  "manual_keyframe" : false,
  "t_22" : -0.7810585,
  "fx" : 716.1442,
  "t_10" : -0.80476934,
  "cy" : 386.93536,
  "cx" : 513.84326,
  "fy" : 716.1442,
  "t_13" : 0.37868464,
  "t_11" : -0.028210295,
  "t_03" : 0.4222335,
  "t_23" : -3.677064,
  "angular_velocity" : 3.4028235e+38,
  "t_12" : -0.59291685
}