{
  "blur_score" : 65.772964,
  "t_21" : -0.60484856,
  "center_depth" : 1.3404708,
  "height" : 768,
  "t_10" : -0.7932344,
  "t_03" : 0.6576571,
  "t_00" : 0.41908574,
  "t_12" : 0.603415,
  "cy" : 386.70197,
  "t_22" : -0.6625798,
  "angular_velocity" : 3.4028235e+38,
  "width" : 1024,
  "fx" : 721.38855,
  "t_01" : -0.792142,
  "t_02" : 0.44370988,
  "fy" : 721.38855,
  "t_13" : 0.038540144,
  "timestamp" : 235324993954,
  "t_20" : -0.44175377,
  "t_23" : -3.2524831,
  "t_11" : -0.08166723,
  "manual_keyframe" : false,
  "cx" : 513.37286
}