{
  "blur_score" : 45.847256,
  "t_21" : -0.577668,
  "center_depth" : 0.78116983,
  "height" : 768,
  "cy" : 386.91553,
  "t_10" : -0.79752123,
  "t_03" : 0.35564777,
  "t_12" : 0.5988634,
  "t_00" : 0.3953528,
  "t_22" : -0.6772323,
  "angular_velocity" : 3.4028235e+38,
  "width" : 1024,
  "fx" : 713.55865,
  "t_01" : -0.813005,
  "fy" : 713.55865,
  "t_02" : 0.4274567,
  "t_13" : -0.12759508,
  "timestamp" : 235321828468,
  "t_20" : -0.4556932,
  "t_23" : -3.7544804,
  "t_11" : -0.0729566,
  "manual_keyframe" : false,
  "cx" : 513.84064
}