{
  "blur_score" : 81.403206,
  "t_21" : -0.092959434,
  "center_depth" : 1.1733686,
  "height" : 768,
  "t_10" : -0.99594915,
  "t_03" : 0.7128227,
  "cy" : 386.98657,
  "t_12" : 0.045340613,
  "t_00" : -0.07299136,
  "t_22" : 0.9942843,
  "angular_velocity" : 3.4028235e+38,
  "width" : 1024,
  "fx" : 716.50006,
  "t_01" : 0.99263746,
  "t_02" : 0.096660495,
  "fy" : 716.50006,
  "t_13" : 0.072274126,
  "timestamp" : 235314981020,
  "t_20" : 0.052512486,
  "t_23" : -3.9560285,
  "t_11" : -0.077650025,
  "manual_keyframe" : false,
  "cx" : 514.53436
}