{
  "t_11" : 0.005646006,
  "fy" : 715.26434,
  "height" : 768,
  "t_01" : 0.18062834,
  "t_23" : -3.757434,
  "t_10" : -0.70987165,
  "manual_keyframe" : false,
  "fx" : 715.26434,
  "t_21" : 0.98353523,
  "center_depth" : 0.68949527,
  "timestamp" : 235309483070,
  "t_22" : 0.12431584,
  "t_00" : -0.6920103,
  "t_20" : 0.1311642,
  "angular_velocity" : 3.4028235e+38,
  "t_13" : -0.18577915,
  "cy" : 387.32144,
  "width" : 1024,
  "blur_score" : 67.11631,
  "cx" : 513.4948,
  "t_02" : -0.69892436,
  "t_12" : 0.70430833,
  "t_03" : 0.2546749
}