{
  "fy" : 712.674,
  "angular_velocity" : 3.4028235e+38,
  "t_10" : -0.77529275,
  "t_01" : -0.7116183,
  "t_13" : -0.14022774,
  "t_02" : 0.5113827,
  "cy" : 386.97125,
  "cx" : 513.7328,
  "t_00" : 0.48175433,
  "t_23" : -3.7853234,
  "timestamp" : 235321595221,
  "t_11" : -0.07411516,
  "fx" : 712.674,
  "height" : 768,
  "width" : 1024,
  "manual_keyframe" : false,
  "t_03" : 0.32108557,
  "t_22" : -0.58741784,
  "t_12" : 0.6272385,
  "center_depth" : 0.87735397,
  "blur_score" : 38.362965,
  "t_20" : -0.4084533,
  "t_21" : -0.69864607
}