{
  "width" : 1024,
  "t_02" : -0.17446055,
  "height" : 768,
  "timestamp" : 235352450336,
  "t_00" : 0.006473657,
  "t_20" : -0.24340415,
  "t_21" : 0.16766535,
  "center_depth" : 4.7877812,
  "t_01" : -0.984643,
  "blur_score" : 95.74867,
  "manual_keyframe" : false,
  "t_22" : -0.9553235,
  "t_03" : -3.7253156,
  "t_10" : -0.9699034,
  "fx" : 709.442,
  "fy" : 709.442,
  "cx" : 514.5418,
  "t_13" : 0.019726254,
  "t_11" : -0.04864885,
  "cy" : 386.9229,
  "t_23" : 1.5657237,
  "angular_velocity" : 3.4028235e+38,
  "t_12" : 0.23858073
}