{
  "width" : 1024,
  "t_02" : 0.8522592,
  "height" : 768,
  "timestamp" : 235331958021,
  "t_00" : -0.45514557,
  "t_20" : 0.12319344,
  "t_21" : -0.9661778,
  "center_depth" : 1.0149004,
  "t_01" : -0.2578699,
  "blur_score" : 72.43083,
  "manual_keyframe" : false,
  "t_22" : -0.22654754,
  "t_10" : -0.88185364,
  "cy" : 387.18494,
  "t_03" : -0.12275819,
  "fy" : 718.55835,
  "cx" : 514.3209,
  "fx" : 718.55835,
  "t_11" : -0.0018806328,
  "t_13" : 0.3364366,
  "t_23" : -3.7804956,
  "angular_velocity" : 3.4028235e+38,
  "t_12" : -0.47151938
}