{
  "t_22" : -0.8005937,
  "t_02" : 0.2380636,
  "t_10" : -0.8324323,
  "t_12" : -0.5498872,
  "t_03" : 0.22615498,
  "cy" : 387.25345,
  "t_21" : -0.32724047,
  "angular_velocity" : 3.4028235e+38,
  "t_20" : 0.50196004,
  "center_depth" : 1.4602256,
  "timestamp" : 235330158693,
  "manual_keyframe" : false,
  "fx" : 714.24,
  "height" : 768,
  "t_23" : -3.7080631,
  "t_01" : -0.9424613,
  "t_11" : 0.06841561,
  "t_00" : -0.2347184,
  "fy" : 714.24,
  "cx" : 513.9794,
  "width" : 1024,
  "t_13" : 0.37204456,
  "blur_score" : 44.32407
}