{
  "t_23" : 4.480076,
  "t_10" : -0.99154335,
  "cx" : 514.4808,
  "cy" : 386.99863,
  "t_01" : -0.9804976,
  "t_13" : 0.14433521,
  "t_00" : 0.004670782,
  "fy" : 711.4654,
  "fx" : 711.4654,
  "timestamp" : 235362279976,
  "t_11" : -0.030022962,
  "angular_velocity" : 3.4028235e+38,
  "blur_score" : 123.02384,
  "t_21" : -0.19422458,
  "t_20" : 0.12969206,
  "t_02" : 0.1964758,
  "height" : 768,
  "manual_keyframe" : false,
  "t_12" : -0.12625557,
  "t_03" : -3.7014687,
  "center_depth" : 2.446681,
  "t_22" : -0.9723461,
  "width" : 1024
}