{
  "t_21" : 0.5932337,
  "angular_velocity" : 3.4028235e+38,
  "t_03" : -3.5598795,
  "t_20" : -0.27070907,
  "cy" : 387.16824,
  "fx" : 711.74817,
  "t_02" : -0.57430243,
  "t_12" : 0.30884674,
  "t_01" : -0.80408746,
  "t_22" : -0.7581493,
  "t_00" : -0.15368815,
  "t_13" : -0.022254016,
  "center_depth" : 1.4472753,
  "cx" : 514.5057,
  "width" : 1024,
  "manual_keyframe" : false,
  "blur_score" : 169.26482,
  "t_23" : 5.115732,
  "t_11" : -0.038950294,
  "timestamp" : 235364362527,
  "t_10" : -0.9503139,
  "height" : 768,
  "fy" : 711.74817
}