{
  "center_depth" : 0.81467825,
  "t_22" : -0.8568097,
  "t_21" : -0.15003435,
  "t_23" : -3.6518557,
  "angular_velocity" : 3.4028235e+38,
  "t_02" : 0.10126568,
  "t_00" : 0.124315776,
  "t_20" : -0.49332246,
  "cx" : 514.11365,
  "t_13" : -0.047923613,
  "t_12" : 0.5055913,
  "cy" : 386.97604,
  "blur_score" : 57.25196,
  "fy" : 717.6293,
  "t_11" : -0.05655832,
  "height" : 768,
  "timestamp" : 235322811435,
  "t_03" : 0.4750017,
  "manual_keyframe" : false,
  "t_01" : -0.98706174,
  "t_10" : -0.86091727,
  "fx" : 717.6293,
  "width" : 1024
}