{
  "blur_score" : 44.289726,
  "t_21" : -0.8364494,
  "center_depth" : 1.0676165,
  "height" : 768,
  "cy" : 386.91443,
  "t_00" : 0.5672736,
  "t_03" : 0.26268765,
  "t_12" : 0.6505518,
  "t_10" : -0.7576663,
  "t_22" : -0.4429561,
  "angular_velocity" : 3.4028235e+38,
  "width" : 1024,
  "fx" : 712.4263,
  "t_01" : -0.54555327,
  "t_02" : 0.6169055,
  "fy" : 712.4263,
  "t_13" : -0.1540458,
  "timestamp" : 235321278672,
  "t_20" : -0.32271138,
  "t_23" : -3.813765,
  "t_11" : -0.05219486,
  "manual_keyframe" : false,
  "cx" : 513.50806
}