{
  "height" : 768,
  "t_13" : 0.06689092,
  "t_12" : 0.14147967,
  "t_10" : -0.98464155,
  "blur_score" : 98.62861,
  "fx" : 709.75806,
  "t_02" : 0.64233994,
  "t_01" : -0.7473422,
  "t_11" : -0.10229665,
  "t_00" : 0.16993865,
  "cy" : 386.7473,
  "t_03" : -2.2638452,
  "t_20" : -0.04002451,
  "t_21" : -0.65651727,
  "t_22" : -0.7532484,
  "center_depth" : 4.5784707,
  "timestamp" : 235339005386,
  "fy" : 709.75806,
  "width" : 1024,
  "cx" : 514.5868,
  "angular_velocity" : 3.4028235e+38,
  "manual_keyframe" : false,
  "t_23" : -3.80563
}