{
  "height" : 768,
  "t_13" : -0.018598834,
  "t_12" : 0.3579962,
  "t_10" : -0.9334432,
  "blur_score" : 94.90956,
  "fx" : 710.3362,
  "t_02" : 0.7368629,
  "t_01" : -0.6070786,
  "t_11" : -0.022860238,
  "t_00" : 0.29747078,
  "cy" : 387.08737,
  "t_03" : -1.9403237,
  "t_20" : -0.20048696,
  "t_21" : -0.794313,
  "t_22" : -0.57347363,
  "center_depth" : 3.2392523,
  "timestamp" : 235338105723,
  "fy" : 710.3362,
  "width" : 1024,
  "cx" : 514.4411,
  "angular_velocity" : 3.4028235e+38,
  "manual_keyframe" : false,
  "t_23" : -3.9772468
}