{
  "t_23" : -3.6655767,
  "t_10" : -0.7804214,
  "cx" : 513.8699,
  "cy" : 386.88168,
  "fx" : 716.13477,
  "t_13" : 0.38568038,
  "fy" : 716.13477,
  "t_01" : -0.9969092,
  "t_00" : 0.069899686,
  "timestamp" : 235328142779,
  "t_11" : -0.032257736,
  "angular_velocity" : 3.4028235e+38,
  "blur_score" : 70.08436,
  "t_21" : 0.07163452,
  "t_20" : 0.6213345,
  "t_02" : -0.03586229,
  "height" : 768,
  "manual_keyframe" : false,
  "t_12" : -0.62442124,
  "t_03" : 0.44812787,
  "center_depth" : 1.2733463,
  "t_22" : -0.7802642,
  "width" : 1024
}