{
  "center_depth" : 5.8109493,
  "t_22" : 0.94977534,
  "t_21" : -0.29280925,
  "t_23" : 5.5448627,
  "angular_velocity" : 3.4028235e+38,
  "t_02" : 0.28198397,
  "t_00" : -0.1037736,
  "t_20" : -0.11040578,
  "cx" : 514.59656,
  "t_13" : 0.1988567,
  "t_12" : -0.13568984,
  "cy" : 386.77634,
  "blur_score" : 91.3123,
  "fy" : 711.7878,
  "t_11" : -0.06742894,
  "height" : 768,
  "timestamp" : 235372492803,
  "t_03" : -2.842831,
  "manual_keyframe" : false,
  "t_01" : 0.95379025,
  "t_10" : -0.9884541,
  "fx" : 711.7878,
  "width" : 1024
}