{
  "t_22" : 0.7221271,
  "t_03" : 0.060756173,
  "t_10" : -0.96472096,
  "fy" : 713.7651,
  "t_13" : 0.21251191,
  "cy" : 386.81024,
  "t_01" : 0.7564153,
  "cx" : 514.56366,
  "t_00" : 0.12115825,
  "t_21" : 0.6510749,
  "timestamp" : 235304584900,
  "width" : 1024,
  "manual_keyframe" : false,
  "t_12" : -0.2556873,
  "t_23" : -3.8405526,
  "t_02" : -0.6427727,
  "angular_velocity" : 3.4028235e+38,
  "blur_score" : 67.9538,
  "center_depth" : 1.8838524,
  "t_11" : -0.06274977,
  "height" : 768,
  "t_20" : -0.23373963,
  "fx" : 713.7651
}