{
  "center_depth" : 0.6761031,
  "t_22" : -0.8323257,
  "t_21" : -0.2162328,
  "t_23" : -3.6829553,
  "angular_velocity" : 3.4028235e+38,
  "t_00" : 0.15372883,
  "t_02" : 0.159092,
  "t_20" : -0.5103701,
  "cx" : 513.9744,
  "t_13" : -0.0841079,
  "t_12" : 0.53096515,
  "cy" : 386.98645,
  "blur_score" : 52.900642,
  "fy" : 716.4778,
  "t_11" : -0.046756648,
  "height" : 768,
  "timestamp" : 235322511546,
  "t_03" : 0.44516626,
  "manual_keyframe" : false,
  "t_01" : -0.97522163,
  "t_10" : -0.84610283,
  "fx" : 716.4778,
  "width" : 1024
}