{
  "t_22" : -0.5968851,
  "t_02" : 0.5856574,
  "t_10" : -0.8356303,
  "t_12" : -0.54839176,
  "t_03" : 0.14012177,
  "cy" : 387.4154,
  "t_21" : -0.71458316,
  "angular_velocity" : 3.4028235e+38,
  "t_20" : 0.36482736,
  "center_depth" : 0.93605596,
  "timestamp" : 235330708488,
  "manual_keyframe" : false,
  "fx" : 715.88855,
  "height" : 768,
  "t_23" : -3.6900518,
  "t_11" : 0.031439453,
  "t_01" : -0.6988436,
  "t_00" : -0.41063732,
  "fy" : 715.88855,
  "cx" : 514.1474,
  "width" : 1024,
  "t_13" : 0.37292185,
  "blur_score" : 50.154263
}