{
  "center_depth" : 1.4810566,
  "t_22" : -0.355128,
  "t_21" : 0.92397547,
  "t_23" : 6.7347183,
  "angular_velocity" : 3.4028235e+38,
  "t_00" : -0.23378146,
  "t_02" : -0.894995,
  "t_20" : -0.14196233,
  "cx" : 514.53613,
  "t_13" : 0.019256279,
  "t_12" : 0.26994097,
  "cy" : 386.57755,
  "blur_score" : 278.78452,
  "fy" : 712.05304,
  "t_11" : -0.044033237,
  "height" : 768,
  "timestamp" : 235387487171,
  "t_03" : -1.6480082,
  "manual_keyframe" : false,
  "t_01" : -0.3799082,
  "t_10" : -0.9618695,
  "fx" : 712.05304,
  "width" : 1024
}