{
  "height" : 768,
  "t_13" : -0.11647955,
  "t_12" : 0.5435127,
  "t_10" : -0.8391301,
  "blur_score" : 67.95157,
  "fx" : 717.3275,
  "t_02" : -0.06930043,
  "t_01" : 0.99740434,
  "t_11" : 0.021320842,
  "t_00" : -0.019544238,
  "cy" : 387.53958,
  "t_03" : 0.7716095,
  "t_20" : 0.5435795,
  "t_21" : 0.06877462,
  "t_22" : 0.8365354,
  "center_depth" : 1.4091111,
  "timestamp" : 235314048034,
  "fy" : 717.3275,
  "width" : 1024,
  "cx" : 513.86835,
  "angular_velocity" : 3.4028235e+38,
  "manual_keyframe" : false,
  "t_23" : -3.9226482
}