{
  "width" : 1024,
  "t_02" : 0.034170862,
  "height" : 768,
  "timestamp" : 235343836907,
  "t_00" : 0.10227121,
  "t_20" : -0.104182355,
  "t_21" : -0.044866778,
  "center_depth" : 6.241911,
  "t_01" : -0.99416953,
  "blur_score" : 91.148384,
  "manual_keyframe" : false,
  "t_22" : -0.9935459,
  "t_03" : -2.8945987,
  "cy" : 386.95303,
  "t_10" : -0.98928595,
  "fy" : 709.1434,
  "cx" : 514.6045,
  "t_11" : -0.09805111,
  "t_13" : 0.06883722,
  "fx" : 709.1434,
  "t_23" : -1.7695068,
  "angular_velocity" : 3.4028235e+38,
  "t_12" : 0.10816349
}