{
  "height" : 768,
  "t_13" : -0.0020944597,
  "t_12" : 0.31215745,
  "t_10" : -0.94837964,
  "blur_score" : 80.73059,
  "fx" : 708.82574,
  "t_02" : 0.018634716,
  "t_01" : -0.9977096,
  "t_11" : -0.055981394,
  "t_00" : 0.06502685,
  "cy" : 386.854,
  "t_03" : -2.7614038,
  "t_20" : -0.31039932,
  "t_21" : -0.037971415,
  "t_22" : -0.9498478,
  "center_depth" : 4.373074,
  "timestamp" : 235341771016,
  "fy" : 708.82574,
  "width" : 1024,
  "cx" : 514.4768,
  "angular_velocity" : 3.4028235e+38,
  "manual_keyframe" : false,
  "t_23" : -2.7260897
}