{
  "height" : 768,
  "t_13" : 0.26714152,
  "t_12" : -0.35433555,
  "t_10" : -0.93494904,
  "blur_score" : 96.96703,
  "t_02" : -0.8199465,
  "fx" : 712.40247,
  "t_01" : 0.47478926,
  "t_11" : 0.017791698,
  "t_00" : 0.31978583,
  "cy" : 386.8914,
  "t_03" : 0.17447872,
  "t_20" : -0.15364647,
  "t_21" : 0.8799196,
  "t_22" : 0.44959334,
  "center_depth" : 2.4147842,
  "timestamp" : 235305217997,
  "fy" : 712.40247,
  "width" : 1024,
  "cx" : 514.49426,
  "angular_velocity" : 3.4028235e+38,
  "manual_keyframe" : false,
  "t_23" : -3.799898
}