{
  "t_21" : 0.99933505,
  "angular_velocity" : 3.4028235e+38,
  "t_03" : -3.0792131,
  "t_20" : -0.0011193976,
  "fx" : 712.4072,
  "cy" : 387.23453,
  "t_12" : 0.5387236,
  "t_02" : -0.841694,
  "t_01" : -0.031301945,
  "t_22" : -0.036447622,
  "t_00" : -0.53904706,
  "t_13" : -0.14351118,
  "center_depth" : 2.1228654,
  "cx" : 514.02954,
  "width" : 1024,
  "manual_keyframe" : false,
  "blur_score" : 207.7057,
  "t_23" : 5.4080963,
  "t_11" : 0.018704783,
  "timestamp" : 235381056252,
  "t_10" : -0.842275,
  "height" : 768,
  "fy" : 712.4072
}