{
  "t_23" : 0.26475126,
  "t_10" : -0.99503815,
  "cx" : 514.7714,
  "cy" : 386.97,
  "fx" : 709.1466,
  "t_01" : -0.90511465,
  "t_00" : -0.0053183017,
  "fy" : 709.1466,
  "t_13" : 0.08672298,
  "timestamp" : 235349401482,
  "t_11" : -0.037449434,
  "angular_velocity" : 3.4028235e+38,
  "blur_score" : 93.6751,
  "t_21" : 0.42351532,
  "t_20" : -0.09935247,
  "t_02" : -0.4251346,
  "height" : 768,
  "manual_keyframe" : false,
  "t_12" : 0.092177734,
  "t_03" : -3.446836,
  "center_depth" : 3.3577154,
  "t_22" : -0.9004244,
  "width" : 1024
}