{
  "t_11" : -0.092667155,
  "fy" : 710.0598,
  "center_depth" : 2.8691864,
  "t_23" : -3.8896813,
  "timestamp" : 235335823244,
  "t_12" : 0.3152587,
  "t_02" : 0.94784635,
  "t_21" : -0.99248374,
  "angular_velocity" : 3.4028235e+38,
  "width" : 1024,
  "t_01" : 0.07993167,
  "height" : 768,
  "fx" : 710.0598,
  "t_20" : 0.11303338,
  "t_13" : 0.061675616,
  "t_03" : -1.0865006,
  "t_22" : 0.046901338,
  "blur_score" : 80.15922,
  "cy" : 387.03494,
  "t_00" : 0.30854294,
  "cx" : 514.69745,
  "manual_keyframe" : false,
  "t_10" : -0.94447064
}