{
  "t_23" : 5.5412316,
  "t_10" : -0.9960394,
  "cx" : 514.66125,
  "cy" : 386.8919,
  "fx" : 710.892,
  "t_13" : 0.12970053,
  "fy" : 710.892,
  "t_01" : 0.8409732,
  "t_00" : -0.027144913,
  "timestamp" : 235373459106,
  "t_11" : -0.06854259,
  "angular_velocity" : 3.4028235e+38,
  "blur_score" : 125.2808,
  "t_21" : -0.536718,
  "t_20" : 0.08466828,
  "t_02" : 0.54039574,
  "height" : 768,
  "manual_keyframe" : false,
  "t_12" : 0.056634586,
  "t_03" : -2.9675422,
  "center_depth" : 2.12639,
  "t_22" : 0.839503,
  "width" : 1024
}