{
  "width" : 1024,
  "t_02" : 0.67006934,
  "height" : 768,
  "timestamp" : 235320512292,
  "t_00" : 0.70031434,
  "t_20" : 0.23212118,
  "t_21" : -0.9661868,
  "center_depth" : 1.5737867,
  "t_01" : 0.24610387,
  "blur_score" : 53.288284,
  "manual_keyframe" : false,
  "t_22" : 0.11226378,
  "t_10" : -0.67504054,
  "cy" : 386.83292,
  "fx" : 714.72437,
  "cx" : 513.2863,
  "fy" : 714.72437,
  "t_11" : -0.07691732,
  "t_13" : -0.19308051,
  "t_03" : 0.10209219,
  "t_23" : -3.8730216,
  "angular_velocity" : 3.4028235e+38,
  "t_12" : 0.7337602
}