{
  "t_11" : -0.03651955,
  "fy" : 713.2442,
  "height" : 768,
  "t_01" : -0.47656795,
  "t_23" : 6.998517,
  "t_10" : -0.9870432,
  "manual_keyframe" : false,
  "fx" : 713.2442,
  "t_21" : 0.8783787,
  "center_depth" : 1.7166607,
  "timestamp" : 235391902181,
  "t_22" : -0.47604012,
  "t_00" : 0.1546255,
  "t_20" : 0.042855293,
  "angular_velocity" : 3.4028235e+38,
  "t_13" : 0.18067314,
  "cy" : 386.8762,
  "width" : 1024,
  "blur_score" : 177.62505,
  "cx" : 514.65656,
  "t_12" : -0.1562432,
  "t_02" : -0.86543286,
  "t_03" : -1.4822761
}