{
  "blur_score" : 107.64922,
  "t_21" : -0.03485962,
  "center_depth" : 0.80362517,
  "height" : 768,
  "cy" : 387.11456,
  "t_03" : 0.7361036,
  "t_10" : -0.97003186,
  "t_12" : 0.23949288,
  "t_00" : -0.03142216,
  "t_22" : 0.9699145,
  "angular_velocity" : 3.4028235e+38,
  "width" : 1024,
  "fx" : 716.75574,
  "t_01" : 0.9985507,
  "t_02" : 0.043694466,
  "fy" : 716.75574,
  "t_13" : -0.005491795,
  "timestamp" : 235314581169,
  "t_20" : 0.24093746,
  "t_23" : -3.94342,
  "t_11" : -0.04100443,
  "manual_keyframe" : false,
  "cx" : 514.199
}