{
  "t_22" : -0.9197617,
  "t_03" : -2.4471655,
  "t_10" : -0.98913455,
  "fy" : 709.4674,
  "t_13" : 0.12401968,
  "t_00" : 0.1264945,
  "t_01" : -0.91123104,
  "cy" : 386.5087,
  "cx" : 514.5395,
  "t_21" : -0.38526154,
  "timestamp" : 235339838407,
  "width" : 1024,
  "manual_keyframe" : false,
  "t_12" : -0.019530313,
  "t_23" : -3.5354848,
  "t_02" : 0.39199117,
  "angular_velocity" : 3.4028235e+38,
  "blur_score" : 75.55568,
  "center_depth" : 7.5534987,
  "t_11" : -0.1457103,
  "height" : 768,
  "t_20" : 0.07491379,
  "fx" : 709.4674
}