{
  "t_23" : 2.5694523,
  "angular_velocity" : 3.4028235e+38,
  "fx" : 709.7501,
  "t_22" : -0.9435978,
  "blur_score" : 119.454124,
  "center_depth" : 3.9244134,
  "t_20" : -0.32351238,
  "t_12" : 0.32276118,
  "cy" : 386.80637,
  "width" : 1024,
  "height" : 768,
  "timestamp" : 235355465868,
  "t_10" : -0.9462222,
  "t_02" : -0.07381538,
  "t_13" : -0.029097132,
  "t_21" : 0.070450336,
  "manual_keyframe" : false,
  "t_01" : -0.9972703,
  "fy" : 709.7501,
  "t_00" : -0.0018732465,
  "t_11" : -0.02211259,
  "t_03" : -3.775998,
  "cx" : 514.53595
}