{
  "t_23" : 4.1263165,
  "t_10" : -0.9829662,
  "cx" : 514.6625,
  "cy" : 386.98254,
  "fx" : 711.1875,
  "t_01" : -0.80386144,
  "t_00" : -0.09864717,
  "t_13" : 0.14957522,
  "fy" : 711.1875,
  "timestamp" : 235361297012,
  "t_11" : -0.013139789,
  "angular_velocity" : 3.4028235e+38,
  "blur_score" : 358.965,
  "t_21" : -0.59467155,
  "t_20" : 0.15506817,
  "t_02" : 0.58657956,
  "height" : 768,
  "manual_keyframe" : false,
  "t_12" : -0.18331598,
  "t_03" : -3.6411614,
  "center_depth" : 1.901048,
  "t_22" : -0.7888725,
  "width" : 1024
}