{
  "t_22" : 0.5679094,
  "t_03" : 0.54886204,
  "t_10" : -0.8286113,
  "fy" : 716.75256,
  "t_13" : -0.10835085,
  "t_00" : -0.4295044,
  "t_01" : 0.671356,
  "cx" : 513.88556,
  "cy" : 387.0723,
  "t_21" : 0.7406415,
  "timestamp" : 235312515272,
  "width" : 1024,
  "manual_keyframe" : false,
  "t_12" : 0.5591707,
  "t_23" : -3.8827522,
  "t_02" : -0.6039927,
  "angular_velocity" : 3.4028235e+38,
  "blur_score" : 83.91285,
  "center_depth" : 1.0385057,
  "t_11" : -0.02704551,
  "height" : 768,
  "t_20" : 0.35906735,
  "fx" : 716.75256
}