{
  "height" : 768,
  "t_13" : 0.16665566,
  "t_12" : -0.10130423,
  "t_10" : -0.98697245,
  "blur_score" : 90.4756,
  "t_02" : -0.5487406,
  "fx" : 710.2885,
  "t_01" : -0.82049364,
  "t_11" : -0.1249915,
  "t_00" : 0.16023189,
  "cy" : 386.5711,
  "t_03" : -3.3403807,
  "t_20" : 0.0145315565,
  "t_21" : 0.557824,
  "t_22" : -0.8298322,
  "center_depth" : 4.6141486,
  "timestamp" : 235348718406,
  "fy" : 710.2885,
  "width" : 1024,
  "cx" : 514.5295,
  "angular_velocity" : 3.4028235e+38,
  "manual_keyframe" : false,
  "t_23" : -0.033278145
}