{
  "center_depth" : 2.2112925,
  "t_22" : -0.59660184,
  "t_21" : 0.80253637,
  "t_23" : 6.4952917,
  "angular_velocity" : 3.4028235e+38,
  "t_00" : 0.19894567,
  "t_02" : -0.78633136,
  "t_20" : 0.0013767101,
  "cx" : 514.5604,
  "t_13" : 0.16379566,
  "t_12" : -0.16046633,
  "cy" : 386.54538,
  "blur_score" : 221.48749,
  "fy" : 711.15405,
  "t_11" : -0.11760878,
  "height" : 768,
  "timestamp" : 235386487546,
  "t_03" : -1.7477028,
  "manual_keyframe" : false,
  "t_01" : -0.5848964,
  "t_10" : -0.98000956,
  "fx" : 711.15405,
  "width" : 1024
}