{
  "t_22" : -0.72168624,
  "manual_keyframe" : false,
  "fy" : 712.107,
  "t_10" : -0.74086577,
  "t_11" : -0.11514965,
  "t_21" : 0.17004949,
  "t_23" : 6.927814,
  "height" : 768,
  "width" : 1024,
  "t_01" : -0.9786848,
  "t_13" : -0.14893594,
  "cy" : 386.66898,
  "t_00" : -0.029421313,
  "t_12" : 0.6617088,
  "blur_score" : 143.86441,
  "t_20" : -0.6710084,
  "center_depth" : 1.6973567,
  "timestamp" : 235395134302,
  "t_02" : -0.20325024,
  "t_03" : -1.4635402,
  "angular_velocity" : 3.4028235e+38,
  "fx" : 712.107,
  "cx" : 513.767
}