{
  "blur_score" : 65.097,
  "t_21" : -0.94647753,
  "center_depth" : 2.902669,
  "height" : 768,
  "cy" : 386.9663,
  "t_10" : -0.9038666,
  "t_03" : -1.6936086,
  "t_12" : 0.4257093,
  "t_00" : 0.41593158,
  "t_22" : -0.3068453,
  "angular_velocity" : 3.4028235e+38,
  "width" : 1024,
  "fx" : 710.62195,
  "t_01" : -0.31997404,
  "t_02" : 0.85124487,
  "fy" : 710.62195,
  "t_13" : -0.044781398,
  "timestamp" : 235337589250,
  "t_20" : -0.10013141,
  "t_23" : -4.0230565,
  "t_11" : -0.0423903,
  "manual_keyframe" : false,
  "cx" : 514.33026
}