{
  "t_23" : 4.5854344,
  "t_10" : -0.998393,
  "cx" : 514.6626,
  "cy" : 386.9327,
  "fx" : 711.17633,
  "t_01" : -0.99570614,
  "t_00" : 0.05506803,
  "t_13" : 0.11303998,
  "fy" : 711.17633,
  "timestamp" : 235362579864,
  "t_11" : -0.055908486,
  "angular_velocity" : 3.4028235e+38,
  "blur_score" : 140.3032,
  "t_21" : -0.073781304,
  "t_20" : 0.013378405,
  "t_02" : 0.07441069,
  "height" : 768,
  "manual_keyframe" : false,
  "t_12" : -0.009257967,
  "t_03" : -3.7071567,
  "center_depth" : 2.237764,
  "t_22" : -0.9971849,
  "width" : 1024
}