{
  "t_10" : -0.8958361,
  "t_23" : 6.9143286,
  "t_21" : 0.67930394,
  "t_01" : -0.7254164,
  "center_depth" : 2.0157802,
  "height" : 768,
  "manual_keyframe" : false,
  "timestamp" : 235394001394,
  "t_00" : -0.22292987,
  "t_03" : -1.3531014,
  "t_12" : 0.43030307,
  "cx" : 514.50757,
  "t_20" : -0.38442189,
  "fx" : 711.7735,
  "t_11" : -0.11098272,
  "angular_velocity" : 3.4028235e+38,
  "blur_score" : 288.28036,
  "cy" : 386.73004,
  "width" : 1024,
  "t_02" : -0.6512092,
  "t_22" : -0.6251129,
  "fy" : 711.7735,
  "t_13" : -0.03045937
}