{
  "center_depth" : 2.0634124,
  "t_22" : -0.033418946,
  "t_21" : 0.99554914,
  "t_23" : 5.47956,
  "angular_velocity" : 3.4028235e+38,
  "t_00" : -0.056872692,
  "t_02" : -0.9976381,
  "t_20" : -0.08812042,
  "cx" : 514.63306,
  "t_13" : 0.108718306,
  "t_12" : 0.060014226,
  "cy" : 386.75183,
  "blur_score" : 71.58608,
  "fy" : 711.189,
  "t_11" : -0.08601164,
  "height" : 768,
  "timestamp" : 235367161475,
  "t_03" : -3.2017567,
  "manual_keyframe" : false,
  "t_01" : -0.0385231,
  "t_10" : -0.99448496,
  "fx" : 711.189,
  "width" : 1024
}