{
  "t_01" : -0.9826241,
  "blur_score" : 125.37823,
  "t_02" : -0.18500675,
  "t_20" : -0.22396402,
  "timestamp" : 235356732059,
  "fx" : 709.73584,
  "cy" : 387.15182,
  "angular_velocity" : 3.4028235e+38,
  "t_00" : -0.014907728,
  "t_03" : -3.6515622,
  "t_23" : 2.8983932,
  "center_depth" : 3.4504604,
  "t_13" : 0.010596655,
  "t_22" : -0.957146,
  "height" : 768,
  "manual_keyframe" : false,
  "t_11" : -0.027165977,
  "cx" : 514.59326,
  "fy" : 709.73584,
  "t_21" : 0.18360756,
  "t_12" : 0.2228096,
  "width" : 1024,
  "t_10" : -0.9744834
}