{
  "t_23" : -3.576278,
  "t_10" : -0.90499157,
  "cx" : 514.5976,
  "cy" : 386.90643,
  "fx" : 723.5422,
  "t_13" : 0.30656227,
  "t_00" : -0.18401277,
  "fy" : 723.5422,
  "t_01" : -0.8609612,
  "timestamp" : 235327043190,
  "t_11" : -0.03987321,
  "angular_velocity" : 3.4028235e+38,
  "blur_score" : 55.779644,
  "t_21" : -0.50710535,
  "t_20" : 0.38357466,
  "t_02" : 0.47422054,
  "height" : 768,
  "manual_keyframe" : false,
  "t_12" : -0.42355677,
  "t_03" : 0.5170888,
  "center_depth" : 0.57890236,
  "t_22" : -0.77182555,
  "width" : 1024
}