{
  "t_23" : -0.2128988,
  "t_10" : -0.9744749,
  "cx" : 514.6579,
  "cy" : 386.56815,
  "t_01" : -0.89723706,
  "fx" : 710.53625,
  "fy" : 710.53625,
  "t_00" : 0.18357587,
  "t_13" : 0.17818901,
  "timestamp" : 235348168612,
  "t_11" : -0.11240119,
  "angular_velocity" : 3.4028235e+38,
  "blur_score" : 70.0795,
  "t_21" : 0.4270034,
  "t_20" : 0.1292236,
  "t_02" : -0.40157926,
  "height" : 768,
  "manual_keyframe" : false,
  "t_12" : -0.19433169,
  "t_03" : -3.3407943,
  "center_depth" : 3.9019089,
  "t_22" : -0.89496905,
  "width" : 1024
}