{
  "width" : 1024,
  "t_02" : -0.14586839,
  "height" : 768,
  "timestamp" : 235353100091,
  "t_00" : 0.0005661472,
  "t_20" : -0.32387304,
  "t_21" : 0.13782477,
  "center_depth" : 4.1750355,
  "t_01" : -0.9893038,
  "blur_score" : 117.352165,
  "manual_keyframe" : false,
  "t_22" : -0.93600786,
  "t_03" : -3.741586,
  "cy" : 386.93594,
  "t_10" : -0.9461004,
  "fy" : 709.4801,
  "cx" : 514.54675,
  "t_11" : -0.047772747,
  "t_13" : -0.008205883,
  "fx" : 709.4801,
  "t_23" : 1.891327,
  "angular_velocity" : 3.4028235e+38,
  "t_12" : 0.32033077
}