{
  "t_22" : -0.7907106,
  "manual_keyframe" : false,
  "fy" : 714.1686,
  "t_10" : -0.9859405,
  "t_11" : 0.0006953531,
  "t_21" : -0.5974374,
  "t_23" : 6.343369,
  "height" : 768,
  "width" : 1024,
  "t_01" : -0.8019153,
  "t_13" : 0.22849077,
  "t_12" : -0.16709563,
  "cy" : 386.9526,
  "t_00" : -0.100379005,
  "blur_score" : 100.52946,
  "t_20" : 0.13358702,
  "center_depth" : 1.0666505,
  "timestamp" : 235398599669,
  "t_02" : 0.58894485,
  "t_03" : -1.5671756,
  "angular_velocity" : 3.4028235e+38,
  "fx" : 714.1686,
  "cx" : 514.3921
}