{
  "t_10" : -0.9989244,
  "cy" : 386.87863,
  "t_11" : -0.035793837,
  "manual_keyframe" : false,
  "t_02" : 0.98286927,
  "t_13" : 0.21884018,
  "t_12" : -0.029478604,
  "t_03" : -0.75431144,
  "timestamp" : 235334923579,
  "angular_velocity" : 3.4028235e+38,
  "t_01" : 0.1808566,
  "t_00" : -0.035485327,
  "blur_score" : 52.671715,
  "fx" : 711.75757,
  "fy" : 711.75757,
  "t_20" : 0.029849263,
  "center_depth" : 3.798778,
  "t_21" : -0.98285794,
  "height" : 768,
  "cx" : 514.5076,
  "t_22" : 0.18193224,
  "t_23" : -3.819192,
  "width" : 1024
}