{
  "height" : 768,
  "t_13" : 0.054058723,
  "t_12" : 0.1758679,
  "t_10" : -0.982043,
  "blur_score" : 81.90738,
  "fx" : 708.8401,
  "t_02" : 0.034221455,
  "t_01" : -0.99656475,
  "t_11" : -0.068279535,
  "t_00" : 0.07541771,
  "cy" : 386.59933,
  "t_03" : -2.7446656,
  "t_20" : -0.17292713,
  "t_21" : -0.046870507,
  "t_22" : -0.98381895,
  "center_depth" : 6.3017945,
  "timestamp" : 235341354505,
  "fy" : 708.8401,
  "width" : 1024,
  "cx" : 514.7789,
  "angular_velocity" : 3.4028235e+38,
  "manual_keyframe" : false,
  "t_23" : -2.8994029
}