{
  "fy" : 719.9353,
  "angular_velocity" : 3.4028235e+38,
  "t_10" : -0.9850696,
  "t_01" : -0.8779335,
  "cy" : 386.63855,
  "t_13" : 0.16911522,
  "cx" : 514.38055,
  "t_02" : 0.44850153,
  "t_00" : 0.16756886,
  "t_23" : -3.4304192,
  "timestamp" : 235326010242,
  "t_11" : -0.13088565,
  "fx" : 719.9353,
  "height" : 768,
  "width" : 1024,
  "manual_keyframe" : false,
  "t_03" : 0.5920533,
  "t_22" : -0.88675797,
  "t_12" : 0.11183478,
  "center_depth" : 1.230852,
  "blur_score" : 38.087387,
  "t_20" : -0.039481085,
  "t_21" : -0.4605452
}