{
  "center_depth" : 2.2960358,
  "t_22" : -0.18724199,
  "t_21" : 0.97928154,
  "t_23" : 5.450147,
  "angular_velocity" : 3.4028235e+38,
  "t_02" : -0.9795723,
  "t_00" : 0.08909139,
  "t_20" : -0.07712486,
  "cx" : 514.60284,
  "t_13" : 0.1549752,
  "t_12" : -0.07334141,
  "cy" : 386.6493,
  "blur_score" : 104.51276,
  "fy" : 711.22235,
  "t_11" : -0.09223098,
  "height" : 768,
  "timestamp" : 235366661663,
  "t_03" : -3.2805135,
  "manual_keyframe" : false,
  "t_01" : -0.180281,
  "t_10" : -0.99303305,
  "fx" : 711.22235,
  "width" : 1024
}