{
  "t_11" : -0.029445633,
  "fy" : 713.2696,
  "height" : 768,
  "t_01" : -0.39396513,
  "t_23" : 7.0102077,
  "t_10" : -0.99450076,
  "manual_keyframe" : false,
  "fx" : 713.2696,
  "t_21" : 0.91865367,
  "center_depth" : 1.4362624,
  "timestamp" : 235391785558,
  "t_22" : -0.3948597,
  "t_00" : 0.103956304,
  "t_20" : 0.012704944,
  "angular_velocity" : 3.4028235e+38,
  "t_13" : 0.15962258,
  "cy" : 386.91028,
  "width" : 1024,
  "blur_score" : 175.72543,
  "cx" : 514.6136,
  "t_02" : -0.9132277,
  "t_12" : -0.100505136,
  "t_03" : -1.5044334
}