{
  "t_21" : -0.05306297,
  "angular_velocity" : 3.4028235e+38,
  "t_03" : -3.1964707,
  "t_20" : 0.5280782,
  "cy" : 387.12463,
  "t_02" : 0.05797937,
  "t_12" : 0.527561,
  "fx" : 710.91583,
  "t_01" : 0.9982915,
  "t_22" : 0.84753644,
  "t_00" : 0.0072578383,
  "t_13" : -0.13816679,
  "center_depth" : 2.203284,
  "cx" : 514.42993,
  "width" : 1024,
  "manual_keyframe" : false,
  "blur_score" : 114.453255,
  "t_23" : 5.195575,
  "t_11" : -0.024466356,
  "timestamp" : 235378757115,
  "t_10" : -0.84916484,
  "height" : 768,
  "fy" : 710.91583
}