{
  "t_11" : -0.027321242,
  "fy" : 710.86346,
  "height" : 768,
  "t_01" : -0.68028605,
  "t_23" : 5.614976,
  "t_10" : -0.9242317,
  "manual_keyframe" : false,
  "fx" : 710.86346,
  "t_21" : 0.7324373,
  "center_depth" : 3.0543962,
  "timestamp" : 235382555689,
  "t_22" : -0.6215847,
  "t_00" : -0.26196873,
  "t_20" : -0.27779147,
  "angular_velocity" : 3.4028235e+38,
  "t_13" : -0.0637169,
  "cy" : 387.00363,
  "width" : 1024,
  "blur_score" : 225.62189,
  "cx" : 514.2826,
  "t_12" : 0.3808533,
  "t_02" : -0.68453145,
  "t_03" : -2.570629
}