{
  "height" : 768,
  "t_13" : 0.014263616,
  "t_12" : 0.24147445,
  "t_10" : -0.9690423,
  "blur_score" : 85.16856,
  "t_02" : 0.00494687,
  "fx" : 709.4674,
  "t_01" : -0.99851525,
  "t_11" : -0.05145027,
  "t_00" : 0.054247823,
  "cy" : 386.82526,
  "t_03" : -2.876215,
  "t_20" : -0.24086145,
  "t_21" : -0.017893206,
  "t_22" : -0.9703946,
  "center_depth" : 5.010376,
  "timestamp" : 235343403736,
  "fy" : 709.4674,
  "width" : 1024,
  "cx" : 514.48584,
  "angular_velocity" : 3.4028235e+38,
  "manual_keyframe" : false,
  "t_23" : -1.9598776
}