{
  "blur_score" : 52.279488,
  "t_21" : -0.97989005,
  "center_depth" : 1.2243102,
  "height" : 768,
  "t_10" : -0.88082707,
  "t_03" : -0.21550728,
  "t_00" : -0.46841508,
  "t_12" : -0.4725794,
  "cy" : 387.08368,
  "t_22" : -0.18730833,
  "angular_velocity" : 3.4028235e+38,
  "width" : 1024,
  "fx" : 720.2832,
  "t_01" : -0.19749184,
  "fy" : 720.2832,
  "t_02" : 0.86115307,
  "t_13" : 0.3362545,
  "timestamp" : 235332307890,
  "t_20" : 0.06878338,
  "t_23" : -3.811609,
  "t_11" : 0.028505038,
  "manual_keyframe" : false,
  "cx" : 514.3047
}