{
  "t_11" : -0.052930992,
  "fy" : 714.4226,
  "height" : 768,
  "t_01" : -0.75974643,
  "t_23" : 6.309751,
  "t_10" : -0.89476657,
  "manual_keyframe" : false,
  "fx" : 714.4226,
  "t_21" : -0.6480615,
  "center_depth" : 1.1076709,
  "timestamp" : 235399682596,
  "t_22" : -0.6969576,
  "t_00" : 0.32423216,
  "t_20" : -0.3070284,
  "angular_velocity" : 3.4028235e+38,
  "t_13" : -0.032824904,
  "cy" : 386.95944,
  "width" : 1024,
  "blur_score" : 204.61023,
  "cx" : 514.5613,
  "t_02" : 0.56361246,
  "t_12" : 0.4433861,
  "t_03" : -1.5797439
}