{
  "t_21" : -0.36276734,
  "angular_velocity" : 3.4028235e+38,
  "t_03" : -3.020067,
  "t_20" : -0.12124002,
  "cy" : 386.91708,
  "t_02" : 0.34976634,
  "t_12" : 0.15479918,
  "fx" : 708.8813,
  "t_01" : -0.9296241,
  "t_22" : -0.92395943,
  "t_00" : 0.11602911,
  "t_13" : 0.05284083,
  "center_depth" : 5.0862412,
  "cx" : 514.67554,
  "width" : 1024,
  "manual_keyframe" : false,
  "blur_score" : 116.513435,
  "t_23" : -1.2493716,
  "t_11" : -0.0648005,
  "timestamp" : 235345103098,
  "t_10" : -0.98581856,
  "height" : 768,
  "fy" : 708.8813
}