{
  "t_21" : -0.39796782,
  "angular_velocity" : 3.4028235e+38,
  "t_03" : -3.1392987,
  "t_20" : 0.0061959317,
  "fx" : 709.12915,
  "cy" : 386.877,
  "t_12" : 0.053536944,
  "t_02" : 0.39439902,
  "t_01" : -0.90683746,
  "t_22" : -0.9173785,
  "t_00" : 0.14864431,
  "t_13" : 0.08615389,
  "center_depth" : 4.8547454,
  "cx" : 514.61316,
  "width" : 1024,
  "manual_keyframe" : false,
  "blur_score" : 120.717354,
  "t_23" : -0.73391867,
  "t_11" : -0.13880675,
  "timestamp" : 235346419270,
  "t_10" : -0.9888713,
  "height" : 768,
  "fy" : 709.12915
}