{
  "t_21" : -0.2387567,
  "angular_velocity" : 3.4028235e+38,
  "t_03" : -3.2054334,
  "t_20" : 0.12497217,
  "fx" : 709.13074,
  "cy" : 386.79025,
  "t_12" : -0.0871174,
  "t_02" : 0.25501642,
  "t_01" : -0.9572967,
  "t_22" : -0.9630044,
  "t_00" : 0.13619736,
  "t_13" : 0.11802375,
  "center_depth" : 4.4137034,
  "cx" : 514.65186,
  "width" : 1024,
  "manual_keyframe" : false,
  "blur_score" : 84.322174,
  "t_23" : -0.6145104,
  "t_11" : -0.16302857,
  "timestamp" : 235346752478,
  "t_10" : -0.9827677,
  "height" : 768,
  "fy" : 709.13074
}