{
  "width" : 1024,
  "t_02" : -0.33594337,
  "height" : 768,
  "timestamp" : 235328625932,
  "t_00" : 0.25994155,
  "t_20" : 0.4785968,
  "t_21" : 0.42295212,
  "center_depth" : 1.4804081,
  "t_01" : -0.90530246,
  "blur_score" : 84.153015,
  "manual_keyframe" : false,
  "t_22" : -0.76945233,
  "fx" : 716.157,
  "cy" : 386.932,
  "t_03" : 0.4106784,
  "fy" : 716.157,
  "t_10" : -0.83867496,
  "t_11" : -0.03923119,
  "t_13" : 0.36788025,
  "cx" : 513.84375,
  "t_23" : -3.6736326,
  "angular_velocity" : 3.4028235e+38,
  "t_12" : -0.5432176
}