{
  "t_23" : -3.9080274,
  "t_10" : -0.77574724,
  "cx" : 513.7137,
  "cy" : 387.4499,
  "fx" : 717.33704,
  "t_01" : 0.99283886,
  "fy" : 717.33704,
  "t_13" : -0.15196227,
  "t_00" : -0.00029040026,
  "timestamp" : 235313864769,
  "t_11" : 0.075161755,
  "angular_velocity" : 3.4028235e+38,
  "blur_score" : 65.189095,
  "t_21" : 0.092853844,
  "t_20" : 0.63104385,
  "t_02" : -0.11946147,
  "height" : 768,
  "manual_keyframe" : false,
  "t_12" : 0.62655175,
  "t_03" : 0.77283996,
  "center_depth" : 1.3180156,
  "t_22" : 0.77017015,
  "width" : 1024
}