{
  "t_22" : 0.3654053,
  "t_02" : 0.79171026,
  "t_10" : -0.86406225,
  "t_12" : 0.48956525,
  "t_03" : 0.24608526,
  "cy" : 386.8446,
  "t_21" : -0.8721671,
  "angular_velocity" : 3.4028235e+38,
  "t_20" : 0.32527474,
  "center_depth" : 1.0451263,
  "timestamp" : 235319196116,
  "manual_keyframe" : false,
  "fx" : 715.91235,
  "height" : 768,
  "t_23" : -4.0034556,
  "t_01" : 0.474976,
  "t_11" : -0.11714256,
  "t_00" : 0.38417825,
  "fy" : 715.91235,
  "cx" : 514.459,
  "width" : 1024,
  "t_13" : -0.07938897,
  "blur_score" : 47.390804
}