{
  "t_22" : -0.74021894,
  "t_03" : 0.38423046,
  "t_10" : -0.809674,
  "fy" : 714.672,
  "t_13" : -0.117541574,
  "t_00" : 0.31333068,
  "t_01" : -0.88872766,
  "cx" : 513.87726,
  "cy" : 386.89224,
  "t_21" : -0.45367837,
  "timestamp" : 235322045054,
  "width" : 1024,
  "manual_keyframe" : false,
  "t_12" : 0.58317155,
  "t_23" : -3.7276363,
  "t_02" : 0.3346444,
  "angular_velocity" : 3.4028235e+38,
  "blur_score" : 45.372894,
  "center_depth" : 0.72996336,
  "t_11" : -0.06587008,
  "height" : 768,
  "t_20" : -0.49623773,
  "fx" : 714.672
}