{
  "t_11" : -0.031045211,
  "fy" : 710.01855,
  "height" : 768,
  "t_01" : -0.8167654,
  "t_23" : 5.7215457,
  "t_10" : -0.96810186,
  "manual_keyframe" : false,
  "fx" : 710.01855,
  "t_21" : 0.57613415,
  "center_depth" : 3.1982234,
  "timestamp" : 235383405370,
  "t_22" : -0.7870238,
  "t_00" : -0.11880884,
  "t_20" : -0.22059773,
  "angular_velocity" : 3.4028235e+38,
  "t_13" : -0.0069519235,
  "cy" : 387.10568,
  "width" : 1024,
  "blur_score" : 297.48755,
  "cx" : 514.467,
  "t_12" : 0.24862641,
  "t_02" : -0.5646051,
  "t_03" : -2.349906
}