{
  "t_21" : -0.77543503,
  "angular_velocity" : 3.4028235e+38,
  "t_03" : -3.0537124,
  "t_20" : 0.026952159,
  "fx" : 711.19696,
  "t_02" : 0.77533233,
  "t_12" : -0.029762762,
  "cy" : 387.18942,
  "t_01" : 0.62867475,
  "t_22" : 0.63085204,
  "t_00" : -0.06023317,
  "t_13" : 0.15599938,
  "center_depth" : 2.2642164,
  "cx" : 514.60565,
  "width" : 1024,
  "manual_keyframe" : false,
  "blur_score" : 217.53337,
  "t_23" : 5.506136,
  "t_11" : -0.05889508,
  "timestamp" : 235375774902,
  "t_10" : -0.99782044,
  "height" : 768,
  "fy" : 711.19696
}