{
  "t_21" : -0.52908796,
  "angular_velocity" : 3.4028235e+38,
  "t_03" : -3.081516,
  "t_20" : -0.17358881,
  "fx" : 708.85114,
  "t_02" : 0.5073517,
  "t_12" : 0.22948086,
  "cy" : 386.829,
  "t_01" : -0.84756553,
  "t_22" : -0.8306221,
  "t_00" : 0.15565087,
  "t_13" : 0.011405273,
  "center_depth" : 4.020435,
  "cx" : 514.63605,
  "width" : 1024,
  "manual_keyframe" : false,
  "blur_score" : 113.87837,
  "t_23" : -1.0962682,
  "t_11" : -0.041216455,
  "timestamp" : 235345602910,
  "t_10" : -0.9724401,
  "height" : 768,
  "fy" : 708.85114
}