{
  "center_depth" : 0.67076445,
  "t_22" : -0.78677285,
  "t_21" : -0.32068056,
  "t_23" : -3.7029428,
  "angular_velocity" : 3.4028235e+38,
  "t_00" : 0.22443403,
  "t_02" : 0.23502149,
  "t_20" : -0.527402,
  "cx" : 513.8823,
  "t_13" : -0.10941662,
  "t_12" : 0.5707484,
  "cy" : 386.864,
  "blur_score" : 44.3812,
  "fy" : 715.5932,
  "t_11" : -0.0526278,
  "height" : 768,
  "timestamp" : 235322261640,
  "t_03" : 0.41829056,
  "manual_keyframe" : false,
  "t_01" : -0.9457244,
  "t_10" : -0.81943685,
  "fx" : 715.5932,
  "width" : 1024
}