{
  "width" : 1024,
  "t_02" : 0.76011676,
  "height" : 768,
  "timestamp" : 235317863279,
  "t_00" : 0.052065488,
  "t_20" : 0.1379236,
  "t_21" : -0.75851864,
  "center_depth" : 1.0794477,
  "t_01" : 0.6476974,
  "blur_score" : 33.992184,
  "manual_keyframe" : false,
  "t_22" : 0.6368884,
  "t_03" : 0.21718296,
  "cy" : 386.97495,
  "t_10" : -0.9890735,
  "fy" : 715.0135,
  "fx" : 715.0135,
  "t_11" : -0.07167809,
  "t_13" : 0.075715736,
  "cx" : 514.7502,
  "t_23" : -3.974594,
  "angular_velocity" : 3.4028235e+38,
  "t_12" : 0.12882537
}