{
  "center_depth" : 3.399845,
  "t_22" : -0.742059,
  "t_21" : 0.6050286,
  "t_23" : 5.6656637,
  "angular_velocity" : 3.4028235e+38,
  "t_02" : -0.58249015,
  "t_00" : -0.16906747,
  "t_20" : -0.28859866,
  "cx" : 514.36395,
  "t_13" : -0.03188046,
  "t_12" : 0.3317441,
  "cy" : 387.0798,
  "blur_score" : 299.16458,
  "fy" : 710.2981,
  "t_11" : -0.042647835,
  "height" : 768,
  "timestamp" : 235383072162,
  "t_03" : -2.4218402,
  "manual_keyframe" : false,
  "t_01" : -0.7950609,
  "t_10" : -0.94240505,
  "fx" : 710.2981,
  "width" : 1024
}