{
  "t_21" : 0.5802477,
  "angular_velocity" : 3.4028235e+38,
  "t_03" : -1.9855405,
  "t_20" : 0.1552028,
  "fx" : 709.95654,
  "t_02" : -0.5452271,
  "cy" : 386.74567,
  "t_12" : -0.25199753,
  "t_01" : -0.80950886,
  "t_22" : -0.7995154,
  "t_00" : 0.21776822,
  "t_13" : 0.17934078,
  "center_depth" : 2.3082185,
  "cx" : 514.6028,
  "width" : 1024,
  "manual_keyframe" : false,
  "blur_score" : 220.64287,
  "t_23" : 6.1208787,
  "t_11" : -0.08948825,
  "timestamp" : 235385121392,
  "t_10" : -0.9635815,
  "height" : 768,
  "fy" : 709.95654
}