{
  "t_21" : -0.5192483,
  "angular_velocity" : 3.4028235e+38,
  "t_03" : -3.115632,
  "t_20" : -0.09793349,
  "fx" : 709.1704,
  "t_02" : 0.5036501,
  "t_12" : 0.15983208,
  "cy" : 386.825,
  "t_01" : -0.85126436,
  "t_22" : -0.84899384,
  "t_00" : 0.14726064,
  "t_13" : 0.0440501,
  "center_depth" : 4.5123653,
  "cx" : 514.807,
  "width" : 1024,
  "manual_keyframe" : false,
  "blur_score" : 117.766266,
  "t_23" : -0.8925726,
  "t_11" : -0.07569913,
  "timestamp" : 235346002760,
  "t_10" : -0.98423755,
  "height" : 768,
  "fy" : 709.1704
}