{
  "t_21" : -0.17675565,
  "angular_velocity" : 3.4028235e+38,
  "t_03" : -3.1999266,
  "t_20" : 0.3794574,
  "fx" : 710.30286,
  "cy" : 387.15027,
  "t_12" : 0.3811423,
  "t_02" : 0.17309248,
  "t_01" : 0.98391986,
  "t_22" : 0.90816844,
  "t_00" : 0.04405324,
  "t_13" : -0.05878725,
  "center_depth" : 3.37238,
  "cx" : 514.5867,
  "width" : 1024,
  "manual_keyframe" : false,
  "blur_score" : 97.21851,
  "t_23" : 5.2644453,
  "t_11" : -0.025673447,
  "timestamp" : 235378357265,
  "t_10" : -0.9241599,
  "height" : 768,
  "fy" : 710.30286
}