{
  "t_23" : -3.7793267,
  "t_10" : -0.89608634,
  "cx" : 514.3622,
  "cy" : 387.02225,
  "fx" : 715.26117,
  "t_13" : 0.33242387,
  "fy" : 715.26117,
  "t_01" : -0.0558775,
  "t_00" : -0.43944678,
  "timestamp" : 235333807330,
  "t_11" : -0.042260304,
  "angular_velocity" : 3.4028235e+38,
  "blur_score" : 73.85664,
  "t_21" : -0.997543,
  "t_20" : 0.06257783,
  "t_02" : 0.89652914,
  "height" : 768,
  "manual_keyframe" : false,
  "t_12" : -0.4418637,
  "t_03" : -0.5530738,
  "center_depth" : 1.7435321,
  "t_22" : -0.031499896,
  "width" : 1024
}