{
  "t_23" : -3.8267658,
  "t_10" : -0.89868677,
  "cx" : 514.2493,
  "cy" : 387.08368,
  "fx" : 720.2673,
  "t_13" : 0.32240513,
  "fy" : 720.2673,
  "t_01" : -0.16554621,
  "t_00" : -0.43617055,
  "timestamp" : 235332674420,
  "t_11" : 0.029874293,
  "angular_velocity" : 3.4028235e+38,
  "blur_score" : 51.603203,
  "t_21" : -0.9857494,
  "t_20" : 0.046014458,
  "t_02" : 0.88450545,
  "height" : 768,
  "manual_keyframe" : false,
  "t_12" : -0.43757233,
  "t_03" : -0.30211136,
  "center_depth" : 1.6828159,
  "t_22" : -0.16180447,
  "width" : 1024
}