{
  "t_21" : 0.9720538,
  "angular_velocity" : 3.4028235e+38,
  "t_03" : -2.9582384,
  "t_20" : -0.12765986,
  "fx" : 712.0848,
  "t_02" : -0.8304564,
  "t_12" : 0.5210834,
  "cy" : 387.2616,
  "t_01" : -0.23466946,
  "t_22" : -0.19701436,
  "t_00" : -0.5052454,
  "t_13" : -0.13880369,
  "center_depth" : 2.2205389,
  "cx" : 514.146,
  "width" : 1024,
  "manual_keyframe" : false,
  "blur_score" : 236.78404,
  "t_23" : 5.459998,
  "t_11" : -0.0064753457,
  "timestamp" : 235381389461,
  "t_10" : -0.85348123,
  "height" : 768,
  "fy" : 712.0848
}