{
  "t_23" : 6.7517567,
  "t_10" : -0.74449223,
  "cx" : 514.04,
  "cy" : 387.36243,
  "fx" : 712.0419,
  "t_01" : -0.27359912,
  "t_00" : -0.6582389,
  "t_13" : -0.17093088,
  "fy" : 712.0419,
  "timestamp" : 235388703381,
  "t_11" : 0.09848697,
  "angular_velocity" : 3.4028235e+38,
  "blur_score" : 346.94815,
  "t_21" : 0.95678836,
  "t_20" : -0.111592926,
  "t_02" : -0.7013311,
  "height" : 768,
  "manual_keyframe" : false,
  "t_12" : 0.66032696,
  "t_03" : -1.6259559,
  "center_depth" : 1.6551225,
  "t_22" : -0.26852039,
  "width" : 1024
}