{
  "t_23" : -3.7353709,
  "t_10" : -0.79814714,
  "cx" : 513.88666,
  "cy" : 386.98483,
  "fx" : 712.09906,
  "t_01" : 0.4431001,
  "fy" : 712.09906,
  "t_00" : -0.56008446,
  "t_13" : -0.1686127,
  "timestamp" : 235302002532,
  "t_11" : -0.062233817,
  "angular_velocity" : 3.4028235e+38,
  "blur_score" : 70.69118,
  "t_21" : 0.8943096,
  "t_20" : 0.22196093,
  "t_02" : -0.6999771,
  "height" : 768,
  "manual_keyframe" : false,
  "t_12" : 0.5992397,
  "t_03" : -0.55456585,
  "center_depth" : 1.0739741,
  "t_22" : 0.38851526,
  "width" : 1024
}