{
  "t_21" : 0.7230792,
  "angular_velocity" : 3.4028235e+38,
  "t_03" : -0.36941925,
  "t_20" : 0.2397716,
  "fx" : 713.61426,
  "cy" : 386.87418,
  "t_12" : 0.4038543,
  "t_02" : -0.6459379,
  "t_01" : 0.68823236,
  "t_22" : 0.64781636,
  "t_00" : -0.3303037,
  "t_13" : -0.07109427,
  "center_depth" : 0.91359526,
  "cx" : 514.20605,
  "width" : 1024,
  "manual_keyframe" : false,
  "blur_score" : 99.98155,
  "t_23" : -3.8533394,
  "t_11" : -0.059098575,
  "timestamp" : 235302768912,
  "t_10" : -0.9129124,
  "height" : 768,
  "fy" : 713.61426
}