{
  "t_22" : 0.6872938,
  "t_03" : 0.7399494,
  "t_10" : -0.73482764,
  "fy" : 716.77,
  "t_00" : -0.14901692,
  "cy" : 387.18994,
  "t_01" : 0.9509288,
  "cx" : 513.7938,
  "t_13" : -0.15813063,
  "t_21" : 0.29967472,
  "timestamp" : 235313348295,
  "width" : 1024,
  "manual_keyframe" : false,
  "t_12" : 0.6738685,
  "t_23" : -3.9054983,
  "t_02" : -0.27116147,
  "angular_velocity" : 3.4028235e+38,
  "blur_score" : 59.23224,
  "center_depth" : 0.79851997,
  "t_11" : 0.07700409,
  "height" : 768,
  "t_20" : 0.6616815,
  "fx" : 716.77
}