{
  "t_10" : -0.94502866,
  "t_23" : 6.5438523,
  "t_21" : -0.4492404,
  "t_01" : -0.8926227,
  "center_depth" : 1.3970592,
  "height" : 768,
  "manual_keyframe" : false,
  "timestamp" : 235397550063,
  "t_00" : -0.17782848,
  "t_03" : -1.5048039,
  "t_12" : -0.32482785,
  "cx" : 514.5001,
  "t_20" : 0.27440503,
  "fx" : 711.7878,
  "t_11" : 0.037522577,
  "angular_velocity" : 3.4028235e+38,
  "blur_score" : 173.1578,
  "cy" : 387.24326,
  "width" : 1024,
  "t_02" : 0.41424868,
  "t_22" : -0.8502265,
  "fy" : 711.7878,
  "t_13" : 0.2660548
}