{
  "t_22" : -0.9684921,
  "manual_keyframe" : false,
  "fy" : 711.7512,
  "t_10" : -0.9989991,
  "t_11" : -0.025545552,
  "t_21" : -0.24731848,
  "t_23" : 6.7426486,
  "height" : 768,
  "width" : 1024,
  "t_13" : 0.12356983,
  "t_01" : -0.96859753,
  "t_12" : 0.036719386,
  "t_00" : 0.03382205,
  "cy" : 386.91327,
  "blur_score" : 491.20764,
  "t_20" : -0.029273843,
  "center_depth" : 1.805235,
  "timestamp" : 235396633740,
  "t_02" : 0.24632312,
  "t_03" : -1.5096523,
  "angular_velocity" : 3.4028235e+38,
  "fx" : 711.7512,
  "cx" : 514.4713
}