{
  "t_11" : -0.07456102,
  "fy" : 715.29767,
  "height" : 768,
  "t_01" : 0.7878326,
  "t_23" : -3.912374,
  "t_10" : -0.9962104,
  "manual_keyframe" : false,
  "fx" : 715.29767,
  "t_21" : 0.6113597,
  "center_depth" : 1.5460358,
  "timestamp" : 235303785199,
  "t_22" : 0.79128754,
  "t_00" : -0.08637777,
  "t_20" : -0.010185925,
  "angular_velocity" : 3.4028235e+38,
  "t_13" : 0.08356313,
  "cy" : 386.9333,
  "width" : 1024,
  "blur_score" : 91.465515,
  "cx" : 514.6263,
  "t_02" : -0.6098023,
  "t_12" : 0.04478307,
  "t_03" : -0.13010234
}