{
  "t_22" : 0.59665203,
  "t_03" : 0.12527882,
  "t_10" : -0.9495522,
  "fy" : 712.9646,
  "t_00" : 0.22568744,
  "t_13" : 0.2432825,
  "t_01" : 0.63460076,
  "cx" : 514.5337,
  "cy" : 386.80588,
  "t_21" : 0.77239275,
  "timestamp" : 235304918109,
  "width" : 1024,
  "manual_keyframe" : false,
  "t_12" : -0.3125049,
  "t_23" : -3.8106294,
  "t_02" : -0.73915297,
  "angular_velocity" : 3.4028235e+38,
  "blur_score" : 73.62512,
  "center_depth" : 2.4919267,
  "t_11" : -0.0262952,
  "height" : 768,
  "t_20" : -0.21775201,
  "fx" : 712.9646
}