{
  "fy" : 720.60394,
  "angular_velocity" : 3.4028235e+38,
  "t_10" : -0.6415,
  "t_01" : -0.9308043,
  "t_02" : 0.10488303,
  "t_13" : -0.004960146,
  "cx" : 513.44055,
  "cy" : 386.5732,
  "t_00" : 0.35014728,
  "t_23" : -3.336713,
  "timestamp" : 235324410838,
  "t_11" : -0.15670082,
  "fx" : 720.60394,
  "height" : 768,
  "width" : 1024,
  "manual_keyframe" : false,
  "t_03" : 0.702099,
  "t_22" : -0.65197927,
  "t_12" : 0.7509479,
  "center_depth" : 0.64930564,
  "blur_score" : 81.35111,
  "t_20" : -0.6825502,
  "t_21" : -0.33022478
}