{
  "blur_score" : 78.82885,
  "t_21" : -0.9245021,
  "center_depth" : 3.0221972,
  "height" : 768,
  "t_10" : -0.90750945,
  "t_03" : -1.7364186,
  "t_00" : 0.40172073,
  "t_12" : 0.41785505,
  "cy" : 386.93845,
  "t_22" : -0.36090016,
  "angular_velocity" : 3.4028235e+38,
  "width" : 1024,
  "fx" : 710.5998,
  "t_01" : -0.37877733,
  "t_02" : 0.8337557,
  "fy" : 710.5998,
  "t_13" : -0.045127437,
  "timestamp" : 235337689212,
  "t_20" : -0.12266707,
  "t_23" : -4.009209,
  "t_11" : -0.04270672,
  "manual_keyframe" : false,
  "cx" : 514.33936
}