{
  "height" : 768,
  "t_13" : 0.10606097,
  "t_12" : 0.047342148,
  "t_10" : -0.99431384,
  "blur_score" : 90.88321,
  "fx" : 709.7374,
  "t_02" : -0.50876015,
  "t_01" : -0.8589405,
  "t_11" : -0.095387675,
  "t_00" : 0.05817735,
  "cy" : 386.84528,
  "t_03" : -3.378168,
  "t_20" : -0.08919353,
  "t_21" : 0.5031129,
  "t_22" : -0.85960585,
  "center_depth" : 3.5915792,
  "timestamp" : 235349134916,
  "fy" : 709.7374,
  "width" : 1024,
  "cx" : 514.62885,
  "angular_velocity" : 3.4028235e+38,
  "manual_keyframe" : false,
  "t_23" : 0.13332307
}