{
  "t_22" : 0.0647281,
  "t_02" : 0.9045858,
  "t_10" : -0.9060858,
  "t_12" : 0.42134923,
  "cy" : 386.58768,
  "t_03" : -1.3960699,
  "t_21" : -0.995283,
  "angular_velocity" : 3.4028235e+38,
  "t_20" : 0.07226533,
  "center_depth" : 2.129586,
  "timestamp" : 235336856191,
  "manual_keyframe" : false,
  "fx" : 710.3362,
  "height" : 768,
  "t_23" : -4.070941,
  "t_01" : 0.089098126,
  "t_11" : -0.038386516,
  "t_00" : 0.416877,
  "fy" : 710.3362,
  "cx" : 514.3367,
  "width" : 1024,
  "t_13" : -0.04977712,
  "blur_score" : 69.16564
}