{
  "blur_score" : 49.92627,
  "t_21" : -0.70750177,
  "center_depth" : 1.3232985,
  "height" : 768,
  "t_10" : -0.98559463,
  "t_03" : 0.29054174,
  "t_00" : -0.15052924,
  "t_12" : -0.16083676,
  "cy" : 386.93887,
  "t_22" : 0.7024935,
  "angular_velocity" : 3.4028235e+38,
  "width" : 1024,
  "fx" : 713.8779,
  "t_01" : 0.70477396,
  "t_02" : 0.6932782,
  "fy" : 713.8779,
  "t_13" : 0.18822837,
  "timestamp" : 235317180200,
  "t_20" : -0.07709855,
  "t_23" : -3.9801466,
  "t_11" : -0.05229506,
  "manual_keyframe" : false,
  "cx" : 514.29944
}