{
  "center_depth" : 1.4460047,
  "t_22" : 0.70482224,
  "t_21" : -0.67889637,
  "t_23" : -3.9734075,
  "angular_velocity" : 3.4028235e+38,
  "t_02" : 0.6357834,
  "t_00" : -0.24129212,
  "t_20" : -0.20573127,
  "cx" : 514.16144,
  "t_13" : 0.25643086,
  "t_12" : -0.31465104,
  "cy" : 386.75662,
  "blur_score" : 52.470634,
  "fy" : 714.1542,
  "t_11" : -0.039267544,
  "height" : 768,
  "timestamp" : 235316830331,
  "t_03" : 0.38855004,
  "manual_keyframe" : false,
  "t_01" : 0.7331833,
  "t_10" : -0.94839495,
  "fx" : 714.1542,
  "width" : 1024
}