{
  "width" : 1024,
  "t_02" : -0.9510237,
  "height" : 768,
  "timestamp" : 235306950683,
  "t_00" : -0.22733559,
  "t_20" : -0.06810176,
  "t_21" : 0.9776229,
  "center_depth" : 2.1628144,
  "t_01" : -0.20945802,
  "blur_score" : 77.167046,
  "manual_keyframe" : false,
  "t_22" : -0.19903716,
  "t_03" : 0.3467382,
  "t_10" : -0.9714323,
  "cy" : 387.07483,
  "fy" : 711.15405,
  "cx" : 514.59247,
  "t_13" : 0.16754001,
  "t_11" : -0.019518167,
  "fx" : 711.15405,
  "t_23" : -3.777023,
  "angular_velocity" : 3.4028235e+38,
  "t_12" : 0.2365129
}