{
  "t_22" : 0.9735334,
  "t_02" : 0.12513444,
  "t_10" : -0.97856236,
  "t_12" : -0.19124486,
  "t_03" : -2.7736874,
  "cy" : 386.69437,
  "t_21" : -0.1418704,
  "angular_velocity" : 3.4028235e+38,
  "t_20" : -0.17918149,
  "center_depth" : 1.9913013,
  "timestamp" : 235372009652,
  "manual_keyframe" : false,
  "fx" : 711.7528,
  "height" : 768,
  "t_23" : 5.5543504,
  "t_01" : 0.98693043,
  "t_11" : -0.07642871,
  "t_00" : -0.10153789,
  "fy" : 711.7528,
  "cx" : 514.59534,
  "width" : 1024,
  "t_13" : 0.21201016,
  "blur_score" : 91.725845
}