{
  "t_21" : 0.79215795,
  "angular_velocity" : 3.4028235e+38,
  "t_03" : -0.4463027,
  "t_20" : 0.23735374,
  "fx" : 712.97894,
  "t_02" : -0.66994464,
  "t_12" : 0.48479414,
  "cy" : 386.88113,
  "t_01" : 0.60461426,
  "t_22" : 0.56227124,
  "t_00" : -0.4308316,
  "t_13" : -0.11510226,
  "center_depth" : 0.9316764,
  "cx" : 514.0454,
  "width" : 1024,
  "manual_keyframe" : false,
  "blur_score" : 81.62536,
  "t_23" : -3.8065505,
  "t_11" : -0.083230354,
  "timestamp" : 235302502345,
  "t_10" : -0.8706591,
  "height" : 768,
  "fy" : 712.97894
}