{
  "t_21" : 0.41187862,
  "angular_velocity" : 3.4028235e+38,
  "t_03" : -3.1022623,
  "t_20" : 0.57122666,
  "fx" : 712.7137,
  "t_02" : -0.32677177,
  "cy" : 387.1864,
  "t_12" : 0.62383014,
  "t_01" : 0.91119856,
  "t_22" : 0.7099691,
  "t_00" : -0.25087312,
  "t_13" : -0.18202971,
  "center_depth" : 1.1164993,
  "cx" : 513.8886,
  "width" : 1024,
  "manual_keyframe" : false,
  "blur_score" : 110.071846,
  "t_23" : 5.170328,
  "t_11" : 0.008548557,
  "timestamp" : 235379523494,
  "t_10" : -0.78151315,
  "height" : 768,
  "fy" : 712.7137
}