{
  "height" : 768,
  "t_13" : 0.042255517,
  "t_12" : 0.2091827,
  "t_10" : -0.97768396,
  "blur_score" : 134.59178,
  "t_02" : -0.092382886,
  "fx" : 709.38007,
  "t_01" : -0.9957236,
  "t_11" : -0.019409562,
  "t_00" : 1.6980565e-06,
  "cy" : 386.96033,
  "t_03" : -3.5737264,
  "t_20" : -0.21008128,
  "t_21" : 0.09032089,
  "t_22" : -0.9735032,
  "center_depth" : 5.021412,
  "timestamp" : 235350717654,
  "fy" : 709.38007,
  "width" : 1024,
  "cx" : 514.6304,
  "angular_velocity" : 3.4028235e+38,
  "manual_keyframe" : false,
  "t_23" : 0.84572065
}