{
  "t_11" : 0.021643765,
  "fy" : 715.0182,
  "height" : 768,
  "t_01" : -0.082573146,
  "t_23" : -3.7692862,
  "t_10" : -0.6842782,
  "manual_keyframe" : false,
  "fx" : 715.0182,
  "t_21" : 0.99635005,
  "center_depth" : 0.7365113,
  "timestamp" : 235309199843,
  "t_22" : -0.072255425,
  "t_00" : -0.72780323,
  "t_20" : -0.045452558,
  "angular_velocity" : 3.4028235e+38,
  "t_13" : -0.17880628,
  "cy" : 387.33847,
  "width" : 1024,
  "blur_score" : 43.38574,
  "cx" : 513.42535,
  "t_02" : -0.6807968,
  "t_12" : 0.72889984,
  "t_03" : 0.28392446
}