{
  "t_11" : -0.040628307,
  "fy" : 713.2362,
  "height" : 768,
  "t_01" : -0.6113759,
  "t_23" : 6.9674826,
  "t_10" : -0.9762307,
  "manual_keyframe" : false,
  "fx" : 713.2362,
  "t_21" : 0.79029655,
  "center_depth" : 1.9082161,
  "timestamp" : 235392102106,
  "t_22" : -0.60467786,
  "t_00" : 0.1928147,
  "t_20" : 0.098975115,
  "angular_velocity" : 3.4028235e+38,
  "t_13" : 0.20811968,
  "cy" : 386.86047,
  "width" : 1024,
  "blur_score" : 175.28857,
  "cx" : 514.60223,
  "t_12" : -0.2128918,
  "t_02" : -0.7674907,
  "t_03" : -1.4474261
}