{
  "width" : 1024,
  "t_02" : 0.031685863,
  "height" : 768,
  "timestamp" : 235347152328,
  "t_00" : 0.13667624,
  "t_20" : 0.15974289,
  "t_21" : -0.009538819,
  "center_depth" : 4.5875726,
  "t_01" : -0.9901089,
  "blur_score" : 74.74795,
  "manual_keyframe" : false,
  "t_22" : -0.98711264,
  "t_10" : -0.9776511,
  "fx" : 709.1466,
  "t_03" : -3.2895663,
  "cy" : 386.495,
  "fy" : 709.1466,
  "t_11" : -0.13997638,
  "t_13" : 0.15490784,
  "cx" : 514.6491,
  "t_23" : -0.48538932,
  "angular_velocity" : 3.4028235e+38,
  "t_12" : -0.15685911
}