{
  "center_depth" : 2.4326594,
  "t_22" : 0.8478626,
  "t_21" : 0.43018472,
  "t_23" : 5.5763793,
  "angular_velocity" : 3.4028235e+38,
  "t_02" : -0.4348122,
  "t_00" : 0.05784613,
  "t_20" : -0.30995226,
  "cx" : 514.456,
  "t_13" : 0.24298108,
  "t_12" : -0.30342662,
  "cy" : 386.5919,
  "blur_score" : 100.5035,
  "fy" : 711.216,
  "t_11" : -0.08572543,
  "height" : 768,
  "timestamp" : 235370726801,
  "t_03" : -2.764802,
  "manual_keyframe" : false,
  "t_01" : 0.89866143,
  "t_10" : -0.94899076,
  "fx" : 711.216,
  "width" : 1024
}