{
  "t_22" : 0.7092601,
  "t_03" : -0.2942428,
  "t_10" : -0.9377262,
  "fy" : 714.394,
  "t_13" : -0.03659569,
  "t_00" : -0.27298835,
  "t_01" : 0.73854744,
  "cy" : 386.9384,
  "cx" : 514.2519,
  "t_21" : 0.6714187,
  "timestamp" : 235303052140,
  "width" : 1024,
  "manual_keyframe" : false,
  "t_12" : 0.34194306,
  "t_23" : -3.890384,
  "t_02" : -0.61646175,
  "angular_velocity" : 3.4028235e+38,
  "blur_score" : 99.04569,
  "center_depth" : 0.8507939,
  "t_11" : -0.06119241,
  "height" : 768,
  "t_20" : 0.21481843,
  "fx" : 714.394
}