{
  "width" : 1024,
  "t_02" : 0.68827474,
  "height" : 768,
  "timestamp" : 235321045426,
  "t_00" : 0.6503083,
  "t_20" : -0.17584464,
  "t_21" : -0.9451212,
  "center_depth" : 1.731783,
  "t_01" : -0.32152307,
  "blur_score" : 36.934837,
  "manual_keyframe" : false,
  "t_22" : -0.27536255,
  "t_10" : -0.73903847,
  "cy" : 387.0286,
  "t_03" : 0.19768763,
  "cx" : 513.4111,
  "fy" : 712.95667,
  "t_11" : -0.058041118,
  "fx" : 712.95667,
  "t_13" : -0.16451874,
  "t_23" : -3.8331046,
  "angular_velocity" : 3.4028235e+38,
  "t_12" : 0.67115825
}