{
  "t_21" : -0.6456546,
  "angular_velocity" : 3.4028235e+38,
  "t_03" : -3.1329415,
  "t_20" : 0.3278124,
  "cy" : 386.94913,
  "fx" : 710.58234,
  "t_12" : 0.40551573,
  "t_02" : 0.5999066,
  "t_01" : 0.7630136,
  "t_22" : 0.6896878,
  "t_00" : 0.24067119,
  "t_13" : -0.017177792,
  "center_depth" : 1.9446287,
  "cx" : 514.5188,
  "width" : 1024,
  "manual_keyframe" : false,
  "blur_score" : 136.27043,
  "t_23" : 5.5312824,
  "t_11" : -0.030668857,
  "timestamp" : 235374625334,
  "t_10" : -0.9135735,
  "height" : 768,
  "fy" : 710.58234
}