{
  "width" : 1024,
  "t_02" : 0.71577096,
  "height" : 768,
  "timestamp" : 235320828840,
  "t_00" : 0.6934496,
  "t_20" : -0.01711984,
  "t_21" : -0.99503464,
  "center_depth" : 1.7036543,
  "t_01" : -0.082460195,
  "blur_score" : 39.749767,
  "manual_keyframe" : false,
  "t_22" : -0.098046705,
  "t_10" : -0.72030175,
  "fx" : 713.8604,
  "t_03" : 0.14446221,
  "cx" : 513.37146,
  "fy" : 713.8604,
  "t_11" : -0.055736557,
  "t_13" : -0.1749574,
  "cy" : 387.01862,
  "t_23" : -3.8471138,
  "angular_velocity" : 3.4028235e+38,
  "t_12" : 0.691418
}