{
  "width" : 1024,
  "t_02" : 0.41022116,
  "height" : 768,
  "timestamp" : 235372975955,
  "t_00" : -0.0657247,
  "t_20" : -0.011446307,
  "t_21" : -0.41177025,
  "center_depth" : 6.1538806,
  "t_01" : 0.9096147,
  "blur_score" : 92.80876,
  "manual_keyframe" : false,
  "t_22" : 0.9112159,
  "t_10" : -0.9977721,
  "fx" : 711.189,
  "t_03" : -2.9046183,
  "cx" : 514.62195,
  "fy" : 711.189,
  "t_11" : -0.055193856,
  "t_13" : 0.16745107,
  "cy" : 386.88412,
  "t_23" : 5.539264,
  "angular_velocity" : 3.4028235e+38,
  "t_12" : -0.037475206
}