{
  "t_21" : -0.36204502,
  "angular_velocity" : 3.4028235e+38,
  "t_03" : -3.0971274,
  "t_20" : 0.03643801,
  "fx" : 711.49243,
  "t_02" : 0.36357984,
  "t_12" : 0.014631148,
  "cy" : 386.72784,
  "t_01" : 0.9300434,
  "t_22" : 0.93144834,
  "t_00" : -0.053191666,
  "t_13" : 0.12752838,
  "center_depth" : 5.9957447,
  "cx" : 514.5383,
  "width" : 1024,
  "manual_keyframe" : false,
  "blur_score" : 84.66812,
  "t_23" : 5.337894,
  "t_11" : -0.0627934,
  "timestamp" : 235377540905,
  "t_10" : -0.9979193,
  "height" : 768,
  "fy" : 711.49243
}