{
  "t_23" : 4.7262807,
  "t_10" : -0.99243927,
  "cx" : 514.6793,
  "cy" : 386.8797,
  "t_01" : -0.9991207,
  "t_13" : 0.048629675,
  "t_00" : 0.036659647,
  "fy" : 710.8571,
  "fx" : 710.8571,
  "timestamp" : 235363013034,
  "t_11" : -0.038786042,
  "angular_velocity" : 3.4028235e+38,
  "blur_score" : 130.89851,
  "t_21" : 0.015925149,
  "t_20" : -0.11713453,
  "t_02" : -0.020347942,
  "height" : 768,
  "manual_keyframe" : false,
  "t_12" : 0.116447695,
  "t_03" : -3.6951432,
  "center_depth" : 2.0789702,
  "t_22" : -0.9929885,
  "width" : 1024
}