{
  "t_11" : -0.12693591,
  "fy" : 711.7751,
  "height" : 768,
  "t_01" : -0.49096113,
  "t_23" : 5.358804,
  "t_10" : -0.9826652,
  "manual_keyframe" : false,
  "fx" : 711.7751,
  "t_21" : 0.86188436,
  "center_depth" : 3.6808743,
  "timestamp" : 235365745341,
  "t_22" : -0.5053756,
  "t_00" : 0.18060513,
  "t_20" : -0.041844852,
  "angular_velocity" : 3.4028235e+38,
  "t_13" : 0.15438259,
  "cy" : 386.61862,
  "width" : 1024,
  "blur_score" : 90.93949,
  "cx" : 514.6366,
  "t_12" : -0.13511652,
  "t_02" : -0.85225546,
  "t_03" : -3.5119178
}