{
  "t_23" : 5.065411,
  "t_10" : -0.9314819,
  "cx" : 514.45105,
  "cy" : 387.1012,
  "fx" : 711.43994,
  "t_13" : -0.04260721,
  "t_00" : -0.15723312,
  "fy" : 711.43994,
  "t_01" : -0.8657864,
  "timestamp" : 235364162602,
  "t_11" : -0.029781811,
  "angular_velocity" : 3.4028235e+38,
  "blur_score" : 182.82016,
  "t_21" : 0.49952668,
  "t_20" : -0.32805356,
  "t_02" : -0.47507018,
  "height" : 768,
  "manual_keyframe" : false,
  "t_12" : 0.36256644,
  "t_03" : -3.5595343,
  "center_depth" : 1.388716,
  "t_22" : -0.8017818,
  "width" : 1024
}