{
  "t_22" : 0.84836626,
  "t_03" : 0.5637554,
  "t_10" : -0.97177154,
  "fy" : 714.9769,
  "t_13" : 0.18547799,
  "cy" : 386.7299,
  "t_01" : 0.85799056,
  "cx" : 514.55566,
  "t_00" : -0.18091083,
  "t_21" : -0.50729036,
  "timestamp" : 235315880684,
  "width" : 1024,
  "manual_keyframe" : false,
  "t_12" : -0.22170109,
  "t_23" : -3.959803,
  "t_02" : 0.4807532,
  "angular_velocity" : 3.4028235e+38,
  "blur_score" : 75.9057,
  "center_depth" : 1.2713937,
  "t_11" : -0.08067742,
  "height" : 768,
  "t_20" : -0.1514315,
  "fx" : 714.9769
}