{
  "width" : 1024,
  "t_02" : 0.88531524,
  "height" : 768,
  "timestamp" : 235318746283,
  "t_00" : 0.3061338,
  "t_20" : 0.17229997,
  "t_21" : -0.9349763,
  "center_depth" : 0.93870026,
  "t_01" : 0.34999856,
  "blur_score" : 52.15143,
  "manual_keyframe" : false,
  "t_22" : 0.31005177,
  "fx" : 716.20624,
  "cy" : 386.9629,
  "t_03" : 0.26621372,
  "cx" : 514.57965,
  "fy" : 716.20624,
  "t_13" : -0.024441462,
  "t_11" : -0.057622474,
  "t_10" : -0.9362664,
  "t_23" : -3.9887474,
  "angular_velocity" : 3.4028235e+38,
  "t_12" : 0.34653255
}