{
  "width" : 1024,
  "t_02" : 0.9824703,
  "height" : 768,
  "timestamp" : 235335256788,
  "t_00" : 0.13319415,
  "t_20" : 0.06987172,
  "t_21" : -0.99007195,
  "center_depth" : 4.381505,
  "t_01" : 0.13042925,
  "blur_score" : 57.73128,
  "manual_keyframe" : false,
  "t_22" : 0.121965915,
  "t_03" : -0.85368174,
  "fx" : 710.88727,
  "cy" : 387.00974,
  "cx" : 514.68304,
  "fy" : 710.88727,
  "t_13" : 0.15745793,
  "t_11" : -0.052401733,
  "t_10" : -0.988624,
  "t_23" : -3.8214529,
  "angular_velocity" : 3.4028235e+38,
  "t_12" : 0.14098509
}