{
  "t_21" : -0.4881057,
  "angular_velocity" : 3.4028235e+38,
  "t_03" : -2.9944952,
  "t_20" : -0.104480766,
  "cy" : 386.61325,
  "fx" : 711.73694,
  "t_02" : 0.47452042,
  "t_12" : -0.15489942,
  "t_01" : 0.87043786,
  "t_22" : 0.8665083,
  "t_00" : -0.13102777,
  "t_13" : 0.17934717,
  "center_depth" : 3.499054,
  "cx" : 514.42175,
  "width" : 1024,
  "manual_keyframe" : false,
  "blur_score" : 92.42994,
  "t_23" : 5.369548,
  "t_11" : -0.06395838,
  "timestamp" : 235377191036,
  "t_10" : -0.9858577,
  "height" : 768,
  "fy" : 711.73694
}