{
  "width" : 1024,
  "t_02" : 0.08826483,
  "height" : 768,
  "timestamp" : 235344453342,
  "t_00" : 0.09648626,
  "t_20" : -0.004143175,
  "t_21" : -0.08907786,
  "center_depth" : 7.5726104,
  "t_01" : -0.9914131,
  "blur_score" : 100.31094,
  "manual_keyframe" : false,
  "t_22" : -0.99601614,
  "t_03" : -2.9196599,
  "cy" : 386.70865,
  "t_10" : -0.99532574,
  "fy" : 709.1244,
  "cx" : 514.57025,
  "t_11" : -0.09573616,
  "t_13" : 0.08290141,
  "fx" : 709.1244,
  "t_23" : -1.5230232,
  "angular_velocity" : 3.4028235e+38,
  "t_12" : 0.012702385
}