{
  "blur_score" : 48.79698,
  "t_21" : -0.5223529,
  "center_depth" : 1.1949091,
  "height" : 768,
  "t_10" : -0.906418,
  "t_00" : 0.32593536,
  "t_03" : 0.63401735,
  "t_12" : 0.39589903,
  "cy" : 386.8063,
  "t_22" : -0.80930525,
  "angular_velocity" : 3.4028235e+38,
  "width" : 1024,
  "fx" : 720.60876,
  "t_01" : -0.8399269,
  "t_02" : 0.4339227,
  "fy" : 720.60876,
  "t_13" : 0.10372843,
  "timestamp" : 235325610391,
  "t_20" : -0.26864934,
  "t_23" : -3.3202426,
  "t_11" : -0.14720814,
  "manual_keyframe" : false,
  "cx" : 514.0034
}