{
  "blur_score" : 74.571846,
  "t_21" : -0.56649196,
  "center_depth" : 0.7327946,
  "height" : 768,
  "t_10" : -0.7116794,
  "t_03" : 0.6667302,
  "t_00" : 0.45929962,
  "t_12" : 0.6946997,
  "cy" : 386.61234,
  "t_22" : -0.6297067,
  "angular_velocity" : 3.4028235e+38,
  "width" : 1024,
  "fx" : 721.1471,
  "t_01" : -0.8174241,
  "t_02" : 0.34765187,
  "fy" : 721.1471,
  "t_13" : 0.021581568,
  "timestamp" : 235324810689,
  "t_20" : -0.53156036,
  "t_23" : -3.268889,
  "t_11" : -0.10442608,
  "manual_keyframe" : false,
  "cx" : 513.32275
}