{
  "t_23" : 0.4265619,
  "t_10" : -0.9767358,
  "cx" : 514.6447,
  "cy" : 386.78583,
  "t_01" : -0.95492256,
  "t_13" : 0.042816952,
  "t_00" : -0.014729386,
  "fy" : 709.4388,
  "fx" : 709.4388,
  "timestamp" : 235349784672,
  "t_11" : -0.0497037,
  "angular_velocity" : 3.4028235e+38,
  "blur_score" : 98.141304,
  "t_21" : 0.29266474,
  "t_20" : -0.21394037,
  "t_02" : -0.29648975,
  "height" : 768,
  "manual_keyframe" : false,
  "t_12" : 0.20860721,
  "t_03" : -3.5148492,
  "center_depth" : 2.8523276,
  "t_22" : -0.9319749,
  "width" : 1024
}