{
  "t_11" : -0.028429627,
  "fy" : 712.68036,
  "height" : 768,
  "t_01" : -0.13161045,
  "t_23" : 7.0163713,
  "t_10" : -0.9701599,
  "manual_keyframe" : false,
  "fx" : 712.68036,
  "t_21" : 0.9908939,
  "center_depth" : 1.2710412,
  "timestamp" : 235391135802,
  "t_22" : -0.12099766,
  "t_00" : -0.23516124,
  "t_20" : -0.05906886,
  "angular_velocity" : 3.4028235e+38,
  "t_13" : 0.0009907577,
  "cy" : 387.23114,
  "width" : 1024,
  "blur_score" : 202.7332,
  "cx" : 514.1301,
  "t_12" : 0.24079388,
  "t_02" : -0.9630048,
  "t_03" : -1.5615728
}