{
  "t_23" : 4.3509946,
  "t_10" : -0.9743721,
  "cx" : 514.42505,
  "cy" : 387.07886,
  "t_01" : -0.94639933,
  "t_13" : 0.17012013,
  "fx" : 711.42096,
  "t_00" : -0.04348861,
  "fy" : 711.42096,
  "timestamp" : 235361980089,
  "t_11" : -0.030591458,
  "angular_velocity" : 3.4028235e+38,
  "blur_score" : 152.87006,
  "t_21" : -0.32154724,
  "t_20" : 0.22069873,
  "t_02" : 0.32005814,
  "height" : 768,
  "manual_keyframe" : false,
  "t_12" : -0.22285274,
  "t_03" : -3.6707926,
  "center_depth" : 2.3661807,
  "t_22" : -0.92081475,
  "width" : 1024
}