{
  "t_23" : 4.2326503,
  "t_10" : -0.96443576,
  "cx" : 514.5701,
  "cy" : 387.08347,
  "t_01" : -0.8799762,
  "t_13" : 0.18039192,
  "fx" : 711.4622,
  "t_00" : -0.10314594,
  "fy" : 711.4622,
  "timestamp" : 235361696862,
  "t_11" : -0.025577,
  "angular_velocity" : 3.4028235e+38,
  "blur_score" : 199.5248,
  "t_21" : -0.47432882,
  "t_20" : 0.24336143,
  "t_02" : 0.46368417,
  "height" : 768,
  "manual_keyframe" : false,
  "t_12" : -0.26307735,
  "t_03" : -3.6446207,
  "center_depth" : 1.9355108,
  "t_22" : -0.8460423,
  "width" : 1024
}