{
  "height" : 768,
  "t_13" : -0.032007374,
  "t_12" : 0.36623323,
  "t_10" : -0.9302609,
  "blur_score" : 99.67184,
  "t_02" : 0.7698379,
  "fx" : 710.3235,
  "t_01" : -0.554385,
  "t_11" : -0.022086542,
  "t_00" : 0.31623888,
  "cy" : 387.0445,
  "t_03" : -1.8821563,
  "t_20" : -0.18603113,
  "t_21" : -0.83196723,
  "t_22" : -0.5227073,
  "center_depth" : 3.0288632,
  "timestamp" : 235337989100,
  "fy" : 710.3235,
  "width" : 1024,
  "cx" : 514.3793,
  "angular_velocity" : 3.4028235e+38,
  "manual_keyframe" : false,
  "t_23" : -3.983223
}