{
  "blur_score" : 46.992233,
  "t_21" : -0.43479258,
  "center_depth" : 1.2828733,
  "height" : 768,
  "cy" : 386.45065,
  "t_00" : 0.047735196,
  "t_03" : 0.5740792,
  "t_12" : -0.065699734,
  "t_10" : -0.9941938,
  "t_22" : -0.8953522,
  "angular_velocity" : 3.4028235e+38,
  "width" : 1024,
  "fx" : 715.0373,
  "t_01" : -0.8964895,
  "fy" : 715.0373,
  "t_02" : 0.44048634,
  "t_13" : 0.21178488,
  "timestamp" : 235326243488,
  "t_20" : 0.09643689,
  "t_23" : -3.4791384,
  "t_11" : -0.08521892,
  "manual_keyframe" : false,
  "cx" : 514.5476
}