{
  "t_21" : 0.70569915,
  "angular_velocity" : 3.4028235e+38,
  "t_03" : -3.5838852,
  "t_20" : -0.17010084,
  "fx" : 712.0356,
  "t_02" : -0.7057884,
  "t_12" : 0.16973056,
  "cy" : 387.00604,
  "t_01" : -0.70489544,
  "t_22" : -0.6877896,
  "t_00" : -0.07060697,
  "t_13" : 0.04286985,
  "center_depth" : 3.3010669,
  "cx" : 514.54834,
  "width" : 1024,
  "manual_keyframe" : false,
  "blur_score" : 175.26617,
  "t_23" : 5.217802,
  "t_11" : -0.071492426,
  "timestamp" : 235364812358,
  "t_10" : -0.98289394,
  "height" : 768,
  "fy" : 712.0356
}