{
  "t_11" : -0.055477127,
  "fy" : 709.7533,
  "height" : 768,
  "t_01" : -0.8139574,
  "t_23" : 5.849195,
  "t_10" : -0.9968119,
  "manual_keyframe" : false,
  "fx" : 709.7533,
  "t_21" : 0.57826954,
  "center_depth" : 3.0222921,
  "timestamp" : 235383905182,
  "t_22" : -0.8120221,
  "t_00" : 0.011888972,
  "t_20" : -0.078895986,
  "angular_velocity" : 3.4028235e+38,
  "t_13" : 0.057495765,
  "cy" : 386.99417,
  "width" : 1024,
  "blur_score" : 302.83447,
  "cx" : 514.6593,
  "t_02" : -0.580803,
  "t_12" : 0.057342947,
  "t_03" : -2.220363
}