{
  "t_22" : -0.59390557,
  "manual_keyframe" : false,
  "fy" : 712.06726,
  "t_10" : -0.80238885,
  "t_11" : -0.11916632,
  "t_21" : 0.6108668,
  "t_23" : 6.9144144,
  "height" : 768,
  "width" : 1024,
  "t_13" : -0.115330495,
  "t_01" : -0.78271395,
  "t_12" : 0.5847834,
  "cy" : 386.74335,
  "t_00" : -0.28645128,
  "blur_score" : 215.13606,
  "t_20" : -0.5235627,
  "center_depth" : 1.891612,
  "timestamp" : 235394434565,
  "t_02" : -0.5525438,
  "t_03" : -1.3759782,
  "angular_velocity" : 3.4028235e+38,
  "fx" : 712.06726,
  "cx" : 514.2801
}