{
  "t_11" : -0.0009317086,
  "fy" : 711.521,
  "height" : 768,
  "t_01" : 0.058206197,
  "t_23" : -3.7354736,
  "t_10" : -0.8289049,
  "manual_keyframe" : false,
  "fx" : 711.521,
  "t_21" : 0.9983042,
  "center_depth" : 1.690292,
  "timestamp" : 235301052887,
  "t_22" : 0.048767738,
  "t_00" : -0.5584856,
  "t_20" : 0.03178893,
  "angular_velocity" : 3.4028235e+38,
  "t_13" : -0.16147338,
  "cy" : 387.21014,
  "width" : 1024,
  "blur_score" : 53.74877,
  "cx" : 514.35236,
  "t_02" : -0.82746965,
  "t_12" : 0.55938876,
  "t_03" : -0.6658891
}