{
  "t_11" : -0.10131023,
  "fy" : 711.78937,
  "height" : 768,
  "t_01" : -0.75079286,
  "t_23" : 6.92334,
  "t_10" : -0.97119707,
  "manual_keyframe" : false,
  "fx" : 711.78937,
  "t_21" : 0.65272206,
  "center_depth" : 1.8002772,
  "timestamp" : 235393534902,
  "t_22" : -0.7223202,
  "t_00" : -0.067592375,
  "t_20" : -0.22848941,
  "angular_velocity" : 3.4028235e+38,
  "t_13" : 0.08430834,
  "cy" : 386.89755,
  "width" : 1024,
  "blur_score" : 244.40637,
  "cx" : 514.5541,
  "t_02" : -0.6570702,
  "t_12" : 0.21566726,
  "t_03" : -1.3612394
}