{
  "t_21" : 0.57719797,
  "angular_velocity" : 3.4028235e+38,
  "t_03" : -2.1296852,
  "t_20" : 0.06487648,
  "fx" : 709.7088,
  "t_02" : -0.5646922,
  "t_12" : -0.13597548,
  "cy" : 386.8787,
  "t_01" : -0.8125988,
  "t_22" : -0.8140232,
  "t_00" : 0.1442433,
  "t_13" : 0.13467278,
  "center_depth" : 2.8155844,
  "cx" : 514.64813,
  "width" : 1024,
  "manual_keyframe" : false,
  "blur_score" : 278.34836,
  "t_23" : 5.967065,
  "t_11" : -0.08078213,
  "timestamp" : 235384454976,
  "t_10" : -0.9874133,
  "height" : 768,
  "fy" : 709.7088
}