{
  "t_22" : -0.8746868,
  "t_02" : 0.4815685,
  "t_10" : -0.9979537,
  "t_12" : 0.05491022,
  "t_03" : -3.6704962,
  "cy" : 387.08337,
  "t_21" : -0.4836147,
  "angular_velocity" : 3.4028235e+38,
  "t_20" : -0.0322508,
  "center_depth" : 2.1754813,
  "timestamp" : 235360547294,
  "manual_keyframe" : false,
  "fx" : 711.19214,
  "height" : 768,
  "t_23" : 4.042345,
  "t_01" : -0.8746677,
  "t_11" : -0.03276252,
  "t_00" : 0.05521233,
  "fy" : 711.19214,
  "cx" : 514.551,
  "width" : 1024,
  "t_13" : 0.06621209,
  "blur_score" : 361.02295
}