{
  "t_11" : -0.030427499,
  "fy" : 714.7181,
  "height" : 768,
  "t_01" : 0.17755301,
  "t_23" : -3.7976043,
  "t_10" : -0.9201701,
  "manual_keyframe" : false,
  "fx" : 714.7181,
  "t_21" : -0.9836407,
  "center_depth" : 1.7576565,
  "timestamp" : 235334123878,
  "t_22" : 0.17522383,
  "t_00" : -0.38928065,
  "t_20" : -0.041803356,
  "angular_velocity" : 3.4028235e+38,
  "t_13" : 0.3191101,
  "cy" : 387.08533,
  "width" : 1024,
  "blur_score" : 54.928535,
  "cx" : 514.2688,
  "t_02" : 0.9038449,
  "t_12" : -0.3903346,
  "t_03" : -0.5911177
}