{
  "t_22" : -0.89994586,
  "manual_keyframe" : false,
  "fy" : 712.0959,
  "t_10" : -0.9152848,
  "t_11" : -0.048570134,
  "t_21" : -0.21014683,
  "t_23" : 6.8416743,
  "height" : 768,
  "width" : 1024,
  "t_13" : -0.024975052,
  "t_01" : -0.97646254,
  "cy" : 386.84863,
  "t_00" : 0.12774155,
  "t_12" : 0.39986825,
  "blur_score" : 216.36754,
  "t_20" : -0.38201544,
  "center_depth" : 1.7234706,
  "timestamp" : 235396083946,
  "t_02" : 0.17378967,
  "t_03" : -1.5217699,
  "angular_velocity" : 3.4028235e+38,
  "fx" : 712.0959,
  "cx" : 514.0466
}