{
  "t_10" : -0.98955476,
  "t_23" : 6.6831164,
  "t_21" : -0.2963417,
  "t_01" : -0.9549181,
  "center_depth" : 1.8057966,
  "height" : 768,
  "manual_keyframe" : false,
  "timestamp" : 235396950288,
  "t_00" : -0.025679054,
  "t_03" : -1.4954437,
  "t_12" : -0.143067,
  "cx" : 514.61163,
  "t_20" : 0.14185221,
  "fx" : 711.4606,
  "t_11" : -0.017700212,
  "angular_velocity" : 3.4028235e+38,
  "blur_score" : 331.5638,
  "cy" : 386.9968,
  "width" : 1024,
  "t_02" : 0.2957571,
  "t_22" : -0.9444893,
  "fy" : 711.4606,
  "t_13" : 0.19846687
}