{
  "t_22" : -0.7426415,
  "t_02" : 0.4552665,
  "t_10" : -0.8625011,
  "t_12" : 0.49113765,
  "cy" : 386.8872,
  "t_03" : 0.6459088,
  "t_21" : -0.5761243,
  "angular_velocity" : 3.4028235e+38,
  "t_20" : -0.3414156,
  "center_depth" : 1.2476953,
  "timestamp" : 235325360484,
  "manual_keyframe" : false,
  "fx" : 721.10266,
  "height" : 768,
  "t_23" : -3.277478,
  "t_01" : -0.808211,
  "t_11" : -0.12196651,
  "t_00" : 0.37353373,
  "fy" : 721.10266,
  "cx" : 513.68005,
  "width" : 1024,
  "t_13" : 0.06869351,
  "blur_score" : 56.78082
}