{
  "fy" : 720.253,
  "angular_velocity" : 3.4028235e+38,
  "t_10" : -0.9470011,
  "t_01" : -0.84751904,
  "t_13" : 0.13339698,
  "t_02" : 0.4535739,
  "cx" : 514.2083,
  "cy" : 386.808,
  "t_00" : 0.27564898,
  "t_23" : -3.37839,
  "timestamp" : 235325826977,
  "t_11" : -0.15846214,
  "fx" : 720.253,
  "height" : 768,
  "width" : 1024,
  "manual_keyframe" : false,
  "t_03" : 0.6096446,
  "t_22" : -0.84628147,
  "t_12" : 0.27942568,
  "center_depth" : 1.2261033,
  "blur_score" : 48.378456,
  "t_20" : -0.1649443,
  "t_21" : -0.50655836
}