{
  "t_22" : 0.9430759,
  "t_02" : -0.20725442,
  "t_10" : -0.9621239,
  "t_12" : -0.26010352,
  "t_03" : -2.71306,
  "cy" : 386.71228,
  "t_21" : 0.19239649,
  "angular_velocity" : 3.4028235e+38,
  "t_20" : -0.27127817,
  "center_depth" : 1.6307162,
  "timestamp" : 235371226613,
  "manual_keyframe" : false,
  "fx" : 711.49554,
  "height" : 768,
  "t_23" : 5.558506,
  "t_01" : 0.9779161,
  "t_11" : -0.08163277,
  "t_00" : -0.026942896,
  "fy" : 711.49554,
  "cx" : 514.4994,
  "width" : 1024,
  "t_13" : 0.23716736,
  "blur_score" : 102.89135
}