{
  "t_22" : -0.88605225,
  "t_03" : -2.7970273,
  "t_10" : -0.88601846,
  "fy" : 709.17834,
  "t_13" : -0.0812208,
  "t_00" : 0.064257786,
  "t_01" : -0.9971907,
  "cx" : 514.42725,
  "cy" : 386.9877,
  "t_21" : -0.06379118,
  "timestamp" : 235342237507,
  "width" : 1024,
  "manual_keyframe" : false,
  "t_12" : 0.46198496,
  "t_23" : -2.5274842,
  "t_02" : 0.03849247,
  "angular_velocity" : 3.4028235e+38,
  "blur_score" : 89.8859,
  "center_depth" : 2.7668536,
  "t_11" : -0.039260924,
  "height" : 768,
  "t_20" : -0.4591759,
  "fx" : 709.17834
}