{
  "t_11" : -0.05570111,
  "fy" : 712.9948,
  "height" : 768,
  "t_01" : -0.7663709,
  "t_23" : 6.923283,
  "t_10" : -0.9648281,
  "manual_keyframe" : false,
  "fx" : 712.9948,
  "t_21" : 0.63997906,
  "center_depth" : 1.6907579,
  "timestamp" : 235392385333,
  "t_22" : -0.7509042,
  "t_00" : 0.20624515,
  "t_20" : 0.1630026,
  "angular_velocity" : 3.4028235e+38,
  "t_13" : 0.2430821,
  "cy" : 386.96423,
  "width" : 1024,
  "blur_score" : 192.69835,
  "cx" : 514.6286,
  "t_12" : -0.256913,
  "t_02" : -0.60839045,
  "t_03" : -1.4291574
}