{
  "t_22" : 0.8399192,
  "manual_keyframe" : false,
  "fy" : 709.99945,
  "t_10" : -0.9467633,
  "t_11" : -0.04211972,
  "t_21" : -0.45013732,
  "t_23" : 3.6979764,
  "height" : 768,
  "width" : 1024,
  "t_13" : -0.014767032,
  "t_01" : 0.8919656,
  "t_12" : 0.3191634,
  "cy" : 386.88232,
  "t_00" : 0.10829019,
  "blur_score" : 148.71361,
  "t_20" : 0.30317092,
  "center_depth" : 3.3787668,
  "timestamp" : 235412494459,
  "t_02" : 0.4389429,
  "t_03" : -3.5103848,
  "angular_velocity" : 3.4028235e+38,
  "fx" : 709.99945,
  "cx" : 514.5
}