{
  "fx" : 711.7386,
  "t_00" : 0.020066168,
  "t_10" : -0.9997403,
  "t_21" : 0.15936927,
  "fy" : 711.7386,
  "center_depth" : 1.5942873,
  "t_13" : 1.7196987,
  "width" : 1024,
  "height" : 768,
  "t_20" : -0.010811451,
  "t_03" : -0.7868705,
  "t_11" : -0.021533594,
  "cy" : 387.02832,
  "t_23" : 4.7501793,
  "cx" : 514.48456,
  "t_01" : -0.98698425,
  "t_22" : -0.98716,
  "angular_velocity" : 3.4028235e+38,
  "blur_score" : 273.94077,
  "t_12" : 0.0074728,
  "t_02" : -0.1595607,
  "timestamp" : 235435885679,
  "manual_keyframe" : false
}