{
  "t_21" : 0.9860102,
  "angular_velocity" : 3.4028235e+38,
  "t_03" : -1.9889784,
  "t_20" : -0.16423668,
  "fx" : 712.701,
  "cy" : 386.4532,
  "t_12" : 0.6064267,
  "t_02" : -0.7946299,
  "t_01" : -0.12199889,
  "t_22" : -0.028464809,
  "t_00" : -0.59470993,
  "t_13" : 2.5380032,
  "center_depth" : 0.90925825,
  "cx" : 513.98926,
  "width" : 1024,
  "manual_keyframe" : false,
  "blur_score" : 104.88372,
  "t_23" : 3.0563033,
  "t_11" : -0.11357905,
  "timestamp" : 235476603696,
  "t_10" : -0.78698575,
  "height" : 768,
  "fy" : 712.701
}