{
  "fx" : 710.5855,
  "t_00" : -0.2990128,
  "t_10" : -0.9425068,
  "t_21" : 0.68888605,
  "fy" : 710.5855,
  "center_depth" : 2.7052414,
  "t_13" : 2.6955872,
  "width" : 1024,
  "height" : 768,
  "t_20" : 0.14923918,
  "t_03" : -1.9287326,
  "t_11" : -0.11782818,
  "cy" : 386.78134,
  "t_23" : 2.9672232,
  "cx" : 514.4985,
  "t_01" : 0.71522903,
  "t_22" : 0.7093405,
  "angular_velocity" : 3.4028235e+38,
  "blur_score" : 113.78821,
  "t_12" : 0.3127259,
  "t_02" : -0.6316952,
  "timestamp" : 235475304186,
  "manual_keyframe" : false
}