{
  "t_13" : 2.9645302,
  "t_22" : 0.86999875,
  "t_00" : 0.113667436,
  "cy" : 387.00854,
  "center_depth" : 1.1624128,
  "manual_keyframe" : false,
  "angular_velocity" : 3.4028235e+38,
  "t_11" : -0.011745743,
  "t_20" : -0.383563,
  "t_23" : 5.5672836,
  "t_02" : -0.28844354,
  "blur_score" : 121.31543,
  "cx" : 514.4961,
  "t_12" : -0.3998786,
  "t_01" : 0.95072615,
  "t_21" : 0.3098096,
  "t_03" : -1.5128587,
  "t_10" : -0.91649294,
  "fy" : 714.429,
  "width" : 1024,
  "fx" : 714.429,
  "height" : 768,
  "timestamp" : 235458160641
}