{
  "t_23" : 3.1385608,
  "t_10" : -0.96028167,
  "cx" : 514.2133,
  "cy" : 386.7071,
  "t_01" : 0.9942336,
  "t_13" : 2.7296925,
  "t_00" : -0.09568813,
  "fx" : 711.467,
  "fy" : 711.467,
  "timestamp" : 235474104638,
  "t_11" : -0.105007604,
  "angular_velocity" : 3.4028235e+38,
  "blur_score" : 99.10769,
  "t_21" : -0.021748438,
  "t_20" : 0.2621124,
  "t_02" : 0.048408445,
  "height" : 768,
  "manual_keyframe" : false,
  "t_12" : 0.2585199,
  "t_03" : -1.8692244,
  "center_depth" : 4.075793,
  "t_22" : 0.9647924,
  "width" : 1024
}