{
  "t_11" : -0.07019426,
  "fy" : 713.5427,
  "height" : 768,
  "t_01" : 0.19628344,
  "t_23" : 5.739768,
  "t_10" : -0.9960861,
  "manual_keyframe" : false,
  "fx" : 713.5427,
  "t_21" : -0.9780315,
  "center_depth" : 2.9964454,
  "timestamp" : 235403347889,
  "t_22" : 0.20018919,
  "t_00" : -0.06658565,
  "t_20" : 0.058126837,
  "angular_velocity" : 3.4028235e+38,
  "t_13" : 0.14580262,
  "cy" : 386.89786,
  "width" : 1024,
  "blur_score" : 173.90875,
  "cx" : 514.64374,
  "t_02" : 0.9782839,
  "t_12" : -0.053713527,
  "t_03" : -1.9980927
}