{
  "fx" : 712.03394,
  "blur_score" : 143.20639,
  "t_01" : 0.5099158,
  "timestamp" : 235463541950,
  "t_13" : 2.7838497,
  "t_10" : -0.9859314,
  "cx" : 514.5818,
  "t_11" : -0.050957683,
  "angular_velocity" : 3.4028235e+38,
  "center_depth" : 2.7770333,
  "width" : 1024,
  "fy" : 712.03394,
  "manual_keyframe" : false,
  "height" : 768,
  "t_22" : 0.511035,
  "t_03" : -1.3781912,
  "t_02" : -0.84468967,
  "cy" : 386.97464,
  "t_12" : 0.15919417,
  "t_21" : 0.8587138,
  "t_23" : 5.013318,
  "t_20" : 0.03813221,
  "t_00" : -0.1627434
}