{
  "t_23" : 2.6827598,
  "t_10" : -0.9562042,
  "cx" : 514.48145,
  "cy" : 387.07034,
  "fx" : 713.2966,
  "t_13" : 0.0076119825,
  "fy" : 713.2966,
  "t_01" : -0.9624415,
  "t_00" : -0.06140352,
  "timestamp" : 235424056786,
  "t_11" : -0.019247005,
  "angular_velocity" : 3.4028235e+38,
  "blur_score" : 103.64026,
  "t_21" : 0.27080604,
  "t_20" : -0.28618774,
  "t_02" : -0.26445413,
  "height" : 768,
  "manual_keyframe" : false,
  "t_12" : 0.29206735,
  "t_03" : -1.1320895,
  "center_depth" : 1.2180334,
  "t_22" : -0.91910875,
  "width" : 1024
}