{
  "fx" : 712.0229,
  "t_00" : 0.11114445,
  "t_10" : -0.9103024,
  "t_21" : 0.19517513,
  "fy" : 712.0229,
  "center_depth" : 2.0038416,
  "t_13" : 1.6638541,
  "width" : 1024,
  "height" : 768,
  "t_20" : 0.39874405,
  "t_03" : -0.8624428,
  "t_11" : -0.034181874,
  "cy" : 386.8596,
  "t_23" : 4.540315,
  "cx" : 514.4012,
  "t_01" : -0.98017275,
  "t_22" : -0.8960526,
  "angular_velocity" : 3.4028235e+38,
  "blur_score" : 212.19907,
  "t_12" : -0.41253057,
  "t_02" : -0.16403852,
  "timestamp" : 235434869394,
  "manual_keyframe" : false
}