{
  "center_depth" : 2.3543246,
  "t_22" : 0.22252296,
  "t_21" : 0.9708091,
  "t_23" : -0.058075745,
  "angular_velocity" : 3.4028235e+38,
  "t_02" : -0.83843625,
  "t_00" : -0.49056944,
  "t_20" : 0.08951748,
  "cx" : 513.9116,
  "t_13" : 2.5484993,
  "t_12" : 0.49750212,
  "cy" : 387.13232,
  "blur_score" : 62.804344,
  "fy" : 712.709,
  "t_11" : -0.03410826,
  "height" : 768,
  "timestamp" : 235495213346,
  "t_03" : -1.7187575,
  "manual_keyframe" : false,
  "t_01" : 0.23741625,
  "t_10" : -0.86679196,
  "fx" : 712.709,
  "width" : 1024
}