{
  "manual_keyframe" : false,
  "angular_velocity" : 3.4028235e+38,
  "center_depth" : 1.1947623,
  "cy" : 387.05753,
  "fy" : 712.9885,
  "t_13" : 2.6949294,
  "t_22" : 0.20822328,
  "cx" : 514.15955,
  "t_00" : 0.406249,
  "t_03" : -0.99964637,
  "t_11" : -0.08596836,
  "t_01" : 0.27240598,
  "t_12" : 0.44259045,
  "t_21" : -0.95833427,
  "timestamp" : 235454445371,
  "width" : 1024,
  "t_23" : 5.853477,
  "blur_score" : 127.703094,
  "t_02" : 0.87221384,
  "t_10" : -0.8925935,
  "height" : 768,
  "t_20" : 0.19554707,
  "fx" : 712.9885
}