{
  "t_23" : 0.20925023,
  "t_10" : -0.886972,
  "cx" : 514.3832,
  "cy" : 387.33762,
  "t_01" : 0.9985269,
  "fx" : 712.97253,
  "t_00" : 0.044015262,
  "fy" : 712.97253,
  "t_13" : 2.5424929,
  "timestamp" : 235492947533,
  "t_11" : 0.024442662,
  "angular_velocity" : 3.4028235e+38,
  "blur_score" : 61.1887,
  "t_21" : -0.0484434,
  "t_20" : 0.4597211,
  "t_02" : 0.03173115,
  "height" : 768,
  "manual_keyframe" : false,
  "t_12" : 0.46117604,
  "t_03" : -2.262337,
  "center_depth" : 1.405657,
  "t_22" : 0.8867413,
  "width" : 1024
}