{
  "cx" : 514.7302,
  "cy" : 387.2081,
  "t_13" : 2.843267,
  "t_23" : 5.7245636,
  "center_depth" : 3.5803766,
  "t_20" : 0.041585267,
  "blur_score" : 140.58627,
  "t_03" : -0.757895,
  "t_10" : -0.9975108,
  "height" : 768,
  "width" : 1024,
  "timestamp" : 235445615360,
  "t_22" : 0.91336405,
  "manual_keyframe" : false,
  "t_02" : -0.4025399,
  "t_21" : 0.4050149,
  "t_11" : -0.035273187,
  "fx" : 713.8667,
  "t_12" : 0.061057713,
  "angular_velocity" : 3.4028235e+38,
  "fy" : 713.8667,
  "t_01" : 0.9136295,
  "t_00" : -0.056946542
}