{
  "t_00" : -0.35767323,
  "fx" : 713.76355,
  "t_10" : -0.9176525,
  "t_21" : 0.8751061,
  "fy" : 713.76355,
  "center_depth" : 1.4758325,
  "t_13" : 2.3927789,
  "width" : 1024,
  "height" : 768,
  "t_20" : -0.17315844,
  "t_03" : -0.66319644,
  "t_11" : 0.023273459,
  "cy" : 387.20102,
  "t_23" : 5.539157,
  "cx" : 514.6101,
  "t_01" : -0.48337123,
  "t_22" : -0.45189118,
  "angular_velocity" : 3.4028235e+38,
  "blur_score" : 95.038414,
  "t_12" : 0.3967018,
  "t_02" : -0.7990134,
  "timestamp" : 235441017087,
  "manual_keyframe" : false
}