{
  "t_01" : 0.6712282,
  "cx" : 514.582,
  "t_12" : 0.20345956,
  "fx" : 711.8196,
  "t_02" : -0.71497494,
  "t_13" : 2.7689521,
  "timestamp" : 235463791856,
  "manual_keyframe" : false,
  "t_21" : 0.73813254,
  "t_22" : 0.668891,
  "cy" : 386.88104,
  "fy" : 711.8196,
  "blur_score" : 167.89397,
  "t_00" : -0.19561066,
  "width" : 1024,
  "center_depth" : 3.2050648,
  "angular_velocity" : 3.4028235e+38,
  "t_11" : -0.06791915,
  "height" : 768,
  "t_10" : -0.9767247,
  "t_20" : 0.08800731,
  "t_23" : 4.967523,
  "t_03" : -1.4007248
}