{
  "t_23" : 0.35128903,
  "t_10" : -0.96603614,
  "cx" : 514.65125,
  "cy" : 386.90366,
  "t_01" : 0.99956965,
  "fx" : 712.95667,
  "fy" : 712.95667,
  "t_13" : 2.6214964,
  "t_00" : -0.027474292,
  "timestamp" : 235492014552,
  "t_11" : -0.029195027,
  "angular_velocity" : 3.4028235e+38,
  "blur_score" : 46.525364,
  "t_21" : -0.0028838501,
  "t_20" : 0.25694236,
  "t_02" : 0.0102873575,
  "height" : 768,
  "manual_keyframe" : false,
  "t_12" : 0.2567525,
  "t_03" : -2.2971144,
  "center_depth" : 1.433076,
  "t_22" : 0.96642256,
  "width" : 1024
}