{
  "t_20" : 0.39612433,
  "t_02" : 0.14714189,
  "fx" : 712.36273,
  "t_21" : -0.12326067,
  "t_11" : -0.08589761,
  "cx" : 513.83966,
  "t_12" : 0.38788778,
  "center_depth" : 3.493309,
  "fy" : 712.36273,
  "cy" : 386.6417,
  "t_00" : -0.03034573,
  "angular_velocity" : 3.4028235e+38,
  "blur_score" : 85.11022,
  "width" : 1024,
  "height" : 768,
  "timestamp" : 235473788091,
  "manual_keyframe" : false,
  "t_03" : -1.8871309,
  "t_23" : 3.1903303,
  "t_01" : 0.98864985,
  "t_13" : 2.6943462,
  "t_10" : -0.9176954,
  "t_22" : 0.90988606
}