{
  "t_20" : -0.3169701,
  "t_02" : -0.15398324,
  "fx" : 712.9456,
  "t_21" : 0.15932098,
  "t_11" : -0.009545749,
  "t_12" : 0.3195972,
  "cx" : 514.2895,
  "center_depth" : 3.4111712,
  "fy" : 712.9456,
  "cy" : 386.9966,
  "t_00" : -0.041993678,
  "angular_velocity" : 3.4028235e+38,
  "blur_score" : 140.72096,
  "width" : 1024,
  "height" : 768,
  "timestamp" : 235479186055,
  "manual_keyframe" : false,
  "t_03" : -2.08434,
  "t_23" : 3.21324,
  "t_01" : -0.9871807,
  "t_13" : 2.5692527,
  "t_10" : -0.94750535,
  "t_22" : -0.93495816
}