{
  "t_10" : -0.8310538,
  "t_13" : 2.585815,
  "t_11" : -0.16408107,
  "t_01" : 0.31374446,
  "cx" : 514.21466,
  "width" : 1024,
  "t_03" : -1.9990627,
  "t_12" : 0.53143877,
  "height" : 768,
  "timestamp" : 235476103885,
  "manual_keyframe" : false,
  "t_02" : -0.77060914,
  "t_20" : 0.040293578,
  "t_00" : -0.5547308,
  "angular_velocity" : 3.4028235e+38,
  "blur_score" : 77.35236,
  "cy" : 386.6381,
  "fy" : 710.59656,
  "t_21" : 0.935223,
  "t_22" : 0.35175934,
  "t_23" : 3.015351,
  "center_depth" : 1.5273839,
  "fx" : 710.59656
}