{
  "t_13" : 2.577861,
  "cx" : 513.64655,
  "t_12" : 0.7507088,
  "fx" : 714.72284,
  "t_02" : 0.059139926,
  "t_01" : 0.9948257,
  "timestamp" : 235472555223,
  "manual_keyframe" : false,
  "t_21" : 0.02338606,
  "t_22" : 0.6579809,
  "cy" : 386.8741,
  "fy" : 714.72284,
  "blur_score" : 50.568546,
  "t_00" : -0.08260973,
  "width" : 1024,
  "center_depth" : 1.629915,
  "angular_velocity" : 3.4028235e+38,
  "t_11" : -0.09886854,
  "height" : 768,
  "t_10" : -0.65319324,
  "t_20" : 0.75267154,
  "t_23" : 3.3329763,
  "t_03" : -1.9791706
}