{
  "t_10" : -0.9687931,
  "t_23" : 2.1423335,
  "t_21" : 0.9948859,
  "t_01" : -0.058056973,
  "center_depth" : 2.7215455,
  "height" : 768,
  "manual_keyframe" : false,
  "timestamp" : 235419475174,
  "t_00" : -0.22940794,
  "t_03" : -2.2423358,
  "t_12" : 0.23368464,
  "cx" : 514.46564,
  "t_20" : -0.093872555,
  "fx" : 710.32825,
  "t_11" : -0.08265307,
  "angular_velocity" : 3.4028235e+38,
  "blur_score" : 102.41413,
  "cy" : 386.76868,
  "width" : 1024,
  "t_02" : -0.9715975,
  "t_22" : -0.03728395,
  "fy" : 710.32825,
  "t_13" : 0.018826062
}