{
  "center_depth" : 3.4165332,
  "t_22" : -0.81318504,
  "t_21" : 0.58070415,
  "t_23" : 3.281146,
  "angular_velocity" : 3.4028235e+38,
  "t_00" : 0.03498409,
  "t_02" : -0.58189595,
  "t_20" : -0.038897526,
  "cx" : 514.62964,
  "t_13" : 2.7064998,
  "t_12" : 0.011289242,
  "cy" : 386.94763,
  "blur_score" : 262.19946,
  "fy" : 711.2002,
  "t_11" : -0.05108284,
  "height" : 768,
  "timestamp" : 235480585528,
  "t_03" : -1.9409106,
  "manual_keyframe" : false,
  "t_01" : -0.8125105,
  "t_10" : -0.9986307,
  "fx" : 711.2002,
  "width" : 1024
}