{
  "t_21" : 0.86675847,
  "angular_velocity" : 3.4028235e+38,
  "t_03" : -2.0002635,
  "t_20" : -0.37609583,
  "cy" : 386.59155,
  "t_02" : -0.71785045,
  "t_12" : 0.6143363,
  "fx" : 714.7546,
  "t_01" : -0.48710218,
  "t_22" : -0.327539,
  "t_00" : -0.4974157,
  "t_13" : 2.5151548,
  "center_depth" : 0.78141576,
  "cx" : 513.799,
  "width" : 1024,
  "manual_keyframe" : false,
  "blur_score" : 97.87358,
  "t_23" : 3.0715775,
  "t_11" : -0.10705749,
  "timestamp" : 235476986885,
  "t_10" : -0.78174776,
  "height" : 768,
  "fy" : 714.7546
}