{
  "fx" : 713.24097,
  "blur_score" : 120.14991,
  "t_01" : 0.5494271,
  "timestamp" : 235455328373,
  "t_13" : 2.7854128,
  "t_10" : -0.986161,
  "t_11" : -0.0561307,
  "cx" : 514.49725,
  "angular_velocity" : 3.4028235e+38,
  "center_depth" : 1.8356777,
  "width" : 1024,
  "fy" : 713.24097,
  "manual_keyframe" : false,
  "height" : 768,
  "t_22" : 0.53621316,
  "t_03" : -1.236222,
  "t_02" : 0.82954186,
  "cy" : 386.81824,
  "t_12" : 0.15599993,
  "t_21" : -0.83365417,
  "t_23" : 5.7584186,
  "t_20" : 0.13227336,
  "t_00" : 0.09995198
}