{
  "t_03" : -1.6979666,
  "t_02" : 0.1755591,
  "t_11" : -0.079514034,
  "t_00" : -0.012713741,
  "fx" : 712.40564,
  "t_12" : 0.37908185,
  "timestamp" : 235466007689,
  "fy" : 712.40564,
  "t_10" : -0.9219407,
  "height" : 768,
  "t_13" : 2.7026594,
  "t_22" : 0.9085573,
  "center_depth" : 3.688966,
  "width" : 1024,
  "cx" : 514.30194,
  "manual_keyframe" : false,
  "t_01" : 0.98438686,
  "cy" : 387.0419,
  "t_23" : 4.512912,
  "t_20" : 0.3871226,
  "angular_velocity" : 3.4028235e+38,
  "t_21" : -0.15703548,
  "blur_score" : 113.437965
}