{
  "t_11" : -0.07218119,
  "fy" : 709.7691,
  "height" : 768,
  "t_01" : 0.99531823,
  "t_23" : 3.1831806,
  "t_10" : -0.9702381,
  "manual_keyframe" : false,
  "fx" : 709.7691,
  "t_21" : -0.064275645,
  "center_depth" : 5.344873,
  "timestamp" : 235414110520,
  "t_22" : 0.9696755,
  "t_00" : -0.055135358,
  "t_20" : 0.23579243,
  "angular_velocity" : 3.4028235e+38,
  "t_13" : 0.014081981,
  "cy" : 386.9661,
  "width" : 1024,
  "blur_score" : 90.09518,
  "cx" : 514.49457,
  "t_12" : 0.23114464,
  "t_02" : 0.07938249,
  "t_03" : -3.6071687
}