{
  "t_12" : -0.013888192,
  "cy" : 386.81662,
  "t_23" : 0.8231653,
  "t_03" : -2.2162702,
  "cx" : 514.5794,
  "center_depth" : 3.1769738,
  "t_10" : -0.99347126,
  "t_02" : -0.19864364,
  "t_01" : 0.9740757,
  "fx" : 712.06726,
  "height" : 768,
  "t_21" : 0.19584337,
  "blur_score" : 59.63089,
  "t_00" : -0.1082471,
  "fy" : 712.06726,
  "t_20" : -0.036021505,
  "manual_keyframe" : false,
  "t_22" : 0.9799736,
  "t_11" : -0.113234706,
  "angular_velocity" : 3.4028235e+38,
  "width" : 1024,
  "t_13" : 2.7255106,
  "timestamp" : 235489815381
}