{
  "t_00" : 0.0193093,
  "fx" : 713.2585,
  "t_10" : -0.7988974,
  "t_21" : -0.17742515,
  "fy" : 713.2585,
  "center_depth" : 2.1914866,
  "t_13" : 2.6287332,
  "width" : 1024,
  "height" : 768,
  "t_20" : 0.6011574,
  "t_03" : -1.9295356,
  "t_11" : -0.109871805,
  "cy" : 386.8064,
  "t_23" : 3.224359,
  "cx" : 513.43384,
  "t_01" : 0.977982,
  "t_22" : 0.77918565,
  "angular_velocity" : 3.4028235e+38,
  "blur_score" : 73.106476,
  "t_12" : 0.591347,
  "t_02" : 0.20779476,
  "timestamp" : 235473421563,
  "manual_keyframe" : false
}