{
  "fx" : 713.55865,
  "blur_score" : 154.06238,
  "t_01" : 0.5971316,
  "timestamp" : 235459760040,
  "cx" : 514.69977,
  "t_10" : -0.9891365,
  "t_13" : 2.8727634,
  "t_11" : -0.049305882,
  "angular_velocity" : 3.4028235e+38,
  "center_depth" : 3.0345664,
  "width" : 1024,
  "fy" : 713.55865,
  "manual_keyframe" : false,
  "height" : 768,
  "t_22" : 0.59756416,
  "cy" : 387.1005,
  "t_02" : -0.7897718,
  "t_03" : -1.4508836,
  "t_12" : 0.13848467,
  "t_21" : 0.80062664,
  "t_23" : 5.3234105,
  "t_20" : 0.043753177,
  "t_00" : -0.14033793
}