{
  "t_03" : -1.3784974,
  "t_02" : -0.93723243,
  "t_11" : -0.04201806,
  "t_00" : -0.1122275,
  "fx" : 712.04504,
  "t_12" : 0.104184136,
  "timestamp" : 235463258723,
  "fy" : 712.04504,
  "t_10" : -0.99367005,
  "height" : 768,
  "t_13" : 2.8007827,
  "t_22" : 0.33277795,
  "center_depth" : 2.530439,
  "width" : 1024,
  "cx" : 514.5804,
  "manual_keyframe" : false,
  "t_01" : 0.33015224,
  "cy" : 386.98154,
  "t_23" : 5.061514,
  "t_20" : -0.0049840687,
  "angular_velocity" : 3.4028235e+38,
  "t_21" : 0.9429921,
  "blur_score" : 145.64383
}