{
  "center_depth" : 2.4791093,
  "angular_velocity" : 3.4028235e+38,
  "t_20" : 0.47758156,
  "cx" : 514.1969,
  "t_10" : -0.8732793,
  "t_13" : 2.56038,
  "t_01" : 0.97967136,
  "t_03" : -2.1162937,
  "cy" : 386.9442,
  "t_22" : 0.8553796,
  "height" : 768,
  "fy" : 711.20337,
  "t_11" : 0.0015258715,
  "t_12" : 0.48721766,
  "t_21" : 0.20060387,
  "t_23" : 1.1878163,
  "t_02" : -0.17591193,
  "blur_score" : 56.886627,
  "fx" : 711.20337,
  "width" : 1024,
  "t_00" : -0.096432544,
  "timestamp" : 235488299286,
  "manual_keyframe" : false
}