{
  "t_11" : 0.058830183,
  "t_02" : -0.49107978,
  "t_00" : -0.3848339,
  "t_12" : 0.6720698,
  "t_03" : -2.0787466,
  "fx" : 712.42,
  "timestamp" : 235494063779,
  "t_10" : -0.73814714,
  "fy" : 712.42,
  "height" : 768,
  "t_13" : 2.455825,
  "t_22" : 0.5542229,
  "center_depth" : 1.6258892,
  "width" : 1024,
  "cx" : 513.7925,
  "manual_keyframe" : false,
  "t_01" : 0.7815009,
  "cy" : 387.1123,
  "t_23" : -0.027622031,
  "t_20" : 0.55411345,
  "angular_velocity" : 3.4028235e+38,
  "t_21" : 0.6211243,
  "blur_score" : 54.688408
}