{
  "t_11" : -0.07619622,
  "fy" : 709.1735,
  "height" : 768,
  "t_01" : 0.99671084,
  "t_23" : 3.0063872,
  "t_10" : -0.9787589,
  "manual_keyframe" : false,
  "fx" : 709.1735,
  "t_21" : 0.027596751,
  "center_depth" : 6.237207,
  "timestamp" : 235414577012,
  "t_22" : 0.98163915,
  "t_00" : -0.08004966,
  "t_20" : 0.18874069,
  "angular_velocity" : 3.4028235e+38,
  "t_13" : 0.036382902,
  "cy" : 386.9336,
  "width" : 1024,
  "blur_score" : 93.84897,
  "cx" : 514.5864,
  "t_02" : -0.012629226,
  "t_12" : 0.190329,
  "t_03" : -3.551417
}