{
  "t_00" : 0.057135466,
  "fx" : 713.8238,
  "t_10" : -0.9981425,
  "t_21" : 0.7703344,
  "fy" : 713.8238,
  "center_depth" : 1.3048837,
  "t_13" : 2.4428027,
  "width" : 1024,
  "height" : 768,
  "t_20" : -0.021148365,
  "t_03" : -0.7372515,
  "t_11" : -0.052696433,
  "cy" : 386.89615,
  "t_23" : 5.407377,
  "cx" : 514.7153,
  "t_01" : -0.6354588,
  "t_22" : -0.63728935,
  "angular_velocity" : 3.4028235e+38,
  "blur_score" : 174.25218,
  "t_12" : -0.030574499,
  "t_02" : -0.77001804,
  "timestamp" : 235440167405,
  "manual_keyframe" : false
}