{
  "t_13" : 2.622689,
  "t_10" : -0.9693213,
  "t_11" : -0.032983612,
  "t_01" : 0.56591994,
  "cx" : 514.5862,
  "width" : 1024,
  "t_03" : -1.9356179,
  "t_12" : 0.2435741,
  "height" : 768,
  "timestamp" : 235483467774,
  "manual_keyframe" : false,
  "t_02" : -0.79484534,
  "t_20" : 0.111626565,
  "t_00" : -0.21898809,
  "angular_velocity" : 3.4028235e+38,
  "blur_score" : 81.46025,
  "cy" : 387.064,
  "fy" : 712.9615,
  "t_21" : 0.8238003,
  "t_22" : 0.5557813,
  "t_23" : 2.475605,
  "center_depth" : 1.3181407,
  "fx" : 712.9615
}