{
  "manual_keyframe" : false,
  "angular_velocity" : 3.4028235e+38,
  "center_depth" : 3.062622,
  "cy" : 386.71347,
  "fy" : 712.40875,
  "t_13" : 2.6897511,
  "t_22" : 0.9523914,
  "cx" : 514.5641,
  "t_00" : -0.06114108,
  "t_03" : -2.0561054,
  "t_11" : -0.099328354,
  "t_01" : 0.95867723,
  "t_12" : 0.12550348,
  "t_21" : -0.26659322,
  "timestamp" : 235486816512,
  "width" : 1024,
  "t_23" : 1.5097029,
  "blur_score" : 80.0376,
  "t_02" : 0.27784866,
  "t_10" : -0.98710835,
  "height" : 768,
  "t_20" : 0.14791557,
  "fx" : 712.40875
}