{
  "t_01" : 0.980475,
  "t_12" : -0.33334345,
  "t_13" : 2.941088,
  "t_02" : -0.1917621,
  "fx" : 714.1495,
  "cx" : 514.6388,
  "timestamp" : 235457860754,
  "manual_keyframe" : false,
  "t_21" : 0.19525337,
  "t_22" : 0.9230979,
  "cy" : 386.99863,
  "fy" : 714.1495,
  "blur_score" : 126.02433,
  "t_00" : 0.0435419,
  "width" : 1024,
  "center_depth" : 1.447997,
  "angular_velocity" : 3.4028235e+38,
  "t_11" : -0.023339374,
  "height" : 768,
  "t_10" : -0.9425165,
  "t_20" : -0.33131057,
  "t_23" : 5.6146455,
  "t_03" : -1.5168957
}