{
  "fx" : 712.07526,
  "t_00" : 0.010402357,
  "t_10" : -0.96678174,
  "t_21" : -0.25896442,
  "fy" : 712.07526,
  "center_depth" : 5.224998,
  "t_13" : 2.7490315,
  "width" : 1024,
  "height" : 768,
  "t_20" : 0.25539157,
  "t_03" : -1.6506325,
  "t_11" : -0.05803583,
  "cy" : 386.98685,
  "t_23" : 4.385198,
  "cx" : 514.47327,
  "t_01" : 0.96414167,
  "t_22" : 0.9315109,
  "angular_velocity" : 3.4028235e+38,
  "blur_score" : 118.0552,
  "t_12" : 0.24892749,
  "t_02" : 0.26518396,
  "timestamp" : 235466374218,
  "manual_keyframe" : false
}