{
  "center_depth" : 1.1427891,
  "angular_velocity" : 3.4028235e+38,
  "t_20" : -0.21382093,
  "cx" : 514.55475,
  "t_10" : -0.97665787,
  "t_13" : 0.030206002,
  "t_01" : -0.98029673,
  "t_03" : -1.0454655,
  "cy" : 386.99722,
  "t_22" : -0.95695555,
  "height" : 768,
  "t_12" : 0.21363066,
  "t_11" : -0.022393249,
  "fy" : 713.52374,
  "t_21" : 0.19625752,
  "t_23" : 2.8221838,
  "t_02" : -0.19646461,
  "blur_score" : 99.54318,
  "fx" : 713.52374,
  "width" : 1024,
  "t_00" : -0.020497287,
  "timestamp" : 235424589920,
  "manual_keyframe" : false
}