{
  "t_03" : -1.6784154,
  "t_02" : 0.0320536,
  "t_11" : -0.025743892,
  "t_00" : -0.013798946,
  "fx" : 712.70575,
  "t_12" : 0.41021025,
  "timestamp" : 235465357934,
  "fy" : 712.70575,
  "t_10" : -0.91162765,
  "height" : 768,
  "t_13" : 2.6957207,
  "t_22" : 0.9114277,
  "center_depth" : 2.5403206,
  "width" : 1024,
  "cx" : 514.4027,
  "manual_keyframe" : false,
  "t_01" : 0.99939096,
  "cy" : 387.0737,
  "t_23" : 4.6691794,
  "t_20" : 0.41078556,
  "angular_velocity" : 3.4028235e+38,
  "t_21" : -0.02356046,
  "blur_score" : 92.798515
}