{
  "t_20" : 0.07078542,
  "t_02" : 0.5762561,
  "fx" : 711.49713,
  "t_21" : -0.5753705,
  "t_11" : -0.033248786,
  "cx" : 514.6754,
  "t_12" : 0.06317246,
  "center_depth" : 4.757666,
  "fy" : 711.49713,
  "cy" : 386.71237,
  "t_00" : 0.009255665,
  "angular_velocity" : 3.4028235e+38,
  "blur_score" : 113.06284,
  "width" : 1024,
  "height" : 768,
  "timestamp" : 235405846952,
  "manual_keyframe" : false,
  "t_03" : -2.51607,
  "t_23" : 5.4757504,
  "t_13" : 0.09063366,
  "t_01" : 0.8172169,
  "t_10" : -0.9974487,
  "t_22" : 0.8148242
}