{
  "center_depth" : 1.7827275,
  "t_22" : -0.9182279,
  "t_21" : 0.31943977,
  "t_23" : 3.5614119,
  "angular_velocity" : 3.4028235e+38,
  "t_00" : 0.10852213,
  "t_02" : -0.30183533,
  "t_20" : 0.23412809,
  "cx" : 514.7546,
  "t_13" : 0.6488944,
  "t_12" : -0.2564238,
  "cy" : 387.04782,
  "blur_score" : 124.05988,
  "fy" : 715.00073,
  "t_11" : -0.028979909,
  "height" : 768,
  "timestamp" : 235428571759,
  "t_03" : -0.9446858,
  "manual_keyframe" : false,
  "t_01" : -0.9471634,
  "t_10" : -0.96612996,
  "fx" : 715.00073,
  "width" : 1024
}