{
  "t_23" : 0.59821403,
  "t_10" : -0.9881642,
  "cx" : 514.3816,
  "cy" : 386.5239,
  "fx" : 712.944,
  "t_01" : 0.91068846,
  "t_00" : -0.06735257,
  "fy" : 712.944,
  "t_13" : 2.7231197,
  "timestamp" : 235491031589,
  "t_11" : -0.11731545,
  "angular_velocity" : 3.4028235e+38,
  "blur_score" : 51.56358,
  "t_21" : 0.39608565,
  "t_20" : -0.13782306,
  "t_02" : -0.4075665,
  "height" : 768,
  "manual_keyframe" : false,
  "t_12" : -0.09883648,
  "t_03" : -2.2580416,
  "center_depth" : 2.794257,
  "t_22" : 0.9078112,
  "width" : 1024
}