{
  "t_10" : -0.805828,
  "t_13" : 2.5642931,
  "t_11" : -0.15375079,
  "t_01" : 0.18147393,
  "cx" : 514.21027,
  "width" : 1024,
  "t_03" : -1.9955672,
  "t_12" : 0.571841,
  "height" : 768,
  "timestamp" : 235476270488,
  "manual_keyframe" : false,
  "t_02" : -0.78531134,
  "t_20" : -0.016967997,
  "t_00" : -0.5919067,
  "angular_velocity" : 3.4028235e+38,
  "blur_score" : 88.110596,
  "cy" : 386.6035,
  "fy" : 710.89844,
  "t_21" : 0.9713022,
  "t_22" : 0.23724288,
  "t_23" : 3.0336535,
  "center_depth" : 1.4856124,
  "fx" : 710.89844
}