{
  "t_00" : -0.024783282,
  "fx" : 714.13354,
  "t_10" : -0.9983458,
  "t_21" : 0.7609398,
  "fy" : 714.13354,
  "center_depth" : 1.3993607,
  "t_13" : 2.871126,
  "width" : 1024,
  "height" : 768,
  "t_20" : -0.051880535,
  "t_03" : -0.6399689,
  "t_11" : -0.05559073,
  "cy" : 386.67212,
  "t_23" : 5.824956,
  "cx" : 514.6433,
  "t_01" : 0.6464368,
  "t_22" : 0.64674515,
  "angular_velocity" : 3.4028235e+38,
  "blur_score" : 142.00182,
  "t_12" : -0.014678901,
  "t_02" : -0.76256514,
  "timestamp" : 235444399150,
  "manual_keyframe" : false
}