{
  "center_depth" : 2.9788256,
  "angular_velocity" : 3.4028235e+38,
  "t_20" : 0.105349906,
  "cx" : 514.57275,
  "t_03" : -3.2909675,
  "t_13" : 0.03270283,
  "t_10" : -0.97103834,
  "t_01" : 0.6834676,
  "cy" : 387.06186,
  "t_22" : 0.6791405,
  "height" : 768,
  "t_12" : 0.22777693,
  "t_11" : -0.07212709,
  "fy" : 709.12585,
  "t_21" : 0.7264088,
  "t_23" : 2.5638533,
  "t_02" : -0.69777226,
  "blur_score" : 120.286064,
  "fx" : 709.12585,
  "width" : 1024,
  "t_00" : -0.21444361,
  "timestamp" : 235416459639,
  "manual_keyframe" : false
}