{
  "t_23" : -0.48551807,
  "t_10" : -0.98494214,
  "cx" : 514.5389,
  "cy" : 387.1155,
  "fx" : 711.7417,
  "t_01" : 0.18927714,
  "t_13" : 2.700331,
  "t_00" : -0.16394377,
  "fy" : 711.7417,
  "timestamp" : 235497279232,
  "t_11" : -0.08600403,
  "angular_velocity" : 3.4028235e+38,
  "blur_score" : 58.453938,
  "t_21" : 0.97815,
  "t_20" : -0.05487727,
  "t_02" : -0.9681409,
  "height" : 768,
  "manual_keyframe" : false,
  "t_12" : 0.14997457,
  "t_03" : -1.4319067,
  "center_depth" : 1.9727237,
  "t_22" : 0.20052685,
  "width" : 1024
}