{
  "center_depth" : 1.4128716,
  "t_22" : 0.9216144,
  "t_21" : -0.167241,
  "t_23" : 0.29239935,
  "angular_velocity" : 3.4028235e+38,
  "t_02" : 0.15644357,
  "t_00" : 0.059119124,
  "t_20" : 0.3502252,
  "cx" : 514.4385,
  "t_13" : 2.586156,
  "t_12" : 0.35517973,
  "cy" : 387.01392,
  "blur_score" : 48.719906,
  "fy" : 712.9583,
  "t_11" : -0.00030544668,
  "height" : 768,
  "timestamp" : 235492431061,
  "t_03" : -2.3113716,
  "manual_keyframe" : false,
  "t_01" : 0.9859161,
  "t_10" : -0.93479806,
  "fx" : 712.9583,
  "width" : 1024
}