{
  "t_22" : 0.8513721,
  "manual_keyframe" : false,
  "fy" : 709.72473,
  "t_10" : -0.9546636,
  "t_11" : -0.03198543,
  "t_21" : -0.4443205,
  "t_23" : 3.7522023,
  "height" : 768,
  "width" : 1024,
  "t_01" : 0.8952968,
  "t_13" : -0.005247761,
  "t_12" : 0.29596364,
  "t_00" : 0.10427123,
  "cy" : 386.92227,
  "blur_score" : 138.36317,
  "t_20" : 0.27882802,
  "center_depth" : 3.849601,
  "timestamp" : 235412277874,
  "t_02" : 0.4330951,
  "t_03" : -3.4984624,
  "angular_velocity" : 3.4028235e+38,
  "fx" : 709.72473,
  "cx" : 514.5635
}