{
  "fx" : 713.2521,
  "t_00" : -0.08048213,
  "t_10" : -0.9699823,
  "t_21" : 0.30348888,
  "fy" : 713.2521,
  "center_depth" : 1.3804358,
  "t_13" : 1.8504459,
  "width" : 1024,
  "height" : 768,
  "t_20" : -0.22947115,
  "t_03" : -0.7887558,
  "cy" : 387.03946,
  "t_11" : 0.0072599426,
  "t_23" : 5.0247,
  "cx" : 514.52124,
  "t_01" : -0.95280737,
  "t_22" : -0.92479056,
  "angular_velocity" : 3.4028235e+38,
  "blur_score" : 201.99585,
  "t_12" : 0.2430672,
  "t_02" : -0.29271296,
  "timestamp" : 235437218512,
  "manual_keyframe" : false
}