{
  "t_20" : 0.07140202,
  "t_02" : -0.87699836,
  "fx" : 714.1542,
  "t_21" : 0.90181196,
  "t_11" : -0.027694285,
  "t_12" : 0.22189446,
  "cx" : 514.6001,
  "center_depth" : 2.5688844,
  "fy" : 714.1542,
  "cy" : 387.0282,
  "t_00" : -0.21191008,
  "angular_velocity" : 3.4028235e+38,
  "blur_score" : 61.42481,
  "width" : 1024,
  "height" : 768,
  "timestamp" : 235483017944,
  "manual_keyframe" : false,
  "t_03" : -1.9949884,
  "t_23" : 2.603686,
  "t_13" : 2.6290905,
  "t_01" : 0.43124047,
  "t_10" : -0.9746774,
  "t_22" : 0.42618906
}