{
  "fx" : 714.4274,
  "blur_score" : 103.96445,
  "t_01" : -0.9911357,
  "timestamp" : 235432137087,
  "t_13" : 1.0848311,
  "t_10" : -0.99296415,
  "cx" : 514.5333,
  "t_11" : -0.043850366,
  "angular_velocity" : 3.4028235e+38,
  "center_depth" : 1.0200678,
  "width" : 1024,
  "fy" : 714.4274,
  "manual_keyframe" : false,
  "height" : 768,
  "t_22" : -0.9854523,
  "t_03" : -0.9267526,
  "t_02" : -0.12955494,
  "cy" : 386.81094,
  "t_12" : 0.10999698,
  "t_21" : 0.1254075,
  "t_23" : 4.17068,
  "t_20" : -0.11470298,
  "t_00" : 0.029418005
}