{
  "fx" : 711.7465,
  "t_00" : 0.075093694,
  "t_10" : -0.98174214,
  "t_21" : 0.18492116,
  "fy" : 711.7465,
  "center_depth" : 1.7185532,
  "t_13" : 1.7530055,
  "width" : 1024,
  "height" : 768,
  "t_20" : 0.17476654,
  "t_03" : -0.807695,
  "t_11" : -0.042182688,
  "cy" : 387.05698,
  "t_23" : 4.655244,
  "cx" : 514.4013,
  "t_01" : -0.98184776,
  "t_22" : -0.967089,
  "angular_velocity" : 3.4028235e+38,
  "blur_score" : 254.67667,
  "t_12" : -0.18548052,
  "t_02" : -0.1741728,
  "timestamp" : 235435452509,
  "manual_keyframe" : false
}