{
  "t_11" : -0.06813686,
  "fy" : 708.8766,
  "height" : 768,
  "t_01" : 0.9008143,
  "t_23" : 2.7141814,
  "t_10" : -0.9768902,
  "manual_keyframe" : false,
  "fx" : 708.8766,
  "t_21" : 0.4288253,
  "center_depth" : 2.7751465,
  "timestamp" : 235415643278,
  "t_22" : 0.89004827,
  "t_00" : -0.14752114,
  "t_20" : 0.15467118,
  "angular_velocity" : 3.4028235e+38,
  "t_13" : 0.03966019,
  "cy" : 386.84375,
  "width" : 1024,
  "blur_score" : 85.4251,
  "cx" : 514.61945,
  "t_12" : 0.20259078,
  "t_02" : -0.40837643,
  "t_03" : -3.4428601
}