{
  "t_11" : -0.050759427,
  "fy" : 711.2065,
  "height" : 768,
  "t_01" : 0.99844164,
  "t_23" : 4.8453765,
  "t_10" : -0.9926334,
  "manual_keyframe" : false,
  "fx" : 711.2065,
  "t_21" : -0.023195188,
  "center_depth" : 8.638893,
  "timestamp" : 235409462263,
  "t_22" : 0.9935168,
  "t_00" : -0.047878604,
  "t_20" : 0.11129548,
  "angular_velocity" : 3.4028235e+38,
  "t_13" : 0.050618302,
  "cy" : 387.12198,
  "width" : 1024,
  "blur_score" : 117.88564,
  "cx" : 514.6407,
  "t_02" : 0.02867363,
  "t_12" : 0.11001147,
  "t_03" : -3.413878
}