{
  "t_10" : -0.9703748,
  "t_23" : 2.1245158,
  "t_21" : 0.9934974,
  "t_01" : 0.07573976,
  "center_depth" : 4.8063335,
  "height" : 768,
  "manual_keyframe" : false,
  "timestamp" : 235419075324,
  "t_00" : -0.23261364,
  "t_03" : -2.3906765,
  "t_12" : 0.2261554,
  "cx" : 514.6876,
  "t_20" : -0.06529746,
  "fx" : 709.982,
  "t_11" : -0.08500935,
  "angular_velocity" : 3.4028235e+38,
  "blur_score" : 122.370026,
  "cy" : 386.9702,
  "width" : 1024,
  "t_02" : -0.9696158,
  "t_22" : 0.09327027,
  "fy" : 709.982,
  "t_13" : 0.01361172
}