{
  "center_depth" : 0.8994868,
  "angular_velocity" : 3.4028235e+38,
  "t_20" : -0.22355373,
  "cx" : 514.7375,
  "t_03" : -0.95283896,
  "t_01" : -0.9959224,
  "t_13" : 0.2584911,
  "t_10" : -0.97465456,
  "cy" : 386.95364,
  "t_22" : -0.97092086,
  "height" : 768,
  "t_12" : 0.22191486,
  "t_11" : -0.028322497,
  "fy" : 715.04205,
  "t_21" : 0.085652865,
  "t_23" : 3.380301,
  "t_02" : -0.08981358,
  "blur_score" : 68.752495,
  "fx" : 715.04205,
  "width" : 1024,
  "t_00" : 0.008491257,
  "timestamp" : 235427088982,
  "manual_keyframe" : false
}