{
  "t_13" : 2.8913314,
  "t_12" : 0.054371163,
  "t_01" : 0.70297647,
  "fx" : 714.41315,
  "cx" : 514.723,
  "t_02" : -0.70740855,
  "timestamp" : 235459510134,
  "manual_keyframe" : false,
  "t_21" : 0.7094876,
  "t_22" : 0.70471066,
  "cy" : 387.06873,
  "fy" : 714.41315,
  "blur_score" : 155.90462,
  "t_00" : -0.07346715,
  "width" : 1024,
  "center_depth" : 3.0931933,
  "angular_velocity" : 3.4028235e+38,
  "t_11" : -0.049511775,
  "height" : 768,
  "t_10" : -0.9972926,
  "t_20" : 0.003196597,
  "t_23" : 5.360721,
  "t_03" : -1.4622015
}