{
  "t_01" : -0.98857075,
  "width" : 1024,
  "height" : 768,
  "t_03" : -0.8694619,
  "fx" : 714.1368,
  "t_02" : -0.12965587,
  "t_12" : -0.22244483,
  "manual_keyframe" : false,
  "t_21" : 0.14337403,
  "t_13" : 1.398428,
  "t_00" : 0.07692322,
  "t_23" : 4.344532,
  "blur_score" : 157.36133,
  "fy" : 714.1368,
  "t_11" : -0.046601556,
  "t_22" : -0.9662855,
  "cy" : 387.05774,
  "t_20" : 0.2138603,
  "center_depth" : 2.0615418,
  "angular_velocity" : 3.4028235e+38,
  "cx" : 514.7527,
  "t_10" : -0.9738309,
  "timestamp" : 235433569882
}