{
  "t_11" : -0.045052845,
  "fy" : 711.756,
  "height" : 768,
  "t_01" : 0.59266895,
  "t_23" : 5.671407,
  "t_10" : -0.9265142,
  "manual_keyframe" : false,
  "fx" : 711.756,
  "t_21" : -0.8041852,
  "center_depth" : 2.5488014,
  "timestamp" : 235404830666,
  "t_22" : 0.5637947,
  "t_00" : -0.32580632,
  "t_20" : -0.18820687,
  "angular_velocity" : 3.4028235e+38,
  "t_13" : 0.23912692,
  "cy" : 387.0463,
  "width" : 1024,
  "blur_score" : 124.75115,
  "cx" : 514.2457,
  "t_12" : -0.37355295,
  "t_02" : 0.73660976,
  "t_03" : -2.1916406
}