{
  "t_10" : -0.9805841,
  "t_23" : 2.8955538,
  "t_21" : 0.99819076,
  "t_01" : -0.020951374,
  "center_depth" : 0.80879265,
  "height" : 768,
  "manual_keyframe" : false,
  "timestamp" : 235482051642,
  "t_00" : -0.18692207,
  "t_03" : -1.9373692,
  "t_12" : 0.18782601,
  "cx" : 514.6348,
  "t_20" : -0.059286695,
  "fx" : 714.13043,
  "t_11" : -0.056357376,
  "angular_velocity" : 3.4028235e+38,
  "blur_score" : 60.490738,
  "cy" : 386.8821,
  "width" : 1024,
  "t_02" : -0.9821514,
  "t_22" : -0.010010161,
  "fy" : 714.13043,
  "t_13" : 2.6529207
}