{
  "manual_keyframe" : false,
  "angular_velocity" : 3.4028235e+38,
  "center_depth" : 2.2862527,
  "t_13" : 2.7010732,
  "fy" : 711.7465,
  "cy" : 386.8127,
  "t_22" : -0.55341494,
  "t_00" : -0.14230713,
  "cx" : 514.56116,
  "t_03" : -1.1831284,
  "t_11" : -0.04153099,
  "t_01" : -0.57157564,
  "t_12" : 0.20169795,
  "t_21" : 0.81949776,
  "timestamp" : 235498595402,
  "width" : 1024,
  "t_23" : -0.4038975,
  "blur_score" : 109.11924,
  "t_02" : -0.8081151,
  "t_10" : -0.9785669,
  "height" : 768,
  "t_20" : -0.14884746,
  "fx" : 711.7465
}