{
  "fx" : 713.2728,
  "blur_score" : 121.2243,
  "t_01" : 0.51577514,
  "timestamp" : 235455111787,
  "t_13" : 2.7492912,
  "t_10" : -0.95761836,
  "t_11" : -0.0632083,
  "cx" : 514.3491,
  "angular_velocity" : 3.4028235e+38,
  "center_depth" : 1.879614,
  "width" : 1024,
  "fy" : 713.2728,
  "manual_keyframe" : false,
  "height" : 768,
  "t_22" : 0.48065978,
  "t_03" : -1.1924288,
  "t_02" : 0.8306591,
  "cy" : 386.78433,
  "t_12" : 0.28101942,
  "t_21" : -0.85438913,
  "t_23" : 5.780197,
  "t_20" : 0.19744739,
  "t_00" : 0.20971829
}