{
  "manual_keyframe" : false,
  "angular_velocity" : 3.4028235e+38,
  "center_depth" : 1.2320431,
  "fy" : 713.3045,
  "cy" : 386.95026,
  "t_13" : 2.7099164,
  "t_22" : 0.29694948,
  "t_00" : 0.34542763,
  "cx" : 514.1417,
  "t_03" : -1.0677431,
  "t_11" : -0.097452156,
  "t_01" : 0.3635013,
  "t_12" : 0.40407234,
  "t_21" : -0.92648256,
  "timestamp" : 235454678617,
  "width" : 1024,
  "t_23" : 5.8280234,
  "blur_score" : 122.90444,
  "t_02" : 0.86518586,
  "t_10" : -0.90952104,
  "height" : 768,
  "t_20" : 0.23119506,
  "fx" : 713.3045
}