{
  "t_12" : 0.06093089,
  "cy" : 386.6912,
  "t_23" : 5.749397,
  "t_03" : -0.49447724,
  "cx" : 514.57574,
  "center_depth" : 1.3026669,
  "t_10" : -0.9946837,
  "t_02" : 0.9677358,
  "t_01" : 0.24900925,
  "fx" : 711.7862,
  "height" : 768,
  "t_21" : -0.96493673,
  "blur_score" : 123.789566,
  "t_00" : 0.038497645,
  "fy" : 711.7862,
  "t_20" : 0.095510945,
  "manual_keyframe" : false,
  "t_22" : 0.2444895,
  "t_11" : -0.083017066,
  "angular_velocity" : 3.4028235e+38,
  "width" : 1024,
  "t_13" : 2.8394582,
  "timestamp" : 235451763047
}