{
  "fx" : 712.3738,
  "blur_score" : 123.67992,
  "t_01" : -0.99586636,
  "timestamp" : 235431054161,
  "t_13" : 0.9797688,
  "t_10" : -0.9881422,
  "t_11" : -0.039078835,
  "cx" : 514.4082,
  "angular_velocity" : 3.4028235e+38,
  "center_depth" : 1.4547873,
  "width" : 1024,
  "fy" : 712.3738,
  "manual_keyframe" : false,
  "height" : 768,
  "t_22" : -0.98603934,
  "t_03" : -0.9331674,
  "t_02" : -0.0753578,
  "cy" : 387.079,
  "t_12" : -0.14848496,
  "t_21" : 0.08199359,
  "t_23" : 3.9560275,
  "t_20" : 0.14492628,
  "t_00" : 0.050708093
}