{
  "fx" : 712.971,
  "blur_score" : 139.76288,
  "t_01" : 0.5058833,
  "timestamp" : 235460076587,
  "t_13" : 2.843846,
  "cx" : 514.5998,
  "t_11" : -0.04624747,
  "t_10" : -0.9720138,
  "angular_velocity" : 3.4028235e+38,
  "center_depth" : 2.9162598,
  "width" : 1024,
  "fy" : 712.971,
  "manual_keyframe" : false,
  "height" : 768,
  "t_22" : 0.5019744,
  "cy" : 387.01257,
  "t_02" : -0.83364946,
  "t_03" : -1.4450911,
  "t_12" : 0.23032694,
  "t_21" : 0.8613614,
  "t_23" : 5.292834,
  "t_20" : 0.077964365,
  "t_00" : -0.22160979
}