{
  "t_00" : -0.018157315,
  "fx" : 711.80206,
  "t_10" : -0.9941125,
  "t_21" : -0.29259387,
  "fy" : 711.80206,
  "center_depth" : 5.54469,
  "t_13" : 2.7992353,
  "width" : 1024,
  "height" : 768,
  "t_20" : 0.106820464,
  "t_03" : -1.6047215,
  "t_11" : -0.048882797,
  "cy" : 386.83804,
  "t_23" : 4.289767,
  "cx" : 514.4983,
  "t_01" : 0.9549866,
  "t_22" : 0.95025176,
  "angular_velocity" : 3.4028235e+38,
  "blur_score" : 138.07056,
  "t_12" : 0.09669939,
  "t_02" : 0.29609293,
  "timestamp" : 235466740747,
  "manual_keyframe" : false
}