{
  "fx" : 713.0266,
  "blur_score" : 115.13052,
  "t_01" : -0.9885195,
  "timestamp" : 235431570633,
  "cx" : 514.8816,
  "t_10" : -0.99595684,
  "t_13" : 1.0551977,
  "t_11" : -0.051398456,
  "angular_velocity" : 3.4028235e+38,
  "center_depth" : 1.0946982,
  "width" : 1024,
  "fy" : 713.0266,
  "manual_keyframe" : false,
  "height" : 768,
  "t_22" : -0.9865911,
  "cy" : 386.99033,
  "t_02" : -0.145636,
  "t_03" : -0.9469382,
  "t_12" : 0.07367665,
  "t_21" : 0.14208233,
  "t_23" : 4.0780897,
  "t_20" : -0.080316275,
  "t_00" : 0.04024111
}