{
  "t_20" : -0.14219826,
  "t_02" : 0.7033711,
  "fx" : 711.7751,
  "t_21" : -0.7368464,
  "t_11" : -0.048620194,
  "t_12" : -0.26159537,
  "cx" : 514.2957,
  "center_depth" : 2.750474,
  "fy" : 711.7751,
  "cy" : 386.99677,
  "t_00" : -0.22489047,
  "angular_velocity" : 3.4028235e+38,
  "blur_score" : 131.07286,
  "width" : 1024,
  "height" : 768,
  "timestamp" : 235405163875,
  "manual_keyframe" : false,
  "t_03" : -2.2921572,
  "t_23" : 5.578135,
  "t_01" : 0.67430973,
  "t_13" : 0.20387901,
  "t_10" : -0.96395236,
  "t_22" : 0.66093665
}