{
  "t_13" : 2.4729924,
  "t_22" : 0.33133504,
  "cy" : 387.52402,
  "t_00" : -0.5496442,
  "center_depth" : 1.5418838,
  "manual_keyframe" : false,
  "angular_velocity" : 3.4028235e+38,
  "t_11" : 0.03484883,
  "t_20" : 0.3086806,
  "t_23" : -0.023165721,
  "t_02" : -0.70287937,
  "blur_score" : 52.37109,
  "cx" : 513.7882,
  "t_12" : 0.62942666,
  "t_01" : 0.45149988,
  "t_21" : 0.89159036,
  "t_03" : -1.910155,
  "t_10" : -0.77627814,
  "fy" : 712.3675,
  "width" : 1024,
  "fx" : 712.3675,
  "height" : 768,
  "timestamp" : 235494680213
}