{
  "t_01" : 0.7187534,
  "cx" : 514.1979,
  "t_12" : 0.2572246,
  "fx" : 712.115,
  "t_02" : 0.68464696,
  "t_13" : 2.7828948,
  "timestamp" : 235450613480,
  "manual_keyframe" : false,
  "t_21" : -0.6903082,
  "t_22" : 0.68197817,
  "cy" : 386.8223,
  "fy" : 712.115,
  "blur_score" : 141.15466,
  "t_00" : 0.121046215,
  "width" : 1024,
  "center_depth" : 2.8249514,
  "angular_velocity" : 3.4028235e+38,
  "t_11" : -0.08287367,
  "height" : 768,
  "t_10" : -0.96279156,
  "t_20" : 0.24162026,
  "t_23" : 5.6586056,
  "t_03" : -0.49877936
}