{
  "center_depth" : 1.5090079,
  "angular_velocity" : 3.4028235e+38,
  "t_20" : 0.1377072,
  "cx" : 514.83,
  "t_03" : -0.9715955,
  "t_10" : -0.9898291,
  "t_01" : -0.9916622,
  "t_13" : 0.20324568,
  "cy" : 387.2476,
  "t_22" : -0.9822197,
  "height" : 768,
  "fy" : 714.086,
  "t_11" : -0.01802288,
  "t_12" : -0.14111537,
  "t_21" : 0.12759846,
  "t_23" : 3.1045568,
  "t_02" : -0.1238188,
  "blur_score" : 121.2285,
  "fx" : 714.086,
  "width" : 1024,
  "t_00" : 0.03570853,
  "timestamp" : 235425822790,
  "manual_keyframe" : false
}