{
  "t_11" : -0.0688081,
  "fy" : 708.6018,
  "height" : 768,
  "t_01" : 0.971896,
  "t_23" : 2.8493412,
  "t_10" : -0.9758894,
  "manual_keyframe" : false,
  "fx" : 708.6018,
  "t_21" : 0.22513072,
  "center_depth" : 4.7823124,
  "timestamp" : 235415176787,
  "t_22" : 0.9561989,
  "t_00" : -0.112426944,
  "t_20" : 0.18708321,
  "angular_velocity" : 3.4028235e+38,
  "t_13" : 0.03300959,
  "cy" : 386.78357,
  "width" : 1024,
  "blur_score" : 87.9154,
  "cx" : 514.5426,
  "t_12" : 0.20713614,
  "t_02" : -0.20682986,
  "t_03" : -3.4838114
}