{
  "cx" : 514.38116,
  "cy" : 387.06693,
  "t_13" : 2.5815794,
  "t_23" : 1.2462122,
  "center_depth" : 2.536378,
  "t_20" : 0.45846584,
  "blur_score" : 47.396553,
  "t_03" : -2.1058,
  "t_10" : -0.88586855,
  "height" : 768,
  "width" : 1024,
  "timestamp" : 235487899437,
  "t_22" : 0.88298976,
  "manual_keyframe" : false,
  "t_02" : -0.076525636,
  "t_21" : 0.1006886,
  "t_11" : -0.027638298,
  "fx" : 711.17316,
  "t_12" : 0.4631122,
  "angular_velocity" : 3.4028235e+38,
  "t_00" : -0.071034454,
  "t_01" : 0.99453396,
  "fy" : 711.17316
}