{
  "fx" : 714.105,
  "blur_score" : 121.731445,
  "t_01" : -0.06184118,
  "timestamp" : 235442899713,
  "cx" : 514.02325,
  "t_10" : -0.95281607,
  "t_11" : -0.07050392,
  "t_13" : 2.7123017,
  "angular_velocity" : 3.4028235e+38,
  "center_depth" : 1.8275033,
  "width" : 1024,
  "fy" : 714.105,
  "manual_keyframe" : false,
  "height" : 768,
  "t_22" : -0.038389783,
  "cy" : 387.01102,
  "t_02" : -0.9546495,
  "t_03" : -0.5640003,
  "t_12" : 0.2952471,
  "t_21" : 0.99559283,
  "t_23" : 5.756084,
  "t_20" : -0.08556496,
  "t_00" : -0.29123926
}