{
  "t_00" : -0.03024606,
  "fx" : 712.62476,
  "t_10" : -0.9973819,
  "t_21" : 0.12859741,
  "fy" : 712.62476,
  "center_depth" : 3.3091629,
  "t_13" : 2.8492022,
  "width" : 1024,
  "height" : 768,
  "t_20" : 0.06568406,
  "t_03" : -0.666067,
  "t_11" : -0.021597553,
  "cy" : 387.02902,
  "t_23" : 5.7164903,
  "cx" : 514.622,
  "t_01" : 0.9914617,
  "t_22" : 0.9895193,
  "angular_velocity" : 3.4028235e+38,
  "blur_score" : 122.390396,
  "t_12" : 0.06901278,
  "t_02" : -0.12684211,
  "timestamp" : 235446248456,
  "manual_keyframe" : false
}