{
  "t_20" : 0.102045536,
  "t_02" : -0.7390732,
  "fx" : 710.5871,
  "t_21" : 0.8675557,
  "t_11" : -0.1588637,
  "cx" : 514.2401,
  "t_12" : 0.46565753,
  "center_depth" : 2.7073236,
  "fy" : 710.5871,
  "cy" : 386.6724,
  "t_00" : -0.48131216,
  "angular_velocity" : 3.4028235e+38,
  "blur_score" : 74.58118,
  "width" : 1024,
  "height" : 768,
  "timestamp" : 235475870639,
  "manual_keyframe" : false,
  "t_03" : -1.9896567,
  "t_23" : 2.9916952,
  "t_01" : 0.47128507,
  "t_13" : 2.6192076,
  "t_10" : -0.87058914,
  "t_22" : 0.48675865
}