{
  "center_depth" : 1.5821924,
  "angular_velocity" : 3.4028235e+38,
  "t_20" : -0.41735807,
  "cx" : 514.30585,
  "t_03" : -1.4973817,
  "t_13" : -0.03177868,
  "t_10" : -0.8839406,
  "t_01" : -0.81345,
  "cy" : 386.9499,
  "t_22" : -0.702575,
  "height" : 768,
  "t_12" : 0.4610322,
  "t_11" : -0.07809238,
  "fy" : 713.5427,
  "t_21" : 0.57636863,
  "t_23" : 2.179641,
  "t_02" : -0.5420682,
  "blur_score" : 69.27444,
  "fx" : 713.5427,
  "width" : 1024,
  "t_00" : -0.21085876,
  "timestamp" : 235421790971,
  "manual_keyframe" : false
}