{
  "t_13" : 2.893946,
  "t_22" : 0.97287184,
  "cy" : 386.7861,
  "t_00" : -0.030917523,
  "center_depth" : 2.4790483,
  "manual_keyframe" : false,
  "angular_velocity" : 3.4028235e+38,
  "t_11" : -0.049566936,
  "t_20" : -0.21663067,
  "t_23" : 3.6661406,
  "t_02" : -0.08996031,
  "blur_score" : 100.44063,
  "cx" : 514.656,
  "t_12" : -0.2131381,
  "t_01" : 0.9954654,
  "t_21" : 0.08119032,
  "t_03" : -1.7529683,
  "t_10" : -0.975764,
  "fy" : 712.0229,
  "width" : 1024,
  "fx" : 712.0229,
  "height" : 768,
  "timestamp" : 235468889937
}