{
  "manual_keyframe" : false,
  "angular_velocity" : 3.4028235e+38,
  "center_depth" : 1.6584442,
  "t_13" : 2.602958,
  "fy" : 714.6815,
  "cy" : 386.79,
  "t_22" : 0.70838696,
  "cx" : 513.7641,
  "t_00" : -0.21834832,
  "t_03" : -1.9608855,
  "t_11" : -0.085848525,
  "t_01" : 0.97042954,
  "t_12" : 0.6982818,
  "t_21" : 0.22560282,
  "timestamp" : 235472288656,
  "width" : 1024,
  "t_23" : 3.3792157,
  "blur_score" : 44.452297,
  "t_02" : -0.102910735,
  "t_10" : -0.71065646,
  "height" : 768,
  "t_20" : 0.6687985,
  "fx" : 714.6815
}