{
  "t_12" : 0.40207708,
  "cy" : 386.9793,
  "t_23" : 5.231658,
  "t_03" : -1.3596596,
  "cx" : 514.3762,
  "center_depth" : 2.0832908,
  "t_10" : -0.91526926,
  "t_02" : -0.8991639,
  "t_01" : 0.17788573,
  "fx" : 712.3898,
  "height" : 768,
  "t_21" : 0.98373806,
  "blur_score" : 140.13005,
  "t_00" : -0.39982626,
  "fy" : 712.3898,
  "t_20" : 0.049204722,
  "manual_keyframe" : false,
  "t_22" : 0.17273782,
  "t_11" : -0.024821999,
  "angular_velocity" : 3.4028235e+38,
  "width" : 1024,
  "t_13" : 2.7557218,
  "timestamp" : 235461092872
}