{
  "t_00" : -0.106629804,
  "fx" : 713.8779,
  "t_10" : -0.9795674,
  "t_21" : 0.54148895,
  "fy" : 713.8779,
  "center_depth" : 1.2745504,
  "t_13" : 2.1031184,
  "width" : 1024,
  "height" : 768,
  "t_20" : -0.17052212,
  "t_03" : -0.79875445,
  "t_11" : -0.0027479418,
  "cy" : 387.45093,
  "t_23" : 5.227637,
  "cx" : 514.86786,
  "t_01" : -0.84070355,
  "t_22" : -0.8232328,
  "angular_velocity" : 3.4028235e+38,
  "blur_score" : 201.39232,
  "t_12" : 0.20109738,
  "t_02" : -0.5308935,
  "timestamp" : 235438734610,
  "manual_keyframe" : false
}