{
  "t_10" : -0.9783836,
  "t_23" : 2.239089,
  "t_21" : 0.8772784,
  "t_01" : 0.47481138,
  "center_depth" : 2.4368386,
  "height" : 768,
  "manual_keyframe" : false,
  "timestamp" : 235417609208,
  "t_00" : -0.20427641,
  "t_03" : -2.9422183,
  "t_12" : 0.19449638,
  "cx" : 514.5958,
  "t_20" : 0.032200363,
  "fx" : 709.4213,
  "t_11" : -0.07026292,
  "angular_velocity" : 3.4028235e+38,
  "blur_score" : 136.01035,
  "cy" : 386.8044,
  "width" : 1024,
  "t_02" : -0.8560523,
  "t_22" : 0.4789007,
  "fy" : 709.4213,
  "t_13" : 0.025045019
}