{
  "t_12" : -0.14884561,
  "cy" : 386.6763,
  "t_23" : 0.7898267,
  "t_03" : -2.2186906,
  "cx" : 514.67725,
  "center_depth" : 3.2811701,
  "t_10" : -0.9856968,
  "t_02" : -0.2839329,
  "t_01" : 0.9582426,
  "fx" : 712.4945,
  "height" : 768,
  "t_21" : 0.2748168,
  "blur_score" : 78.38607,
  "t_00" : -0.03396082,
  "fy" : 712.4945,
  "t_20" : -0.16507158,
  "manual_keyframe" : false,
  "t_22" : 0.947221,
  "t_11" : -0.07903762,
  "angular_velocity" : 3.4028235e+38,
  "width" : 1024,
  "t_13" : 2.7430742,
  "timestamp" : 235490015306
}