{
  "t_11" : -0.026357204,
  "t_02" : -0.16113885,
  "t_00" : -0.07468407,
  "t_12" : 0.28334638,
  "t_03" : -2.000781,
  "fx" : 712.42145,
  "timestamp" : 235485267096,
  "t_10" : -0.9586554,
  "fy" : 712.42145,
  "height" : 768,
  "t_13" : 2.628422,
  "t_22" : 0.9453832,
  "center_depth" : 1.84187,
  "width" : 1024,
  "cx" : 514.4199,
  "manual_keyframe" : false,
  "t_01" : 0.98410195,
  "cy" : 387.20706,
  "t_23" : 1.9413419,
  "t_20" : 0.27459458,
  "angular_velocity" : 3.4028235e+38,
  "t_21" : 0.17563814,
  "blur_score" : 95.660324
}