{
  "center_depth" : 2.4593976,
  "angular_velocity" : 3.4028235e+38,
  "t_20" : -0.012423845,
  "cx" : 514.6316,
  "t_03" : -2.7686334,
  "t_01" : 0.30643845,
  "t_10" : -0.9772426,
  "t_13" : 0.026725866,
  "cy" : 386.84006,
  "t_22" : 0.3160801,
  "height" : 768,
  "fy" : 709.4245,
  "t_12" : 0.19707966,
  "t_11" : -0.07846305,
  "t_21" : 0.94865113,
  "t_23" : 2.1455495,
  "t_02" : -0.9280372,
  "blur_score" : 141.48491,
  "fx" : 709.4245,
  "width" : 1024,
  "t_00" : -0.21176049,
  "timestamp" : 235418109020,
  "manual_keyframe" : false
}