{
  "center_depth" : 1.141099,
  "angular_velocity" : 3.4028235e+38,
  "t_20" : -0.064961985,
  "cx" : 514.41754,
  "t_10" : -0.9973514,
  "t_03" : -0.9735894,
  "t_01" : -0.9885322,
  "t_13" : 0.2753762,
  "cy" : 386.86545,
  "t_22" : -0.9872839,
  "height" : 768,
  "fy" : 714.1447,
  "t_12" : 0.059470583,
  "t_11" : -0.041874997,
  "t_21" : 0.14508855,
  "t_23" : 3.2412384,
  "t_02" : -0.1474246,
  "blur_score" : 109.80884,
  "fx" : 714.1447,
  "width" : 1024,
  "t_00" : 0.03271401,
  "timestamp" : 235426505867,
  "manual_keyframe" : false
}