{
  "fx" : 711.41614,
  "blur_score" : 193.08736,
  "t_01" : 0.954273,
  "timestamp" : 235448947440,
  "t_13" : 2.6473048,
  "t_10" : -0.6825533,
  "t_11" : -0.092942156,
  "cx" : 513.6357,
  "angular_velocity" : 3.4028235e+38,
  "center_depth" : 3.4019752,
  "width" : 1024,
  "fy" : 711.41614,
  "manual_keyframe" : false,
  "height" : 768,
  "t_22" : 0.63770854,
  "t_03" : -0.5923176,
  "t_02" : 0.2604711,
  "cy" : 386.7622,
  "t_12" : 0.724902,
  "t_21" : -0.2841213,
  "t_23" : 5.5122833,
  "t_20" : 0.7159631,
  "t_00" : 0.14669009
}