{
  "t_20" : 0.15151905,
  "t_02" : -0.68865037,
  "fx" : 710.5855,
  "t_21" : 0.78533614,
  "t_11" : -0.13663931,
  "t_12" : 0.40678185,
  "cx" : 514.37054,
  "center_depth" : 2.8876781,
  "fy" : 710.5855,
  "cy" : 386.7051,
  "t_00" : -0.401477,
  "angular_velocity" : 3.4028235e+38,
  "blur_score" : 82.51548,
  "width" : 1024,
  "height" : 768,
  "timestamp" : 235475637394,
  "manual_keyframe" : false,
  "t_03" : -1.9640813,
  "t_23" : 2.9719925,
  "t_01" : 0.6038022,
  "t_13" : 2.660081,
  "t_10" : -0.9032487,
  "t_22" : 0.6002411
}