{
  "manual_keyframe" : false,
  "angular_velocity" : 3.4028235e+38,
  "center_depth" : 1.0923518,
  "t_13" : 2.6375022,
  "cy" : 386.62485,
  "fy" : 715.32477,
  "t_22" : 0.7228506,
  "t_00" : -0.32722405,
  "cx" : 513.86414,
  "t_03" : -1.9264582,
  "t_11" : -0.086782016,
  "t_01" : 0.9051031,
  "t_12" : 0.63543224,
  "t_21" : 0.41624206,
  "timestamp" : 235471988769,
  "width" : 1024,
  "t_23" : 3.439504,
  "blur_score" : 73.105415,
  "t_02" : -0.2715014,
  "t_10" : -0.76726454,
  "height" : 768,
  "t_20" : 0.55157024,
  "fx" : 715.32477
}