{
  "t_22" : -0.41210327,
  "manual_keyframe" : false,
  "fy" : 715.29456,
  "t_10" : -0.8028807,
  "t_11" : -0.010733836,
  "t_21" : -0.8622609,
  "t_23" : 6.0961986,
  "height" : 768,
  "width" : 1024,
  "t_13" : -0.12289985,
  "t_01" : -0.50635064,
  "t_12" : 0.596043,
  "t_00" : 0.51836807,
  "cy" : 387.287,
  "blur_score" : 183.08667,
  "t_20" : -0.29440972,
  "center_depth" : 0.6517185,
  "timestamp" : 235400782184,
  "t_02" : 0.6891325,
  "t_03" : -1.7836682,
  "angular_velocity" : 3.4028235e+38,
  "fx" : 715.29456,
  "cx" : 513.93475
}