{
  "center_depth" : 1.5688645,
  "angular_velocity" : 3.4028235e+38,
  "t_20" : -0.15813015,
  "cx" : 514.54895,
  "t_03" : -2.0631204,
  "t_01" : -0.25599977,
  "t_13" : 0.010819147,
  "t_10" : -0.9622353,
  "cy" : 386.72195,
  "t_22" : -0.2243794,
  "height" : 768,
  "t_12" : 0.2535508,
  "t_11" : -0.09907253,
  "fy" : 711.17633,
  "t_21" : 0.9615867,
  "t_23" : 2.12565,
  "t_02" : -0.94093907,
  "blur_score" : 93.68509,
  "fx" : 711.17633,
  "width" : 1024,
  "t_00" : -0.22158125,
  "timestamp" : 235419925005,
  "manual_keyframe" : false
}