{
  "t_22" : -0.49147063,
  "manual_keyframe" : false,
  "fy" : 714.46075,
  "t_10" : -0.7758044,
  "t_11" : -0.0032423073,
  "t_21" : -0.7754126,
  "t_23" : 6.178866,
  "height" : 768,
  "width" : 1024,
  "t_01" : -0.6314467,
  "t_13" : -0.13811253,
  "t_12" : 0.6309653,
  "t_00" : 0.49085194,
  "cy" : 387.23514,
  "blur_score" : 223.80856,
  "t_20" : -0.3964747,
  "center_depth" : 0.9032305,
  "timestamp" : 235400482296,
  "t_02" : 0.60028297,
  "t_03" : -1.7009991,
  "angular_velocity" : 3.4028235e+38,
  "fx" : 714.46075,
  "cx" : 514.0355
}