{
  "manual_keyframe" : false,
  "angular_velocity" : 3.4028235e+38,
  "center_depth" : 1.3568231,
  "fy" : 712.01495,
  "cy" : 386.9567,
  "t_13" : 2.6367154,
  "t_22" : -0.86485916,
  "cx" : 514.4481,
  "t_00" : -0.0905708,
  "t_03" : -1.2158288,
  "t_11" : -0.034600332,
  "t_01" : -0.95748127,
  "t_12" : 0.42070457,
  "t_21" : 0.28641284,
  "timestamp" : 235499861590,
  "width" : 1024,
  "t_23" : -0.49208492,
  "blur_score" : 127.05391,
  "t_02" : -0.2739096,
  "t_10" : -0.9065376,
  "height" : 768,
  "t_20" : -0.41229415,
  "fx" : 712.01495
}