{
  "t_23" : -0.44205555,
  "t_10" : -0.9116283,
  "cx" : 514.2197,
  "cy" : 387.05176,
  "fx" : 712.0578,
  "t_01" : 0.24280696,
  "fy" : 712.0578,
  "t_00" : -0.40777838,
  "t_13" : 2.607719,
  "timestamp" : 235496762761,
  "t_11" : -0.053909626,
  "angular_velocity" : 3.4028235e+38,
  "blur_score" : 86.588524,
  "t_21" : 0.9685755,
  "t_20" : 0.051483717,
  "t_02" : -0.88020545,
  "height" : 768,
  "manual_keyframe" : false,
  "t_12" : 0.40746474,
  "t_03" : -1.5241685,
  "center_depth" : 2.1889117,
  "t_22" : 0.2433329,
  "width" : 1024
}