{
  "center_depth" : 1.6066116,
  "angular_velocity" : 3.4028235e+38,
  "t_20" : 0.46448055,
  "cx" : 514.29816,
  "t_03" : -2.163325,
  "t_13" : 2.536889,
  "t_10" : -0.87578464,
  "t_01" : 0.9512485,
  "cy" : 387.26395,
  "t_22" : 0.83039314,
  "height" : 768,
  "fy" : 712.971,
  "t_11" : 0.020519169,
  "t_12" : 0.4822659,
  "t_21" : 0.3077424,
  "t_23" : 0.058563422,
  "t_02" : -0.27904683,
  "blur_score" : 39.22285,
  "fx" : 712.971,
  "width" : 1024,
  "t_00" : -0.13137469,
  "timestamp" : 235493430684,
  "manual_keyframe" : false
}