{
  "center_depth" : 1.4018433,
  "angular_velocity" : 3.4028235e+38,
  "t_20" : -0.34755543,
  "cx" : 514.2292,
  "t_10" : -0.9365736,
  "t_03" : -1.2193657,
  "t_01" : -0.9617711,
  "t_13" : -0.0042912164,
  "cy" : 387.02646,
  "t_22" : -0.89836246,
  "height" : 768,
  "fy" : 712.9059,
  "t_12" : 0.34638676,
  "t_11" : -0.053350467,
  "t_21" : 0.268608,
  "t_23" : 2.3671918,
  "t_02" : -0.2701134,
  "blur_score" : 83.829666,
  "fx" : 712.9059,
  "width" : 1024,
  "t_00" : -0.0451142,
  "timestamp" : 235423073822,
  "manual_keyframe" : false
}