{
  "t_10" : -0.95868874,
  "t_23" : 2.1079476,
  "t_21" : 0.9827728,
  "t_01" : 0.16610625,
  "center_depth" : 3.8156083,
  "height" : 768,
  "manual_keyframe" : false,
  "timestamp" : 235418642153,
  "t_00" : -0.28273448,
  "t_03" : -2.5822792,
  "t_12" : 0.27267134,
  "cx" : 514.51337,
  "t_20" : -0.03125942,
  "fx" : 709.739,
  "t_11" : -0.08103241,
  "angular_velocity" : 3.4028235e+38,
  "blur_score" : 140.28815,
  "cy" : 386.90253,
  "width" : 1024,
  "t_02" : -0.94470644,
  "t_22" : 0.18215486,
  "fy" : 709.739,
  "t_13" : -0.006739701
}