{
  "t_13" : 2.7026021,
  "t_12" : 0.043260057,
  "t_01" : -0.4945022,
  "fx" : 710.5711,
  "cx" : 514.6288,
  "t_02" : -0.8691483,
  "timestamp" : 235481285264,
  "manual_keyframe" : false,
  "t_21" : 0.86696845,
  "t_22" : -0.49265614,
  "cy" : 386.79373,
  "fy" : 710.5711,
  "blur_score" : 160.80757,
  "t_00" : -0.0070030633,
  "width" : 1024,
  "center_depth" : 3.3954446,
  "angular_velocity" : 3.4028235e+38,
  "t_11" : -0.061913457,
  "height" : 768,
  "t_10" : -0.9971436,
  "t_20" : -0.075204164,
  "t_23" : 3.164624,
  "t_03" : -1.9200934
}