{
  "t_13" : 2.4980361,
  "t_22" : 0.28887752,
  "cy" : 387.35562,
  "t_00" : -0.5394481,
  "center_depth" : 1.4187933,
  "manual_keyframe" : false,
  "angular_velocity" : 3.4028235e+38,
  "t_11" : 0.0016689418,
  "t_20" : 0.20627974,
  "t_23" : -0.037726723,
  "t_02" : -0.7635426,
  "blur_score" : 66.38829,
  "cx" : 513.84937,
  "t_12" : 0.5775402,
  "t_01" : 0.35496303,
  "t_21" : 0.93487895,
  "t_03" : -1.827863,
  "t_10" : -0.8163606,
  "fy" : 712.7391,
  "width" : 1024,
  "fx" : 712.7391,
  "height" : 768,
  "timestamp" : 235494880138
}