{
  "t_21" : 0.68040264,
  "angular_velocity" : 3.4028235e+38,
  "t_03" : -2.0267062,
  "t_20" : -0.46790618,
  "cy" : 386.8392,
  "t_02" : -0.5730201,
  "t_12" : 0.59458554,
  "fx" : 716.1919,
  "t_01" : -0.7304938,
  "t_22" : -0.56401795,
  "t_00" : -0.37151977,
  "t_13" : 2.5098493,
  "center_depth" : 1.0658358,
  "cx" : 513.85834,
  "width" : 1024,
  "manual_keyframe" : false,
  "blur_score" : 111.984215,
  "t_23" : 3.107911,
  "t_11" : -0.058575794,
  "timestamp" : 235477353413,
  "t_10" : -0.801896,
  "height" : 768,
  "fy" : 716.1919
}