{
  "t_03" : -1.9092369,
  "t_02" : 0.1678091,
  "t_11" : -0.09030701,
  "t_12" : 0.51822704,
  "fx" : 712.92816,
  "t_00" : -0.002425676,
  "timestamp" : 235473554846,
  "t_10" : -0.8504618,
  "fy" : 712.92816,
  "height" : 768,
  "t_13" : 2.6515937,
  "t_22" : 0.8386184,
  "center_depth" : 2.5419443,
  "width" : 1024,
  "cx" : 513.5322,
  "manual_keyframe" : false,
  "t_01" : 0.9858165,
  "cy" : 386.7658,
  "t_23" : 3.213263,
  "t_20" : 0.5260312,
  "angular_velocity" : 3.4028235e+38,
  "t_21" : -0.14145815,
  "blur_score" : 85.61709
}