{
  "t_12" : 0.03840898,
  "cy" : 387.04044,
  "t_23" : 5.7630715,
  "t_03" : -0.7928538,
  "cx" : 514.6735,
  "center_depth" : 2.5297048,
  "t_10" : -0.99875844,
  "t_02" : -0.59540904,
  "t_01" : 0.80196536,
  "fx" : 715.26605,
  "height" : 768,
  "t_21" : 0.5965276,
  "blur_score" : 142.20364,
  "t_00" : -0.04837061,
  "fy" : 715.26605,
  "t_20" : 0.011913953,
  "manual_keyframe" : false,
  "t_22" : 0.80250424,
  "t_11" : -0.03172393,
  "angular_velocity" : 3.4028235e+38,
  "width" : 1024,
  "t_13" : 2.8550155,
  "timestamp" : 235445115548
}