{
  "t_11" : -0.03833708,
  "fy" : 711.4622,
  "height" : 768,
  "t_01" : 0.99925464,
  "t_23" : 5.051324,
  "t_10" : -0.9781095,
  "manual_keyframe" : false,
  "fx" : 711.4622,
  "t_21" : -0.0045070355,
  "center_depth" : 6.8048882,
  "timestamp" : 235408695884,
  "t_22" : 0.97878385,
  "t_00" : -0.036601894,
  "t_20" : 0.20484637,
  "angular_velocity" : 3.4028235e+38,
  "t_13" : 0.0340141,
  "cy" : 387.10355,
  "width" : 1024,
  "blur_score" : 117.543175,
  "cx" : 514.45544,
  "t_02" : 0.012261604,
  "t_12" : 0.2045287,
  "t_03" : -3.390057
}