{
  "fx" : 711.7386,
  "blur_score" : 245.52333,
  "t_01" : 0.9630973,
  "timestamp" : 235464474932,
  "cx" : 514.46814,
  "t_10" : -0.94404066,
  "t_11" : -0.07533275,
  "t_13" : 2.73019,
  "angular_velocity" : 3.4028235e+38,
  "center_depth" : 1.7381064,
  "width" : 1024,
  "fy" : 711.7386,
  "manual_keyframe" : false,
  "height" : 768,
  "t_22" : 0.9206786,
  "t_03" : -1.5552576,
  "t_02" : -0.22189854,
  "cy" : 386.74664,
  "t_12" : 0.32111102,
  "t_21" : 0.25839645,
  "t_23" : 4.8476043,
  "t_20" : 0.29254493,
  "t_00" : -0.15233117
}