{
  "t_22" : -0.2543785,
  "manual_keyframe" : false,
  "fy" : 717.04004,
  "t_10" : -0.99165297,
  "t_11" : -0.057931278,
  "t_21" : -0.96672976,
  "t_23" : 5.7575336,
  "height" : 768,
  "width" : 1024,
  "t_01" : -0.2491535,
  "t_13" : 0.07751774,
  "cy" : 386.79324,
  "t_00" : 0.12609212,
  "t_12" : 0.11518796,
  "blur_score" : 125.57599,
  "t_20" : 0.02692732,
  "center_depth" : 2.7677114,
  "timestamp" : 235402598170,
  "t_02" : 0.9602205,
  "t_03" : -1.8915029,
  "angular_velocity" : 3.4028235e+38,
  "fx" : 717.04004,
  "cx" : 514.4668
}