{
  "t_01" : 0.9949114,
  "width" : 1024,
  "height" : 768,
  "t_03" : -1.6203396,
  "fx" : 712.0832,
  "t_02" : -0.06996566,
  "t_12" : 0.37257695,
  "manual_keyframe" : false,
  "t_21" : 0.091875695,
  "t_00" : -0.072500356,
  "t_13" : 2.7115278,
  "t_23" : 4.8029537,
  "blur_score" : 116.508446,
  "t_11" : -0.041356433,
  "fy" : 712.0832,
  "t_22" : 0.92536014,
  "cy" : 386.91196,
  "t_20" : 0.36778754,
  "center_depth" : 2.0156295,
  "angular_velocity" : 3.4028235e+38,
  "cx" : 514.4666,
  "t_10" : -0.9270794,
  "timestamp" : 235464791480
}