{
  "t_13" : 2.8467484,
  "t_10" : -0.99540526,
  "t_11" : -0.09344283,
  "t_01" : 0.42626598,
  "cx" : 514.5249,
  "width" : 1024,
  "t_03" : -0.55155826,
  "t_12" : 0.02090327,
  "height" : 768,
  "timestamp" : 235443782715,
  "manual_keyframe" : false,
  "t_02" : -0.9026738,
  "t_20" : -0.07543803,
  "t_00" : -0.0589713,
  "angular_velocity" : 3.4028235e+38,
  "blur_score" : 162.00903,
  "cy" : 386.6864,
  "fy" : 713.6349,
  "t_21" : 0.8997588,
  "t_22" : 0.42981786,
  "t_23" : 5.8634634,
  "center_depth" : 1.464871,
  "fx" : 713.6349
}