{
  "t_11" : -0.035741985,
  "fy" : 711.521,
  "height" : 768,
  "t_01" : 0.98300564,
  "t_23" : 5.24611,
  "t_10" : -0.9002093,
  "manual_keyframe" : false,
  "fx" : 711.521,
  "t_21" : -0.18006259,
  "center_depth" : 2.972706,
  "timestamp" : 235407529655,
  "t_22" : 0.8832462,
  "t_00" : 0.046576075,
  "t_20" : 0.4329595,
  "angular_velocity" : 3.4028235e+38,
  "t_13" : -0.078031056,
  "cy" : 386.7638,
  "width" : 1024,
  "blur_score" : 107.102844,
  "cx" : 514.45404,
  "t_02" : 0.17756887,
  "t_12" : 0.43398818,
  "t_03" : -3.0440705
}