{
  "manual_keyframe" : false,
  "angular_velocity" : 3.4028235e+38,
  "center_depth" : 2.0381758,
  "t_13" : 2.7175832,
  "fy" : 711.7401,
  "cy" : 386.8926,
  "t_22" : -0.4122452,
  "cx" : 514.6071,
  "t_00" : -0.118600376,
  "t_03" : -1.2136173,
  "t_11" : -0.04950179,
  "t_01" : -0.42367542,
  "t_12" : 0.15369077,
  "t_21" : 0.9044605,
  "timestamp" : 235498362157,
  "width" : 1024,
  "t_23" : -0.3976632,
  "blur_score" : 90.24689,
  "t_02" : -0.8980164,
  "t_10" : -0.98687834,
  "height" : 768,
  "t_20" : -0.10956843,
  "fx" : 711.7401
}