{
  "t_22" : -0.38538855,
  "manual_keyframe" : false,
  "fy" : 718.52026,
  "t_10" : -0.9234422,
  "t_11" : -0.0608341,
  "t_21" : -0.9175703,
  "t_23" : 5.8573675,
  "height" : 768,
  "width" : 1024,
  "t_01" : -0.39289212,
  "t_13" : -0.02188823,
  "cy" : 387.17715,
  "t_00" : 0.37109834,
  "t_12" : 0.37888497,
  "blur_score" : 111.70291,
  "t_20" : -0.097676225,
  "center_depth" : 1.0099887,
  "timestamp" : 235402065036,
  "t_02" : 0.8413811,
  "t_03" : -1.8747867,
  "angular_velocity" : 3.4028235e+38,
  "fx" : 718.52026,
  "cx" : 514.2042
}