{
  "t_13" : 2.6764524,
  "t_10" : -0.7461031,
  "t_11" : -0.07737813,
  "t_01" : 0.9742644,
  "cx" : 513.9305,
  "width" : 1024,
  "t_03" : -0.5964142,
  "t_12" : 0.661319,
  "height" : 768,
  "timestamp" : 235448547591,
  "manual_keyframe" : false,
  "t_02" : 0.2090647,
  "t_20" : 0.6604766,
  "t_00" : 0.08426677,
  "angular_velocity" : 3.4028235e+38,
  "blur_score" : 178.74005,
  "cy" : 386.84543,
  "fy" : 711.51935,
  "t_21" : -0.211711,
  "t_22" : 0.72038126,
  "t_23" : 5.461404,
  "center_depth" : 5.133937,
  "fx" : 711.51935
}