{
  "fx" : 713.8715,
  "t_00" : 0.074929126,
  "t_10" : -0.6684028,
  "t_21" : -0.2032874,
  "fy" : 713.8715,
  "center_depth" : 1.6818386,
  "t_13" : 2.5763142,
  "width" : 1024,
  "height" : 768,
  "t_20" : 0.7400158,
  "t_03" : -1.9838538,
  "t_11" : -0.11608085,
  "cy" : 386.80847,
  "t_23" : 3.2736225,
  "cx" : 513.3098,
  "t_01" : 0.9722137,
  "t_22" : 0.6411326,
  "angular_velocity" : 3.4028235e+38,
  "blur_score" : 86.99065,
  "t_12" : 0.73468554,
  "t_02" : 0.22177956,
  "timestamp" : 235472988393,
  "manual_keyframe" : false
}