{
  "manual_keyframe" : false,
  "angular_velocity" : 3.4028235e+38,
  "center_depth" : 0.81065637,
  "cy" : 386.7857,
  "t_13" : 2.691206,
  "fy" : 713.8636,
  "t_22" : 0.64787847,
  "t_00" : -0.41857803,
  "cx" : 514.21136,
  "t_03" : -1.8267052,
  "t_11" : -0.077609845,
  "t_01" : 0.7417393,
  "t_12" : 0.5528457,
  "t_21" : 0.6661828,
  "timestamp" : 235471055787,
  "width" : 1024,
  "t_23" : 3.5305722,
  "blur_score" : 127.09912,
  "t_02" : -0.52403754,
  "t_10" : -0.82966167,
  "height" : 768,
  "t_20" : 0.36939695,
  "fx" : 713.8636
}