{
  "t_13" : 2.7699594,
  "t_22" : -0.054403953,
  "t_00" : -0.3311488,
  "cy" : 387.10275,
  "center_depth" : 2.5580168,
  "manual_keyframe" : false,
  "angular_velocity" : 3.4028235e+38,
  "t_11" : -0.015236429,
  "t_20" : -0.035319492,
  "t_23" : 5.214006,
  "t_02" : -0.9414698,
  "blur_score" : 156.57805,
  "cx" : 514.43195,
  "t_12" : 0.33267826,
  "t_01" : -0.06304844,
  "t_21" : 0.9978941,
  "t_03" : -1.3323658,
  "t_10" : -0.9429172,
  "fy" : 712.7026,
  "width" : 1024,
  "fx" : 712.7026,
  "height" : 768,
  "timestamp" : 235461492721
}