{
  "t_13" : 2.7567148,
  "cx" : 514.5569,
  "t_12" : 0.23233949,
  "fx" : 711.729,
  "t_02" : -0.54967517,
  "t_01" : 0.8114977,
  "timestamp" : 235464041762,
  "manual_keyframe" : false,
  "t_21" : 0.5789197,
  "t_22" : 0.8024187,
  "cy" : 386.81223,
  "fy" : 711.729,
  "blur_score" : 172.91124,
  "t_00" : -0.19831525,
  "width" : 1024,
  "center_depth" : 2.922264,
  "angular_velocity" : 3.4028235e+38,
  "t_11" : -0.079521224,
  "height" : 768,
  "t_10" : -0.96937853,
  "t_20" : 0.14483209,
  "t_23" : 4.923154,
  "t_03" : -1.4425905
}