{
  "t_10" : -0.9476841,
  "t_23" : 0.6919119,
  "t_21" : 0.39861864,
  "t_01" : 0.90924007,
  "center_depth" : 2.2230594,
  "height" : 768,
  "manual_keyframe" : false,
  "timestamp" : 235490465136,
  "t_00" : 0.014782234,
  "t_03" : -2.2179499,
  "t_12" : -0.29581946,
  "cx" : 514.5973,
  "t_20" : -0.3188674,
  "fx" : 712.3898,
  "t_11" : -0.119940646,
  "angular_velocity" : 3.4028235e+38,
  "blur_score" : 74.17554,
  "cy" : 386.7141,
  "width" : 1024,
  "t_02" : -0.41600972,
  "t_22" : 0.8598994,
  "fy" : 712.3898,
  "t_13" : 2.7752903
}