{
  "t_11" : -0.0937812,
  "t_02" : -0.38306043,
  "t_00" : -0.21677503,
  "t_12" : 0.31469205,
  "t_03" : -1.755019,
  "fx" : 713.29504,
  "timestamp" : 235470206108,
  "t_10" : -0.9445496,
  "fy" : 713.29504,
  "height" : 768,
  "t_13" : 2.7916992,
  "t_22" : 0.8684662,
  "center_depth" : 2.535087,
  "width" : 1024,
  "cx" : 514.5136,
  "manual_keyframe" : false,
  "t_01" : 0.89792717,
  "cy" : 386.64188,
  "t_23" : 3.4715211,
  "t_20" : 0.24664675,
  "angular_velocity" : 3.4028235e+38,
  "t_21" : 0.43003693,
  "blur_score" : 60.703194
}