{
  "t_01" : 0.8454295,
  "width" : 1024,
  "height" : 768,
  "t_03" : -1.7914007,
  "fx" : 712.68036,
  "t_12" : 0.44173166,
  "t_02" : -0.43435684,
  "manual_keyframe" : false,
  "t_21" : 0.5244975,
  "t_13" : 2.740557,
  "t_00" : -0.31077856,
  "t_23" : 3.4839687,
  "blur_score" : 84.51809,
  "fy" : 712.68036,
  "t_11" : -0.10075482,
  "t_22" : 0.7849889,
  "cy" : 386.7287,
  "t_20" : 0.3296894,
  "center_depth" : 2.8810961,
  "angular_velocity" : 3.4028235e+38,
  "cx" : 514.3866,
  "t_10" : -0.8914717,
  "timestamp" : 235470522655
}