{
  "t_11" : -0.074998885,
  "fy" : 710.9412,
  "height" : 768,
  "t_01" : 0.94915414,
  "t_23" : 5.38644,
  "t_10" : -0.923538,
  "manual_keyframe" : false,
  "fx" : 710.9412,
  "t_21" : -0.30574775,
  "center_depth" : 3.4523935,
  "timestamp" : 235406829917,
  "t_22" : 0.87286544,
  "t_00" : 0.049528427,
  "t_20" : 0.38029534,
  "angular_velocity" : 3.4028235e+38,
  "t_13" : -0.040289693,
  "cy" : 387.14948,
  "width" : 1024,
  "blur_score" : 105.46957,
  "cx" : 514.46735,
  "t_02" : 0.31089145,
  "t_12" : 0.37610203,
  "t_03" : -2.8361511
}