{
  "t_12" : 0.45816928,
  "cy" : 387.16104,
  "t_23" : 5.886172,
  "t_03" : -0.6119112,
  "cx" : 514.4711,
  "center_depth" : 2.2687387,
  "t_10" : -0.88846815,
  "t_02" : 0.8713873,
  "t_01" : -0.18382165,
  "fx" : 712.4406,
  "height" : 768,
  "t_21" : -0.98260075,
  "blur_score" : 129.92677,
  "t_00" : 0.45485616,
  "fy" : 712.4406,
  "t_20" : -0.061077118,
  "manual_keyframe" : false,
  "t_22" : -0.1754008,
  "t_11" : -0.0265603,
  "angular_velocity" : 3.4028235e+38,
  "width" : 1024,
  "t_13" : 2.6899438,
  "timestamp" : 235453395766
}