{
  "fx" : 713.8524,
  "blur_score" : 146.49832,
  "t_01" : 0.57822144,
  "timestamp" : 235444149244,
  "cx" : 514.5724,
  "t_10" : -0.99717593,
  "t_11" : -0.07486162,
  "t_13" : 2.8626163,
  "angular_velocity" : 3.4028235e+38,
  "center_depth" : 1.5560673,
  "width" : 1024,
  "fy" : 713.8524,
  "manual_keyframe" : false,
  "height" : 768,
  "t_22" : 0.5802049,
  "t_03" : -0.59132993,
  "t_02" : -0.8144486,
  "cy" : 386.55954,
  "t_12" : 0.005997359,
  "t_21" : 0.8124382,
  "t_23" : 5.8445106,
  "t_20" : -0.057503145,
  "t_00" : -0.04830757
}