{
  "t_22" : 0.9674889,
  "manual_keyframe" : false,
  "fy" : 709.76764,
  "t_10" : -0.998705,
  "t_11" : -0.02549413,
  "t_21" : -0.24812526,
  "t_23" : 4.2479615,
  "height" : 768,
  "width" : 1024,
  "t_01" : 0.96839255,
  "t_13" : 0.07640944,
  "t_12" : 0.044026885,
  "t_00" : -0.013741102,
  "cy" : 386.92004,
  "blur_score" : 82.9708,
  "t_20" : 0.04898469,
  "center_depth" : 7.303858,
  "timestamp" : 235410945041,
  "t_02" : 0.24905281,
  "t_03" : -3.4434423,
  "angular_velocity" : 3.4028235e+38,
  "fx" : 709.76764,
  "cx" : 514.7083
}