{
  "t_10" : -0.9943166,
  "t_23" : 1.6571048,
  "t_21" : -0.17064317,
  "t_01" : 0.981025,
  "center_depth" : 2.7519712,
  "height" : 768,
  "manual_keyframe" : false,
  "timestamp" : 235486283380,
  "t_00" : -0.08133594,
  "t_03" : -2.030496,
  "t_12" : 0.053512327,
  "cx" : 514.59576,
  "t_20" : 0.068695255,
  "fx" : 712.06415,
  "t_11" : -0.09203803,
  "angular_velocity" : 3.4028235e+38,
  "blur_score" : 77.18861,
  "cy" : 386.9459,
  "width" : 1024,
  "t_02" : 0.17599593,
  "t_22" : 0.9829355,
  "fy" : 712.06415,
  "t_13" : 2.7063694
}