{
  "t_10" : -0.9497848,
  "t_23" : 2.1091328,
  "t_21" : 0.8699965,
  "t_01" : -0.47933927,
  "center_depth" : 1.597823,
  "height" : 768,
  "manual_keyframe" : false,
  "timestamp" : 235420341515,
  "t_00" : -0.20312789,
  "t_03" : -1.91091,
  "t_12" : 0.29080728,
  "cx" : 514.5353,
  "t_20" : -0.23800842,
  "fx" : 712.3532,
  "t_11" : -0.11549914,
  "angular_velocity" : 3.4028235e+38,
  "blur_score" : 70.09122,
  "cy" : 386.83014,
  "width" : 1024,
  "t_02" : -0.8537993,
  "t_22" : -0.43180814,
  "fy" : 712.3532,
  "t_13" : 0.014087058
}