{
  "t_12" : 0.14666453,
  "cy" : 386.72668,
  "t_23" : 3.044967,
  "cx" : 514.57635,
  "t_03" : -1.9142315,
  "center_depth" : 2.011918,
  "t_10" : -0.987814,
  "t_02" : -0.9575002,
  "t_01" : -0.25820288,
  "fx" : 710.9365,
  "height" : 768,
  "t_21" : 0.9646856,
  "blur_score" : 76.67217,
  "t_00" : -0.1285491,
  "fy" : 710.9365,
  "t_20" : -0.087741435,
  "manual_keyframe" : false,
  "t_22" : -0.24836086,
  "t_11" : -0.05208586,
  "angular_velocity" : 3.4028235e+38,
  "width" : 1024,
  "t_13" : 2.670528,
  "timestamp" : 235481668453
}