{
  "cx" : 514.5335,
  "cy" : 386.8726,
  "t_13" : 2.7711875,
  "t_23" : 5.8697987,
  "center_depth" : 1.798122,
  "t_20" : -0.011450991,
  "blur_score" : 141.30127,
  "t_03" : -0.5478521,
  "t_10" : -0.96548814,
  "height" : 768,
  "width" : 1024,
  "timestamp" : 235452812652,
  "t_22" : -0.16564694,
  "manual_keyframe" : false,
  "t_02" : 0.9517172,
  "t_21" : -0.9861187,
  "t_11" : -0.03220246,
  "fx" : 712.3389,
  "t_12" : 0.25844875,
  "angular_velocity" : 3.4028235e+38,
  "fy" : 712.3389,
  "t_01" : -0.16288967,
  "t_00" : 0.2601954
}