{
  "t_11" : -0.033526137,
  "t_02" : -0.9786722,
  "t_03" : -1.3944978,
  "t_12" : 0.17094189,
  "fx" : 712.4008,
  "t_00" : -0.1657624,
  "timestamp" : 235462409043,
  "fy" : 712.4008,
  "t_10" : -0.9847105,
  "height" : 768,
  "t_13" : 2.8086135,
  "t_22" : -0.11392844,
  "center_depth" : 2.6128035,
  "width" : 1024,
  "cx" : 514.46326,
  "manual_keyframe" : false,
  "t_01" : -0.12134103,
  "cy" : 387.10062,
  "t_23" : 5.1506815,
  "t_20" : -0.053553373,
  "angular_velocity" : 3.4028235e+38,
  "t_21" : 0.9920445,
  "blur_score" : 187.2341
}