{
  "center_depth" : 1.3200202,
  "t_22" : -0.99153167,
  "t_21" : 0.12617037,
  "t_23" : 3.008775,
  "angular_velocity" : 3.4028235e+38,
  "t_02" : -0.12617941,
  "t_00" : 0.0016555897,
  "t_20" : 0.030762298,
  "cx" : 514.7602,
  "t_13" : 0.12355767,
  "t_12" : -0.03072527,
  "cy" : 387.19305,
  "blur_score" : 115.65844,
  "fy" : 714.1352,
  "t_11" : 0.0022399987,
  "height" : 768,
  "timestamp" : 235425472922,
  "t_03" : -0.9588315,
  "manual_keyframe" : false,
  "t_01" : -0.9920061,
  "t_10" : -0.99952537,
  "fx" : 714.1352,
  "width" : 1024
}