{
  "t_22" : 0.9308662,
  "manual_keyframe" : false,
  "fy" : 709.4547,
  "t_10" : -0.99121845,
  "t_11" : -0.037119072,
  "t_21" : -0.34070185,
  "t_23" : 4.037834,
  "height" : 768,
  "width" : 1024,
  "t_13" : 0.05249894,
  "t_01" : 0.9394384,
  "t_12" : 0.12691802,
  "t_00" : 0.008688318,
  "cy" : 386.97803,
  "blur_score" : 98.9753,
  "t_20" : 0.13194895,
  "center_depth" : 4.1919756,
  "timestamp" : 235411511495,
  "t_02" : 0.34260783,
  "t_03" : -3.478415,
  "angular_velocity" : 3.4028235e+38,
  "fx" : 709.4547,
  "cx" : 514.6018
}