{
  "t_10" : -0.8658341,
  "t_13" : 2.607624,
  "t_11" : -0.011126215,
  "t_01" : -0.17200777,
  "cx" : 514.13745,
  "width" : 1024,
  "t_03" : -0.5809627,
  "t_12" : 0.5002076,
  "height" : 768,
  "timestamp" : 235442599826,
  "manual_keyframe" : false,
  "t_02" : -0.85393804,
  "t_20" : -0.0955407,
  "t_00" : -0.4911247,
  "angular_velocity" : 3.4028235e+38,
  "blur_score" : 81.37828,
  "cy" : 387.10724,
  "fy" : 714.45605,
  "t_21" : 0.98503286,
  "t_22" : -0.14346585,
  "t_23" : 5.7384124,
  "center_depth" : 2.046326,
  "fx" : 714.45605
}