{
  "t_11" : -0.021214535,
  "fy" : 712.0229,
  "height" : 768,
  "t_01" : 0.99198985,
  "t_23" : 5.1549335,
  "t_10" : -0.9485363,
  "manual_keyframe" : false,
  "fx" : 712.0229,
  "t_21" : -0.124522746,
  "center_depth" : 4.3382854,
  "timestamp" : 235408046128,
  "t_22" : 0.94052714,
  "t_00" : 0.019391008,
  "t_20" : 0.31607428,
  "angular_velocity" : 3.4028235e+38,
  "t_13" : -0.011761854,
  "cy" : 387.0814,
  "width" : 1024,
  "blur_score" : 100.75713,
  "cx" : 514.3217,
  "t_02" : 0.124819726,
  "t_12" : 0.3159571,
  "t_03" : -3.2180462
}