{
  "t_11" : -0.07194209,
  "fy" : 710.8841,
  "height" : 768,
  "t_01" : 0.9918582,
  "t_23" : 4.6349955,
  "t_10" : -0.9962511,
  "manual_keyframe" : false,
  "fx" : 710.8841,
  "t_21" : -0.10508019,
  "center_depth" : 8.954931,
  "timestamp" : 235410045378,
  "t_22" : 0.99291563,
  "t_00" : -0.06638402,
  "t_20" : 0.0554707,
  "angular_velocity" : 3.4028235e+38,
  "t_13" : 0.07763164,
  "cy" : 386.86023,
  "width" : 1024,
  "blur_score" : 117.15377,
  "cx" : 514.6288,
  "t_02" : 0.10867696,
  "t_12" : 0.048043415,
  "t_03" : -3.3898005
}