{
  "t_22" : -0.1309771,
  "manual_keyframe" : false,
  "fy" : 715.5773,
  "t_10" : -0.99874747,
  "t_11" : -0.040336806,
  "t_21" : -0.990727,
  "t_23" : 5.737763,
  "height" : 768,
  "width" : 1024,
  "t_13" : 0.10871421,
  "t_01" : -0.12974325,
  "t_12" : 0.02960981,
  "cy" : 386.79602,
  "t_00" : 0.034618434,
  "blur_score" : 118.61709,
  "t_20" : 0.036129814,
  "center_depth" : 2.7247393,
  "timestamp" : 235402864737,
  "t_02" : 0.9909433,
  "t_03" : -1.922615,
  "angular_velocity" : 3.4028235e+38,
  "fx" : 715.5773,
  "cx" : 514.5681
}