{
  "center_depth" : 1.4954312,
  "t_22" : -0.95186156,
  "t_21" : 0.27466607,
  "t_23" : 3.4953663,
  "angular_velocity" : 3.4028235e+38,
  "t_02" : -0.2659977,
  "t_00" : 0.0786015,
  "t_20" : 0.13608214,
  "cx" : 514.58636,
  "t_13" : 0.5423754,
  "t_12" : -0.15233195,
  "cy" : 387.01953,
  "blur_score" : 112.77553,
  "fy" : 715.5725,
  "t_11" : -0.038620207,
  "height" : 768,
  "timestamp" : 235428188569,
  "t_03" : -0.9183002,
  "manual_keyframe" : false,
  "t_01" : -0.9607638,
  "t_10" : -0.98757464,
  "fx" : 715.5725,
  "width" : 1024
}