{
  "t_11" : -0.09183621,
  "t_02" : 0.048992157,
  "t_12" : -0.09284128,
  "t_00" : -0.096671626,
  "fx" : 711.7846,
  "t_03" : -1.7608294,
  "timestamp" : 235468556729,
  "t_10" : -0.99143666,
  "fy" : 711.7846,
  "height" : 768,
  "t_13" : 2.8592792,
  "t_22" : 0.994475,
  "center_depth" : 4.265885,
  "width" : 1024,
  "cx" : 514.7637,
  "manual_keyframe" : false,
  "t_01" : 0.9941099,
  "cy" : 386.9443,
  "t_23" : 3.7631104,
  "t_20" : -0.08779518,
  "angular_velocity" : 3.4028235e+38,
  "t_21" : -0.05754772,
  "blur_score" : 95.24972
}