{
  "t_11" : 0.01272053,
  "t_02" : -0.45292997,
  "t_03" : -1.4943997,
  "t_12" : -0.347319,
  "fx" : 715.56775,
  "t_00" : 0.17961673,
  "timestamp" : 235458710434,
  "fy" : 715.56775,
  "t_10" : -0.9376608,
  "height" : 768,
  "t_13" : 2.9695854,
  "t_22" : 0.8211116,
  "center_depth" : 1.3240619,
  "width" : 1024,
  "cx" : 514.2552,
  "manual_keyframe" : false,
  "t_01" : 0.8732654,
  "cy" : 387.12256,
  "t_23" : 5.507444,
  "t_20" : -0.29754016,
  "angular_velocity" : 3.4028235e+38,
  "t_21" : 0.48707893,
  "blur_score" : 106.85542
}