{
  "t_01" : 0.76985985,
  "width" : 1024,
  "height" : 768,
  "t_12" : 0.5317044,
  "t_03" : -1.8177266,
  "t_02" : -0.49994332,
  "fx" : 713.3157,
  "manual_keyframe" : false,
  "t_21" : 0.6320152,
  "t_00" : -0.3967022,
  "t_13" : 2.7027438,
  "t_23" : 3.5159593,
  "blur_score" : 101.46425,
  "t_11" : -0.08872789,
  "fy" : 713.3157,
  "t_22" : 0.68362796,
  "cy" : 386.79465,
  "t_20" : 0.364979,
  "center_depth" : 0.91018397,
  "angular_velocity" : 3.4028235e+38,
  "cx" : 514.29,
  "t_10" : -0.8422695,
  "timestamp" : 235470872523
}