{
  "manual_keyframe" : false,
  "angular_velocity" : 3.4028235e+38,
  "center_depth" : 3.22967,
  "fy" : 712.40247,
  "cy" : 387.1379,
  "t_13" : 2.6766903,
  "t_22" : 0.99681795,
  "t_00" : -0.058411658,
  "cx" : 514.67694,
  "t_03" : -2.026568,
  "t_11" : -0.0574496,
  "t_01" : 0.9982434,
  "t_12" : 0.079094134,
  "t_21" : 0.014474628,
  "timestamp" : 235485850210,
  "width" : 1024,
  "t_23" : 1.7928259,
  "blur_score" : 83.37503,
  "t_02" : -0.009902022,
  "t_10" : -0.99521035,
  "height" : 768,
  "t_20" : 0.07838634,
  "fx" : 712.40247
}