{
  "t_22" : 0.9530654,
  "manual_keyframe" : false,
  "fy" : 710.0169,
  "t_10" : -0.9649928,
  "t_11" : -0.057711646,
  "t_21" : -0.15210706,
  "t_23" : 3.2948837,
  "height" : 768,
  "width" : 1024,
  "t_01" : 0.98667765,
  "t_13" : 0.009418398,
  "t_12" : 0.25584787,
  "t_00" : -0.016086694,
  "cy" : 387.0163,
  "blur_score" : 86.166534,
  "t_20" : 0.26178238,
  "center_depth" : 4.7012343,
  "timestamp" : 235413727330,
  "t_02" : 0.16189016,
  "t_03" : -3.6298413,
  "angular_velocity" : 3.4028235e+38,
  "fx" : 710.0169,
  "cx" : 514.471
}