{
  "fx" : 713.9065,
  "blur_score" : 58.851856,
  "t_01" : 0.9305998,
  "timestamp" : 235469856239,
  "cx" : 514.5889,
  "t_13" : 2.8389492,
  "t_10" : -0.98175037,
  "t_11" : -0.098109506,
  "angular_velocity" : 3.4028235e+38,
  "center_depth" : 2.8251147,
  "width" : 1024,
  "fy" : 713.9065,
  "manual_keyframe" : false,
  "height" : 768,
  "t_22" : 0.9281875,
  "t_03" : -1.7259216,
  "t_02" : -0.3345554,
  "cy" : 386.8229,
  "t_12" : 0.16291292,
  "t_21" : 0.35264483,
  "t_23" : 3.4824214,
  "t_20" : 0.118783675,
  "t_00" : -0.14851442
}