{
  "t_23" : 1.0018849,
  "t_10" : -0.97479415,
  "cx" : 514.4753,
  "cy" : 387.03253,
  "fx" : 711.4812,
  "t_13" : 2.6545324,
  "fy" : 711.4812,
  "t_01" : 0.9851066,
  "t_00" : -0.09165452,
  "timestamp" : 235489049003,
  "t_11" : -0.058916274,
  "angular_velocity" : 3.4028235e+38,
  "blur_score" : 59.29196,
  "t_21" : 0.16153632,
  "t_20" : 0.20341074,
  "t_02" : -0.14548047,
  "height" : 768,
  "manual_keyframe" : false,
  "t_12" : 0.21518676,
  "t_03" : -2.179957,
  "center_depth" : 3.159224,
  "t_22" : 0.9656761,
  "width" : 1024
}