{
  "t_10" : -0.9516049,
  "t_23" : 2.9684095,
  "t_21" : 0.64802676,
  "t_01" : 0.7530036,
  "center_depth" : 2.2165742,
  "height" : 768,
  "manual_keyframe" : false,
  "timestamp" : 235475137582,
  "t_00" : -0.27026182,
  "t_03" : -1.916963,
  "t_12" : 0.28530884,
  "cx" : 514.4602,
  "t_20" : 0.14631003,
  "fx" : 710.5871,
  "t_11" : -0.11422313,
  "angular_velocity" : 3.4028235e+38,
  "blur_score" : 110.03978,
  "cy" : 386.80182,
  "width" : 1024,
  "t_02" : -0.5999535,
  "t_22" : 0.7474322,
  "fy" : 710.5871,
  "t_13" : 2.7042336
}