{
  "manual_keyframe" : false,
  "angular_velocity" : 3.4028235e+38,
  "center_depth" : 1.3050364,
  "fy" : 711.79895,
  "cy" : 386.8173,
  "t_13" : 2.603066,
  "t_22" : 0.86514884,
  "cx" : 514.4206,
  "t_00" : -0.15832582,
  "t_03" : -1.9322006,
  "t_11" : -0.024030093,
  "t_01" : 0.921993,
  "t_12" : 0.35588703,
  "t_21" : 0.3864603,
  "timestamp" : 235484617341,
  "width" : 1024,
  "t_23" : 2.1240342,
  "blur_score" : 70.255936,
  "t_02" : -0.35335806,
  "t_10" : -0.93422,
  "height" : 768,
  "t_20" : 0.31963417,
  "fx" : 711.79895
}