{
  "t_10" : -0.9852312,
  "t_13" : 2.9044325,
  "t_11" : -0.014791384,
  "t_01" : 0.9969943,
  "cx" : 514.734,
  "width" : 1024,
  "t_03" : -1.5177522,
  "t_12" : -0.17058979,
  "height" : 768,
  "timestamp" : 235457460904,
  "manual_keyframe" : false,
  "t_02" : -0.07745955,
  "t_20" : -0.17122276,
  "t_00" : -0.0015561031,
  "angular_velocity" : 3.4028235e+38,
  "blur_score" : 155.31744,
  "cy" : 387.166,
  "fy" : 714.4274,
  "t_21" : 0.07605011,
  "t_22" : 0.98229295,
  "t_23" : 5.671735,
  "center_depth" : 2.7663796,
  "fx" : 714.4274
}