{
  "t_01" : -0.66353863,
  "width" : 1024,
  "height" : 768,
  "t_12" : 0.007569373,
  "t_02" : -0.7472159,
  "fx" : 710.8745,
  "t_03" : -1.9223697,
  "manual_keyframe" : false,
  "t_21" : 0.7453574,
  "t_00" : 0.037212964,
  "t_13" : 2.7127435,
  "t_23" : 3.2259338,
  "blur_score" : 204.972,
  "t_11" : -0.06448815,
  "fy" : 710.8745,
  "t_22" : -0.66453826,
  "cy" : 386.8369,
  "t_20" : -0.053209156,
  "center_depth" : 3.9057722,
  "angular_velocity" : 3.4028235e+38,
  "cx" : 514.6699,
  "t_10" : -0.9978897,
  "timestamp" : 235481002037
}