{
  "fy" : 714.7308,
  "fx" : 714.7308,
  "blur_score" : 116.47992,
  "center_depth" : 1.1169198,
  "height" : 768,
  "timestamp" : 235432436974,
  "angular_velocity" : 3.4028235e+38,
  "t_22" : -0.99268293,
  "t_01" : -0.9932782,
  "t_23" : 4.2129607,
  "t_10" : -0.99846154,
  "manual_keyframe" : false,
  "t_02" : -0.112297274,
  "t_00" : 0.028069241,
  "t_11" : -0.033233847,
  "cy" : 386.88867,
  "t_12" : 0.04438577,
  "t_21" : 0.11087861,
  "cx" : 514.96497,
  "t_20" : -0.047819488,
  "width" : 1024,
  "t_03" : -0.89860725,
  "t_13" : 1.179532
}