{
  "fx" : 711.7862,
  "blur_score" : 174.97319,
  "t_01" : 0.91542166,
  "timestamp" : 235449730479,
  "cx" : 513.3401,
  "t_13" : 2.6465452,
  "t_10" : -0.7468373,
  "t_11" : -0.035205692,
  "angular_velocity" : 3.4028235e+38,
  "center_depth" : 2.3588972,
  "width" : 1024,
  "fy" : 711.7862,
  "manual_keyframe" : false,
  "height" : 768,
  "t_22" : 0.6751339,
  "t_03" : -0.58554435,
  "t_02" : 0.32124725,
  "cy" : 386.87512,
  "t_12" : 0.6640743,
  "t_21" : -0.40095383,
  "t_23" : 5.652725,
  "t_20" : 0.6192177,
  "t_00" : 0.24249457
}