{
  "t_12" : 0.06899194,
  "cy" : 387.01852,
  "t_23" : -0.46705452,
  "cx" : 514.53064,
  "t_03" : -1.3563145,
  "center_depth" : 1.8169612,
  "t_10" : -0.9949439,
  "t_01" : 0.05125818,
  "t_02" : -0.9960267,
  "fx" : 711.7957,
  "height" : 768,
  "t_21" : 0.99601495,
  "blur_score" : 117.74321,
  "t_00" : -0.072827116,
  "fy" : 711.7957,
  "t_20" : -0.06915865,
  "manual_keyframe" : false,
  "t_22" : 0.056314286,
  "t_11" : -0.072985046,
  "angular_velocity" : 3.4028235e+38,
  "width" : 1024,
  "t_13" : 2.7335348,
  "timestamp" : 235497529138
}