{
  "t_11" : -0.023975767,
  "t_02" : 0.07588318,
  "t_12" : -0.09957149,
  "t_00" : -0.031616677,
  "fx" : 714.9817,
  "t_03" : -1.5255562,
  "timestamp" : 235457161017,
  "t_10" : -0.99474156,
  "fy" : 714.9817,
  "height" : 768,
  "t_13" : 2.886448,
  "t_22" : 0.99213284,
  "center_depth" : 3.7033083,
  "width" : 1024,
  "cx" : 514.6332,
  "manual_keyframe" : false,
  "t_01" : 0.9966154,
  "cy" : 387.09744,
  "t_23" : 5.7010503,
  "t_20" : -0.09741512,
  "angular_velocity" : 3.4028235e+38,
  "t_21" : -0.07863223,
  "blur_score" : 179.00049
}