{
  "t_10" : -0.9910741,
  "t_23" : 0.9272596,
  "t_21" : 0.15741964,
  "t_01" : 0.98459536,
  "center_depth" : 2.9315841,
  "height" : 768,
  "manual_keyframe" : false,
  "timestamp" : 235489298909,
  "t_00" : -0.0920223,
  "t_03" : -2.1997132,
  "t_12" : 0.10945801,
  "cx" : 514.5124,
  "t_20" : 0.09645781,
  "fx" : 711.50037,
  "t_11" : -0.07609963,
  "angular_velocity" : 3.4028235e+38,
  "blur_score" : 70.450554,
  "cy" : 386.9356,
  "width" : 1024,
  "t_02" : -0.14867412,
  "t_22" : 0.9828099,
  "fy" : 711.50037,
  "t_13" : 2.6875298
}