{
  "t_03" : -0.78084236,
  "t_02" : 0.8720198,
  "t_11" : -0.029809741,
  "t_12" : 0.48648632,
  "fx" : 712.3198,
  "t_00" : 0.48738223,
  "timestamp" : 235453878917,
  "t_10" : -0.8731796,
  "fy" : 712.3198,
  "height" : 768,
  "t_13" : 2.661527,
  "t_22" : -0.053970404,
  "center_depth" : 2.1245527,
  "width" : 1024,
  "cx" : 514.3679,
  "manual_keyframe" : false,
  "t_01" : -0.045170177,
  "cy" : 387.05255,
  "t_23" : 5.8893123,
  "t_20" : 0.0040200204,
  "angular_velocity" : 3.4028235e+38,
  "t_21" : -0.9985347,
  "blur_score" : 122.85109
}