{
  "t_01" : 0.9498504,
  "width" : 1024,
  "height" : 768,
  "t_03" : -1.4920847,
  "fx" : 715.0023,
  "t_02" : 0.30002126,
  "t_12" : -0.13421294,
  "manual_keyframe" : false,
  "t_21" : -0.30876786,
  "t_13" : 2.8885438,
  "t_00" : -0.088155925,
  "t_23" : 5.7144017,
  "blur_score" : 139.16658,
  "fy" : 715.0023,
  "t_11" : -0.04946327,
  "t_22" : 0.94444394,
  "cy" : 386.8335,
  "t_20" : -0.112642184,
  "center_depth" : 1.7903332,
  "angular_velocity" : 3.4028235e+38,
  "cx" : 514.5719,
  "t_10" : -0.9897173,
  "timestamp" : 235456727846
}