{
  "t_00" : -0.06848422,
  "fx" : 713.268,
  "t_10" : -0.99667674,
  "t_21" : -0.73805684,
  "fy" : 713.268,
  "center_depth" : 1.3582202,
  "t_13" : 2.8473825,
  "width" : 1024,
  "height" : 768,
  "t_20" : 0.044108536,
  "t_03" : -1.3173215,
  "t_11" : -0.07870964,
  "cy" : 386.88205,
  "t_23" : 5.7246804,
  "cx" : 514.6069,
  "t_01" : 0.6701321,
  "t_22" : 0.67329544,
  "angular_velocity" : 3.4028235e+38,
  "blur_score" : 65.966446,
  "t_12" : -0.020986691,
  "t_02" : 0.7390758,
  "timestamp" : 235455911487,
  "manual_keyframe" : false
}