{
  "t_00" : 0.008885944,
  "fx" : 714.77203,
  "t_10" : -0.99915755,
  "t_21" : 0.66170657,
  "fy" : 714.77203,
  "center_depth" : 2.6930764,
  "t_13" : 2.9024427,
  "width" : 1024,
  "height" : 768,
  "t_20" : -0.04006505,
  "t_03" : -1.470966,
  "t_11" : -0.01986803,
  "cy" : 387.02707,
  "t_23" : 5.3907013,
  "cx" : 514.6367,
  "t_01" : 0.7494996,
  "t_22" : 0.74869174,
  "angular_velocity" : 3.4028235e+38,
  "blur_score" : 141.1572,
  "t_12" : -0.035908625,
  "t_02" : -0.6619451,
  "timestamp" : 235459343530,
  "manual_keyframe" : false
}