{
  "t_21" : 0.77899396,
  "angular_velocity" : 3.4028235e+38,
  "t_03" : -2.0100663,
  "t_20" : -0.4326422,
  "fx" : 715.6202,
  "t_02" : -0.6505717,
  "cy" : 386.7303,
  "t_12" : 0.60890687,
  "t_01" : -0.62146646,
  "t_22" : -0.4538602,
  "t_00" : -0.4365043,
  "t_13" : 2.5092893,
  "center_depth" : 0.8816975,
  "cx" : 513.7937,
  "width" : 1024,
  "manual_keyframe" : false,
  "blur_score" : 109.763435,
  "t_23" : 3.0878625,
  "t_11" : -0.083352804,
  "timestamp" : 235477170149,
  "t_10" : -0.78885025,
  "height" : 768,
  "fy" : 715.6202
}