{
  "cy" : 386.8527,
  "manual_keyframe" : false,
  "angular_velocity" : 3.4028235e+38,
  "timestamp" : 235429121553,
  "t_00" : 0.18323141,
  "fy" : 714.15265,
  "t_03" : -0.9760644,
  "t_20" : 0.29115483,
  "blur_score" : 127.293816,
  "width" : 1024,
  "t_01" : -0.90625536,
  "t_10" : -0.9389649,
  "t_11" : -0.046565533,
  "fx" : 714.15265,
  "t_22" : -0.8594743,
  "height" : 768,
  "t_12" : -0.34084678,
  "t_02" : -0.38095593,
  "center_depth" : 1.7112668,
  "t_21" : 0.42015806,
  "t_23" : 3.615542,
  "cx" : 514.48334,
  "t_13" : 0.79477304
}