{
  "t_21" : 0.9436695,
  "angular_velocity" : 3.4028235e+38,
  "t_03" : -1.9939754,
  "t_20" : -0.27893114,
  "cy" : 386.49774,
  "t_02" : -0.7771,
  "t_12" : 0.6036807,
  "fx" : 713.8191,
  "t_01" : -0.30870172,
  "t_22" : -0.1780043,
  "t_00" : -0.5484698,
  "t_13" : 2.530654,
  "center_depth" : 0.97400045,
  "cx" : 513.86523,
  "width" : 1024,
  "manual_keyframe" : false,
  "blur_score" : 106.70449,
  "t_23" : 3.063543,
  "t_11" : -0.11912739,
  "timestamp" : 235476786960,
  "t_10" : -0.78827566,
  "height" : 768,
  "fy" : 713.8191
}