{
  "t_23" : 1.0748332,
  "t_10" : -0.9533138,
  "cx" : 514.3678,
  "cy" : 387.03644,
  "t_01" : 0.98637646,
  "t_13" : 2.621501,
  "t_00" : -0.078657836,
  "fy" : 711.49396,
  "fx" : 711.49396,
  "timestamp" : 235488815758,
  "t_11" : -0.032037754,
  "angular_velocity" : 3.4028235e+38,
  "blur_score" : 53.06405,
  "t_21" : 0.16135466,
  "t_20" : 0.29155776,
  "t_02" : -0.14448075,
  "height" : 768,
  "manual_keyframe" : false,
  "t_12" : 0.30027744,
  "t_03" : -2.1621003,
  "center_depth" : 2.657222,
  "t_22" : 0.94284636,
  "width" : 1024
}