{
  "t_01" : 0.037201665,
  "cx" : 514.1189,
  "t_12" : 0.60186917,
  "t_02" : -0.79001856,
  "fx" : 711.57495,
  "t_13" : 2.5467098,
  "timestamp" : 235476437092,
  "manual_keyframe" : false,
  "t_21" : 0.98902684,
  "t_22" : 0.116723634,
  "cy" : 386.50943,
  "fy" : 711.57495,
  "blur_score" : 98.373856,
  "t_00" : -0.61195344,
  "width" : 1024,
  "center_depth" : 0.8858397,
  "angular_velocity" : 3.4028235e+38,
  "t_11" : -0.1429759,
  "height" : 768,
  "t_10" : -0.7856917,
  "t_20" : -0.090563096,
  "t_23" : 3.0486877,
  "t_03" : -1.9900893
}