{
  "t_22" : 0.5138672,
  "manual_keyframe" : false,
  "fy" : 712.0483,
  "t_10" : -0.97852826,
  "t_11" : -0.06455216,
  "t_21" : -0.8566204,
  "t_23" : 5.7574415,
  "height" : 768,
  "width" : 1024,
  "t_13" : 0.18879311,
  "t_01" : 0.51189315,
  "t_12" : -0.19574362,
  "t_00" : -0.20084924,
  "cy" : 386.83054,
  "blur_score" : 135.52402,
  "t_20" : -0.046283294,
  "center_depth" : 3.2792196,
  "timestamp" : 235403947664,
  "t_02" : 0.8352396,
  "t_03" : -2.0521429,
  "angular_velocity" : 3.4028235e+38,
  "fx" : 712.0483,
  "cx" : 514.75745
}