{
  "fx" : 712.1007,
  "t_00" : -0.021314265,
  "t_10" : -0.9795954,
  "t_21" : 0.23186682,
  "fy" : 712.1007,
  "center_depth" : 1.5065651,
  "t_13" : 1.7549419,
  "width" : 1024,
  "height" : 768,
  "t_20" : -0.19984636,
  "t_03" : -0.80149364,
  "cy" : 387.15045,
  "t_11" : -0.026145307,
  "t_23" : 4.8754506,
  "cx" : 514.9469,
  "t_01" : -0.97239614,
  "t_22" : -0.95199764,
  "angular_velocity" : 3.4028235e+38,
  "blur_score" : 250.10826,
  "t_12" : 0.19927187,
  "t_02" : -0.23236075,
  "timestamp" : 235436318850,
  "manual_keyframe" : false
}