{
  "t_23" : 0.14338407,
  "t_10" : -0.8852883,
  "cx" : 514.39685,
  "cy" : 387.35373,
  "t_01" : 0.9939507,
  "t_13" : 2.5375865,
  "fy" : 712.99005,
  "fx" : 712.99005,
  "t_00" : -0.031324502,
  "timestamp" : 235493164118,
  "t_11" : 0.021299578,
  "angular_velocity" : 3.4028235e+38,
  "blur_score" : 42.05973,
  "t_21" : 0.107742935,
  "t_20" : 0.46398664,
  "t_02" : -0.10526628,
  "height" : 768,
  "manual_keyframe" : false,
  "t_12" : 0.46455476,
  "t_03" : -2.2164793,
  "center_depth" : 1.3702669,
  "t_22" : 0.8792657,
  "width" : 1024
}