{
  "center_depth" : 3.2751224,
  "angular_velocity" : 3.4028235e+38,
  "t_20" : 0.12885031,
  "cx" : 514.5502,
  "t_10" : -0.97419286,
  "t_13" : 0.038822975,
  "t_01" : 0.7997968,
  "t_03" : -3.4049687,
  "cy" : 386.9245,
  "t_22" : 0.79275036,
  "height" : 768,
  "t_12" : 0.21346658,
  "t_11" : -0.07335125,
  "fy" : 708.86237,
  "t_21" : 0.5957723,
  "t_23" : 2.6220002,
  "t_02" : -0.57094586,
  "blur_score" : 96.81976,
  "fx" : 708.86237,
  "width" : 1024,
  "t_00" : -0.18532673,
  "timestamp" : 235416043128,
  "manual_keyframe" : false
}