{
  "fx" : 713.8667,
  "t_00" : -0.16472855,
  "t_10" : -0.95005614,
  "t_21" : 0.4303554,
  "fy" : 713.8667,
  "center_depth" : 1.3363353,
  "t_13" : 1.9857056,
  "width" : 1024,
  "height" : 768,
  "t_20" : -0.26506168,
  "t_03" : -0.7556848,
  "t_11" : 0.036316447,
  "cy" : 387.3658,
  "t_23" : 5.1322956,
  "cx" : 514.4064,
  "t_01" : -0.9019287,
  "t_22" : -0.8628653,
  "angular_velocity" : 3.4028235e+38,
  "blur_score" : 196.57132,
  "t_12" : 0.30995852,
  "t_02" : -0.39923579,
  "timestamp" : 235438301439,
  "manual_keyframe" : false
}