{
  "t_10" : -0.82490385,
  "t_13" : 2.7201612,
  "t_11" : -0.0699784,
  "t_01" : 0.9839251,
  "cx" : 514.23303,
  "width" : 1024,
  "t_03" : -0.6108908,
  "t_12" : 0.56092495,
  "height" : 768,
  "timestamp" : 235448231043,
  "manual_keyframe" : false,
  "t_02" : 0.17501017,
  "t_20" : 0.56415516,
  "t_00" : 0.035536326,
  "angular_velocity" : 3.4028235e+38,
  "blur_score" : 253.85094,
  "cy" : 386.94168,
  "fy" : 711.4781,
  "t_21" : -0.16429973,
  "t_22" : 0.8091569,
  "t_23" : 5.439587,
  "center_depth" : 4.1016755,
  "fx" : 711.4781
}