{
  "cx" : 514.4291,
  "cy" : 386.9648,
  "t_13" : 2.6143303,
  "t_23" : 2.0269413,
  "center_depth" : 1.2692361,
  "t_20" : 0.30779496,
  "blur_score" : 85.05065,
  "t_03" : -1.9749286,
  "t_10" : -0.9472632,
  "height" : 768,
  "width" : 1024,
  "timestamp" : 235484900568,
  "t_22" : 0.9214987,
  "manual_keyframe" : false,
  "t_02" : -0.2199051,
  "t_21" : 0.23686022,
  "t_11" : -0.014502727,
  "fx" : 712.03076,
  "t_12" : 0.3201285,
  "angular_velocity" : 3.4028235e+38,
  "fy" : 712.03076,
  "t_01" : 0.97143555,
  "t_00" : -0.08918994
}