{
  "manual_keyframe" : false,
  "angular_velocity" : 3.4028235e+38,
  "center_depth" : 1.7484075,
  "cy" : 386.64374,
  "t_13" : 2.664067,
  "fy" : 715.58203,
  "t_22" : 0.69754237,
  "t_00" : -0.39283174,
  "cx" : 513.968,
  "t_03" : -1.8854643,
  "t_11" : -0.09112313,
  "t_01" : 0.8241844,
  "t_12" : 0.5890938,
  "t_21" : 0.5589424,
  "timestamp" : 235471722203,
  "width" : 1024,
  "t_23" : 3.4909446,
  "blur_score" : 75.587975,
  "t_02" : -0.40792555,
  "t_10" : -0.8029103,
  "height" : 768,
  "t_20" : 0.44835058,
  "fx" : 715.58203
}