{
  "t_13" : 2.8708892,
  "t_10" : -0.99689645,
  "t_11" : -0.078706734,
  "t_01" : 0.9533272,
  "cx" : 514.53625,
  "width" : 1024,
  "t_03" : -1.7295059,
  "t_12" : 0.0016765969,
  "height" : 768,
  "timestamp" : 235469539692,
  "manual_keyframe" : false,
  "t_02" : -0.29228073,
  "t_20" : -0.021406116,
  "t_00" : -0.075758435,
  "angular_velocity" : 3.4028235e+38,
  "blur_score" : 82.76534,
  "cy" : 386.94305,
  "fy" : 713.8128,
  "t_21" : 0.29150066,
  "t_22" : 0.95633125,
  "t_23" : 3.5180724,
  "center_depth" : 4.93433,
  "fx" : 713.8128
}