{
  "t_22" : -0.3263418,
  "manual_keyframe" : false,
  "fy" : 716.4731,
  "t_10" : -0.8318666,
  "t_11" : -0.019645756,
  "t_21" : -0.9247629,
  "t_23" : 6.030215,
  "height" : 768,
  "width" : 1024,
  "t_01" : -0.38003635,
  "t_13" : -0.103926994,
  "t_12" : 0.5546279,
  "t_00" : 0.51931053,
  "cy" : 387.10138,
  "blur_score" : 230.71169,
  "t_20" : -0.19574122,
  "center_depth" : 0.6663579,
  "timestamp" : 235401065411,
  "t_02" : 0.765434,
  "t_03" : -1.8355953,
  "angular_velocity" : 3.4028235e+38,
  "fx" : 716.4731,
  "cx" : 513.84827
}