{
  "fx" : 711.7639,
  "blur_score" : 167.92989,
  "t_01" : 0.8829139,
  "timestamp" : 235449947064,
  "t_13" : 2.6849372,
  "cx" : 513.56226,
  "t_11" : -0.0537794,
  "t_10" : -0.8303062,
  "angular_velocity" : 3.4028235e+38,
  "center_depth" : 1.8186429,
  "width" : 1024,
  "fy" : 711.7639,
  "manual_keyframe" : false,
  "height" : 768,
  "t_22" : 0.72126,
  "t_03" : -0.5736982,
  "t_02" : 0.41483104,
  "cy" : 387.0563,
  "t_12" : 0.55470663,
  "t_21" : -0.46644524,
  "t_23" : 5.6695323,
  "t_20" : 0.51206756,
  "t_00" : 0.21995133
}