{
  "t_23" : 0.5315705,
  "t_10" : -0.99472255,
  "cx" : 514.5872,
  "cy" : 386.637,
  "fx" : 712.6772,
  "t_01" : 0.9475617,
  "t_13" : 2.6751196,
  "fy" : 712.6772,
  "t_00" : -0.09991839,
  "timestamp" : 235491364797,
  "t_11" : -0.08798216,
  "angular_velocity" : 3.4028235e+38,
  "blur_score" : 51.180466,
  "t_21" : 0.30722308,
  "t_20" : 0.023308713,
  "t_02" : -0.303551,
  "height" : 768,
  "manual_keyframe" : false,
  "t_12" : 0.052783675,
  "t_03" : -2.284464,
  "center_depth" : 3.183902,
  "t_22" : 0.9513521,
  "width" : 1024
}