{
  "t_03" : -1.7527398,
  "t_02" : 0.13395655,
  "t_11" : -0.061570708,
  "t_00" : -0.057859544,
  "fx" : 711.71466,
  "t_12" : 0.023726035,
  "timestamp" : 235468006936,
  "fy" : 711.71466,
  "t_10" : -0.9978207,
  "height" : 768,
  "t_13" : 2.8284214,
  "t_22" : 0.9907032,
  "center_depth" : 5.066657,
  "width" : 1024,
  "cx" : 514.7038,
  "manual_keyframe" : false,
  "t_01" : 0.98929673,
  "cy" : 386.87463,
  "t_23" : 3.9147878,
  "t_20" : 0.031719886,
  "angular_velocity" : 3.4028235e+38,
  "t_21" : -0.13229181,
  "blur_score" : 108.86607
}