{
  "t_10" : -0.9820177,
  "t_23" : 2.3142104,
  "t_21" : 0.79791886,
  "t_01" : 0.5994399,
  "center_depth" : 2.5411,
  "height" : 768,
  "manual_keyframe" : false,
  "timestamp" : 235417026093,
  "t_00" : -0.17987692,
  "t_03" : -3.1338274,
  "t_12" : 0.17788702,
  "cx" : 514.5924,
  "t_20" : 0.057319984,
  "fx" : 709.13074,
  "t_11" : -0.06322566,
  "angular_velocity" : 3.4028235e+38,
  "blur_score" : 140.69572,
  "cy" : 386.82227,
  "width" : 1024,
  "t_02" : -0.7799463,
  "t_22" : 0.6000336,
  "fy" : 709.13074,
  "t_13" : 0.035054196
}