{
  "fx" : 713.2601,
  "blur_score" : 113.1396,
  "t_01" : 0.44862548,
  "timestamp" : 235454928523,
  "cx" : 514.2366,
  "t_13" : 2.7238731,
  "t_11" : -0.09265779,
  "t_10" : -0.9294367,
  "angular_velocity" : 3.4028235e+38,
  "center_depth" : 1.5280021,
  "width" : 1024,
  "fy" : 713.2601,
  "manual_keyframe" : false,
  "height" : 768,
  "t_22" : 0.3909082,
  "cy" : 386.8143,
  "t_02" : 0.84830946,
  "t_03" : -1.1411941,
  "t_12" : 0.3571584,
  "t_21" : -0.8889037,
  "t_23" : 5.801448,
  "t_20" : 0.23883288,
  "t_00" : 0.28125873
}