{
  "t_23" : -0.48143834,
  "t_10" : -0.959131,
  "cx" : 514.4482,
  "cy" : 387.17435,
  "t_01" : 0.2384541,
  "t_13" : 2.662379,
  "fy" : 711.7354,
  "t_00" : -0.2828557,
  "fx" : 711.7354,
  "timestamp" : 235497079308,
  "t_11" : -0.07817497,
  "angular_velocity" : 3.4028235e+38,
  "blur_score" : 60.520584,
  "t_21" : 0.9680023,
  "t_20" : -0.007780939,
  "t_02" : -0.92904925,
  "height" : 768,
  "manual_keyframe" : false,
  "t_12" : 0.2719495,
  "t_03" : -1.479752,
  "center_depth" : 2.090271,
  "t_22" : 0.25082093,
  "width" : 1024
}