{
  "fx" : 713.54755,
  "blur_score" : 126.42307,
  "t_01" : -0.94610536,
  "timestamp" : 235429921253,
  "t_13" : 0.86713,
  "t_10" : -0.9328437,
  "t_11" : -0.04877674,
  "cx" : 514.382,
  "angular_velocity" : 3.4028235e+38,
  "center_depth" : 2.7679958,
  "width" : 1024,
  "fy" : 713.54755,
  "manual_keyframe" : false,
  "height" : 768,
  "t_22" : -0.89026105,
  "t_03" : -0.96664965,
  "t_02" : -0.28286365,
  "cy" : 386.93857,
  "t_12" : -0.35696456,
  "t_21" : 0.32016498,
  "t_23" : 3.735142,
  "t_20" : 0.32392895,
  "t_00" : 0.15771158
}