{
  "t_01" : -0.06922262,
  "t_13" : 2.810935,
  "t_12" : 0.15216768,
  "t_02" : 0.9851957,
  "cx" : 514.6049,
  "fx" : 712.39453,
  "timestamp" : 235452496104,
  "manual_keyframe" : false,
  "t_21" : -0.99526227,
  "t_22" : -0.07896102,
  "cy" : 386.79034,
  "fy" : 712.39453,
  "blur_score" : 149.05745,
  "t_00" : 0.15683773,
  "width" : 1024,
  "center_depth" : 2.0829449,
  "angular_velocity" : 3.4028235e+38,
  "t_11" : -0.068274185,
  "height" : 768,
  "t_10" : -0.9859938,
  "t_20" : 0.056729995,
  "t_23" : 5.8383107,
  "t_03" : -0.5346162
}