{
  "center_depth" : 1.9986539,
  "angular_velocity" : 3.4028235e+38,
  "t_20" : 0.4956137,
  "cx" : 514.078,
  "t_03" : -2.1100338,
  "t_13" : 2.5104687,
  "t_10" : -0.81711024,
  "t_01" : 0.86542916,
  "cy" : 387.22324,
  "t_22" : 0.709506,
  "height" : 768,
  "fy" : 712.7534,
  "t_11" : -0.007998044,
  "t_12" : 0.57642615,
  "t_21" : 0.50096756,
  "t_23" : -0.0047542,
  "t_02" : -0.40538183,
  "blur_score" : 38.971256,
  "fx" : 712.7534,
  "width" : 1024,
  "t_00" : -0.29444546,
  "timestamp" : 235493730571,
  "manual_keyframe" : false
}