{
  "center_depth" : 0.8848168,
  "angular_velocity" : 3.4028235e+38,
  "t_20" : -0.1946797,
  "cx" : 514.89484,
  "t_03" : -0.93701255,
  "t_13" : 0.33873492,
  "t_01" : -0.99420136,
  "t_10" : -0.98079646,
  "cy" : 386.97873,
  "t_22" : -0.9754886,
  "height" : 768,
  "fy" : 715.3152,
  "t_11" : -0.032273643,
  "t_12" : 0.1923453,
  "t_21" : 0.10257714,
  "t_23" : 3.4317038,
  "t_02" : -0.106890336,
  "blur_score" : 79.99282,
  "fx" : 715.3152,
  "width" : 1024,
  "t_00" : 0.011752342,
  "timestamp" : 235427388870,
  "manual_keyframe" : false
}