{
  "t_11" : -0.07545352,
  "fy" : 713.0171,
  "height" : 768,
  "t_01" : 0.3606316,
  "t_23" : 5.7471075,
  "t_10" : -0.9951277,
  "manual_keyframe" : false,
  "fx" : 713.0171,
  "t_21" : -0.92965144,
  "center_depth" : 3.1739566,
  "timestamp" : 235403581135,
  "t_22" : 0.36540666,
  "t_00" : -0.0865718,
  "t_20" : 0.047184758,
  "angular_velocity" : 3.4028235e+38,
  "t_13" : 0.14971927,
  "cy" : 386.85135,
  "width" : 1024,
  "blur_score" : 184.6197,
  "cx" : 514.6121,
  "t_02" : 0.92868215,
  "t_12" : -0.063465275,
  "t_03" : -2.028995
}