{
  "t_10" : -0.8359195,
  "t_23" : 3.1445951,
  "t_21" : 0.36680907,
  "t_01" : -0.9285113,
  "center_depth" : 2.0937116,
  "height" : 768,
  "manual_keyframe" : false,
  "timestamp" : 235478119791,
  "t_00" : -0.15602192,
  "t_03" : -2.092429,
  "t_12" : 0.5458212,
  "cx" : 513.9695,
  "t_20" : -0.526209,
  "fx" : 715.9044,
  "t_11" : -0.05760137,
  "angular_velocity" : 3.4028235e+38,
  "blur_score" : 101.226524,
  "cy" : 386.874,
  "width" : 1024,
  "t_02" : -0.33693323,
  "t_22" : -0.7671737,
  "fy" : 715.9044,
  "t_13" : 2.5201385
}