{
  "fx" : 712.9456,
  "blur_score" : 134.4152,
  "t_01" : -0.98940426,
  "timestamp" : 235430471046,
  "cx" : 514.5158,
  "t_10" : -0.95394915,
  "t_13" : 0.9886199,
  "t_11" : -0.027133841,
  "angular_velocity" : 3.4028235e+38,
  "center_depth" : 2.65496,
  "width" : 1024,
  "fy" : 712.9456,
  "manual_keyframe" : false,
  "height" : 768,
  "t_22" : -0.9456938,
  "t_03" : -0.9351086,
  "cy" : 387.00604,
  "t_02" : -0.12813514,
  "t_12" : -0.29873887,
  "t_21" : 0.142629,
  "t_23" : 3.8204186,
  "t_20" : 0.29209673,
  "t_00" : 0.06826913
}