{
  "t_01" : 0.89637846,
  "width" : 1024,
  "height" : 768,
  "t_12" : 0.21845292,
  "t_02" : -0.40552986,
  "t_03" : -1.8850156,
  "fx" : 710.8888,
  "manual_keyframe" : false,
  "t_21" : 0.43295932,
  "t_00" : -0.17902918,
  "t_13" : 2.7269545,
  "t_23" : 3.0024395,
  "blur_score" : 89.73651,
  "t_11" : -0.095142476,
  "fy" : 710.8888,
  "t_22" : 0.8875946,
  "cy" : 386.71558,
  "t_20" : 0.15723337,
  "center_depth" : 2.5894244,
  "angular_velocity" : 3.4028235e+38,
  "cx" : 514.4639,
  "t_10" : -0.9711984,
  "timestamp" : 235474721073
}