{
  "t_00" : 0.1484882,
  "fx" : 713.83655,
  "t_10" : -0.98752505,
  "t_21" : 0.68213385,
  "fy" : 713.83655,
  "center_depth" : 1.2869804,
  "t_13" : 2.3348706,
  "width" : 1024,
  "height" : 768,
  "t_20" : 0.052397985,
  "t_03" : -0.8190822,
  "t_11" : -0.073203914,
  "cy" : 386.7861,
  "t_23" : 5.3232164,
  "cx" : 514.4591,
  "t_01" : -0.7275537,
  "t_22" : -0.7293476,
  "angular_velocity" : 3.4028235e+38,
  "blur_score" : 188.12653,
  "t_12" : -0.13941118,
  "t_02" : -0.6697886,
  "timestamp" : 235439617611,
  "manual_keyframe" : false
}