{
  "t_22" : -0.0055564265,
  "manual_keyframe" : false,
  "fy" : 714.4211,
  "t_10" : -0.9985885,
  "t_11" : -0.044667605,
  "t_21" : -0.9989786,
  "t_23" : 5.7357254,
  "height" : 768,
  "width" : 1024,
  "t_13" : 0.12694725,
  "t_01" : -0.0068374462,
  "cy" : 386.7712,
  "t_00" : -0.028462479,
  "t_12" : -0.02874003,
  "blur_score" : 131.2671,
  "t_20" : 0.044844978,
  "center_depth" : 2.7865055,
  "timestamp" : 235403081322,
  "t_02" : 0.9995716,
  "t_03" : -1.9552168,
  "angular_velocity" : 3.4028235e+38,
  "fx" : 714.4211,
  "cx" : 514.60394
}