{
  "t_23" : 4.4355516,
  "cy" : 386.92587,
  "t_00" : 0.106630854,
  "timestamp" : 235434069695,
  "t_02" : -0.15758267,
  "t_21" : 0.18149364,
  "fy" : 713.2585,
  "width" : 1024,
  "t_11" : -0.057118136,
  "fx" : 713.2585,
  "angular_velocity" : 3.4028235e+38,
  "t_12" : -0.29048938,
  "t_22" : -0.9438134,
  "height" : 768,
  "cx" : 514.6838,
  "t_03" : -0.8875833,
  "t_20" : 0.27618188,
  "t_10" : -0.95517194,
  "t_01" : -0.9817319,
  "blur_score" : 177.39565,
  "center_depth" : 2.012979,
  "manual_keyframe" : false,
  "t_13" : 1.5467724
}