{
  "t_12" : -0.17914626,
  "cy" : 387.1517,
  "t_23" : 5.4598203,
  "cx" : 514.2385,
  "t_03" : -1.4767766,
  "center_depth" : 2.2858684,
  "t_10" : -0.9837787,
  "t_02" : -0.5489317,
  "t_01" : 0.83077526,
  "fx" : 715.609,
  "height" : 768,
  "t_21" : 0.5565307,
  "blur_score" : 122.73428,
  "t_00" : 0.09212265,
  "fy" : 715.609,
  "t_20" : -0.15392514,
  "manual_keyframe" : false,
  "t_22" : 0.8164441,
  "t_11" : -0.0092814,
  "angular_velocity" : 3.4028235e+38,
  "width" : 1024,
  "t_13" : 2.938203,
  "timestamp" : 235458977001
}