{
  "manual_keyframe" : false,
  "angular_velocity" : 3.4028235e+38,
  "center_depth" : 1.890181,
  "fy" : 711.7719,
  "cy" : 386.91324,
  "t_13" : 2.7303362,
  "t_22" : -0.26409087,
  "cx" : 514.5635,
  "t_00" : -0.08705871,
  "t_03" : -1.2428166,
  "t_11" : -0.05986531,
  "t_01" : -0.27135244,
  "t_12" : 0.10708602,
  "t_21" : 0.9606165,
  "timestamp" : 235498128911,
  "width" : 1024,
  "t_23" : -0.41206867,
  "blur_score" : 99.7274,
  "t_02" : -0.9585348,
  "t_10" : -0.9924459,
  "height" : 768,
  "t_20" : -0.08644103,
  "fx" : 711.7719
}