{
  "fx" : 712.06726,
  "t_00" : 0.05376599,
  "t_10" : -0.9861288,
  "t_21" : -0.8021519,
  "fy" : 712.06726,
  "center_depth" : 2.8415906,
  "t_13" : 2.8244567,
  "width" : 1024,
  "height" : 768,
  "t_20" : 0.15703288,
  "t_03" : -0.47409517,
  "cy" : 386.7152,
  "t_11" : -0.09559967,
  "t_23" : 5.6609225,
  "cx" : 514.44214,
  "t_01" : 0.5894176,
  "t_22" : 0.57610166,
  "angular_velocity" : 3.4028235e+38,
  "blur_score" : 126.67548,
  "t_12" : 0.13568643,
  "t_02" : 0.8060374,
  "timestamp" : 235451046650,
  "manual_keyframe" : false
}