{
  "t_01" : -0.9652608,
  "width" : 1024,
  "height" : 768,
  "t_03" : -2.032998,
  "t_02" : -0.26117706,
  "t_12" : 0.169653,
  "fx" : 712.3881,
  "manual_keyframe" : false,
  "t_21" : 0.2584903,
  "t_13" : 2.6268692,
  "t_00" : -0.0076161497,
  "t_23" : 3.2594686,
  "blur_score" : 157.41942,
  "t_11" : -0.03813409,
  "fy" : 712.3881,
  "t_22" : -0.95026547,
  "cy" : 387.0295,
  "t_20" : -0.17371918,
  "center_depth" : 3.310119,
  "angular_velocity" : 3.4028235e+38,
  "cx" : 514.4907,
  "t_10" : -0.98476577,
  "timestamp" : 235479552584
}