{
  "t_00" : 0.0026668804,
  "t_02" : 0.24603878,
  "t_12" : 0.26535395,
  "t_03" : -2.1012516,
  "fx" : 712.0943,
  "t_11" : -0.06471135,
  "timestamp" : 235487233022,
  "t_10" : -0.96197695,
  "fy" : 712.0943,
  "height" : 768,
  "t_13" : 2.6397893,
  "t_22" : 0.9322297,
  "center_depth" : 2.865507,
  "width" : 1024,
  "cx" : 514.5068,
  "manual_keyframe" : false,
  "t_01" : 0.96925634,
  "cy" : 386.6741,
  "t_23" : 1.3879082,
  "t_20" : 0.2731175,
  "angular_velocity" : 3.4028235e+38,
  "t_21" : -0.2373913,
  "blur_score" : 63.628666
}