{
  "t_10" : -0.97659487,
  "t_13" : 2.7358685,
  "t_11" : -0.074132994,
  "t_01" : 0.9802828,
  "cx" : 514.35516,
  "width" : 1024,
  "t_03" : -1.8707135,
  "t_12" : 0.20190765,
  "height" : 768,
  "timestamp" : 235474404525,
  "manual_keyframe" : false,
  "t_02" : -0.16511403,
  "t_20" : 0.18568622,
  "t_00" : -0.1085497,
  "angular_velocity" : 3.4028235e+38,
  "blur_score" : 89.002625,
  "cy" : 386.6626,
  "fy" : 711.17316,
  "t_21" : 0.18316652,
  "t_22" : 0.96538633,
  "t_23" : 3.0642056,
  "center_depth" : 2.5391517,
  "fx" : 711.17316
}