{
  "fx" : 713.00275,
  "blur_score" : 83.580025,
  "t_01" : 0.6129283,
  "timestamp" : 235455594939,
  "cx" : 514.5373,
  "t_10" : -0.9948018,
  "t_13" : 2.8161297,
  "t_11" : -0.06523127,
  "angular_velocity" : 3.4028235e+38,
  "center_depth" : 1.7159166,
  "width" : 1024,
  "fy" : 713.00275,
  "manual_keyframe" : false,
  "height" : 768,
  "t_22" : 0.6083141,
  "cy" : 386.9213,
  "t_02" : 0.78983533,
  "t_03" : -1.2758372,
  "t_12" : 0.07819419,
  "t_21" : -0.7874413,
  "t_23" : 5.73726,
  "t_20" : 0.099449396,
  "t_00" : 0.021892238
}