{
  "t_11" : -0.050849486,
  "fy" : 710.56805,
  "height" : 768,
  "t_01" : 0.98467016,
  "t_23" : 4.4677844,
  "t_10" : -0.9975053,
  "manual_keyframe" : false,
  "fx" : 710.56805,
  "t_21" : -0.16685085,
  "center_depth" : 8.7838955,
  "timestamp" : 235410461888,
  "t_22" : 0.9843434,
  "t_00" : -0.04188338,
  "t_20" : 0.05682513,
  "angular_velocity" : 3.4028235e+38,
  "t_13" : 0.065597385,
  "cy" : 386.77655,
  "width" : 1024,
  "blur_score" : 114.86919,
  "cx" : 514.5952,
  "t_12" : 0.048965726,
  "t_02" : 0.16932414,
  "t_03" : -3.4100218
}