{
  "t_00" : 0.038728587,
  "fx" : 713.82074,
  "t_10" : -0.99819267,
  "t_21" : 0.59108526,
  "fy" : 713.82074,
  "center_depth" : 1.234218,
  "t_13" : 2.2643523,
  "width" : 1024,
  "height" : 768,
  "t_20" : -0.045949943,
  "t_03" : -0.83915997,
  "t_11" : -0.058422696,
  "cy" : 386.93542,
  "t_23" : 5.275395,
  "cx" : 514.5956,
  "t_01" : -0.80449057,
  "t_22" : -0.8052993,
  "angular_velocity" : 3.4028235e+38,
  "blur_score" : 217.5801,
  "t_12" : 0.014074399,
  "t_02" : -0.5927016,
  "timestamp" : 235439167780,
  "manual_keyframe" : false
}