{
  "manual_keyframe" : false,
  "angular_velocity" : 3.4028235e+38,
  "center_depth" : 3.799108,
  "t_13" : 2.6449518,
  "fy" : 712.3453,
  "cy" : 387.08032,
  "t_22" : 0.9719951,
  "cx" : 514.489,
  "t_00" : -0.023471449,
  "t_03" : -2.019125,
  "t_11" : 0.0024746982,
  "t_01" : 0.9912113,
  "t_12" : 0.1956435,
  "t_21" : 0.1322653,
  "timestamp" : 235485550323,
  "width" : 1024,
  "t_23" : 1.8759644,
  "blur_score" : 75.40719,
  "t_02" : -0.13018957,
  "t_10" : -0.980672,
  "height" : 768,
  "t_20" : 0.19424623,
  "fx" : 712.3453
}