{
  "t_20" : -0.5353058,
  "t_02" : -0.17900924,
  "fx" : 714.43854,
  "t_21" : 0.19412841,
  "t_11" : -0.029491551,
  "cx" : 514.0374,
  "t_12" : 0.5405495,
  "center_depth" : 2.1634195,
  "fy" : 714.43854,
  "cy" : 386.9126,
  "t_00" : -0.080692574,
  "angular_velocity" : 3.4028235e+38,
  "blur_score" : 118.04921,
  "width" : 1024,
  "height" : 768,
  "timestamp" : 235478602942,
  "manual_keyframe" : false,
  "t_03" : -2.1213896,
  "t_23" : 3.167506,
  "t_13" : 2.5143073,
  "t_01" : -0.98053277,
  "t_10" : -0.8407952,
  "t_22" : -0.8220475
}