{
  "t_12" : 0.67879534,
  "cy" : 387.50735,
  "t_23" : -0.021520497,
  "t_03" : -2.0072753,
  "cx" : 513.78674,
  "center_depth" : 1.6049777,
  "t_10" : -0.73268944,
  "t_01" : 0.63381857,
  "t_02" : -0.58808666,
  "fx" : 712.4072,
  "height" : 768,
  "t_21" : 0.77192694,
  "blur_score" : 69.4224,
  "t_00" : -0.50242245,
  "fy" : 712.4072,
  "t_20" : 0.4590621,
  "manual_keyframe" : false,
  "t_22" : 0.4397626,
  "t_11" : 0.049021695,
  "angular_velocity" : 3.4028235e+38,
  "width" : 1024,
  "t_13" : 2.4507813,
  "timestamp" : 235494396987
}