{
  "t_00" : -0.15309806,
  "fx" : 713.87317,
  "t_10" : -0.97972476,
  "t_21" : 0.8110866,
  "fy" : 713.87317,
  "center_depth" : 1.3243055,
  "t_13" : 2.4218173,
  "width" : 1024,
  "height" : 768,
  "t_20" : -0.12922968,
  "t_03" : -0.6818292,
  "t_11" : -0.015613899,
  "cy" : 386.96655,
  "t_23" : 5.4702563,
  "cx" : 514.4101,
  "t_01" : -0.58471763,
  "t_22" : -0.570472,
  "angular_velocity" : 3.4028235e+38,
  "blur_score" : 112.7172,
  "t_12" : 0.19973864,
  "t_02" : -0.79665947,
  "timestamp" : 235440633897,
  "manual_keyframe" : false
}