{
  "center_depth" : 1.1978472,
  "angular_velocity" : 3.4028235e+38,
  "t_20" : -0.021520426,
  "cx" : 514.63336,
  "t_10" : -0.9989446,
  "t_13" : 0.46301147,
  "t_01" : -0.9763229,
  "t_03" : -0.9196258,
  "cy" : 387.02325,
  "t_22" : -0.97708696,
  "height" : 768,
  "t_12" : 0.012418536,
  "fy" : 715.6202,
  "t_11" : -0.04422072,
  "t_21" : 0.21174964,
  "t_23" : 3.4489956,
  "t_02" : -0.21247785,
  "blur_score" : 109.48968,
  "fx" : 715.6202,
  "width" : 1024,
  "t_00" : 0.040577877,
  "timestamp" : 235427805380,
  "manual_keyframe" : false
}