{
  "fx" : 711.7846,
  "blur_score" : 289.69016,
  "t_01" : 0.9041644,
  "timestamp" : 235464258347,
  "t_13" : 2.7423706,
  "t_10" : -0.9570243,
  "t_11" : -0.077063724,
  "cx" : 514.5046,
  "angular_velocity" : 3.4028235e+38,
  "center_depth" : 1.9518387,
  "width" : 1024,
  "fy" : 711.7846,
  "manual_keyframe" : false,
  "height" : 768,
  "t_22" : 0.87958395,
  "t_03" : -1.4972085,
  "cy" : 386.7316,
  "t_02" : -0.38492414,
  "t_12" : 0.27958146,
  "t_21" : 0.4201763,
  "t_23" : 4.8843393,
  "t_20" : 0.22312391,
  "t_00" : -0.18525752
}