{
  "manual_keyframe" : false,
  "angular_velocity" : 3.4028235e+38,
  "center_depth" : 3.4734397,
  "t_13" : 2.657539,
  "fy" : 711.4495,
  "cy" : 386.9575,
  "t_22" : -0.804432,
  "t_00" : -0.11576615,
  "cx" : 514.48474,
  "t_03" : -1.1748704,
  "t_11" : -0.07324989,
  "t_01" : -0.87686646,
  "t_12" : 0.36767632,
  "t_21" : 0.4751209,
  "timestamp" : 235499461741,
  "width" : 1024,
  "t_23" : -0.5023185,
  "blur_score" : 107.14281,
  "t_02" : -0.46658722,
  "t_10" : -0.9270646,
  "height" : 768,
  "t_20" : -0.3565805,
  "fx" : 711.4495
}