{
  "t_10" : -0.86512715,
  "t_23" : 2.278616,
  "t_21" : 0.3398538,
  "t_01" : -0.9367553,
  "center_depth" : 1.3801944,
  "height" : 768,
  "manual_keyframe" : false,
  "timestamp" : 235422623991,
  "t_00" : -0.10102495,
  "t_03" : -1.2779084,
  "t_12" : 0.49453613,
  "cx" : 514.1811,
  "t_20" : -0.49127293,
  "fx" : 712.92975,
  "t_11" : -0.08360076,
  "angular_velocity" : 3.4028235e+38,
  "blur_score" : 70.2383,
  "cy" : 386.77396,
  "width" : 1024,
  "t_02" : -0.33508754,
  "t_22" : -0.80196667,
  "fy" : 712.92975,
  "t_13" : -0.057546623
}