{
  "t_11" : -0.047343384,
  "fy" : 710.8745,
  "height" : 768,
  "t_01" : 0.89979374,
  "t_23" : 5.454782,
  "t_10" : -0.9781163,
  "manual_keyframe" : false,
  "fx" : 710.8745,
  "t_21" : -0.43373933,
  "center_depth" : 5.381102,
  "timestamp" : 235406280123,
  "t_22" : 0.8779104,
  "t_00" : 0.046312828,
  "t_20" : 0.20283917,
  "angular_velocity" : 3.4028235e+38,
  "t_13" : 0.042678665,
  "cy" : 386.91455,
  "width" : 1024,
  "blur_score" : 105.40623,
  "cx" : 514.71814,
  "t_02" : 0.43385062,
  "t_12" : 0.20260109,
  "t_03" : -2.7050917
}