{
  "t_01" : 0.809106,
  "cx" : 513.9682,
  "t_12" : 0.40812418,
  "fx" : 712.03235,
  "t_02" : 0.56252337,
  "t_13" : 2.7390084,
  "timestamp" : 235450280272,
  "manual_keyframe" : false,
  "t_21" : -0.58027726,
  "t_22" : 0.7190288,
  "cy" : 387.14905,
  "fy" : 712.03235,
  "blur_score" : 157.82588,
  "t_00" : 0.17004487,
  "width" : 1024,
  "center_depth" : 1.6232921,
  "angular_velocity" : 3.4028235e+38,
  "t_11" : -0.09287573,
  "height" : 768,
  "t_10" : -0.9081899,
  "t_20" : 0.38246045,
  "t_23" : 5.6685157,
  "t_03" : -0.53849155
}