{
  "t_22" : 0.8999117,
  "manual_keyframe" : false,
  "fy" : 710.27893,
  "t_10" : -0.95871747,
  "t_11" : -0.04192457,
  "t_21" : -0.3354141,
  "t_23" : 3.4655318,
  "height" : 768,
  "width" : 1024,
  "t_13" : -0.006296956,
  "t_01" : 0.9411374,
  "t_12" : 0.28125268,
  "cy" : 386.9729,
  "t_00" : 0.056607734,
  "blur_score" : 111.67986,
  "t_20" : 0.27866885,
  "center_depth" : 3.4371774,
  "timestamp" : 235413194197,
  "t_02" : 0.33325052,
  "t_03" : -3.594444,
  "angular_velocity" : 3.4028235e+38,
  "fx" : 710.27893,
  "cx" : 514.53906
}