{
  "t_12" : 0.46087372,
  "cy" : 387.07968,
  "t_23" : 5.877361,
  "cx" : 514.28253,
  "t_03" : -0.9227155,
  "center_depth" : 1.5267158,
  "t_10" : -0.8846806,
  "t_02" : 0.8813635,
  "t_01" : 0.15293342,
  "fx" : 712.7376,
  "height" : 768,
  "t_21" : -0.9857362,
  "blur_score" : 126.80112,
  "t_00" : 0.44700095,
  "fy" : 712.7376,
  "t_20" : 0.13240236,
  "manual_keyframe" : false,
  "t_22" : 0.10389363,
  "t_11" : -0.070254035,
  "angular_velocity" : 3.4028235e+38,
  "width" : 1024,
  "t_13" : 2.6818824,
  "timestamp" : 235454212126
}