{
  "t_03" : -1.9212871,
  "t_11" : -0.056984764,
  "t_02" : -0.9764699,
  "t_12" : 0.17273514,
  "t_00" : -0.16337436,
  "fx" : 711.7862,
  "timestamp" : 235481851717,
  "fy" : 711.7862,
  "t_10" : -0.9833185,
  "height" : 768,
  "t_13" : 2.6612823,
  "t_22" : -0.12910956,
  "center_depth" : 0.8923139,
  "width" : 1024,
  "cx" : 514.63416,
  "manual_keyframe" : false,
  "t_01" : -0.14076756,
  "cy" : 386.8142,
  "t_23" : 2.9730132,
  "t_20" : -0.07995942,
  "angular_velocity" : 3.4028235e+38,
  "t_21" : 0.98840135,
  "blur_score" : 73.97079
}