{
  "center_depth" : 1.1723716,
  "t_22" : -0.9857139,
  "t_21" : 0.1400712,
  "t_23" : 2.9244864,
  "angular_velocity" : 3.4028235e+38,
  "t_02" : -0.13982777,
  "t_00" : -0.009183775,
  "t_20" : -0.093532085,
  "cx" : 514.6614,
  "t_13" : 0.07707363,
  "t_12" : 0.093895614,
  "cy" : 387.06433,
  "blur_score" : 101.745255,
  "fy" : 713.8223,
  "t_11" : -0.0040258104,
  "height" : 768,
  "timestamp" : 235425123053,
  "t_03" : -0.9722613,
  "manual_keyframe" : false,
  "t_01" : -0.9901332,
  "t_10" : -0.9955739,
  "fx" : 713.8223,
  "width" : 1024
}