{
  "center_depth" : 2.255526,
  "angular_velocity" : 3.4028235e+38,
  "t_20" : 0.19537224,
  "cx" : 514.5112,
  "t_03" : -1.8705969,
  "t_10" : -0.9476418,
  "t_13" : 2.612288,
  "t_01" : 0.67993116,
  "cy" : 387.00452,
  "t_22" : 0.65195656,
  "height" : 768,
  "t_12" : 0.3179053,
  "t_11" : -0.030188322,
  "fy" : 712.0593,
  "t_21" : 0.7326544,
  "t_23" : 2.3592024,
  "t_02" : -0.6883959,
  "blur_score" : 81.91232,
  "fx" : 712.0593,
  "width" : 1024,
  "t_00" : -0.25259617,
  "timestamp" : 235483900945,
  "manual_keyframe" : false
}