{
  "t_10" : -0.91896784,
  "t_13" : 2.663253,
  "t_11" : -0.038274538,
  "t_01" : -0.12691349,
  "cx" : 514.06525,
  "width" : 1024,
  "t_03" : -0.57421935,
  "t_12" : 0.39247072,
  "height" : 768,
  "timestamp" : 235442733109,
  "manual_keyframe" : false,
  "t_02" : -0.9141036,
  "t_20" : -0.08479673,
  "t_00" : -0.38510743,
  "angular_velocity" : 3.4028235e+38,
  "blur_score" : 98.649216,
  "cy" : 387.0535,
  "fy" : 714.15106,
  "t_21" : 0.9911751,
  "t_22" : -0.101889625,
  "t_23" : 5.745551,
  "center_depth" : 1.9294753,
  "fx" : 714.15106
}