{
  "cy" : 386.933,
  "cx" : 514.529,
  "t_13" : 2.599326,
  "t_23" : 1.2885466,
  "center_depth" : 2.5509605,
  "t_20" : 0.40209594,
  "blur_score" : 46.473354,
  "t_03" : -2.1197133,
  "t_10" : -0.9155773,
  "height" : 768,
  "width" : 1024,
  "timestamp" : 235487632871,
  "t_22" : 0.9111857,
  "manual_keyframe" : false,
  "t_02" : 0.10071405,
  "t_21" : -0.08977606,
  "t_11" : -0.04605145,
  "t_12" : 0.39949661,
  "fx" : 711.49554,
  "angular_velocity" : 3.4028235e+38,
  "t_00" : -0.0060961796,
  "t_01" : 0.9948968,
  "fy" : 711.49554
}