{
  "fx" : 711.77026,
  "blur_score" : 154.72504,
  "t_01" : 0.4373146,
  "timestamp" : 235451396518,
  "t_13" : 2.8441293,
  "cx" : 514.5451,
  "t_11" : -0.10082448,
  "t_10" : -0.9925446,
  "angular_velocity" : 3.4028235e+38,
  "center_depth" : 2.4116051,
  "width" : 1024,
  "fy" : 711.77026,
  "manual_keyframe" : false,
  "height" : 768,
  "t_22" : 0.4322785,
  "cy" : 386.62756,
  "t_02" : 0.8991361,
  "t_03" : -0.47524795,
  "t_12" : 0.0684806,
  "t_21" : -0.8936388,
  "t_23" : 5.695896,
  "t_20" : 0.12060251,
  "t_00" : 0.017612671
}