{
  "t_01" : 0.9995729,
  "t_13" : 2.8348393,
  "t_12" : 0.13850988,
  "t_02" : 0.026313348,
  "cx" : 514.61365,
  "fx" : 711.75757,
  "timestamp" : 235447014834,
  "manual_keyframe" : false,
  "t_21" : -0.024294103,
  "t_22" : 0.99001163,
  "cy" : 386.9574,
  "fy" : 711.75757,
  "blur_score" : 160.21516,
  "t_00" : -0.012721737,
  "width" : 1024,
  "center_depth" : 2.6904266,
  "angular_velocity" : 3.4028235e+38,
  "t_11" : -0.016249014,
  "height" : 768,
  "t_10" : -0.9902278,
  "t_20" : 0.13887832,
  "t_23" : 5.6159782,
  "t_03" : -0.6246205
}