{
  "fx" : 713.8906,
  "blur_score" : 87.48442,
  "t_01" : 0.8017739,
  "timestamp" : 235456211374,
  "t_13" : 2.8757858,
  "t_10" : -0.98948216,
  "t_11" : -0.06546833,
  "cx" : 514.6362,
  "angular_velocity" : 3.4028235e+38,
  "center_depth" : 1.2031505,
  "width" : 1024,
  "fy" : 713.8906,
  "manual_keyframe" : false,
  "height" : 768,
  "t_22" : 0.8017941,
  "cy" : 386.77307,
  "t_02" : 0.583513,
  "t_03" : -1.371941,
  "t_12" : -0.1289923,
  "t_21" : -0.59403086,
  "t_23" : 5.713084,
  "t_20" : -0.065221034,
  "t_00" : -0.12911753
}