{
  "t_13" : 2.762138,
  "t_10" : -0.89852077,
  "t_11" : -0.06166322,
  "t_01" : 0.9881027,
  "cx" : 514.4564,
  "width" : 1024,
  "t_03" : -0.6272205,
  "t_12" : 0.43457815,
  "height" : 768,
  "timestamp" : 235447881175,
  "manual_keyframe" : false,
  "t_02" : 0.15365851,
  "t_20" : 0.4388829,
  "t_00" : 0.006507393,
  "angular_velocity" : 3.4028235e+38,
  "blur_score" : 238.09949,
  "cy" : 386.9934,
  "fy" : 711.5226,
  "t_21" : -0.14089331,
  "t_22" : 0.8874295,
  "t_23" : 5.4552217,
  "center_depth" : 2.653706,
  "fx" : 711.5226
}