{
  "t_10" : -0.96088433,
  "t_23" : 2.5203907,
  "t_21" : 0.2631111,
  "t_01" : -0.9647444,
  "center_depth" : 1.338158,
  "height" : 768,
  "manual_keyframe" : false,
  "timestamp" : 235423506993,
  "t_00" : -0.06692308,
  "t_03" : -1.1806511,
  "t_12" : 0.2768763,
  "cx" : 514.45056,
  "t_20" : -0.26874286,
  "fx" : 712.9948,
  "t_11" : -0.0063957307,
  "angular_velocity" : 3.4028235e+38,
  "blur_score" : 91.70679,
  "cy" : 387.045,
  "width" : 1024,
  "t_02" : -0.25453815,
  "t_22" : -0.9265797,
  "fy" : 712.9948,
  "t_13" : 0.004631757
}