{
  "t_11" : -0.062569335,
  "t_12" : -0.002887878,
  "t_02" : 0.2628736,
  "t_03" : -1.6626093,
  "fx" : 711.756,
  "t_00" : -0.06112669,
  "timestamp" : 235467423823,
  "fy" : 711.756,
  "t_10" : -0.9980364,
  "height" : 768,
  "t_13" : 2.826267,
  "t_22" : 0.964826,
  "center_depth" : 4.5252028,
  "width" : 1024,
  "cx" : 514.5475,
  "manual_keyframe" : false,
  "t_01" : 0.96289194,
  "cy" : 386.7357,
  "t_23" : 4.091111,
  "t_20" : 0.013667113,
  "angular_velocity" : 3.4028235e+38,
  "t_21" : -0.2625339,
  "blur_score" : 118.42108
}