{
  "t_20" : 0.25105757,
  "t_02" : -0.5838834,
  "fx" : 711.7846,
  "t_21" : 0.6361279,
  "t_11" : -0.039895404,
  "cx" : 514.3836,
  "t_12" : 0.35604608,
  "center_depth" : 2.225541,
  "fy" : 711.7846,
  "cy" : 386.86508,
  "t_00" : -0.25559846,
  "angular_velocity" : 3.4028235e+38,
  "blur_score" : 77.01042,
  "width" : 1024,
  "height" : 768,
  "timestamp" : 235484184171,
  "manual_keyframe" : false,
  "t_03" : -1.8712964,
  "t_23" : 2.2770438,
  "t_01" : 0.7705515,
  "t_13" : 2.6028962,
  "t_10" : -0.93361634,
  "t_22" : 0.72959673
}