{
  "t_21" : 0.40388298,
  "angular_velocity" : 3.4028235e+38,
  "t_03" : -1.990414,
  "t_20" : -0.06755502,
  "fx" : 711.7386,
  "t_02" : -0.4053262,
  "t_12" : 0.058274046,
  "cy" : 386.9615,
  "t_01" : -0.91413164,
  "t_22" : -0.91231316,
  "t_00" : 0.008616684,
  "t_13" : 2.6696005,
  "center_depth" : 3.3911638,
  "cx" : 514.5459,
  "width" : 1024,
  "manual_keyframe" : false,
  "blur_score" : 202.9309,
  "t_23" : 3.2832947,
  "t_11" : -0.035242926,
  "timestamp" : 235479869131,
  "t_10" : -0.9976784,
  "height" : 768,
  "fy" : 711.7386
}