{
  "fx" : 713.565,
  "blur_score" : 125.26216,
  "t_01" : 0.15865146,
  "timestamp" : 235443349544,
  "t_13" : 2.7932115,
  "cx" : 514.3426,
  "t_11" : -0.09179167,
  "t_10" : -0.98851764,
  "angular_velocity" : 3.4028235e+38,
  "center_depth" : 1.674239,
  "width" : 1024,
  "fy" : 713.565,
  "manual_keyframe" : false,
  "height" : 768,
  "t_22" : 0.16908553,
  "t_03" : -0.5397499,
  "t_02" : -0.97826535,
  "cy" : 386.95105,
  "t_12" : 0.12002998,
  "t_21" : 0.9830586,
  "t_23" : 5.8149734,
  "t_20" : -0.07075368,
  "t_00" : -0.13351715
}