{
  "t_10" : -0.8207941,
  "t_23" : 3.128788,
  "t_21" : 0.5439739,
  "t_01" : -0.83773404,
  "center_depth" : 1.4446425,
  "height" : 768,
  "manual_keyframe" : false,
  "timestamp" : 235477619979,
  "t_00" : -0.27733693,
  "t_03" : -2.0542014,
  "t_12" : 0.56921256,
  "cx" : 513.9175,
  "t_20" : -0.49938118,
  "fx" : 716.4793,
  "t_11" : -0.047899637,
  "angular_velocity" : 3.4028235e+38,
  "blur_score" : 110.617424,
  "cy" : 386.87735,
  "width" : 1024,
  "t_02" : -0.47041076,
  "t_22" : -0.67432284,
  "fy" : 716.4793,
  "t_13" : 2.5173585
}