{
  "manual_keyframe" : false,
  "angular_velocity" : 3.4028235e+38,
  "center_depth" : 1.8365341,
  "t_13" : 2.8666613,
  "cy" : 386.79123,
  "fy" : 715.1056,
  "t_22" : 0.72117037,
  "t_00" : -0.04495447,
  "cx" : 514.6179,
  "t_03" : -0.7285682,
  "t_11" : -0.05915821,
  "t_01" : 0.71977544,
  "t_12" : 0.0033126802,
  "t_21" : 0.6916817,
  "timestamp" : 235444715698,
  "width" : 1024,
  "t_23" : 5.7971525,
  "blur_score" : 141.66731,
  "t_02" : -0.69275,
  "t_10" : -0.9982431,
  "height" : 768,
  "t_20" : -0.03859746,
  "fx" : 715.1056
}