{
  "t_22" : -0.3578438,
  "manual_keyframe" : false,
  "fy" : 717.9199,
  "t_10" : -0.96431273,
  "t_11" : -0.068891004,
  "t_21" : -0.9333561,
  "t_23" : 5.806881,
  "height" : 768,
  "width" : 1024,
  "t_01" : -0.35227934,
  "t_13" : 0.027506463,
  "cy" : 387.0186,
  "t_00" : 0.26326135,
  "t_12" : 0.2556464,
  "blur_score" : 111.69782,
  "t_20" : -0.028187582,
  "center_depth" : 1.5789428,
  "timestamp" : 235402298282,
  "t_02" : 0.8981052,
  "t_03" : -1.8803848,
  "angular_velocity" : 3.4028235e+38,
  "fx" : 717.9199,
  "cx" : 514.33936
}