{
  "t_12" : 0.10652878,
  "cy" : 386.76205,
  "t_23" : 3.1085985,
  "cx" : 514.5914,
  "t_03" : -1.9146992,
  "center_depth" : 3.188036,
  "t_10" : -0.992587,
  "t_02" : -0.9252608,
  "t_01" : -0.37134835,
  "fx" : 710.6173,
  "height" : 768,
  "t_21" : 0.9266487,
  "blur_score" : 104.846016,
  "t_00" : -0.0774151,
  "fy" : 710.6173,
  "t_20" : -0.09369151,
  "manual_keyframe" : false,
  "t_22" : -0.36406645,
  "t_11" : -0.058504824,
  "angular_velocity" : 3.4028235e+38,
  "width" : 1024,
  "t_13" : 2.6850607,
  "timestamp" : 235481485188
}