{
  "t_03" : -1.3906796,
  "t_02" : -0.98790413,
  "t_11" : -0.019487344,
  "t_00" : -0.10823498,
  "fx" : 712.01495,
  "t_12" : 0.10672311,
  "timestamp" : 235462958836,
  "fy" : 712.01495,
  "t_10" : -0.9940979,
  "height" : 768,
  "t_13" : 2.807942,
  "t_22" : 0.11249857,
  "center_depth" : 2.469331,
  "width" : 1024,
  "cx" : 514.6631,
  "manual_keyframe" : false,
  "t_01" : 0.11104477,
  "cy" : 386.92825,
  "t_23" : 5.1099844,
  "t_20" : -0.0074005853,
  "angular_velocity" : 3.4028235e+38,
  "t_21" : 0.9936244,
  "blur_score" : 157.73318
}