{
  "center_depth" : 1.7193286,
  "angular_velocity" : 3.4028235e+38,
  "t_20" : -0.28906065,
  "cx" : 514.42004,
  "t_10" : -0.9353015,
  "t_01" : -0.6618599,
  "t_03" : -1.7610428,
  "t_13" : -0.006649258,
  "cy" : 386.7998,
  "t_22" : -0.6015416,
  "height" : 768,
  "t_12" : 0.34330976,
  "t_11" : -0.08572978,
  "fy" : 713.268,
  "t_21" : 0.7447092,
  "t_23" : 2.1280675,
  "t_02" : -0.7213088,
  "blur_score" : 66.91614,
  "fx" : 713.268,
  "width" : 1024,
  "t_00" : -0.20409596,
  "timestamp" : 235420941290,
  "manual_keyframe" : false
}