{
  "fx" : 711.4908,
  "blur_score" : 236.09299,
  "t_01" : 0.9944107,
  "timestamp" : 235447547967,
  "cx" : 514.50726,
  "t_10" : -0.94931924,
  "t_11" : -0.03492306,
  "t_13" : 2.7916274,
  "angular_velocity" : 3.4028235e+38,
  "center_depth" : 2.488833,
  "width" : 1024,
  "fy" : 711.4908,
  "manual_keyframe" : false,
  "height" : 768,
  "t_22" : 0.9440777,
  "cy" : 386.97363,
  "t_02" : 0.1055653,
  "t_03" : -0.6276217,
  "t_12" : 0.3123676,
  "t_21" : -0.09963843,
  "t_23" : 5.5013075,
  "t_20" : 0.31430838,
  "t_00" : -0.001846261
}