{
  "center_depth" : 2.7761674,
  "angular_velocity" : 3.4028235e+38,
  "t_20" : -0.018268898,
  "cx" : 514.6225,
  "t_10" : -0.9787116,
  "t_01" : 0.120551065,
  "t_13" : 2.6426022,
  "t_03" : -1.9682548,
  "cy" : 386.95856,
  "t_22" : 0.12691648,
  "height" : 768,
  "fy" : 715.3104,
  "t_11" : -0.04369198,
  "t_12" : 0.20053612,
  "t_21" : 0.9917452,
  "t_23" : 2.7959466,
  "t_02" : -0.97143084,
  "blur_score" : 45.20988,
  "fx" : 715.3104,
  "width" : 1024,
  "t_00" : -0.20442599,
  "timestamp" : 235482351529,
  "manual_keyframe" : false
}