{
  "manual_keyframe" : false,
  "angular_velocity" : 3.4028235e+38,
  "center_depth" : 2.0933769,
  "t_13" : 2.8294375,
  "fy" : 712.04987,
  "cy" : 386.78702,
  "t_22" : 0.070331275,
  "t_00" : 0.09042673,
  "cx" : 514.63965,
  "t_03" : -0.51777256,
  "t_11" : -0.09125429,
  "t_01" : 0.07929379,
  "t_12" : 0.097560294,
  "t_21" : -0.99266565,
  "timestamp" : 235452112915,
  "width" : 1024,
  "t_23" : 5.790549,
  "blur_score" : 117.96868,
  "t_02" : 0.9927414,
  "t_10" : -0.99103713,
  "height" : 768,
  "t_20" : 0.098327845,
  "fx" : 712.04987
}