{
  "t_13" : 2.8230095,
  "t_10" : -0.99484897,
  "t_11" : -0.08580256,
  "t_01" : 0.2907505,
  "cx" : 514.502,
  "width" : 1024,
  "t_03" : -0.5431997,
  "t_12" : 0.05397758,
  "height" : 768,
  "timestamp" : 235443566130,
  "manual_keyframe" : false,
  "t_02" : -0.95371,
  "t_20" : -0.06613676,
  "t_00" : -0.07682181,
  "angular_velocity" : 3.4028235e+38,
  "blur_score" : 142.56662,
  "cy" : 386.82303,
  "fy" : 713.50146,
  "t_21" : 0.9529439,
  "t_22" : 0.29584432,
  "t_23" : 5.8457565,
  "center_depth" : 1.5158076,
  "fx" : 713.50146
}