{
  "fy" : 714.75305,
  "fx" : 714.75305,
  "blur_score" : 145.46608,
  "center_depth" : 1.9952133,
  "height" : 768,
  "timestamp" : 235433120051,
  "angular_velocity" : 3.4028235e+38,
  "t_22" : -0.9936224,
  "t_01" : -0.99595547,
  "t_23" : 4.262929,
  "t_10" : -0.99634856,
  "manual_keyframe" : false,
  "t_02" : -0.08073489,
  "t_00" : 0.039426185,
  "t_11" : -0.03306069,
  "cy" : 386.92188,
  "t_12" : -0.078717485,
  "t_21" : 0.083543606,
  "cx" : 514.46814,
  "t_20" : 0.075729966,
  "width" : 1024,
  "t_03" : -0.8728714,
  "t_13" : 1.3277594
}