{
  "t_20" : -0.021738332,
  "t_02" : 0.6681934,
  "fx" : 711.8529,
  "t_21" : -0.6738196,
  "t_11" : -0.06611841,
  "t_12" : -0.089571096,
  "cx" : 514.50977,
  "center_depth" : 2.6934414,
  "fy" : 711.8529,
  "cy" : 386.91638,
  "t_00" : -0.109188244,
  "angular_velocity" : 3.4028235e+38,
  "blur_score" : 112.60333,
  "width" : 1024,
  "height" : 768,
  "timestamp" : 235405480423,
  "manual_keyframe" : false,
  "t_03" : -2.3794067,
  "t_23" : 5.513789,
  "t_01" : 0.7359317,
  "t_13" : 0.14898431,
  "t_10" : -0.9937834,
  "t_22" : 0.7385762
}