{
  "t_12" : 0.37556595,
  "cy" : 387.0276,
  "t_23" : 5.2682557,
  "t_03" : -1.4129577,
  "cx" : 514.55676,
  "center_depth" : 2.544078,
  "t_10" : -0.92620045,
  "t_01" : 0.38686764,
  "t_02" : -0.8496394,
  "fx" : 712.41516,
  "height" : 768,
  "t_21" : 0.9215369,
  "blur_score" : 138.49309,
  "t_00" : -0.35839444,
  "fy" : 712.41516,
  "t_20" : 0.11707423,
  "manual_keyframe" : false,
  "t_22" : 0.37022075,
  "t_11" : -0.033214174,
  "angular_velocity" : 3.4028235e+38,
  "width" : 1024,
  "t_13" : 2.793771,
  "timestamp" : 235460559739
}