{
  "t_10" : -0.9763965,
  "t_23" : 2.7057917,
  "t_21" : 0.96239096,
  "t_01" : 0.2695743,
  "center_depth" : 2.9754014,
  "height" : 768,
  "manual_keyframe" : false,
  "timestamp" : 235482651415,
  "t_00" : -0.21442606,
  "t_03" : -1.9943266,
  "t_12" : 0.21334611,
  "cx" : 514.602,
  "t_20" : 0.025909057,
  "fx" : 715.02136,
  "t_11" : -0.03366369,
  "angular_velocity" : 3.4028235e+38,
  "blur_score" : 50.86298,
  "cy" : 386.9885,
  "width" : 1024,
  "t_02" : -0.938803,
  "t_22" : 0.27042982,
  "fy" : 715.02136,
  "t_13" : 2.63389
}