{
  "center_depth" : 1.0296474,
  "angular_velocity" : 3.4028235e+38,
  "t_20" : -0.110430874,
  "cx" : 514.8655,
  "t_03" : -0.92867535,
  "t_01" : -0.98761684,
  "t_13" : 0.4015744,
  "t_10" : -0.99369663,
  "cy" : 387.04816,
  "t_22" : -0.98208845,
  "height" : 768,
  "t_12" : 0.10611916,
  "t_11" : -0.03613341,
  "fy" : 715.5884,
  "t_21" : 0.15266714,
  "t_23" : 3.4413612,
  "t_02" : -0.15569508,
  "blur_score" : 95.96888,
  "fx" : 715.5884,
  "width" : 1024,
  "t_00" : 0.019285297,
  "timestamp" : 235427572134,
  "manual_keyframe" : false
}