{
  "center_depth" : 2.694614,
  "angular_velocity" : 3.4028235e+38,
  "t_20" : 0.37866536,
  "cx" : 514.31537,
  "t_03" : -2.1455717,
  "t_10" : -0.9202124,
  "t_01" : 0.9826034,
  "t_13" : 2.5961208,
  "cy" : 387.0634,
  "t_22" : 0.9072201,
  "height" : 768,
  "t_12" : 0.39023444,
  "t_11" : -0.030435432,
  "fy" : 711.42566,
  "t_21" : 0.1832062,
  "t_23" : 1.1238414,
  "t_02" : -0.15706377,
  "blur_score" : 49.6053,
  "fx" : 711.42566,
  "width" : 1024,
  "t_00" : -0.099105,
  "timestamp" : 235488632494,
  "manual_keyframe" : false
}