{
  "t_13" : 2.686459,
  "t_22" : -0.7217238,
  "t_00" : -0.12235218,
  "cy" : 386.87766,
  "center_depth" : 3.0185897,
  "manual_keyframe" : false,
  "angular_velocity" : 3.4028235e+38,
  "t_11" : -0.08040366,
  "t_20" : -0.266973,
  "t_23" : -0.4581721,
  "t_02" : -0.63192976,
  "blur_score" : 107.63056,
  "cx" : 514.576,
  "t_12" : 0.2824533,
  "t_01" : -0.7653071,
  "t_21" : 0.6386238,
  "t_03" : -1.1510854,
  "t_10" : -0.95590556,
  "fy" : 711.46375,
  "width" : 1024,
  "fx" : 711.46375,
  "height" : 768,
  "timestamp" : 235499028572
}