{
  "t_13" : 2.60204,
  "t_22" : 0.81053936,
  "cy" : 386.82034,
  "t_00" : -0.21467578,
  "center_depth" : 1.4780357,
  "manual_keyframe" : false,
  "angular_velocity" : 3.4028235e+38,
  "t_11" : -0.038103487,
  "t_20" : 0.2960182,
  "t_23" : 2.1920254,
  "t_02" : -0.45909223,
  "blur_score" : 76.61716,
  "cx" : 514.4388,
  "t_12" : 0.36367646,
  "t_01" : 0.8620608,
  "t_21" : 0.50537056,
  "t_03" : -1.8991455,
  "t_10" : -0.9307457,
  "fy" : 711.7878,
  "width" : 1024,
  "fx" : 711.7878,
  "height" : 768,
  "timestamp" : 235484434077
}