{
  "t_23" : 0.43402454,
  "t_10" : -0.9849645,
  "cx" : 514.7392,
  "cy" : 386.78857,
  "t_01" : 0.9842011,
  "t_13" : 2.6413581,
  "t_00" : -0.0725187,
  "fx" : 712.674,
  "fy" : 712.674,
  "timestamp" : 235491698004,
  "t_11" : -0.045211125,
  "angular_velocity" : 3.4028235e+38,
  "blur_score" : 34.767025,
  "t_21" : 0.17118466,
  "t_20" : 0.15679924,
  "t_02" : -0.16152176,
  "height" : 768,
  "manual_keyframe" : false,
  "t_12" : 0.16673605,
  "t_03" : -2.2900097,
  "center_depth" : 1.5441065,
  "t_22" : 0.9726818,
  "width" : 1024
}