{
  "fx" : 713.8874,
  "blur_score" : 127.6123,
  "t_01" : 0.049041126,
  "timestamp" : 235443166280,
  "cx" : 514.1615,
  "t_10" : -0.9755334,
  "t_11" : -0.08861799,
  "t_13" : 2.760752,
  "angular_velocity" : 3.4028235e+38,
  "center_depth" : 1.739856,
  "width" : 1024,
  "fy" : 713.8874,
  "manual_keyframe" : false,
  "height" : 768,
  "t_22" : 0.06609863,
  "t_03" : -0.539773,
  "t_02" : -0.97731763,
  "cy" : 386.9962,
  "t_12" : 0.20120066,
  "t_21" : 0.99485785,
  "t_23" : 5.7867317,
  "t_20" : -0.0767408,
  "t_00" : -0.20602356
}