{
  "t_23" : -0.44686827,
  "t_10" : -0.9961563,
  "cx" : 514.4854,
  "cy" : 386.93494,
  "t_01" : -0.0800384,
  "t_13" : 2.7361042,
  "fy" : 711.79254,
  "fx" : 711.79254,
  "t_00" : -0.06003954,
  "timestamp" : 235497729062,
  "t_11" : -0.058886778,
  "angular_velocity" : 3.4028235e+38,
  "blur_score" : 108.52894,
  "t_21" : 0.995051,
  "t_20" : -0.06378157,
  "t_02" : -0.9949822,
  "height" : 768,
  "manual_keyframe" : false,
  "t_12" : 0.064847365,
  "t_03" : -1.3025949,
  "center_depth" : 1.7871852,
  "t_22" : -0.076195225,
  "width" : 1024
}