{
  "manual_keyframe" : false,
  "angular_velocity" : 3.4028235e+38,
  "center_depth" : 2.3434236,
  "t_13" : 2.5959234,
  "fy" : 712.47705,
  "cy" : 386.83673,
  "t_22" : 0.21910074,
  "cx" : 514.26636,
  "t_00" : -0.4282374,
  "t_03" : -1.5684791,
  "t_11" : -0.043344434,
  "t_01" : 0.22236991,
  "t_12" : 0.42991915,
  "t_21" : 0.97399855,
  "timestamp" : 235496229629,
  "width" : 1024,
  "t_23" : -0.27127153,
  "blur_score" : 161.26166,
  "t_02" : -0.8758793,
  "t_10" : -0.9018264,
  "height" : 768,
  "t_20" : 0.05763658,
  "fx" : 712.47705
}