{
  "t_13" : 2.889821,
  "t_22" : 0.96513796,
  "t_00" : -0.021187536,
  "cy" : 386.8838,
  "center_depth" : 3.329568,
  "manual_keyframe" : false,
  "angular_velocity" : 3.4028235e+38,
  "t_11" : -0.05465738,
  "t_20" : -0.16108042,
  "t_23" : 3.5723577,
  "t_02" : -0.21236907,
  "blur_score" : 105.98404,
  "cx" : 514.44916,
  "t_12" : -0.15299799,
  "t_01" : 0.9769599,
  "t_21" : 0.20630586,
  "t_03" : -1.7396104,
  "t_10" : -0.9867138,
  "fy" : 713.00116,
  "width" : 1024,
  "fx" : 713.00116,
  "height" : 768,
  "timestamp" : 235469256465
}