{
  "t_11" : -0.023440355,
  "t_12" : 0.7100283,
  "t_00" : -0.63611275,
  "t_03" : -1.114523,
  "fx" : 714.0939,
  "t_02" : -0.644522,
  "timestamp" : 235538480348,
  "fy" : 714.0939,
  "t_10" : -0.70378286,
  "height" : 768,
  "t_13" : 2.4931514,
  "t_22" : -0.28363934,
  "center_depth" : 1.6013473,
  "width" : 1024,
  "cx" : 513.57965,
  "manual_keyframe" : false,
  "t_01" : -0.42420757,
  "cy" : 387.2434,
  "t_23" : -3.3633187,
  "t_20" : -0.31630725,
  "angular_velocity" : 3.4028235e+38,
  "t_21" : 0.9052615,
  "blur_score" : 80.045006
}