{
  "t_23" : -3.1091073,
  "t_10" : -0.99920917,
  "cx" : 514.52783,
  "cy" : 386.729,
  "t_01" : -0.64170593,
  "t_13" : 2.756014,
  "fy" : 715.62964,
  "t_00" : 0.01975912,
  "fx" : 715.62964,
  "timestamp" : 235547760174,
  "t_11" : -0.039141566,
  "angular_velocity" : 3.4028235e+38,
  "blur_score" : 111.6039,
  "t_21" : 0.7659515,
  "t_20" : -0.034507502,
  "t_02" : -0.76669633,
  "height" : 768,
  "manual_keyframe" : false,
  "t_12" : 0.0070091453,
  "t_03" : -0.9603496,
  "center_depth" : 1.3762677,
  "t_22" : -0.64197195,
  "width" : 1024
}