{
  "t_20" : 0.15038633,
  "t_02" : 0.48615375,
  "fx" : 714.12085,
  "t_21" : -0.48014012,
  "t_11" : -0.076319546,
  "cx" : 514.62714,
  "t_12" : -0.12963472,
  "center_depth" : 1.206009,
  "fy" : 714.12085,
  "cy" : 386.79947,
  "t_00" : 0.0037128695,
  "angular_velocity" : 3.4028235e+38,
  "blur_score" : 127.9936,
  "width" : 1024,
  "height" : 768,
  "timestamp" : 235518254649,
  "manual_keyframe" : false,
  "t_03" : -2.1922185,
  "t_23" : -2.6716683,
  "t_13" : 2.8068116,
  "t_01" : -0.8738653,
  "t_10" : -0.9886203,
  "t_22" : -0.8642045
}