{
  "t_12" : 0.048772886,
  "cy" : 386.91623,
  "t_23" : 1.581298,
  "cx" : 514.57764,
  "t_03" : -0.123168126,
  "center_depth" : 4.5027757,
  "t_10" : -0.99492,
  "t_01" : -0.969713,
  "t_02" : -0.23263046,
  "fx" : 713.5777,
  "height" : 768,
  "t_21" : 0.22781847,
  "blur_score" : 113.14447,
  "t_00" : 0.07443017,
  "fy" : 713.5777,
  "t_20" : -0.06778238,
  "manual_keyframe" : false,
  "t_22" : -0.97134167,
  "t_11" : -0.08806534,
  "angular_velocity" : 3.4028235e+38,
  "width" : 1024,
  "t_13" : 2.7083733,
  "timestamp" : 235575732923
}