{
  "cx" : 514.6522,
  "cy" : 387.0021,
  "t_13" : 2.7392592,
  "t_23" : 0.10329752,
  "center_depth" : 2.9048502,
  "t_20" : -0.1283861,
  "blur_score" : 96.44723,
  "t_03" : -0.98234767,
  "t_10" : -0.98760784,
  "height" : 768,
  "width" : 1024,
  "timestamp" : 235503760119,
  "t_22" : -0.7985937,
  "manual_keyframe" : false,
  "t_02" : -0.5810541,
  "t_21" : 0.58801806,
  "t_11" : -0.0025138003,
  "t_12" : 0.15692203,
  "fx" : 711.79254,
  "angular_velocity" : 3.4028235e+38,
  "fy" : 711.79254,
  "t_01" : -0.8088439,
  "t_00" : -0.0902655
}