{
  "t_12" : 0.38924745,
  "cy" : 386.77545,
  "t_23" : -2.1260588,
  "cx" : 514.46454,
  "t_03" : -1.6801142,
  "center_depth" : 2.177884,
  "t_10" : -0.9164119,
  "t_02" : 0.8548072,
  "t_01" : 0.40720922,
  "fx" : 711.50037,
  "height" : 768,
  "t_21" : -0.9085729,
  "blur_score" : 82.30652,
  "t_00" : 0.32169175,
  "fy" : 711.50037,
  "t_20" : 0.23812594,
  "manual_keyframe" : false,
  "t_22" : 0.34320748,
  "t_11" : -0.09314471,
  "angular_velocity" : 3.4028235e+38,
  "width" : 1024,
  "t_13" : 2.6767704,
  "timestamp" : 235514256158
}