{
  "t_12" : 0.24496676,
  "cy" : 386.81067,
  "t_23" : -1.3150015,
  "t_03" : -1.3878258,
  "cx" : 514.3517,
  "center_depth" : 3.6419044,
  "t_10" : -0.966188,
  "t_01" : 0.95432216,
  "t_02" : 0.2987565,
  "fx" : 713.2267,
  "height" : 768,
  "t_21" : -0.28774515,
  "blur_score" : 80.16461,
  "t_00" : -0.0037138183,
  "fy" : 713.2267,
  "t_20" : 0.25781173,
  "manual_keyframe" : false,
  "t_22" : 0.92235345,
  "t_11" : -0.08044835,
  "angular_velocity" : 3.4028235e+38,
  "width" : 1024,
  "t_13" : 2.7111266,
  "timestamp" : 235511690459
}