{
  "t_11" : 0.0077696056,
  "t_02" : -0.2603247,
  "t_00" : 0.07154528,
  "t_12" : -0.29161453,
  "fx" : 717.0099,
  "t_03" : -1.0310478,
  "timestamp" : 235541429235,
  "t_10" : -0.9565044,
  "fy" : 717.0099,
  "height" : 768,
  "t_13" : 2.8237174,
  "t_22" : -0.9204305,
  "center_depth" : 1.3974422,
  "width" : 1024,
  "cx" : 514.387,
  "manual_keyframe" : false,
  "t_01" : -0.9628667,
  "cy" : 387.2211,
  "t_23" : -3.2579021,
  "t_20" : 0.28280854,
  "angular_velocity" : 3.4028235e+38,
  "t_21" : 0.2698653,
  "blur_score" : 125.21505
}