{
  "t_10" : -0.98703134,
  "t_23" : -2.7440178,
  "t_21" : 0.02786332,
  "t_01" : -0.99779725,
  "center_depth" : 1.0953922,
  "height" : 768,
  "manual_keyframe" : false,
  "timestamp" : 235519120989,
  "t_00" : 0.063667394,
  "t_03" : -2.150696,
  "t_12" : -0.14881183,
  "cx" : 514.6147,
  "t_20" : 0.14736247,
  "fx" : 715.3295,
  "t_11" : -0.060201872,
  "angular_velocity" : 3.4028235e+38,
  "blur_score" : 97.188034,
  "cy" : 386.70007,
  "width" : 1024,
  "t_02" : -0.018630492,
  "t_22" : -0.98869014,
  "fy" : 715.3295,
  "t_13" : 2.823626
}