{
  "center_depth" : 1.6102033,
  "t_22" : 0.0093649505,
  "t_21" : 0.999803,
  "t_23" : -3.3712773,
  "angular_velocity" : 3.4028235e+38,
  "t_02" : -0.7068508,
  "t_00" : -0.70710754,
  "t_20" : 0.017504536,
  "cx" : 513.62714,
  "t_13" : 2.4946852,
  "t_12" : 0.7073007,
  "cy" : 387.3385,
  "blur_score" : 123.0483,
  "fy" : 714.05414,
  "t_11" : 0.0057510673,
  "height" : 768,
  "timestamp" : 235550159267,
  "t_03" : -1.380376,
  "manual_keyframe" : false,
  "t_01" : 0.01900097,
  "t_10" : -0.7068894,
  "fx" : 714.05414,
  "width" : 1024
}