{
  "t_00" : -0.029443517,
  "t_11" : -0.012234858,
  "t_02" : -0.2739579,
  "t_12" : 0.1491945,
  "fx" : 716.2285,
  "t_03" : -1.0135704,
  "timestamp" : 235542062329,
  "t_10" : -0.9887322,
  "fy" : 716.2285,
  "height" : 768,
  "t_13" : 2.7826102,
  "t_22" : -0.95009905,
  "center_depth" : 1.5786663,
  "width" : 1024,
  "cx" : 514.5533,
  "manual_keyframe" : false,
  "t_01" : -0.9612909,
  "cy" : 387.1758,
  "t_23" : -3.210334,
  "t_20" : -0.14677115,
  "angular_velocity" : 3.4028235e+38,
  "t_21" : 0.27526373,
  "blur_score" : 91.82216
}