{
  "manual_keyframe" : false,
  "angular_velocity" : 3.4028235e+38,
  "center_depth" : 1.8505135,
  "t_13" : 2.6306553,
  "cy" : 387.11356,
  "fy" : 718.1963,
  "t_22" : -0.76673234,
  "t_00" : 0.006934574,
  "cx" : 513.69366,
  "t_03" : -0.23764531,
  "t_11" : -0.0046982374,
  "t_01" : -0.99997556,
  "t_12" : 0.6419664,
  "t_21" : -0.0051907552,
  "timestamp" : 235573767001,
  "width" : 1024,
  "t_23" : 1.0939214,
  "blur_score" : 102.59861,
  "t_02" : 0.00096382137,
  "t_10" : -0.76671845,
  "height" : 768,
  "t_20" : -0.6419461,
  "fx" : 718.1963
}