{
  "center_depth" : 1.515247,
  "t_22" : -0.3177704,
  "t_21" : 0.9389288,
  "t_23" : -3.225492,
  "angular_velocity" : 3.4028235e+38,
  "t_00" : -0.4120656,
  "t_02" : -0.8439017,
  "t_20" : -0.13204129,
  "cx" : 514.47797,
  "t_13" : 2.5901465,
  "t_12" : 0.43226403,
  "cy" : 387.30814,
  "blur_score" : 114.94312,
  "fy" : 715.2914,
  "t_11" : 0.019512363,
  "height" : 768,
  "timestamp" : 235548643173,
  "t_03" : -0.9919867,
  "manual_keyframe" : false,
  "t_01" : -0.34355807,
  "t_10" : -0.901536,
  "fx" : 715.2914,
  "width" : 1024
}