{
  "center_depth" : 1.708528,
  "angular_velocity" : 3.4028235e+38,
  "t_20" : -0.458466,
  "cx" : 514.279,
  "t_03" : -1.2689849,
  "t_01" : -0.9956093,
  "t_13" : 2.6084855,
  "t_10" : -0.8879367,
  "cy" : 387.03806,
  "t_22" : -0.88379323,
  "height" : 768,
  "t_12" : 0.4599185,
  "t_11" : -0.006596507,
  "fy" : 712.9806,
  "t_21" : 0.0933747,
  "t_23" : -0.47549674,
  "t_02" : -0.08593511,
  "blur_score" : 107.232605,
  "fx" : 712.9806,
  "width" : 1024,
  "t_00" : -0.037114814,
  "timestamp" : 235500344742,
  "manual_keyframe" : false
}