{
  "cy" : 386.3988,
  "cx" : 514.3938,
  "t_13" : 2.7575974,
  "t_23" : 3.38664,
  "center_depth" : 2.4601023,
  "t_20" : 0.23739348,
  "blur_score" : 149.18178,
  "t_03" : -0.055806592,
  "t_10" : -0.9639267,
  "height" : 768,
  "width" : 1024,
  "timestamp" : 235584862791,
  "t_22" : -0.97120166,
  "manual_keyframe" : false,
  "t_02" : 0.050143223,
  "t_21" : -0.020296589,
  "t_11" : -0.12881066,
  "fx" : 715.85046,
  "t_12" : -0.23292331,
  "angular_velocity" : 3.4028235e+38,
  "fy" : 715.85046,
  "t_01" : -0.9914616,
  "t_00" : 0.12037359
}