{
  "t_23" : -3.0043974,
  "t_10" : -0.9440173,
  "cx" : 514.38776,
  "cy" : 386.92746,
  "fx" : 716.17285,
  "t_13" : 2.668828,
  "fy" : 716.17285,
  "t_01" : -0.9625269,
  "t_00" : -0.042694382,
  "timestamp" : 235546344043,
  "t_11" : -0.04889988,
  "angular_velocity" : 3.4028235e+38,
  "blur_score" : 87.87832,
  "t_21" : 0.26674107,
  "t_20" : -0.3271218,
  "t_02" : -0.2678044,
  "height" : 768,
  "manual_keyframe" : false,
  "t_12" : 0.32625186,
  "t_03" : -0.8718168,
  "center_depth" : 1.0919636,
  "t_22" : -0.90655434,
  "width" : 1024
}