{
  "t_13" : 2.8857994,
  "t_22" : -0.28646752,
  "t_00" : 0.25937992,
  "cy" : 386.99966,
  "center_depth" : 0.7534868,
  "manual_keyframe" : false,
  "angular_velocity" : 3.4028235e+38,
  "t_11" : -0.052185107,
  "t_20" : 0.02395168,
  "t_23" : -4.0880814,
  "t_02" : -0.9234762,
  "blur_score" : 97.135826,
  "cx" : 514.24255,
  "t_12" : -0.25520253,
  "t_01" : -0.28269064,
  "t_21" : 0.9577906,
  "t_03" : -1.9212039,
  "t_10" : -0.9654784,
  "fy" : 716.751,
  "width" : 1024,
  "fx" : 716.751,
  "height" : 768,
  "timestamp" : 235533149025
}