{
  "t_12" : 0.5193846,
  "cy" : 387.02747,
  "t_23" : 2.2152576,
  "cx" : 514.1396,
  "t_03" : -0.21298732,
  "center_depth" : 0.985039,
  "t_10" : -0.85427207,
  "t_01" : -0.76110786,
  "t_02" : 0.56252843,
  "fx" : 715.6376,
  "height" : 768,
  "t_21" : -0.64827156,
  "blur_score" : 82.8058,
  "t_00" : 0.32291943,
  "fy" : 715.6376,
  "t_20" : -0.40736037,
  "manual_keyframe" : false,
  "t_22" : -0.64327425,
  "t_11" : 0.02142604,
  "angular_velocity" : 3.4028235e+38,
  "width" : 1024,
  "t_13" : 2.6077394,
  "timestamp" : 235579531481
}