{
  "manual_keyframe" : false,
  "angular_velocity" : 3.4028235e+38,
  "center_depth" : 2.135303,
  "t_13" : 2.6099327,
  "fy" : 718.48376,
  "cy" : 387.30676,
  "t_22" : -0.79677296,
  "t_00" : -0.15900253,
  "cx" : 513.8346,
  "t_03" : -0.20169261,
  "t_11" : 0.059562918,
  "t_01" : -0.9803335,
  "t_12" : 0.59286475,
  "t_21" : 0.18814474,
  "timestamp" : 235574316793,
  "width" : 1024,
  "t_23" : 1.2709261,
  "blur_score" : 104.38077,
  "t_02" : -0.116894804,
  "t_10" : -0.80309635,
  "height" : 768,
  "t_20" : -0.57424265,
  "fx" : 718.48376
}