{
  "center_depth" : 1.097562,
  "angular_velocity" : 3.4028235e+38,
  "t_20" : 0.15205371,
  "cx" : 514.58075,
  "t_03" : -2.1835656,
  "t_01" : -0.9943856,
  "t_10" : -0.9872604,
  "t_13" : 2.8220768,
  "cy" : 386.64926,
  "t_22" : -0.9845563,
  "height" : 768,
  "fy" : 715.28033,
  "t_11" : -0.060570203,
  "t_12" : -0.14713332,
  "t_21" : -0.08676798,
  "t_23" : -2.724021,
  "t_02" : 0.094872504,
  "blur_score" : 116.86053,
  "fx" : 715.28033,
  "width" : 1024,
  "t_00" : 0.046868328,
  "timestamp" : 235518887744,
  "manual_keyframe" : false
}