{
  "manual_keyframe" : false,
  "angular_velocity" : 3.4028235e+38,
  "center_depth" : 2.412447,
  "t_13" : 2.5826466,
  "fy" : 713.87317,
  "cy" : 386.90295,
  "t_22" : -0.8462043,
  "cx" : 514.0673,
  "t_00" : -0.01796425,
  "t_03" : 0.076922834,
  "t_11" : -0.05728216,
  "t_01" : -0.98995835,
  "t_12" : 0.5140804,
  "t_21" : 0.12923397,
  "timestamp" : 235582347079,
  "width" : 1024,
  "t_23" : 2.9358847,
  "blur_score" : 117.156845,
  "t_02" : -0.14021397,
  "t_10" : -0.8558272,
  "height" : 768,
  "t_20" : -0.51694995,
  "fx" : 713.87317
}