{
  "t_10" : -0.9981026,
  "t_23" : 5.4526386,
  "t_21" : -0.707083,
  "t_01" : -0.7069797,
  "center_depth" : 1.3043119,
  "height" : 768,
  "manual_keyframe" : false,
  "timestamp" : 235597607951,
  "t_00" : 0.052615732,
  "t_03" : -0.026872827,
  "t_12" : 0.059814468,
  "cx" : 514.6056,
  "t_20" : -0.031982236,
  "fx" : 714.7053,
  "t_11" : -0.0146118775,
  "angular_velocity" : 3.4028235e+38,
  "blur_score" : 268.05292,
  "cy" : 387.0356,
  "width" : 1024,
  "t_02" : 0.705274,
  "t_22" : -0.7064071,
  "fy" : 714.7053,
  "t_13" : 2.7436924
}