{
  "t_10" : -0.991278,
  "t_23" : 5.146869,
  "t_21" : -0.1250836,
  "t_01" : -0.98725116,
  "center_depth" : 1.1510363,
  "height" : 768,
  "manual_keyframe" : false,
  "timestamp" : 235596408407,
  "t_00" : 0.10834289,
  "t_03" : 0.15851094,
  "t_12" : 0.08762774,
  "cx" : 514.421,
  "t_20" : -0.07503241,
  "fx" : 714.45605,
  "t_11" : -0.098434865,
  "angular_velocity" : 3.4028235e+38,
  "blur_score" : 231.398,
  "cy" : 386.66504,
  "width" : 1024,
  "t_02" : 0.11660681,
  "t_22" : -0.98930514,
  "fy" : 714.45605,
  "t_13" : 2.723926
}