{
  "cx" : 514.41486,
  "cy" : 387.22922,
  "t_13" : 2.6986446,
  "t_23" : -3.29601,
  "center_depth" : 1.883068,
  "t_20" : -0.07789247,
  "blur_score" : 143.0201,
  "t_03" : -1.0743135,
  "t_10" : -0.9929867,
  "height" : 768,
  "width" : 1024,
  "timestamp" : 235539629914,
  "t_22" : -0.68648654,
  "manual_keyframe" : false,
  "t_02" : -0.7174856,
  "t_21" : 0.72295856,
  "t_12" : 0.118113644,
  "t_11" : 0.005169373,
  "fx" : 713.83026,
  "angular_velocity" : 3.4028235e+38,
  "fy" : 713.83026,
  "t_01" : -0.6908721,
  "t_00" : -0.08893997
}