{
  "t_13" : 2.8169274,
  "t_22" : -0.13216427,
  "t_00" : 0.007796321,
  "cy" : 386.77606,
  "center_depth" : 1.6785811,
  "manual_keyframe" : false,
  "angular_velocity" : 3.4028235e+38,
  "t_11" : -0.08078606,
  "t_20" : -0.080461845,
  "t_23" : -3.545829,
  "t_02" : -0.99122363,
  "blur_score" : 159.11418,
  "cx" : 514.74243,
  "t_12" : 0.0029158243,
  "t_01" : -0.13196631,
  "t_21" : 0.9879567,
  "t_03" : -1.7661513,
  "t_10" : -0.99672717,
  "fy" : 715.00867,
  "width" : 1024,
  "fx" : 715.00867,
  "height" : 768,
  "timestamp" : 235535564781
}