{
  "cy" : 387.1252,
  "cx" : 514.58527,
  "t_13" : 2.743626,
  "t_23" : 2.0149715,
  "center_depth" : 0.98973304,
  "t_20" : -0.049581293,
  "blur_score" : 134.38855,
  "t_03" : -0.23980364,
  "t_10" : -0.99781305,
  "height" : 768,
  "width" : 1024,
  "timestamp" : 235577982069,
  "t_22" : -0.83442736,
  "manual_keyframe" : false,
  "t_02" : 0.5472196,
  "t_21" : -0.5488834,
  "t_11" : -0.0093451785,
  "fx" : 715.2422,
  "t_12" : 0.065436825,
  "angular_velocity" : 3.4028235e+38,
  "fy" : 715.2422,
  "t_01" : -0.83584684,
  "t_00" : 0.043715052
}