{
  "t_13" : 2.6386802,
  "t_22" : -0.17999338,
  "cy" : 387.27832,
  "t_00" : -0.4058854,
  "center_depth" : 1.6177536,
  "manual_keyframe" : false,
  "angular_velocity" : 3.4028235e+38,
  "t_11" : -0.0014376089,
  "t_20" : -0.08350195,
  "t_23" : 0.01074363,
  "t_02" : -0.8921262,
  "blur_score" : 54.052757,
  "cx" : 514.3123,
  "t_12" : 0.4143832,
  "t_01" : -0.19841397,
  "t_21" : 0.9801173,
  "t_03" : -0.8559938,
  "t_10" : -0.9101014,
  "fy" : 712.02765,
  "width" : 1024,
  "fx" : 712.02765,
  "height" : 768,
  "timestamp" : 235505026308
}