{
  "t_11" : -0.003395798,
  "t_12" : 0.54321104,
  "t_03" : -1.0455759,
  "t_00" : -0.20465712,
  "t_02" : -0.31051594,
  "fx" : 714.4813,
  "timestamp" : 235509824497,
  "fy" : 714.4813,
  "t_10" : -0.8395894,
  "height" : 768,
  "t_13" : 2.6087162,
  "t_22" : 0.78006524,
  "center_depth" : 1.6693257,
  "width" : 1024,
  "cx" : 513.7706,
  "manual_keyframe" : false,
  "t_01" : 0.92827564,
  "cy" : 386.8708,
  "t_23" : -0.7575714,
  "t_20" : 0.50319505,
  "angular_velocity" : 3.4028235e+38,
  "t_21" : 0.37187788,
  "blur_score" : 83.11591
}