{
  "t_11" : -0.036856476,
  "t_02" : -0.25546306,
  "t_03" : -1.0013871,
  "t_12" : 0.37290034,
  "fx" : 715.64557,
  "t_00" : -0.0644001,
  "timestamp" : 235542395536,
  "fy" : 715.64557,
  "t_10" : -0.9271392,
  "height" : 768,
  "t_13" : 2.7360446,
  "t_22" : -0.89201134,
  "center_depth" : 1.3257623,
  "width" : 1024,
  "cx" : 514.5854,
  "manual_keyframe" : false,
  "t_01" : -0.9646716,
  "cy" : 387.10675,
  "t_23" : -3.1866963,
  "t_20" : -0.36914182,
  "angular_velocity" : 3.4028235e+38,
  "t_21" : 0.2608646,
  "blur_score" : 89.69458
}