{
  "t_12" : 0.42544708,
  "cy" : 387.1062,
  "t_23" : -0.09286555,
  "t_03" : -0.9584239,
  "cx" : 514.2942,
  "center_depth" : 1.6793883,
  "t_10" : -0.9045451,
  "t_02" : -0.8692825,
  "t_01" : 0.26525503,
  "fx" : 712.0658,
  "height" : 768,
  "t_21" : 0.963767,
  "blur_score" : 53.027912,
  "t_00" : -0.41711846,
  "fy" : 712.0658,
  "t_20" : 0.08837557,
  "manual_keyframe" : false,
  "t_22" : 0.25168,
  "t_11" : -0.028157033,
  "angular_velocity" : 3.4028235e+38,
  "width" : 1024,
  "t_13" : 2.6382074,
  "timestamp" : 235505526119
}