{
  "manual_keyframe" : false,
  "angular_velocity" : 3.4028235e+38,
  "center_depth" : 4.2515645,
  "fy" : 712.7105,
  "t_13" : 2.6808805,
  "cy" : 386.89804,
  "t_22" : -0.99378556,
  "cx" : 514.6408,
  "t_00" : 0.06037189,
  "t_03" : -0.07820025,
  "t_11" : -0.058278363,
  "t_01" : -0.9980515,
  "t_12" : 0.110191755,
  "t_21" : -0.02228559,
  "timestamp" : 235576865826,
  "width" : 1024,
  "t_23" : 1.8152964,
  "blur_score" : 118.144165,
  "t_02" : 0.015755981,
  "t_10" : -0.99220026,
  "height" : 768,
  "t_20" : -0.10905883,
  "fx" : 712.7105
}