{
  "t_12" : 0.31255355,
  "cy" : 387.13074,
  "t_23" : -3.297582,
  "t_03" : -1.0595425,
  "cx" : 514.03564,
  "center_depth" : 1.852142,
  "t_10" : -0.94967353,
  "t_01" : -0.65481627,
  "t_02" : -0.71354216,
  "fx" : 713.827,
  "height" : 768,
  "t_21" : 0.75550336,
  "blur_score" : 132.28581,
  "t_00" : -0.2491452,
  "fy" : 713.827,
  "t_20" : -0.18986027,
  "manual_keyframe" : false,
  "t_22" : -0.627031,
  "t_11" : 0.020748466,
  "angular_velocity" : 3.4028235e+38,
  "width" : 1024,
  "t_13" : 2.6349401,
  "timestamp" : 235539263386
}