{
  "t_23" : -0.25862294,
  "t_10" : -0.8838117,
  "cx" : 514.37256,
  "cy" : 387.0755,
  "fx" : 712.6613,
  "t_01" : -0.831037,
  "fy" : 712.6613,
  "t_00" : 0.2480401,
  "t_13" : 2.5973563,
  "timestamp" : 235563854089,
  "t_11" : 0.016308183,
  "angular_velocity" : 3.4028235e+38,
  "blur_score" : 72.50084,
  "t_21" : -0.555978,
  "t_20" : -0.39667735,
  "t_02" : 0.49784902,
  "height" : 768,
  "manual_keyframe" : false,
  "t_12" : 0.46755835,
  "t_03" : -1.5201867,
  "center_depth" : 2.4071915,
  "t_22" : -0.73043513,
  "width" : 1024
}