{
  "t_12" : 0.3602382,
  "cy" : 387.28897,
  "t_23" : -1.0405533,
  "t_03" : -1.3038958,
  "cx" : 514.20667,
  "center_depth" : 3.5631692,
  "t_10" : -0.9322693,
  "t_01" : 0.9940535,
  "t_02" : 0.108692765,
  "fx" : 715.3185,
  "height" : 768,
  "t_21" : -0.10370784,
  "blur_score" : 60.55882,
  "t_00" : 0.0065982183,
  "fy" : 715.3185,
  "t_20" : 0.36170483,
  "manual_keyframe" : false,
  "t_22" : 0.9265066,
  "t_11" : -0.0332014,
  "angular_velocity" : 3.4028235e+38,
  "width" : 1024,
  "t_13" : 2.6641235,
  "timestamp" : 235510907422
}