{
  "t_03" : -1.0572224,
  "t_02" : -0.48796877,
  "t_11" : 0.043040667,
  "t_12" : -0.2971401,
  "fx" : 714.9992,
  "t_00" : 0.112953745,
  "timestamp" : 235540662857,
  "t_10" : -0.95386344,
  "fy" : 714.9992,
  "height" : 768,
  "t_13" : 2.8025382,
  "t_22" : -0.8207281,
  "center_depth" : 1.0907321,
  "width" : 1024,
  "cx" : 514.5856,
  "manual_keyframe" : false,
  "t_01" : -0.86552185,
  "cy" : 387.23523,
  "t_23" : -3.2812645,
  "t_20" : 0.2781838,
  "angular_velocity" : 3.4028235e+38,
  "t_21" : 0.49901852,
  "blur_score" : 137.12292
}