{
  "t_23" : 0.39860186,
  "t_10" : -0.92188734,
  "cx" : 514.3457,
  "cy" : 386.73117,
  "fx" : 717.38464,
  "t_13" : 2.6863077,
  "fy" : 717.38464,
  "t_00" : -0.08865295,
  "t_01" : -0.9291153,
  "timestamp" : 235568035840,
  "t_11" : -0.05994639,
  "angular_velocity" : 3.4028235e+38,
  "blur_score" : 111.88818,
  "t_21" : 0.36489922,
  "t_20" : -0.37717983,
  "t_02" : -0.35900655,
  "height" : 768,
  "manual_keyframe" : false,
  "t_12" : 0.38279286,
  "t_03" : -0.69143134,
  "center_depth" : 3.3109918,
  "t_22" : -0.85122514,
  "width" : 1024
}