{
  "t_10" : -0.98384714,
  "t_23" : 3.432428,
  "t_21" : -0.18085462,
  "t_01" : -0.97613055,
  "center_depth" : 3.0237794,
  "height" : 768,
  "manual_keyframe" : false,
  "timestamp" : 235585129357,
  "t_00" : 0.092848174,
  "t_03" : -0.07087522,
  "t_12" : -0.13260433,
  "cx" : 514.48486,
  "t_20" : 0.1530496,
  "fx" : 715.60425,
  "t_11" : -0.1202541,
  "angular_velocity" : 3.4028235e+38,
  "blur_score" : 162.43344,
  "cy" : 386.4988,
  "width" : 1024,
  "t_02" : 0.19633812,
  "t_22" : -0.97152865,
  "fy" : 715.60425,
  "t_13" : 2.7466414
}