{
  "center_depth" : 1.5232899,
  "angular_velocity" : 3.4028235e+38,
  "t_20" : 0.033532854,
  "cx" : 514.4056,
  "t_03" : -2.1081724,
  "t_13" : 2.758892,
  "t_10" : -0.99392784,
  "t_01" : -0.6371606,
  "cy" : 386.82843,
  "t_22" : -0.6430376,
  "height" : 768,
  "fy" : 713.5841,
  "t_11" : -0.092995256,
  "t_12" : 0.05881688,
  "t_21" : -0.76510024,
  "t_23" : -2.6109507,
  "t_02" : 0.7635728,
  "blur_score" : 99.39159,
  "fx" : 713.5841,
  "width" : 1024,
  "t_00" : 0.104800254,
  "timestamp" : 235517754838,
  "manual_keyframe" : false
}