{
  "manual_keyframe" : false,
  "angular_velocity" : 3.4028235e+38,
  "center_depth" : 3.0481915,
  "fy" : 713.8588,
  "cy" : 386.9305,
  "t_13" : 2.6107073,
  "t_22" : -0.89731985,
  "cx" : 514.0604,
  "t_00" : 0.024720315,
  "t_03" : 0.08708226,
  "t_11" : -0.08074788,
  "t_01" : -0.9902168,
  "t_12" : 0.41947308,
  "t_21" : 0.113800764,
  "timestamp" : 235582613645,
  "width" : 1024,
  "t_23" : 3.016983,
  "blur_score" : 128.30608,
  "t_02" : -0.1373308,
  "t_10" : -0.9041694,
  "height" : 768,
  "t_20" : -0.42645845,
  "fx" : 713.8588
}