{
  "manual_keyframe" : false,
  "angular_velocity" : 3.4028235e+38,
  "center_depth" : 1.0170702,
  "t_13" : 2.618271,
  "cy" : 387.19855,
  "fy" : 714.1479,
  "t_22" : 0.84003764,
  "t_00" : -0.10308371,
  "cx" : 514.01495,
  "t_03" : -1.1723496,
  "t_11" : -0.006999772,
  "t_01" : 0.9823161,
  "t_12" : 0.5195266,
  "t_21" : 0.18710041,
  "timestamp" : 235510207686,
  "width" : 1024,
  "t_23" : -0.81923676,
  "blur_score" : 73.67462,
  "t_02" : -0.15629883,
  "t_10" : -0.8544257,
  "height" : 768,
  "t_20" : 0.50924516,
  "fx" : 714.1479
}