{
  "t_10" : -0.633542,
  "t_23" : 4.003991,
  "t_21" : -0.99643326,
  "t_01" : -0.03449127,
  "center_depth" : 0.67485833,
  "height" : 768,
  "manual_keyframe" : false,
  "timestamp" : 235592426587,
  "t_00" : 0.77000415,
  "t_03" : 0.01305208,
  "t_12" : 0.7698658,
  "cx" : 513.5022,
  "t_20" : -0.07561986,
  "fx" : 718.54565,
  "t_11" : 0.07701419,
  "angular_velocity" : 3.4028235e+38,
  "blur_score" : 77.09823,
  "cy" : 387.52963,
  "width" : 1024,
  "t_02" : 0.6371062,
  "t_22" : 0.037449587,
  "fy" : 718.54565,
  "t_13" : 2.5348446
}