{
  "t_10" : -0.8314016,
  "t_23" : 4.7868075,
  "t_21" : -0.01694577,
  "t_01" : -0.99602133,
  "center_depth" : 1.7614386,
  "height" : 768,
  "manual_keyframe" : false,
  "timestamp" : 235595275504,
  "t_00" : 0.08237876,
  "t_03" : 0.26860523,
  "t_12" : 0.54874134,
  "cx" : 513.9575,
  "t_20" : -0.5495318,
  "fx" : 715.27075,
  "t_11" : -0.08748934,
  "angular_velocity" : 3.4028235e+38,
  "blur_score" : 142.11412,
  "cy" : 386.85712,
  "width" : 1024,
  "t_02" : -0.033989444,
  "t_22" : -0.83530104,
  "fy" : 715.27075,
  "t_13" : 2.5741124
}