{
  "t_12" : 0.42977363,
  "cy" : 387.3548,
  "t_23" : 1.3555404,
  "t_03" : -0.20478998,
  "cx" : 513.90045,
  "center_depth" : 3.0846188,
  "t_10" : -0.9029365,
  "t_02" : -0.26595777,
  "t_01" : -0.9557206,
  "fx" : 717.5641,
  "height" : 768,
  "t_21" : 0.2942749,
  "blur_score" : 93.91034,
  "t_00" : -0.1259546,
  "fy" : 717.5641,
  "t_20" : -0.4109029,
  "manual_keyframe" : false,
  "t_22" : -0.86287963,
  "t_11" : -0.00059915165,
  "angular_velocity" : 3.4028235e+38,
  "width" : 1024,
  "t_13" : 2.6626363,
  "timestamp" : 235574749962
}