{
  "t_12" : 0.5127503,
  "cy" : 387.4291,
  "t_23" : 1.3291414,
  "t_03" : -0.20611896,
  "cx" : 513.8846,
  "center_depth" : 2.542438,
  "t_10" : -0.85772717,
  "t_02" : -0.182616,
  "t_01" : -0.9714552,
  "fx" : 718.18036,
  "height" : 768,
  "t_21" : 0.23427236,
  "blur_score" : 94.04179,
  "t_00" : -0.15141423,
  "fy" : 718.18036,
  "t_20" : -0.49130234,
  "manual_keyframe" : false,
  "t_22" : -0.8388914,
  "t_11" : 0.037300408,
  "angular_velocity" : 3.4028235e+38,
  "width" : 1024,
  "t_13" : 2.638424,
  "timestamp" : 235574566698
}