{
  "t_10" : -0.9968184,
  "t_23" : 4.098067,
  "t_21" : -0.9989345,
  "t_01" : -0.033024427,
  "center_depth" : 2.6411076,
  "height" : 768,
  "manual_keyframe" : false,
  "timestamp" : 235588428105,
  "t_00" : 0.07183172,
  "t_03" : -0.16391096,
  "t_12" : 0.07289593,
  "cx" : 514.6322,
  "t_20" : -0.03454256,
  "fx" : 711.7862,
  "t_11" : 0.03223611,
  "angular_velocity" : 3.4028235e+38,
  "blur_score" : 197.07324,
  "cy" : 387.29413,
  "width" : 1024,
  "t_02" : 0.9968699,
  "t_22" : -0.03060377,
  "fy" : 711.7862,
  "t_13" : 2.753866
}