{
  "t_00" : 0.19947627,
  "t_02" : -0.94820905,
  "t_12" : -0.21046846,
  "t_03" : -1.927136,
  "fx" : 713.88104,
  "t_11" : -0.018588815,
  "timestamp" : 235531649591,
  "t_10" : -0.97742397,
  "fy" : 713.88104,
  "height" : 768,
  "t_13" : 2.8512237,
  "t_22" : 0.23791371,
  "center_depth" : 1.3020865,
  "width" : 1024,
  "cx" : 514.5525,
  "manual_keyframe" : false,
  "t_01" : 0.24720259,
  "cy" : 386.97284,
  "t_23" : -4.0599127,
  "t_20" : -0.06965442,
  "angular_velocity" : 3.4028235e+38,
  "t_21" : 0.9687856,
  "blur_score" : 142.41602
}