{
  "t_03" : -1.1698368,
  "t_11" : -0.02125322,
  "t_02" : -0.4048025,
  "t_12" : 0.019585097,
  "t_00" : 0.011509207,
  "fx" : 712.01965,
  "timestamp" : 235503243648,
  "fy" : 712.01965,
  "t_10" : -0.99958223,
  "height" : 768,
  "t_13" : 2.7778301,
  "t_22" : -0.91419446,
  "center_depth" : 5.0028334,
  "width" : 1024,
  "cx" : 514.6342,
  "manual_keyframe" : false,
  "t_01" : -0.91433173,
  "cy" : 386.96277,
  "t_23" : 0.02090492,
  "t_20" : -0.026510634,
  "angular_velocity" : 3.4028235e+38,
  "t_21" : 0.40440795,
  "blur_score" : 137.56596
}