{
  "t_23" : -3.8571486,
  "t_10" : -0.8798484,
  "cx" : 514.01355,
  "cy" : 386.96033,
  "fx" : 715.30725,
  "t_01" : 0.47415692,
  "t_13" : 2.6096199,
  "fy" : 715.30725,
  "t_00" : -0.4337774,
  "timestamp" : 235529450421,
  "t_11" : -0.039656997,
  "angular_velocity" : 3.4028235e+38,
  "blur_score" : 130.64291,
  "t_21" : 0.879547,
  "t_20" : 0.19417542,
  "t_02" : -0.7661676,
  "height" : 768,
  "manual_keyframe" : false,
  "t_12" : 0.47359708,
  "t_03" : -2.070027,
  "center_depth" : 1.77407,
  "t_22" : 0.43438846,
  "width" : 1024
}