{
  "center_depth" : 1.5752186,
  "t_22" : -0.055289194,
  "t_21" : 0.997815,
  "t_23" : -3.3848403,
  "angular_velocity" : 3.4028235e+38,
  "t_02" : -0.69202757,
  "t_00" : -0.718992,
  "t_20" : -0.036171857,
  "cx" : 513.50226,
  "t_13" : 2.483374,
  "t_12" : 0.71975076,
  "cy" : 387.14017,
  "blur_score" : 108.6722,
  "fy" : 713.8588,
  "t_11" : 0.014720558,
  "height" : 768,
  "timestamp" : 235551275512,
  "t_03" : -1.7066593,
  "manual_keyframe" : false,
  "t_01" : -0.06440963,
  "t_10" : -0.69407654,
  "fx" : 713.8588,
  "width" : 1024
}