{
  "t_23" : -0.22674714,
  "t_10" : -0.88330543,
  "cx" : 514.35474,
  "cy" : 386.95407,
  "t_01" : -0.89913666,
  "fx" : 712.4406,
  "fy" : 712.4406,
  "t_13" : 2.6008642,
  "t_00" : 0.20310758,
  "timestamp" : 235564070674,
  "t_11" : 0.0026000745,
  "angular_velocity" : 3.4028235e+38,
  "blur_score" : 69.17988,
  "t_21" : -0.4376604,
  "t_20" : -0.42251512,
  "t_02" : 0.3876864,
  "height" : 768,
  "manual_keyframe" : false,
  "t_12" : 0.46879092,
  "t_03" : -1.4920517,
  "center_depth" : 1.6272452,
  "t_22" : -0.7936842,
  "width" : 1024
}