{
  "center_depth" : 5.684523,
  "t_22" : -0.9546855,
  "t_21" : 0.26696816,
  "t_23" : -2.7013118,
  "angular_velocity" : 3.4028235e+38,
  "t_02" : -0.27123305,
  "t_00" : 0.015312515,
  "t_20" : -0.13154288,
  "cx" : 514.6058,
  "t_13" : 2.721875,
  "t_12" : 0.12250783,
  "cy" : 386.8435,
  "blur_score" : 174.37257,
  "fy" : 711.486,
  "t_11" : -0.050297406,
  "height" : 768,
  "timestamp" : 235554257719,
  "t_03" : -1.7643718,
  "manual_keyframe" : false,
  "t_01" : -0.9623918,
  "t_10" : -0.99119216,
  "fx" : 711.486,
  "width" : 1024
}