{
  "center_depth" : 1.9442862,
  "t_22" : -0.26380217,
  "t_21" : -0.94982946,
  "t_23" : -2.522503,
  "angular_velocity" : 3.4028235e+38,
  "t_00" : 0.581899,
  "t_02" : 0.7512085,
  "t_20" : -0.16802509,
  "cx" : 514.1553,
  "t_13" : 2.5989318,
  "t_12" : 0.60505736,
  "cy" : 386.7704,
  "blur_score" : 101.92154,
  "fy" : 712.46277,
  "t_11" : -0.027284341,
  "height" : 768,
  "timestamp" : 235516172101,
  "t_03" : -1.8329469,
  "manual_keyframe" : false,
  "t_01" : -0.31157598,
  "t_10" : -0.7957143,
  "fx" : 712.46277,
  "width" : 1024
}