{
  "t_10" : -0.9969081,
  "t_23" : 0.58580875,
  "t_21" : 0.12483368,
  "t_01" : -0.9890963,
  "center_depth" : 3.5537026,
  "height" : 768,
  "manual_keyframe" : false,
  "timestamp" : 235569535271,
  "t_00" : 0.07647341,
  "t_03" : -0.51748955,
  "t_12" : 0.008312642,
  "cx" : 514.6389,
  "t_20" : -0.018055975,
  "fx" : 713.8874,
  "t_11" : -0.078135125,
  "angular_velocity" : 3.4028235e+38,
  "blur_score" : 142.52913,
  "cy" : 386.7106,
  "width" : 1024,
  "t_02" : -0.12585853,
  "t_22" : -0.9920135,
  "fy" : 713.8874,
  "t_13" : 2.7973099
}