{
  "t_13" : 2.7364874,
  "t_22" : 0.1617311,
  "t_00" : -0.2212159,
  "cy" : 386.91238,
  "center_depth" : 1.7627425,
  "manual_keyframe" : false,
  "angular_velocity" : 3.4028235e+38,
  "t_11" : -0.04284998,
  "t_20" : -0.0073469304,
  "t_23" : -3.3745878,
  "t_02" : -0.9626467,
  "blur_score" : 116.37783,
  "cx" : 514.53845,
  "t_12" : 0.21715046,
  "t_01" : 0.15612431,
  "t_21" : 0.98680747,
  "t_03" : -1.4883966,
  "t_10" : -0.97519714,
  "fy" : 715.02295,
  "width" : 1024,
  "fx" : 715.02295,
  "height" : 768,
  "timestamp" : 235536780989
}