{
  "t_23" : -0.54656404,
  "t_10" : -0.9625204,
  "cx" : 514.6218,
  "cy" : 386.83774,
  "t_01" : -0.9803017,
  "fx" : 711.4336,
  "t_00" : 0.09622911,
  "t_13" : 2.866865,
  "fy" : 711.4336,
  "timestamp" : 235560988505,
  "t_11" : -0.047503773,
  "angular_velocity" : 3.4028235e+38,
  "blur_score" : 123.14815,
  "t_21" : 0.19170822,
  "t_20" : 0.25356352,
  "t_02" : -0.17247787,
  "height" : 768,
  "manual_keyframe" : false,
  "t_12" : -0.26701662,
  "t_03" : -1.344698,
  "center_depth" : 2.0198677,
  "t_22" : -0.9481317,
  "width" : 1024
}