{
  "center_depth" : 1.2322437,
  "t_22" : -0.77966756,
  "t_21" : 0.46353647,
  "t_23" : -3.0766165,
  "angular_velocity" : 3.4028235e+38,
  "t_02" : -0.42489564,
  "t_00" : -0.18806963,
  "t_20" : -0.42101404,
  "cx" : 513.53534,
  "t_13" : 2.6120102,
  "t_12" : 0.45998108,
  "cy" : 387.03214,
  "blur_score" : 83.77459,
  "fy" : 716.6907,
  "t_11" : -0.032255236,
  "height" : 768,
  "timestamp" : 235544578045,
  "t_03" : -0.9016344,
  "manual_keyframe" : false,
  "t_01" : -0.88549066,
  "t_10" : -0.88734275,
  "fx" : 716.6907,
  "width" : 1024
}