{
  "t_10" : -0.6373592,
  "t_23" : 4.0405407,
  "t_21" : -0.9235111,
  "t_01" : -0.38309124,
  "center_depth" : 0.7545528,
  "height" : 768,
  "manual_keyframe" : false,
  "timestamp" : 235592909736,
  "t_00" : 0.70697933,
  "t_03" : 0.059742223,
  "t_12" : 0.7703277,
  "cx" : 513.2599,
  "t_20" : -0.30651852,
  "fx" : 720.0417,
  "t_11" : 0.019197345,
  "angular_velocity" : 3.4028235e+38,
  "blur_score" : 73.90741,
  "cy" : 387.30435,
  "width" : 1024,
  "t_02" : 0.5944927,
  "t_22" : -0.23059462,
  "fy" : 720.0417,
  "t_13" : 2.5301118
}