{
  "t_13" : 2.9313712,
  "t_22" : -0.14414594,
  "t_00" : 0.40064698,
  "cy" : 387.0964,
  "center_depth" : 0.99521196,
  "manual_keyframe" : false,
  "angular_velocity" : 3.4028235e+38,
  "t_11" : -0.047554083,
  "t_20" : 0.011255546,
  "t_23" : -4.1142144,
  "t_02" : -0.9060016,
  "blur_score" : 90.902855,
  "cx" : 514.41565,
  "t_12" : -0.39797398,
  "t_01" : -0.13654062,
  "t_21" : 0.98949254,
  "t_03" : -1.8621514,
  "t_10" : -0.91616344,
  "fy" : 715.84247,
  "width" : 1024,
  "fx" : 715.84247,
  "height" : 768,
  "timestamp" : 235532782497
}