{
  "t_10" : -0.94483334,
  "t_23" : -3.0980918,
  "t_21" : 0.19903363,
  "t_01" : -0.979702,
  "center_depth" : 3.9910715,
  "height" : 768,
  "manual_keyframe" : false,
  "timestamp" : 235525535234,
  "t_00" : -0.042951614,
  "t_03" : -1.8806548,
  "t_12" : 0.3266809,
  "cx" : 514.317,
  "t_20" : -0.3247233,
  "fx" : 713.5508,
  "t_11" : -0.02386779,
  "angular_velocity" : 3.4028235e+38,
  "blur_score" : 79.840515,
  "cy" : 387.1376,
  "width" : 1024,
  "t_02" : -0.19580404,
  "t_22" : -0.92463,
  "fy" : 713.5508,
  "t_13" : 2.6816692
}