{
  "t_12" : 0.042260483,
  "cy" : 387.15347,
  "t_23" : -3.2908933,
  "t_03" : -1.0728703,
  "cx" : 514.4924,
  "center_depth" : 1.8051536,
  "t_10" : -0.9990186,
  "t_02" : -0.6500858,
  "t_01" : -0.75893146,
  "fx" : 713.86523,
  "height" : 768,
  "t_21" : 0.65103555,
  "blur_score" : 138.83249,
  "t_00" : -0.037572503,
  "fy" : 713.86523,
  "t_20" : -0.023453303,
  "manual_keyframe" : false,
  "t_22" : -0.7586849,
  "t_11" : 0.013259028,
  "angular_velocity" : 3.4028235e+38,
  "width" : 1024,
  "t_13" : 2.7244177,
  "timestamp" : 235539879820
}