{
  "t_20" : -0.5238044,
  "t_02" : 0.45897815,
  "fx" : 720.2832,
  "t_21" : -0.6579604,
  "t_11" : -0.014772507,
  "cx" : 513.35425,
  "t_12" : 0.7047141,
  "center_depth" : 1.0586419,
  "fy" : 720.2832,
  "cy" : 387.1275,
  "t_00" : 0.47166643,
  "angular_velocity" : 3.4028235e+38,
  "blur_score" : 73.40523,
  "width" : 1024,
  "height" : 768,
  "timestamp" : 235593459528,
  "manual_keyframe" : false,
  "t_03" : 0.13944657,
  "t_23" : 4.1522703,
  "t_01" : -0.7529077,
  "t_13" : 2.5301447,
  "t_10" : -0.7093376,
  "t_22" : -0.54103345
}