{
  "t_23" : -0.905526,
  "t_10" : -0.96788305,
  "cx" : 514.5131,
  "cy" : 387.08463,
  "fx" : 710.91266,
  "t_01" : -0.941743,
  "fy" : 710.91266,
  "t_00" : -0.061953455,
  "t_13" : 2.6898398,
  "timestamp" : 235559639015,
  "t_11" : -0.024167117,
  "angular_velocity" : 3.4028235e+38,
  "blur_score" : 190.48607,
  "t_21" : 0.33546406,
  "t_20" : -0.24364811,
  "t_02" : -0.33057824,
  "height" : 768,
  "manual_keyframe" : false,
  "t_12" : 0.25023702,
  "t_03" : -1.2829852,
  "center_depth" : 2.608805,
  "t_22" : -0.90999985,
  "width" : 1024
}