{
  "center_depth" : 2.4904408,
  "angular_velocity" : 3.4028235e+38,
  "t_20" : -0.041076466,
  "cx" : 514.6769,
  "t_03" : -0.11194143,
  "t_01" : -0.28309414,
  "t_13" : 2.7346394,
  "t_10" : -0.9985578,
  "cy" : 387.13205,
  "t_22" : -0.2843868,
  "height" : 768,
  "fy" : 711.77026,
  "t_11" : 0.049201988,
  "t_12" : -0.02148442,
  "t_21" : -0.95782924,
  "t_23" : 3.9347854,
  "t_02" : 0.95846903,
  "blur_score" : 209.87679,
  "fx" : 711.77026,
  "width" : 1024,
  "t_00" : -0.034570806,
  "timestamp" : 235587528446,
  "manual_keyframe" : false
}