{
  "t_12" : 0.4142658,
  "cy" : 387.17755,
  "t_23" : -0.46637875,
  "t_03" : -1.3272158,
  "cx" : 514.33527,
  "center_depth" : 1.6927818,
  "t_10" : -0.9092209,
  "t_02" : 0.16359934,
  "t_01" : -0.9860766,
  "fx" : 713.2712,
  "height" : 768,
  "t_21" : -0.16109523,
  "blur_score" : 96.25763,
  "t_00" : 0.02980529,
  "fy" : 713.2712,
  "t_20" : -0.41524607,
  "manual_keyframe" : false,
  "t_22" : -0.895332,
  "t_11" : 0.041248336,
  "angular_velocity" : 3.4028235e+38,
  "width" : 1024,
  "t_13" : 2.613362,
  "timestamp" : 235500994497
}