{
  "center_depth" : 1.5996747,
  "angular_velocity" : 3.4028235e+38,
  "t_20" : 0.007468175,
  "cx" : 514.2721,
  "t_10" : -0.90767014,
  "t_01" : 0.034537062,
  "t_13" : 2.6372733,
  "t_03" : -0.9041518,
  "cy" : 387.1985,
  "t_22" : 0.034597706,
  "height" : 768,
  "fy" : 712.0037,
  "t_11" : -0.0077438606,
  "t_12" : 0.41961303,
  "t_21" : 0.9993735,
  "t_23" : -0.036578137,
  "t_02" : -0.90704364,
  "blur_score" : 49.466103,
  "fx" : 712.0037,
  "width" : 1024,
  "t_00" : -0.41961807,
  "timestamp" : 235505259553,
  "manual_keyframe" : false
}