{
  "center_depth" : 3.0751078,
  "t_22" : -0.78030187,
  "t_21" : 0.57317114,
  "t_23" : -1.283062,
  "angular_velocity" : 3.4028235e+38,
  "t_02" : -0.56073487,
  "t_00" : -0.12596273,
  "t_20" : -0.25020826,
  "cx" : 514.61176,
  "t_13" : 2.6682034,
  "t_12" : 0.2769581,
  "cy" : 387.02023,
  "blur_score" : 105.889206,
  "fy" : 710.86664,
  "t_11" : -0.04201152,
  "height" : 768,
  "timestamp" : 235558572752,
  "t_03" : -1.3291198,
  "manual_keyframe" : false,
  "t_01" : -0.8183582,
  "t_10" : -0.9599632,
  "fx" : 710.86664,
  "width" : 1024
}