{
  "t_23" : 0.23127452,
  "t_10" : -0.87411696,
  "cx" : 514.0915,
  "cy" : 386.86285,
  "t_01" : -0.83338207,
  "fx" : 722.5908,
  "fy" : 722.5908,
  "t_13" : 2.6468613,
  "t_00" : -0.1934982,
  "timestamp" : 235567169502,
  "t_11" : -0.093178876,
  "angular_velocity" : 3.4028235e+38,
  "blur_score" : 69.82641,
  "t_21" : 0.5447864,
  "t_20" : -0.4455089,
  "t_02" : -0.5177191,
  "height" : 768,
  "manual_keyframe" : false,
  "t_12" : 0.4766942,
  "t_03" : -0.95038736,
  "center_depth" : 2.7244985,
  "t_22" : -0.71044344,
  "width" : 1024
}