{
  "t_23" : -3.7391284,
  "t_10" : -0.7813145,
  "cx" : 513.7338,
  "cy" : 387.12573,
  "fx" : 713.26636,
  "t_01" : -0.17984389,
  "t_00" : -0.6075917,
  "t_13" : 2.5428128,
  "fy" : 713.26636,
  "timestamp" : 235528267535,
  "t_11" : -0.039733656,
  "angular_velocity" : 3.4028235e+38,
  "blur_score" : 106.708786,
  "t_21" : 0.98289245,
  "t_20" : -0.14275838,
  "t_02" : -0.7736204,
  "height" : 768,
  "manual_keyframe" : false,
  "t_12" : 0.6228714,
  "t_03" : -2.120869,
  "center_depth" : 1.8366516,
  "t_22" : -0.11637281,
  "width" : 1024
}