{
  "t_12" : 0.15823781,
  "cy" : 387.10596,
  "t_23" : 0.7672226,
  "t_03" : -0.51215863,
  "cx" : 514.6273,
  "center_depth" : 3.0604894,
  "t_10" : -0.9873327,
  "t_01" : -0.8871301,
  "t_02" : 0.45722157,
  "fx" : 712.3881,
  "height" : 768,
  "t_21" : -0.46137336,
  "blur_score" : 155.90695,
  "t_00" : 0.062839545,
  "fy" : 712.3881,
  "t_20" : -0.1456893,
  "manual_keyframe" : false,
  "t_22" : -0.8751626,
  "t_11" : 0.011617466,
  "angular_velocity" : 3.4028235e+38,
  "width" : 1024,
  "t_13" : 2.8001847,
  "timestamp" : 235570701496
}