{
  "t_10" : -0.9950946,
  "t_23" : 0.5276405,
  "t_21" : 0.25381425,
  "t_01" : -0.9623297,
  "center_depth" : 4.8414454,
  "height" : 768,
  "manual_keyframe" : false,
  "timestamp" : 235569135423,
  "t_00" : 0.0898898,
  "t_03" : -0.5379938,
  "t_12" : 0.016938364,
  "cx" : 514.55927,
  "t_20" : -0.04130983,
  "fx" : 714.3988,
  "t_11" : -0.09746675,
  "angular_velocity" : 3.4028235e+38,
  "blur_score" : 109.88743,
  "cy" : 386.85086,
  "width" : 1024,
  "t_02" : -0.25659558,
  "t_22" : -0.96637046,
  "fy" : 714.3988,
  "t_13" : 2.7818458
}