{
  "t_23" : -0.3118458,
  "t_10" : -0.9281074,
  "cx" : 514.57416,
  "cy" : 387.1606,
  "t_01" : -0.79428357,
  "fx" : 713.268,
  "fy" : 713.268,
  "t_13" : 2.6437128,
  "t_00" : 0.23055926,
  "timestamp" : 235563420919,
  "t_11" : -0.0059598046,
  "angular_velocity" : 3.4028235e+38,
  "blur_score" : 51.650124,
  "t_21" : -0.6075181,
  "t_20" : -0.29233384,
  "t_02" : 0.56209975,
  "height" : 768,
  "manual_keyframe" : false,
  "t_12" : 0.3722648,
  "t_03" : -1.499362,
  "center_depth" : 2.5389643,
  "t_22" : -0.7385546,
  "width" : 1024
}