{
  "t_10" : -0.9933507,
  "t_23" : -2.8182402,
  "t_21" : 0.14943531,
  "t_01" : -0.9866154,
  "center_depth" : 2.7349472,
  "height" : 768,
  "manual_keyframe" : false,
  "timestamp" : 235519604140,
  "t_00" : 0.07846834,
  "t_03" : -2.088613,
  "t_12" : -0.094843514,
  "cx" : 514.6089,
  "t_20" : 0.08424517,
  "fx" : 715.27704,
  "t_11" : -0.0652628,
  "angular_velocity" : 3.4028235e+38,
  "blur_score" : 81.608604,
  "cy" : 386.87946,
  "width" : 1024,
  "t_02" : -0.14294362,
  "t_22" : -0.98517615,
  "fy" : 715.27704,
  "t_13" : 2.8053982
}