{
  "center_depth" : 1.7955496,
  "t_22" : -0.13437021,
  "t_21" : 0.9870031,
  "t_23" : -3.3430939,
  "angular_velocity" : 3.4028235e+38,
  "t_02" : -0.7754878,
  "t_00" : -0.61072236,
  "t_20" : -0.088146225,
  "cx" : 514.0286,
  "t_13" : 2.5114121,
  "t_12" : 0.61689836,
  "cy" : 387.24445,
  "blur_score" : 118.63564,
  "fy" : 714.74347,
  "t_11" : 0.0137065705,
  "height" : 768,
  "timestamp" : 235549459531,
  "t_03" : -1.1902647,
  "manual_keyframe" : false,
  "t_01" : -0.1601163,
  "t_10" : -0.7869235,
  "fx" : 714.74347,
  "width" : 1024
}