{
  "t_20" : -0.43298134,
  "t_02" : 0.5622966,
  "fx" : 720.3419,
  "t_21" : -0.80501556,
  "t_11" : 0.009794698,
  "t_12" : 0.72065616,
  "cx" : 513.20435,
  "center_depth" : 0.83377385,
  "fy" : 720.3419,
  "cy" : 387.11264,
  "t_00" : 0.5761671,
  "angular_velocity" : 3.4028235e+38,
  "blur_score" : 68.57513,
  "width" : 1024,
  "height" : 768,
  "timestamp" : 235593159641,
  "manual_keyframe" : false,
  "t_03" : 0.09901423,
  "t_23" : 4.0901227,
  "t_01" : -0.593173,
  "t_13" : 2.5320735,
  "t_10" : -0.6932235,
  "t_22" : -0.4055581
}