{
  "center_depth" : 3.9390786,
  "t_22" : -0.8554989,
  "t_21" : 0.51005024,
  "t_23" : -1.581503,
  "angular_velocity" : 3.4028235e+38,
  "t_00" : 0.012280609,
  "t_02" : -0.5130017,
  "t_20" : -0.08927718,
  "cx" : 514.62195,
  "t_13" : 2.7420032,
  "t_12" : 0.07036285,
  "cy" : 386.9803,
  "blur_score" : 91.93948,
  "fy" : 711.18585,
  "t_11" : -0.056305382,
  "height" : 768,
  "timestamp" : 235557439848,
  "t_03" : -1.3692218,
  "manual_keyframe" : false,
  "t_01" : -0.8582997,
  "t_10" : -0.9959311,
  "fx" : 711.18585,
  "width" : 1024
}