{
  "t_20" : -0.3747345,
  "t_02" : -0.47617996,
  "fx" : 712.65656,
  "t_21" : 0.523462,
  "t_11" : -0.011831951,
  "cx" : 514.3288,
  "t_12" : 0.43323317,
  "center_depth" : 1.910236,
  "fy" : 712.65656,
  "cy" : 387.25058,
  "t_00" : -0.21772704,
  "angular_velocity" : 3.4028235e+38,
  "blur_score" : 91.43189,
  "width" : 1024,
  "height" : 768,
  "timestamp" : 235526035045,
  "manual_keyframe" : false,
  "t_03" : -1.9780828,
  "t_23" : -3.1917508,
  "t_01" : -0.851967,
  "t_13" : 2.6122227,
  "t_10" : -0.9012043,
  "t_22" : -0.76522017
}