{
  "center_depth" : 1.7308267,
  "t_22" : -0.932611,
  "t_21" : -0.20701344,
  "t_23" : -0.49648374,
  "angular_velocity" : 3.4028235e+38,
  "t_02" : 0.21135516,
  "t_00" : -0.01756424,
  "t_20" : 0.29560485,
  "cx" : 514.37024,
  "t_13" : 2.8924725,
  "t_12" : -0.29251632,
  "cy" : 386.91095,
  "blur_score" : 101.617615,
  "fy" : 713.5666,
  "t_11" : -0.046097,
  "height" : 768,
  "timestamp" : 235561738222,
  "t_03" : -1.3390704,
  "manual_keyframe" : false,
  "t_01" : -0.97725147,
  "t_10" : -0.9551488,
  "fx" : 713.5666,
  "width" : 1024
}