{
  "t_23" : 0.06019209,
  "t_10" : -0.8947572,
  "cx" : 514.1942,
  "cy" : 387.35416,
  "fx" : 716.7923,
  "t_01" : -0.9669415,
  "fy" : 716.7923,
  "t_00" : -0.13216242,
  "t_13" : 2.6189742,
  "timestamp" : 235565736710,
  "t_11" : 0.021703226,
  "angular_velocity" : 3.4028235e+38,
  "blur_score" : 112.85195,
  "t_21" : 0.25407308,
  "t_20" : -0.42654744,
  "t_02" : -0.21807629,
  "height" : 768,
  "manual_keyframe" : false,
  "t_12" : 0.44602525,
  "t_03" : -1.1520221,
  "center_depth" : 0.79327303,
  "t_22" : -0.8680462,
  "width" : 1024
}