{
  "t_03" : -0.98413706,
  "t_12" : 0.7252922,
  "t_02" : -0.21354699,
  "t_11" : -0.056157324,
  "fx" : 715.9743,
  "t_00" : -0.14667985,
  "timestamp" : 235543178574,
  "t_10" : -0.686147,
  "fy" : 715.9743,
  "height" : 768,
  "t_13" : 2.6007721,
  "t_22" : -0.65448374,
  "center_depth" : 1.0581957,
  "width" : 1024,
  "cx" : 513.9578,
  "manual_keyframe" : false,
  "t_01" : -0.9658586,
  "cy" : 386.9011,
  "t_23" : -3.140521,
  "t_20" : -0.71252203,
  "angular_velocity" : 3.4028235e+38,
  "t_21" : 0.25291032,
  "blur_score" : 67.19003
}