{
  "t_23" : -1.4786708,
  "t_10" : -0.9806452,
  "cx" : 514.6209,
  "cy" : 386.91827,
  "t_01" : -0.76770234,
  "fx" : 711.1986,
  "fy" : 711.1986,
  "t_13" : 2.7103405,
  "t_00" : -0.09670598,
  "timestamp" : 235557789715,
  "t_11" : -0.03537025,
  "angular_velocity" : 3.4028235e+38,
  "blur_score" : 70.71274,
  "t_21" : 0.63982964,
  "t_20" : -0.17024389,
  "t_02" : -0.63346744,
  "height" : 768,
  "manual_keyframe" : false,
  "t_12" : 0.19257198,
  "t_03" : -1.3343017,
  "center_depth" : 3.13385,
  "t_22" : -0.74942327,
  "width" : 1024
}