{
  "t_10" : -0.6187238,
  "t_23" : 4.013112,
  "t_21" : -0.97361773,
  "t_01" : -0.22337762,
  "center_depth" : 0.7221732,
  "height" : 768,
  "manual_keyframe" : false,
  "timestamp" : 235592693152,
  "t_00" : 0.7587435,
  "t_03" : 0.03695698,
  "t_12" : 0.78422564,
  "cx" : 513.35596,
  "t_20" : -0.20368929,
  "fx" : 719.38104,
  "t_11" : 0.04659462,
  "angular_velocity" : 3.4028235e+38,
  "blur_score" : 74.504005,
  "cy" : 387.51758,
  "width" : 1024,
  "t_02" : 0.6118913,
  "t_22" : -0.10285568,
  "fy" : 719.38104,
  "t_13" : 2.528718
}