{
  "t_03" : -1.6567694,
  "t_02" : -0.99974316,
  "t_11" : -0.10685044,
  "t_12" : 0.014687296,
  "fx" : 714.74036,
  "t_00" : -0.012755659,
  "timestamp" : 235535981290,
  "t_10" : -0.9941667,
  "fy" : 714.74036,
  "height" : 768,
  "t_13" : 2.8213267,
  "t_22" : -0.01726677,
  "center_depth" : 1.5642025,
  "width" : 1024,
  "cx" : 514.6623,
  "manual_keyframe" : false,
  "t_01" : -0.018739013,
  "cy" : 386.65652,
  "t_23" : -3.4777536,
  "t_20" : -0.10709823,
  "angular_velocity" : 3.4028235e+38,
  "t_21" : 0.9940986,
  "blur_score" : 179.33952
}