{
  "center_depth" : 5.1736474,
  "t_22" : -0.9269296,
  "t_21" : 0.37485448,
  "t_23" : -1.726989,
  "angular_velocity" : 3.4028235e+38,
  "t_02" : -0.3752335,
  "t_00" : 0.0382559,
  "t_20" : -0.016912425,
  "cx" : 514.64484,
  "t_13" : 2.7696722,
  "t_12" : 0.0013228882,
  "cy" : 386.92923,
  "blur_score" : 143.6916,
  "fy" : 710.8555,
  "t_11" : -0.04180662,
  "height" : 768,
  "timestamp" : 235556990018,
  "t_03" : -1.4262624,
  "manual_keyframe" : false,
  "t_01" : -0.92614067,
  "t_10" : -0.99912494,
  "fx" : 710.8555,
  "width" : 1024
}