{
  "t_23" : -0.5823832,
  "t_10" : -0.98488516,
  "cx" : 514.61926,
  "cy" : 386.94937,
  "t_01" : -0.9681628,
  "t_13" : 2.831707,
  "t_00" : 0.08033128,
  "fy" : 711.21295,
  "fx" : 711.21295,
  "timestamp" : 235560688619,
  "t_11" : -0.04047819,
  "angular_velocity" : 3.4028235e+38,
  "blur_score" : 168.43602,
  "t_21" : 0.24702722,
  "t_20" : 0.15345424,
  "t_02" : -0.2370819,
  "height" : 768,
  "manual_keyframe" : false,
  "t_12" : -0.16841269,
  "t_03" : -1.3559688,
  "center_depth" : 3.1895308,
  "t_22" : -0.9567808,
  "width" : 1024
}