{
  "t_10" : -0.75889266,
  "t_23" : 4.4717298,
  "t_21" : -0.24898663,
  "t_01" : -0.9671524,
  "center_depth" : 1.8307092,
  "height" : 768,
  "manual_keyframe" : false,
  "timestamp" : 235594375846,
  "t_00" : 0.19974925,
  "t_03" : 0.24691153,
  "t_12" : 0.64919955,
  "cx" : 513.6032,
  "t_20" : -0.6198244,
  "fx" : 717.6309,
  "t_11" : -0.051206097,
  "angular_velocity" : 3.4028235e+38,
  "blur_score" : 89.66911,
  "cy" : 386.9113,
  "width" : 1024,
  "t_02" : 0.15721531,
  "t_22" : -0.7441932,
  "fy" : 717.6309,
  "t_13" : 2.5357423
}