{
  "manual_keyframe" : false,
  "angular_velocity" : 3.4028235e+38,
  "center_depth" : 1.3648224,
  "fy" : 714.9896,
  "cy" : 386.48462,
  "t_13" : 2.7642517,
  "t_22" : -0.9507297,
  "cx" : 514.46356,
  "t_00" : 0.21014674,
  "t_03" : -0.033456635,
  "t_11" : -0.17388801,
  "t_01" : -0.97295696,
  "t_12" : -0.294822,
  "t_21" : 0.15204495,
  "timestamp" : 235584462943,
  "width" : 1024,
  "t_23" : 3.3348618,
  "blur_score" : 153.99454,
  "t_02" : -0.09588057,
  "t_10" : -0.9395972,
  "height" : 768,
  "t_20" : 0.27017668,
  "fx" : 714.9896
}