{
  "t_20" : -0.3987803,
  "t_02" : -0.010499381,
  "fx" : 713.88104,
  "t_21" : 0.01590413,
  "t_11" : 0.010239508,
  "cx" : 514.4365,
  "t_12" : 0.39895913,
  "center_depth" : 1.5330367,
  "fy" : 713.88104,
  "cy" : 387.2894,
  "t_00" : -0.015733799,
  "angular_velocity" : 3.4028235e+38,
  "blur_score" : 105.87292,
  "width" : 1024,
  "height" : 768,
  "timestamp" : 235524718875,
  "manual_keyframe" : false,
  "t_03" : -1.8644731,
  "t_23" : -3.0281315,
  "t_13" : 2.650003,
  "t_01" : -0.9998211,
  "t_10" : -0.9169116,
  "t_22" : -0.9169087
}