{
  "manual_keyframe" : false,
  "angular_velocity" : 3.4028235e+38,
  "center_depth" : 1.309467,
  "t_13" : 2.5609045,
  "fy" : 714.8022,
  "cy" : 387.08527,
  "t_22" : 0.6129359,
  "cx" : 512.87213,
  "t_00" : -0.42940524,
  "t_03" : -0.81673944,
  "t_11" : -0.045718934,
  "t_01" : 0.79619694,
  "t_12" : 0.66530293,
  "t_21" : 0.6033078,
  "timestamp" : 235509308025,
  "width" : 1024,
  "t_23" : -0.72875077,
  "blur_score" : 105.70476,
  "t_02" : -0.42624134,
  "t_10" : -0.7451723,
  "height" : 768,
  "t_20" : 0.51022494,
  "fx" : 714.8022
}