{
  "center_depth" : 1.6646681,
  "t_22" : -0.22402929,
  "t_21" : 0.96728045,
  "t_23" : -3.2891107,
  "angular_velocity" : 3.4028235e+38,
  "t_02" : -0.81540394,
  "t_00" : -0.5207021,
  "t_20" : -0.11907671,
  "cx" : 514.2693,
  "t_13" : 2.5450683,
  "t_12" : 0.53378594,
  "cy" : 387.24814,
  "blur_score" : 121.82206,
  "fy" : 715.0246,
  "t_11" : 0.019556921,
  "height" : 768,
  "timestamp" : 235549043022,
  "t_03" : -1.0863634,
  "manual_keyframe" : false,
  "t_01" : -0.25295433,
  "t_10" : -0.8453934,
  "fx" : 715.0246,
  "width" : 1024
}