{
  "t_20" : 0.24458855,
  "t_02" : 0.61735034,
  "fx" : 715.87115,
  "t_21" : -0.9074349,
  "t_11" : 0.07778638,
  "cx" : 513.84814,
  "t_12" : 0.70861846,
  "center_depth" : 0.6435932,
  "fy" : 715.87115,
  "cy" : 387.29495,
  "t_00" : 0.66960245,
  "angular_velocity" : 3.4028235e+38,
  "blur_score" : 93.08883,
  "width" : 1024,
  "height" : 768,
  "timestamp" : 235591993418,
  "manual_keyframe" : false,
  "t_03" : -0.03137473,
  "t_23" : 3.982725,
  "t_01" : 0.41293025,
  "t_13" : 2.5802128,
  "t_10" : -0.7012911,
  "t_22" : 0.34167024
}