{
  "center_depth" : 1.0676525,
  "angular_velocity" : 3.4028235e+38,
  "t_20" : -0.012159436,
  "cx" : 513.8319,
  "t_03" : -2.0991051,
  "t_10" : -0.8121075,
  "t_13" : 2.5615008,
  "t_01" : 0.047089126,
  "cy" : 387.15842,
  "t_22" : 0.066689976,
  "height" : 768,
  "t_12" : 0.5814667,
  "t_11" : -0.048764937,
  "fy" : 714.41943,
  "t_21" : 0.99769974,
  "t_23" : -3.782558,
  "t_02" : -0.8108324,
  "blur_score" : 104.58981,
  "fx" : 714.41943,
  "width" : 1024,
  "t_00" : -0.5833813,
  "timestamp" : 235528600742,
  "manual_keyframe" : false
}