{
  "t_23" : -0.051335126,
  "t_10" : -0.885932,
  "cx" : 514.23895,
  "cy" : 387.1888,
  "fx" : 715.0373,
  "t_13" : 2.595346,
  "t_01" : -0.99631584,
  "t_00" : -0.06162134,
  "fy" : 715.0373,
  "timestamp" : 235565003654,
  "t_11" : 0.027074197,
  "angular_velocity" : 3.4028235e+38,
  "blur_score" : 75.10306,
  "t_21" : 0.08137505,
  "t_20" : -0.45970365,
  "t_02" : -0.059646674,
  "height" : 768,
  "manual_keyframe" : false,
  "t_12" : 0.46302438,
  "t_03" : -1.2793139,
  "center_depth" : 0.8382615,
  "t_22" : -0.8843364,
  "width" : 1024
}