{
  "center_depth" : 0.5177769,
  "t_22" : -0.8247944,
  "t_21" : 0.34832993,
  "t_23" : 0.09337838,
  "angular_velocity" : 3.4028235e+38,
  "t_00" : -0.15855595,
  "t_02" : -0.31023958,
  "t_20" : -0.4453995,
  "cx" : 514.2374,
  "t_13" : 2.6185489,
  "t_12" : 0.47272176,
  "cy" : 387.22137,
  "blur_score" : 89.78436,
  "fy" : 717.9024,
  "t_11" : -0.0074044815,
  "height" : 768,
  "timestamp" : 235566136559,
  "t_03" : -1.078515,
  "manual_keyframe" : false,
  "t_01" : -0.93734276,
  "t_10" : -0.8811808,
  "fx" : 717.9024,
  "width" : 1024
}