{
  "t_23" : 0.36513463,
  "t_10" : -0.9120148,
  "cx" : 514.293,
  "cy" : 386.70898,
  "t_01" : -0.90568644,
  "fx" : 718.21844,
  "fy" : 718.21844,
  "t_13" : 2.6766949,
  "t_00" : -0.112808764,
  "timestamp" : 235567869237,
  "t_11" : -0.06884823,
  "angular_velocity" : 3.4028235e+38,
  "blur_score" : 95.38689,
  "t_21" : 0.41832033,
  "t_20" : -0.39433894,
  "t_02" : -0.40866393,
  "height" : 768,
  "manual_keyframe" : false,
  "t_12" : 0.40433758,
  "t_03" : -0.7561459,
  "center_depth" : 2.9749243,
  "t_22" : -0.8182329,
  "width" : 1024
}