{
  "t_10" : -0.6890677,
  "t_23" : -0.45565897,
  "t_21" : 0.86205435,
  "t_01" : 0.50569576,
  "center_depth" : 1.3405746,
  "height" : 768,
  "manual_keyframe" : false,
  "timestamp" : 235507192157,
  "t_00" : -0.63651085,
  "t_03" : -0.8987485,
  "t_12" : 0.72391397,
  "cx" : 513.80115,
  "t_20" : 0.34646744,
  "fx" : 713.3823,
  "t_11" : -0.033679057,
  "angular_velocity" : 3.4028235e+38,
  "blur_score" : 162.04256,
  "cy" : 387.06427,
  "width" : 1024,
  "t_02" : -0.5823451,
  "t_22" : 0.36989576,
  "fy" : 713.3823,
  "t_13" : 2.542132
}