{
  "t_10" : -0.99975127,
  "t_23" : 4.1075006,
  "t_21" : -0.9854348,
  "t_01" : 0.17004976,
  "center_depth" : 2.3030226,
  "height" : 768,
  "manual_keyframe" : false,
  "timestamp" : 235588894594,
  "t_00" : -0.022156188,
  "t_03" : -0.1543918,
  "t_12" : -0.022270858,
  "cx" : 514.69073,
  "t_20" : -0.0025720994,
  "fx" : 711.7322,
  "t_11" : -0.0012333252,
  "angular_velocity" : 3.4028235e+38,
  "blur_score" : 138.63104,
  "cy" : 387.28494,
  "width" : 1024,
  "t_02" : 0.9851865,
  "t_22" : 0.17003481,
  "fy" : 711.7322,
  "t_13" : 2.7783132
}