{
  "t_12" : 0.37361747,
  "cy" : 386.91602,
  "t_23" : -3.0659795,
  "cx" : 514.27325,
  "t_03" : -0.8432538,
  "center_depth" : 1.2846172,
  "t_10" : -0.92553085,
  "t_02" : -0.538819,
  "t_01" : -0.8266133,
  "fx" : 716.50323,
  "height" : 768,
  "t_21" : 0.55938166,
  "blur_score" : 97.892044,
  "t_00" : -0.16243395,
  "fy" : 716.50323,
  "t_20" : -0.34206432,
  "manual_keyframe" : false,
  "t_22" : -0.7550394,
  "t_11" : -0.061666716,
  "angular_velocity" : 3.4028235e+38,
  "width" : 1024,
  "t_13" : 2.632356,
  "timestamp" : 235545061196
}