{
  "center_depth" : 0.8205424,
  "t_22" : -0.43109703,
  "t_21" : 0.8259784,
  "t_23" : -3.3729312,
  "angular_velocity" : 3.4028235e+38,
  "t_02" : -0.6488208,
  "t_00" : -0.5113736,
  "t_20" : -0.3632012,
  "cx" : 513.6295,
  "t_13" : 2.5141723,
  "t_12" : 0.62704617,
  "cy" : 387.19833,
  "blur_score" : 67.64809,
  "fy" : 713.54755,
  "t_11" : -0.015200839,
  "height" : 768,
  "timestamp" : 235551825304,
  "t_03" : -1.8272521,
  "manual_keyframe" : false,
  "t_01" : -0.56349677,
  "t_10" : -0.7788337,
  "fx" : 713.54755,
  "width" : 1024
}