{
  "t_20" : -0.20785648,
  "t_02" : 0.748506,
  "fx" : 713.2108,
  "t_21" : -0.8578169,
  "t_11" : -0.042389493,
  "t_12" : 0.467753,
  "cx" : 513.95294,
  "center_depth" : 1.2660663,
  "fy" : 713.2108,
  "cy" : 387.04636,
  "t_00" : 0.42117155,
  "angular_velocity" : 3.4028235e+38,
  "blur_score" : 83.686325,
  "width" : 1024,
  "height" : 768,
  "timestamp" : 235517038441,
  "manual_keyframe" : false,
  "t_03" : -2.0046062,
  "t_23" : -2.5781415,
  "t_01" : -0.51220465,
  "t_13" : 2.628035,
  "t_10" : -0.8828422,
  "t_22" : -0.47004908
}