{
  "center_depth" : 1.8251566,
  "t_22" : -0.2935002,
  "t_21" : 0.91607094,
  "t_23" : -3.6725717,
  "angular_velocity" : 3.4028235e+38,
  "t_00" : -0.58137834,
  "t_02" : -0.7083152,
  "t_20" : -0.27326173,
  "cx" : 513.6608,
  "t_13" : 2.5279844,
  "t_12" : 0.641987,
  "cy" : 387.0432,
  "blur_score" : 90.49593,
  "fy" : 713.2553,
  "t_11" : -0.022920797,
  "height" : 768,
  "timestamp" : 235528000969,
  "t_03" : -2.1306808,
  "manual_keyframe" : false,
  "t_01" : -0.40036103,
  "t_10" : -0.7663729,
  "fx" : 713.2553,
  "width" : 1024
}