{
  "t_12" : 0.47323164,
  "cy" : 387.06137,
  "t_23" : -0.1559897,
  "t_03" : -1.0074857,
  "cx" : 514.2501,
  "center_depth" : 1.8795574,
  "t_10" : -0.88046896,
  "t_01" : 0.4451953,
  "t_02" : -0.7825858,
  "fx" : 712.0784,
  "height" : 768,
  "t_21" : 0.89497215,
  "blur_score" : 42.191723,
  "t_00" : -0.4351563,
  "fy" : 712.0784,
  "t_20" : 0.1881848,
  "manual_keyframe" : false,
  "t_22" : 0.4044893,
  "t_11" : -0.028745301,
  "angular_velocity" : 3.4028235e+38,
  "width" : 1024,
  "t_13" : 2.6208634,
  "timestamp" : 235505826006
}