{
  "t_23" : -0.636315,
  "t_10" : -0.9971057,
  "cx" : 514.68726,
  "cy" : 386.90778,
  "t_01" : -0.9598831,
  "t_13" : 2.792103,
  "fy" : 710.919,
  "fx" : 710.919,
  "t_00" : 0.017270755,
  "timestamp" : 235560388732,
  "t_11" : 0.004192617,
  "angular_velocity" : 3.4028235e+38,
  "blur_score" : 202.11539,
  "t_21" : 0.28036886,
  "t_20" : 0.07403956,
  "t_02" : -0.2798679,
  "height" : 768,
  "manual_keyframe" : false,
  "t_12" : -0.075911514,
  "t_03" : -1.3442932,
  "center_depth" : 4.4541755,
  "t_22" : -0.95703256,
  "width" : 1024
}