{
  "t_12" : 0.7143762,
  "cy" : 386.8844,
  "t_23" : 1.001875,
  "t_03" : -0.37898698,
  "cx" : 513.4777,
  "center_depth" : 0.74929833,
  "t_10" : -0.6990814,
  "t_02" : 0.302267,
  "t_01" : -0.8874134,
  "fx" : 714.9913,
  "height" : 768,
  "t_21" : -0.45994103,
  "blur_score" : 102.74399,
  "t_00" : 0.34804043,
  "fy" : 714.9913,
  "t_20" : -0.62462234,
  "manual_keyframe" : false,
  "t_22" : -0.63111115,
  "t_11" : -0.03084947,
  "angular_velocity" : 3.4028235e+38,
  "width" : 1024,
  "t_13" : 2.6446438,
  "timestamp" : 235572834022
}