{
  "t_00" : -0.088680886,
  "t_03" : -0.9956122,
  "t_02" : -0.23417288,
  "t_11" : -0.06270613,
  "fx" : 715.58997,
  "t_12" : 0.56959975,
  "timestamp" : 235542862027,
  "fy" : 715.58997,
  "t_10" : -0.81952685,
  "height" : 768,
  "t_13" : 2.671443,
  "t_22" : -0.78785753,
  "center_depth" : 1.1392798,
  "width" : 1024,
  "cx" : 514.3589,
  "manual_keyframe" : false,
  "t_01" : -0.968142,
  "cy" : 387.0234,
  "t_23" : -3.1606643,
  "t_20" : -0.56613743,
  "angular_velocity" : 3.4028235e+38,
  "t_21" : 0.2424235,
  "blur_score" : 70.803955
}