{
  "center_depth" : 5.304178,
  "t_22" : -0.97219324,
  "t_21" : 0.22375464,
  "t_23" : -2.5478458,
  "angular_velocity" : 3.4028235e+38,
  "t_00" : 0.033231974,
  "t_02" : -0.22640933,
  "t_20" : -0.06909704,
  "cx" : 514.58966,
  "t_13" : 2.7437837,
  "t_12" : 0.05982776,
  "cy" : 387.0172,
  "blur_score" : 196.90575,
  "fy" : 710.93494,
  "t_11" : -0.04795211,
  "height" : 768,
  "timestamp" : 235554774190,
  "t_03" : -1.6977986,
  "manual_keyframe" : false,
  "t_01" : -0.97346526,
  "t_10" : -0.9970563,
  "fx" : 710.93494,
  "width" : 1024
}