{
  "t_13" : 2.909251,
  "t_22" : -0.21283513,
  "cy" : 387.05103,
  "t_00" : 0.33420262,
  "center_depth" : 0.985214,
  "manual_keyframe" : false,
  "angular_velocity" : 3.4028235e+38,
  "t_11" : -0.06629275,
  "t_20" : 0.005254889,
  "t_23" : -4.1048713,
  "t_02" : -0.920531,
  "blur_score" : 93.92365,
  "cx" : 514.2914,
  "t_12" : -0.32760385,
  "t_01" : -0.20231573,
  "t_21" : 0.9770741,
  "t_03" : -1.895023,
  "t_10" : -0.94248664,
  "fy" : 716.4079,
  "width" : 1024,
  "fx" : 716.4079,
  "height" : 768,
  "timestamp" : 235532982421
}