{
  "t_12" : 0.46372187,
  "cy" : 387.1169,
  "t_23" : -0.47158286,
  "t_03" : -1.3043987,
  "cx" : 514.2677,
  "center_depth" : 2.215276,
  "t_10" : -0.8852871,
  "t_02" : 0.057451025,
  "t_01" : -0.99830383,
  "fx" : 713.2347,
  "height" : 768,
  "t_21" : -0.046484206,
  "blur_score" : 111.52344,
  "t_00" : -0.009437675,
  "fy" : 713.2347,
  "t_20" : -0.46494928,
  "manual_keyframe" : false,
  "t_22" : -0.88411635,
  "t_11" : 0.035055805,
  "angular_velocity" : 3.4028235e+38,
  "width" : 1024,
  "t_13" : 2.5965912,
  "timestamp" : 235500661289
}