{
  "center_depth" : 5.900903,
  "t_22" : -0.9535589,
  "t_21" : 0.30118597,
  "t_23" : -2.206126,
  "angular_velocity" : 3.4028235e+38,
  "t_00" : 0.06492476,
  "t_02" : -0.3007725,
  "t_20" : -0.0035545484,
  "cx" : 514.69464,
  "t_13" : 2.771683,
  "t_12" : -0.016172333,
  "cy" : 386.8435,
  "blur_score" : 171.83557,
  "fy" : 710.5776,
  "t_11" : -0.062978685,
  "height" : 768,
  "timestamp" : 235555590548,
  "t_03" : -1.6384525,
  "manual_keyframe" : false,
  "t_01" : -0.9514834,
  "t_10" : -0.99788386,
  "fx" : 710.5776,
  "width" : 1024
}