{
  "center_depth" : 2.0253882,
  "angular_velocity" : 3.4028235e+38,
  "t_20" : -0.31827724,
  "cx" : 513.63574,
  "t_10" : -0.8318791,
  "t_13" : 2.5516596,
  "t_01" : -0.5814274,
  "t_03" : -1.0768365,
  "cy" : 387.14023,
  "t_22" : -0.4866203,
  "height" : 768,
  "t_12" : 0.5549193,
  "t_11" : 0.0064736838,
  "fy" : 713.8413,
  "t_21" : 0.8135726,
  "t_23" : -3.3196242,
  "t_02" : -0.6747336,
  "blur_score" : 90.58968,
  "fx" : 713.8413,
  "width" : 1024,
  "t_00" : -0.45461735,
  "timestamp" : 235538830216,
  "manual_keyframe" : false
}