{
  "center_depth" : 5.9503284,
  "t_22" : -0.945896,
  "t_21" : 0.32422376,
  "t_23" : -1.9770347,
  "angular_velocity" : 3.4028235e+38,
  "t_02" : -0.32295895,
  "t_00" : 0.059642877,
  "t_20" : 0.0126442285,
  "cx" : 514.6134,
  "t_13" : 2.7664645,
  "t_12" : -0.031280514,
  "cy" : 386.75003,
  "blur_score" : 165.78482,
  "fy" : 710.6268,
  "t_11" : -0.052332386,
  "height" : 768,
  "timestamp" : 235556223642,
  "t_03" : -1.5620708,
  "manual_keyframe" : false,
  "t_01" : -0.9445318,
  "t_10" : -0.99813974,
  "fx" : 710.6268,
  "width" : 1024
}