{
  "center_depth" : 3.0775297,
  "angular_velocity" : 3.4028235e+38,
  "t_20" : -0.040587954,
  "cx" : 514.7965,
  "t_03" : -0.06252412,
  "t_13" : 2.719506,
  "t_01" : -0.8332344,
  "t_10" : -0.99506,
  "cy" : 386.87265,
  "t_22" : -0.83395785,
  "height" : 768,
  "fy" : 712.46594,
  "t_11" : -0.053417467,
  "t_12" : 0.08367915,
  "t_21" : -0.5503336,
  "t_23" : 3.7433116,
  "t_02" : 0.54544693,
  "blur_score" : 188.7803,
  "fx" : 712.46594,
  "width" : 1024,
  "t_00" : 0.09059936,
  "timestamp" : 235586295581,
  "manual_keyframe" : false
}