{
  "t_20" : 0.19879279,
  "t_02" : 0.42000723,
  "fx" : 712.3929,
  "t_21" : -0.4122226,
  "t_11" : -0.08055733,
  "t_12" : 0.18176904,
  "cx" : 514.59094,
  "center_depth" : 3.6946201,
  "fy" : 712.3929,
  "cy" : 386.7817,
  "t_00" : 0.003303277,
  "angular_velocity" : 3.4028235e+38,
  "blur_score" : 96.9003,
  "width" : 1024,
  "height" : 768,
  "timestamp" : 235512140290,
  "manual_keyframe" : false,
  "t_03" : -1.459451,
  "t_23" : -1.4825877,
  "t_01" : 0.90751487,
  "t_13" : 2.7375386,
  "t_10" : -0.980036,
  "t_22" : 0.8891311
}