{
  "t_12" : 0.23609579,
  "cy" : 386.9883,
  "t_23" : 1.4719824,
  "t_03" : -0.16710526,
  "cx" : 514.2968,
  "center_depth" : 4.014622,
  "t_10" : -0.9701226,
  "t_01" : -0.95745295,
  "t_02" : -0.28819945,
  "fx" : 714.73706,
  "height" : 768,
  "t_21" : 0.2831305,
  "blur_score" : 108.31741,
  "t_00" : -0.015001433,
  "fy" : 714.73706,
  "t_20" : -0.24215128,
  "manual_keyframe" : false,
  "t_22" : -0.9280086,
  "t_11" : -0.055866383,
  "angular_velocity" : 3.4028235e+38,
  "width" : 1024,
  "t_13" : 2.6915882,
  "timestamp" : 235575349735
}