{
  "t_12" : 0.59298486,
  "cy" : 387.32907,
  "t_23" : 2.4218228,
  "cx" : 514.0302,
  "t_03" : -0.045659162,
  "center_depth" : 1.9827102,
  "t_10" : -0.80521244,
  "t_02" : 0.1261902,
  "t_01" : -0.987484,
  "fx" : 717.67053,
  "height" : 768,
  "t_21" : -0.1577136,
  "blur_score" : 77.11168,
  "t_00" : 0.094612375,
  "fy" : 717.67053,
  "t_20" : -0.5853901,
  "manual_keyframe" : false,
  "t_22" : -0.7952642,
  "t_11" : -0.0013713451,
  "angular_velocity" : 3.4028235e+38,
  "width" : 1024,
  "t_13" : 2.5464983,
  "timestamp" : 235580447800
}