{
  "t_20" : -0.19940527,
  "t_02" : -0.6386184,
  "fx" : 711.7751,
  "t_21" : 0.66045696,
  "t_11" : -0.005352705,
  "t_12" : 0.26102182,
  "cx" : 514.5937,
  "center_depth" : 2.5736146,
  "fy" : 711.7751,
  "cy" : 387.1675,
  "t_00" : -0.16851884,
  "angular_velocity" : 3.4028235e+38,
  "blur_score" : 69.7521,
  "width" : 1024,
  "height" : 768,
  "timestamp" : 235504126648,
  "manual_keyframe" : false,
  "t_03" : -0.8893554,
  "t_23" : 0.1295324,
  "t_13" : 2.7013996,
  "t_01" : -0.75084496,
  "t_10" : -0.96531814,
  "t_22" : -0.7239022
}