{
  "t_10" : -0.9990014,
  "t_23" : 0.65466857,
  "t_21" : -0.08073369,
  "t_01" : -0.9963075,
  "center_depth" : 2.2771657,
  "height" : 768,
  "manual_keyframe" : false,
  "timestamp" : 235569835158,
  "t_00" : 0.031833403,
  "t_03" : -0.49830556,
  "t_12" : 0.03380545,
  "cx" : 514.6453,
  "t_20" : -0.031351186,
  "fx" : 713.2108,
  "t_11" : -0.029213928,
  "angular_velocity" : 3.4028235e+38,
  "blur_score" : 175.0762,
  "cy" : 386.81696,
  "width" : 1024,
  "t_02" : 0.079737164,
  "t_22" : -0.9962426,
  "fy" : 713.2108,
  "t_13" : 2.797217
}