{
  "manual_keyframe" : false,
  "angular_velocity" : 3.4028235e+38,
  "center_depth" : 0.6704783,
  "fy" : 717.63556,
  "cy" : 387.11166,
  "t_13" : 2.6332836,
  "t_22" : -0.7220393,
  "cx" : 513.56573,
  "t_00" : 0.11579233,
  "t_03" : -0.28339645,
  "t_11" : 0.005373631,
  "t_01" : -0.9843289,
  "t_12" : 0.6789482,
  "t_21" : -0.17626134,
  "timestamp" : 235573467115,
  "width" : 1024,
  "t_23" : 1.0364214,
  "blur_score" : 94.172134,
  "t_02" : 0.13300025,
  "t_10" : -0.7341667,
  "height" : 768,
  "t_20" : -0.6690229,
  "fx" : 717.63556
}