{
  "center_depth" : 1.2073163,
  "t_22" : -0.686964,
  "t_21" : 0.5977237,
  "t_23" : -3.2714767,
  "angular_velocity" : 3.4028235e+38,
  "t_02" : -0.51499736,
  "t_00" : -0.3034315,
  "t_20" : -0.41328812,
  "cx" : 514.0443,
  "t_13" : 2.568714,
  "t_12" : 0.51269716,
  "cy" : 387.1626,
  "blur_score" : 74.30749,
  "fy" : 714.1225,
  "t_11" : -0.00439576,
  "height" : 768,
  "timestamp" : 235552341776,
  "t_03" : -1.8781946,
  "manual_keyframe" : false,
  "t_01" : -0.8016902,
  "t_10" : -0.85855836,
  "fx" : 714.1225,
  "width" : 1024
}