{
  "t_20" : -0.25193268,
  "t_02" : 0.69681865,
  "fx" : 712.99005,
  "t_21" : -0.88295877,
  "t_11" : -0.03983448,
  "t_12" : 0.5979381,
  "cx" : 513.9119,
  "center_depth" : 1.3834647,
  "fy" : 712.99005,
  "cy" : 387.10342,
  "t_00" : 0.54373413,
  "angular_velocity" : 3.4028235e+38,
  "blur_score" : 95.60034,
  "width" : 1024,
  "height" : 768,
  "timestamp" : 235516805196,
  "manual_keyframe" : false,
  "t_03" : -1.9522227,
  "t_23" : -2.5572343,
  "t_13" : 2.5770273,
  "t_01" : -0.4677576,
  "t_10" : -0.8005519,
  "t_22" : -0.3961236
}