{
  "t_10" : -0.9620285,
  "t_23" : 5.0624833,
  "t_21" : -0.04505801,
  "t_01" : -0.9912359,
  "center_depth" : 1.2494385,
  "height" : 768,
  "manual_keyframe" : false,
  "timestamp" : 235596091860,
  "t_00" : 0.13139735,
  "t_03" : 0.18469551,
  "t_12" : 0.24306391,
  "cx" : 514.18555,
  "t_20" : -0.23924015,
  "fx" : 714.5704,
  "t_11" : -0.12418143,
  "angular_velocity" : 3.4028235e+38,
  "blur_score" : 196.69392,
  "cy" : 386.8117,
  "width" : 1024,
  "t_02" : 0.01363789,
  "t_22" : -0.9699145,
  "fy" : 714.5704,
  "t_13" : 2.6826956
}