{
  "manual_keyframe" : false,
  "angular_velocity" : 3.4028235e+38,
  "center_depth" : 1.0636522,
  "cy" : 387.0863,
  "fy" : 713.8318,
  "t_13" : 2.4800463,
  "t_22" : 0.23510604,
  "t_00" : -0.72730297,
  "cx" : 512.5659,
  "t_03" : -0.5905401,
  "t_11" : 0.03186496,
  "t_01" : 0.55706525,
  "t_12" : 0.885447,
  "t_21" : 0.82985723,
  "timestamp" : 235508391704,
  "width" : 1024,
  "t_23" : -0.7131937,
  "blur_score" : 194.94171,
  "t_02" : -0.40088513,
  "t_10" : -0.46364674,
  "height" : 768,
  "t_20" : 0.50602597,
  "fx" : 713.8318
}