{
  "t_20" : -0.07896445,
  "t_02" : 0.26837555,
  "fx" : 712.99005,
  "t_21" : -0.2718711,
  "t_11" : -0.02881798,
  "cx" : 514.656,
  "t_12" : 0.09013233,
  "center_depth" : 2.3225834,
  "fy" : 712.99005,
  "cy" : 387.04898,
  "t_00" : 0.052143373,
  "angular_velocity" : 3.4028235e+38,
  "blur_score" : 229.71318,
  "width" : 1024,
  "height" : 768,
  "timestamp" : 235570201686,
  "manual_keyframe" : false,
  "t_03" : -0.49202543,
  "t_23" : 0.7289931,
  "t_13" : 2.7988112,
  "t_01" : -0.9619022,
  "t_10" : -0.9955128,
  "t_22" : -0.9590887
}