{
  "center_depth" : 1.7431108,
  "t_22" : -0.059146967,
  "t_21" : 0.99764377,
  "t_23" : -3.3664782,
  "angular_velocity" : 3.4028235e+38,
  "t_02" : -0.74462116,
  "t_00" : -0.66408724,
  "t_20" : -0.034764815,
  "cx" : 513.89185,
  "t_13" : 2.5110688,
  "t_12" : 0.66486174,
  "cy" : 387.22302,
  "blur_score" : 120.2269,
  "fy" : 714.41943,
  "t_11" : 0.01339212,
  "height" : 768,
  "timestamp" : 235549759418,
  "t_03" : -1.2690433,
  "manual_keyframe" : false,
  "t_01" : -0.06728747,
  "t_10" : -0.74684644,
  "fx" : 714.41943,
  "width" : 1024
}