{
  "t_12" : 0.4408905,
  "cy" : 387.15042,
  "t_23" : -3.3029447,
  "cx" : 513.7551,
  "t_03" : -1.0622581,
  "center_depth" : 1.9704998,
  "t_10" : -0.89750904,
  "t_02" : -0.6984852,
  "t_01" : -0.62428576,
  "fx" : 713.8557,
  "height" : 768,
  "t_21" : 0.7811365,
  "blur_score" : 100.6861,
  "t_00" : -0.349837,
  "fy" : 713.8557,
  "t_20" : -0.26849896,
  "manual_keyframe" : false,
  "t_22" : -0.5636792,
  "t_11" : 0.009653348,
  "angular_velocity" : 3.4028235e+38,
  "width" : 1024,
  "t_13" : 2.590596,
  "timestamp" : 235539030140
}