{
  "manual_keyframe" : false,
  "angular_velocity" : 3.4028235e+38,
  "center_depth" : 1.0455306,
  "cy" : 387.16098,
  "t_13" : 2.530223,
  "fy" : 714.37823,
  "t_22" : 0.5132023,
  "cx" : 512.503,
  "t_00" : -0.52147454,
  "t_03" : -0.73199797,
  "t_11" : -0.039470356,
  "t_01" : 0.7367686,
  "t_12" : 0.7425545,
  "t_21" : 0.67499185,
  "timestamp" : 235509108100,
  "width" : 1024,
  "t_23" : -0.73382396,
  "blur_score" : 52.88292,
  "t_02" : -0.4303908,
  "t_10" : -0.66862166,
  "height" : 768,
  "t_20" : 0.5301032,
  "fx" : 714.37823
}