{
  "t_00" : -0.012676777,
  "t_02" : -0.5162503,
  "t_12" : 0.04574477,
  "t_03" : -1.0793228,
  "fx" : 711.7941,
  "t_11" : -0.012790749,
  "timestamp" : 235503476893,
  "t_10" : -0.9988713,
  "fy" : 711.7941,
  "height" : 768,
  "t_13" : 2.7671943,
  "t_22" : -0.85521543,
  "center_depth" : 3.4659488,
  "width" : 1024,
  "cx" : 514.70905,
  "manual_keyframe" : false,
  "t_01" : -0.85634404,
  "cy" : 386.91,
  "t_23" : 0.05900514,
  "t_20" : -0.04577649,
  "angular_velocity" : 3.4028235e+38,
  "t_21" : 0.5162474,
  "blur_score" : 100.11592
}