{
  "center_depth" : 2.4760237,
  "angular_velocity" : 3.4028235e+38,
  "t_20" : 0.2494325,
  "cx" : 514.3919,
  "t_10" : -0.9502272,
  "t_01" : 0.5670158,
  "t_13" : 2.731593,
  "t_03" : -1.602983,
  "cy" : 386.55502,
  "t_22" : 0.5195425,
  "height" : 768,
  "fy" : 711.4877,
  "t_11" : -0.10312129,
  "t_12" : 0.2939973,
  "t_21" : -0.8172266,
  "t_23" : -1.9940313,
  "t_02" : 0.8022726,
  "blur_score" : 75.92071,
  "fx" : 711.4877,
  "width" : 1024,
  "t_00" : 0.1866865,
  "timestamp" : 235513706365,
  "manual_keyframe" : false
}