{
  "t_12" : -0.19835824,
  "cy" : 386.40536,
  "t_23" : 3.2572563,
  "cx" : 514.71063,
  "t_03" : 0.01607928,
  "center_depth" : 1.6060542,
  "t_10" : -0.96892196,
  "t_02" : -0.1665994,
  "t_01" : -0.9690953,
  "fx" : 712.97253,
  "height" : 768,
  "t_21" : 0.19750932,
  "blur_score" : 168.63405,
  "t_00" : 0.18193118,
  "fy" : 712.97253,
  "t_20" : 0.1676049,
  "manual_keyframe" : false,
  "t_22" : -0.9658669,
  "t_11" : -0.14779837,
  "angular_velocity" : 3.4028235e+38,
  "width" : 1024,
  "t_13" : 2.734214,
  "timestamp" : 235583996453
}