{
  "t_12" : 0.55577344,
  "cy" : 387.18698,
  "t_23" : 2.2828047,
  "t_03" : -0.12152283,
  "cx" : 514.1657,
  "center_depth" : 0.7649563,
  "t_10" : -0.83129096,
  "t_02" : 0.38009503,
  "t_01" : -0.8918934,
  "fx" : 716.4508,
  "height" : 768,
  "t_21" : -0.45216712,
  "blur_score" : 108.68222,
  "t_00" : 0.24505953,
  "fy" : 716.4508,
  "t_20" : -0.4989001,
  "manual_keyframe" : false,
  "t_22" : -0.7393536,
  "t_11" : 0.008443752,
  "angular_velocity" : 3.4028235e+38,
  "width" : 1024,
  "t_13" : 2.582949,
  "timestamp" : 235579881349
}