{
  "t_23" : -3.0166755,
  "t_10" : -0.98982596,
  "cx" : 514.5143,
  "cy" : 386.87558,
  "fx" : 716.1173,
  "t_13" : 2.7184916,
  "fy" : 716.1173,
  "t_01" : -0.9395815,
  "t_00" : 0.03691432,
  "timestamp" : 235546727232,
  "t_11" : -0.08120694,
  "angular_velocity" : 3.4028235e+38,
  "blur_score" : 86.83134,
  "t_21" : 0.33255383,
  "t_20" : -0.13741153,
  "t_02" : -0.34032923,
  "height" : 768,
  "manual_keyframe" : false,
  "t_12" : 0.11683334,
  "t_03" : -0.9428643,
  "center_depth" : 1.2723358,
  "t_22" : -0.93301994,
  "width" : 1024
}