{
  "t_20" : -0.036839068,
  "t_02" : 0.88354576,
  "fx" : 712.4246,
  "t_21" : -0.97786367,
  "t_11" : -0.05448178,
  "t_12" : 0.42062035,
  "cx" : 514.3451,
  "center_depth" : 1.886308,
  "fy" : 712.4246,
  "cy" : 386.7417,
  "t_00" : 0.42253128,
  "angular_velocity" : 3.4028235e+38,
  "blur_score" : 101.302925,
  "width" : 1024,
  "height" : 768,
  "timestamp" : 235515655630,
  "manual_keyframe" : false,
  "t_03" : -1.8036138,
  "t_23" : -2.4867249,
  "t_01" : -0.20202595,
  "t_13" : 2.686678,
  "t_10" : -0.9055995,
  "t_22" : -0.20597483
}