{
  "t_23" : 0.46095932,
  "t_10" : -0.96542364,
  "cx" : 514.4196,
  "cy" : 386.93167,
  "t_01" : -0.954818,
  "t_13" : 2.7318013,
  "t_00" : 0.011833897,
  "fx" : 715.9203,
  "fy" : 715.9203,
  "timestamp" : 235568435688,
  "t_11" : -0.08825322,
  "angular_velocity" : 3.4028235e+38,
  "blur_score" : 117.83337,
  "t_21" : 0.2837852,
  "t_20" : -0.26041716,
  "t_02" : -0.29695565,
  "height" : 768,
  "manual_keyframe" : false,
  "t_12" : 0.2452927,
  "t_03" : -0.58133376,
  "center_depth" : 5.0011907,
  "t_22" : -0.9228483,
  "width" : 1024
}