{
  "t_23" : -0.38683438,
  "t_10" : -0.9836015,
  "cx" : 514.6719,
  "cy" : 387.0253,
  "t_01" : -0.81683636,
  "t_13" : 2.7209783,
  "t_00" : 0.100136474,
  "fx" : 713.89856,
  "fy" : 713.89856,
  "timestamp" : 235562954429,
  "t_11" : 0.0048128087,
  "angular_velocity" : 3.4028235e+38,
  "blur_score" : 64.66634,
  "t_21" : -0.5768496,
  "t_20" : -0.15000267,
  "t_02" : 0.5681121,
  "height" : 768,
  "manual_keyframe" : false,
  "t_12" : 0.18029128,
  "t_03" : -1.4434114,
  "center_depth" : 2.880985,
  "t_22" : -0.80295956,
  "width" : 1024
}