{
  "t_23" : -3.0453353,
  "t_10" : -0.9192802,
  "cx" : 514.31494,
  "cy" : 386.93463,
  "fx" : 716.2285,
  "t_01" : -0.9329256,
  "t_13" : 2.6510236,
  "fy" : 716.2285,
  "t_00" : -0.0624804,
  "timestamp" : 235545844233,
  "t_11" : -0.0845507,
  "angular_velocity" : 3.4028235e+38,
  "blur_score" : 87.439995,
  "t_21" : 0.35000172,
  "t_20" : -0.38861337,
  "t_02" : -0.3546072,
  "height" : 768,
  "manual_keyframe" : false,
  "t_12" : 0.38441557,
  "t_03" : -0.793718,
  "center_depth" : 1.1727624,
  "t_22" : -0.85233724,
  "width" : 1024
}