{
  "center_depth" : 1.483686,
  "t_22" : -0.75852394,
  "t_21" : 0.5278654,
  "t_23" : -3.1669245,
  "angular_velocity" : 3.4028235e+38,
  "t_02" : -0.47824284,
  "t_00" : -0.2238165,
  "t_20" : -0.38209942,
  "cx" : 514.15924,
  "t_13" : 2.5949187,
  "t_12" : 0.44263485,
  "cy" : 387.13147,
  "blur_score" : 80.06049,
  "fy" : 713.26483,
  "t_11" : -0.0129661355,
  "height" : 768,
  "timestamp" : 235552641663,
  "t_03" : -1.8748409,
  "manual_keyframe" : false,
  "t_01" : -0.84922916,
  "t_10" : -0.8966083,
  "fx" : 713.26483,
  "width" : 1024
}