{
  "t_03" : -1.7729968,
  "t_02" : 0.9259373,
  "t_11" : -0.1062684,
  "t_00" : 0.34519675,
  "fx" : 711.7592,
  "t_12" : 0.3627364,
  "timestamp" : 235514889252,
  "fy" : 711.7592,
  "t_10" : -0.92581284,
  "height" : 768,
  "t_13" : 2.7069488,
  "t_22" : 0.10517945,
  "center_depth" : 1.8734131,
  "width" : 1024,
  "cx" : 514.3016,
  "manual_keyframe" : false,
  "t_01" : 0.15323068,
  "cy" : 386.66388,
  "t_23" : -2.2874286,
  "t_20" : 0.15398023,
  "angular_velocity" : 3.4028235e+38,
  "t_21" : -0.9824599,
  "blur_score" : 100.74265
}