{
  "t_23" : -0.4827553,
  "t_10" : -0.9719658,
  "cx" : 514.36536,
  "cy" : 386.916,
  "fx" : 714.1368,
  "t_01" : -0.9559913,
  "t_13" : 2.871406,
  "t_00" : -0.039920215,
  "fy" : 714.1368,
  "timestamp" : 235561938146,
  "t_11" : -0.030304845,
  "angular_velocity" : 3.4028235e+38,
  "blur_score" : 78.94206,
  "t_21" : -0.29182616,
  "t_20" : 0.23170874,
  "t_02" : 0.29066694,
  "height" : 768,
  "manual_keyframe" : false,
  "t_12" : -0.23316126,
  "t_03" : -1.3501047,
  "center_depth" : 1.9327704,
  "t_22" : -0.9279811,
  "width" : 1024
}