{
  "t_23" : -0.51138085,
  "t_10" : -0.9365625,
  "cx" : 514.4597,
  "cy" : 386.91672,
  "t_01" : -0.9978135,
  "fx" : 712.96625,
  "t_00" : 0.035930865,
  "t_13" : 2.902927,
  "fy" : 712.96625,
  "timestamp" : 235561438335,
  "t_11" : -0.05298692,
  "angular_velocity" : 3.4028235e+38,
  "blur_score" : 108.53444,
  "t_21" : -0.039504096,
  "t_20" : 0.34865418,
  "t_02" : 0.055472158,
  "height" : 768,
  "manual_keyframe" : false,
  "t_12" : -0.3464724,
  "t_03" : -1.3342183,
  "center_depth" : 1.4604547,
  "t_22" : -0.93641853,
  "width" : 1024
}