{
  "center_depth" : 2.8461607,
  "t_22" : -0.8559066,
  "t_21" : 0.37332478,
  "t_23" : -2.9310963,
  "angular_velocity" : 3.4028235e+38,
  "t_02" : -0.36344683,
  "t_00" : -0.09729523,
  "t_20" : -0.35784474,
  "cx" : 514.261,
  "t_13" : 2.6285372,
  "t_12" : 0.36787313,
  "cy" : 387.01755,
  "blur_score" : 92.80333,
  "fy" : 712.971,
  "t_11" : -0.046781912,
  "height" : 768,
  "timestamp" : 235553408040,
  "t_03" : -1.8809017,
  "manual_keyframe" : false,
  "t_01" : -0.9265205,
  "t_10" : -0.9286985,
  "fx" : 712.971,
  "width" : 1024
}