{
  "t_03" : -1.9823414,
  "t_12" : -0.12904996,
  "t_02" : -0.8913492,
  "t_00" : 0.13050422,
  "fx" : 717.9373,
  "t_11" : -0.032969292,
  "timestamp" : 235533582195,
  "fy" : 717.9373,
  "t_10" : -0.9910899,
  "height" : 768,
  "t_13" : 2.8570364,
  "t_22" : -0.43456036,
  "center_depth" : 1.1269301,
  "width" : 1024,
  "cx" : 514.62976,
  "manual_keyframe" : false,
  "t_01" : -0.4341258,
  "cy" : 387.0407,
  "t_23" : -4.010914,
  "t_20" : 0.026636766,
  "angular_velocity" : 3.4028235e+38,
  "t_21" : 0.9002487,
  "blur_score" : 98.55111
}