{
  "t_11" : -0.055476222,
  "t_02" : 0.1836475,
  "t_03" : -1.334086,
  "t_00" : 8.849998e-05,
  "fx" : 714.43054,
  "t_12" : 0.29740158,
  "timestamp" : 235511273950,
  "fy" : 714.43054,
  "t_10" : -0.9531394,
  "height" : 768,
  "t_13" : 2.6952763,
  "t_22" : 0.93692386,
  "center_depth" : 3.7725818,
  "width" : 1024,
  "cx" : 514.35614,
  "manual_keyframe" : false,
  "t_01" : 0.9829922,
  "cy" : 387.10626,
  "t_23" : -1.1852849,
  "t_20" : 0.30253148,
  "angular_velocity" : 3.4028235e+38,
  "t_21" : -0.17506798,
  "blur_score" : 67.75577
}