{
  "manual_keyframe" : false,
  "angular_velocity" : 3.4028235e+38,
  "center_depth" : 0.91059005,
  "t_13" : 2.7356448,
  "fy" : 713.781,
  "cy" : 387.04285,
  "t_22" : -0.9680943,
  "cx" : 514.74927,
  "t_00" : 0.013106188,
  "t_03" : -0.15336163,
  "t_11" : -0.013876482,
  "t_01" : -0.9680063,
  "t_12" : -0.0013073821,
  "t_21" : -0.2505421,
  "timestamp" : 235577465599,
  "width" : 1024,
  "t_23" : 1.9417207,
  "blur_score" : 112.39508,
  "t_02" : 0.2505836,
  "t_10" : -0.9999029,
  "height" : 768,
  "t_20" : 0.004742773,
  "fx" : 713.781
}