{
  "t_12" : 0.17790517,
  "cy" : 386.75293,
  "t_23" : -1.6267871,
  "t_03" : -1.5263237,
  "cx" : 514.4779,
  "center_depth" : 3.6695273,
  "t_10" : -0.97645646,
  "t_02" : 0.5807556,
  "t_01" : 0.81406784,
  "fx" : 711.78937,
  "height" : 768,
  "t_21" : -0.5678127,
  "blur_score" : 92.208305,
  "t_00" : 0.004104233,
  "fy" : 711.78937,
  "t_20" : 0.21567586,
  "manual_keyframe" : false,
  "t_22" : 0.7944011,
  "t_11" : -0.12199452,
  "angular_velocity" : 3.4028235e+38,
  "width" : 1024,
  "t_13" : 2.7477055,
  "timestamp" : 235512640101
}