{
  "manual_keyframe" : false,
  "angular_velocity" : 3.4028235e+38,
  "center_depth" : 3.605957,
  "fy" : 712.115,
  "t_13" : 2.7919607,
  "cy" : 386.96808,
  "t_22" : -0.95717204,
  "cx" : 514.59955,
  "t_00" : 0.025951462,
  "t_03" : -1.2624817,
  "t_11" : -0.018175825,
  "t_01" : -0.95727915,
  "t_12" : -0.0296405,
  "t_21" : 0.28859386,
  "timestamp" : 235502960421,
  "width" : 1024,
  "t_23" : -0.032487765,
  "blur_score" : 153.22742,
  "t_02" : -0.28799883,
  "t_10" : -0.99939543,
  "height" : 768,
  "t_20" : 0.023139618,
  "fx" : 712.115
}