{
  "center_depth" : 2.4525163,
  "angular_velocity" : 3.4028235e+38,
  "t_20" : 0.43856204,
  "cx" : 514.19006,
  "t_03" : -1.2739391,
  "t_01" : 0.9998751,
  "t_13" : 2.6497061,
  "t_10" : -0.89870095,
  "cy" : 387.21835,
  "t_22" : 0.89858586,
  "height" : 768,
  "fy" : 715.0802,
  "t_11" : -0.0065398104,
  "t_12" : 0.43851346,
  "t_21" : -0.014390443,
  "t_23" : -0.94153786,
  "t_02" : 0.015800832,
  "blur_score" : 64.29904,
  "fx" : 715.0802,
  "width" : 1024,
  "t_00" : 0.00043382935,
  "timestamp" : 235510657516,
  "manual_keyframe" : false
}