{
  "t_12" : 0.54105157,
  "cy" : 387.1236,
  "t_23" : 2.2537706,
  "cx" : 514.1223,
  "t_03" : -0.15622297,
  "center_depth" : 0.92700315,
  "t_10" : -0.84098804,
  "t_02" : 0.45044556,
  "t_01" : -0.84393895,
  "fx" : 715.9378,
  "height" : 768,
  "t_21" : -0.536437,
  "blur_score" : 105.34585,
  "t_00" : 0.29131743,
  "fy" : 715.9378,
  "t_20" : -0.45593122,
  "manual_keyframe" : false,
  "t_22" : -0.71018445,
  "t_11" : -0.0015169409,
  "angular_velocity" : 3.4028235e+38,
  "width" : 1024,
  "t_13" : 2.5940888,
  "timestamp" : 235579731406
}