{
  "manual_keyframe" : false,
  "angular_velocity" : 3.4028235e+38,
  "center_depth" : 1.2681042,
  "t_13" : 2.7275064,
  "cy" : 387.1045,
  "fy" : 715.6075,
  "t_22" : -0.74867064,
  "t_00" : 0.11672078,
  "cx" : 514.58344,
  "t_03" : -0.2811492,
  "t_11" : 0.0005560751,
  "t_01" : -0.76125926,
  "t_12" : 0.18064238,
  "t_21" : -0.64844733,
  "timestamp" : 235578265295,
  "width" : 1024,
  "t_23" : 2.0457985,
  "blur_score" : 119.75348,
  "t_02" : 0.63785625,
  "t_10" : -0.98354864,
  "height" : 768,
  "t_20" : -0.13787039,
  "fx" : 715.6075
}