{
  "t_20" : -0.20106977,
  "t_02" : -0.7240915,
  "fx" : 711.79895,
  "t_21" : 0.7811617,
  "t_11" : 0.028460551,
  "cx" : 514.4906,
  "t_12" : 0.3554354,
  "center_depth" : 2.0981028,
  "fy" : 711.79895,
  "cy" : 387.12796,
  "t_00" : -0.29447457,
  "angular_velocity" : 3.4028235e+38,
  "blur_score" : 62.12354,
  "width" : 1024,
  "height" : 768,
  "timestamp" : 235504476515,
  "manual_keyframe" : false,
  "t_03" : -0.8299652,
  "t_23" : 0.10869478,
  "t_13" : 2.6645937,
  "t_01" : -0.6236797,
  "t_10" : -0.9342674,
  "t_22" : -0.5910646
}