{
  "t_13" : 2.7935255,
  "t_22" : -0.99731535,
  "cy" : 386.95755,
  "t_00" : 0.0070865494,
  "center_depth" : 4.307744,
  "manual_keyframe" : false,
  "angular_velocity" : 3.4028235e+38,
  "t_11" : -0.008741212,
  "t_20" : 0.06932355,
  "t_23" : -0.1688433,
  "t_02" : 0.024143176,
  "blur_score" : 146.16724,
  "cx" : 514.68365,
  "t_12" : -0.0691344,
  "t_01" : -0.99968344,
  "t_21" : -0.023594577,
  "t_03" : -1.3666259,
  "t_10" : -0.9975691,
  "fy" : 712.6788,
  "width" : 1024,
  "fx" : 712.6788,
  "height" : 768,
  "timestamp" : 235502360648
}