{
  "manual_keyframe" : false,
  "angular_velocity" : 3.4028235e+38,
  "center_depth" : 3.615397,
  "cy" : 386.90817,
  "t_13" : 2.801638,
  "fy" : 712.11017,
  "t_22" : -0.9865934,
  "cx" : 514.5923,
  "t_00" : 0.00030766407,
  "t_03" : -1.3320732,
  "t_11" : 0.010797021,
  "t_01" : -0.9895271,
  "t_12" : -0.07614067,
  "t_21" : 0.1439432,
  "timestamp" : 235502660534,
  "width" : 1024,
  "t_23" : -0.09268746,
  "blur_score" : 217.31804,
  "t_02" : -0.14434727,
  "t_10" : -0.9970387,
  "height" : 768,
  "t_20" : 0.076901786,
  "fx" : 712.11017
}