{
  "t_11" : -0.010504593,
  "t_02" : -0.85420096,
  "t_12" : 0.51147026,
  "t_03" : -1.3265817,
  "fx" : 714.73553,
  "t_00" : -0.50972646,
  "timestamp" : 235537547366,
  "t_10" : -0.8592369,
  "fy" : 714.73553,
  "height" : 768,
  "t_13" : 2.5950515,
  "t_22" : 0.09348367,
  "center_depth" : 1.7697549,
  "width" : 1024,
  "cx" : 514.35803,
  "manual_keyframe" : false,
  "t_01" : 0.102566846,
  "cy" : 386.8792,
  "t_23" : -3.3726227,
  "t_20" : 0.043486845,
  "angular_velocity" : 3.4028235e+38,
  "t_21" : 0.9946707,
  "blur_score" : 69.22599
}