{
  "t_20" : 0.30975115,
  "t_02" : 0.6100427,
  "fx" : 715.3406,
  "t_21" : -0.8364799,
  "t_11" : 0.07178576,
  "t_12" : 0.650763,
  "cx" : 514.0001,
  "center_depth" : 0.6479825,
  "fy" : 715.3406,
  "cy" : 387.26297,
  "t_00" : 0.5768015,
  "angular_velocity" : 3.4028235e+38,
  "blur_score" : 132.21147,
  "width" : 1024,
  "height" : 768,
  "timestamp" : 235591843475,
  "manual_keyframe" : false,
  "t_03" : -0.041250587,
  "t_23" : 3.9752734,
  "t_01" : 0.5432754,
  "t_13" : 2.6137805,
  "t_10" : -0.7558799,
  "t_22" : 0.4520571
}