{
  "t_10" : -0.99063855,
  "t_23" : 4.1232986,
  "t_21" : -0.9049577,
  "t_01" : 0.42329815,
  "center_depth" : 2.2929406,
  "height" : 768,
  "manual_keyframe" : false,
  "timestamp" : 235589677630,
  "t_00" : -0.1355622,
  "t_03" : -0.09526442,
  "t_12" : -0.12948006,
  "cx" : 514.76385,
  "t_20" : -0.0160691,
  "fx" : 711.791,
  "t_11" : -0.043246213,
  "angular_velocity" : 3.4028235e+38,
  "blur_score" : 139.19214,
  "cy" : 387.01254,
  "width" : 1024,
  "t_02" : 0.89579105,
  "t_22" : 0.42519805,
  "fy" : 711.791,
  "t_13" : 2.808546
}