{
  "t_03" : -1.8668301,
  "t_11" : -0.071712956,
  "t_12" : 0.00036317582,
  "t_00" : 0.013505887,
  "fx" : 715.285,
  "t_02" : -0.98114204,
  "timestamp" : 235535248234,
  "t_10" : -0.99742526,
  "fy" : 715.285,
  "height" : 768,
  "t_13" : 2.8096037,
  "t_22" : -0.1932886,
  "center_depth" : 1.8199309,
  "width" : 1024,
  "cx" : 514.7054,
  "manual_keyframe" : false,
  "t_01" : -0.19281648,
  "cy" : 386.7419,
  "t_23" : -3.6211748,
  "t_20" : -0.070430614,
  "angular_velocity" : 3.4028235e+38,
  "t_21" : 0.9786109,
  "blur_score" : 150.52286
}