{
  "center_depth" : 4.102178,
  "t_22" : -0.8803517,
  "t_21" : 0.38438973,
  "t_23" : -1.0200369,
  "angular_velocity" : 3.4028235e+38,
  "t_00" : -0.09533019,
  "t_02" : -0.37290198,
  "t_20" : -0.27789503,
  "cx" : 514.5275,
  "t_13" : 2.6675825,
  "t_12" : 0.29313007,
  "cy" : 386.98563,
  "blur_score" : 173.93684,
  "fy" : 710.88574,
  "t_11" : -0.019703506,
  "height" : 768,
  "timestamp" : 235559272487,
  "t_03" : -1.2878098,
  "manual_keyframe" : false,
  "t_01" : -0.9229607,
  "t_10" : -0.95586956,
  "fx" : 710.88574,
  "width" : 1024
}