{
  "manual_keyframe" : false,
  "angular_velocity" : 3.4028235e+38,
  "center_depth" : 3.2116632,
  "cy" : 386.76447,
  "t_13" : 2.680771,
  "fy" : 712.6851,
  "t_22" : -0.9735619,
  "t_00" : 0.12749514,
  "cx" : 514.40845,
  "t_03" : 0.08468131,
  "t_11" : -0.14801162,
  "t_01" : -0.96878105,
  "t_12" : 0.08348149,
  "t_21" : 0.19888651,
  "timestamp" : 235583263398,
  "width" : 1024,
  "t_23" : 3.1197805,
  "blur_score" : 156.16335,
  "t_02" : -0.21262245,
  "t_10" : -0.98545593,
  "height" : 768,
  "t_20" : -0.11234589,
  "fx" : 712.6851
}