{
  "t_12" : 0.641768,
  "cy" : 387.10635,
  "t_23" : 1.129815,
  "cx" : 513.71027,
  "t_03" : -0.22300833,
  "center_depth" : 1.9749832,
  "t_10" : -0.76686764,
  "t_01" : -0.9986612,
  "t_02" : -0.03486945,
  "fx" : 718.23596,
  "height" : 768,
  "t_21" : 0.051262885,
  "blur_score" : 115.540375,
  "t_00" : -0.038211096,
  "fy" : 718.23596,
  "t_20" : -0.64066696,
  "manual_keyframe" : false,
  "t_22" : -0.76610583,
  "t_11" : 0.0069340346,
  "angular_velocity" : 3.4028235e+38,
  "width" : 1024,
  "t_13" : 2.6217377,
  "timestamp" : 235573883624
}