{
  "t_12" : 0.6108162,
  "cy" : 387.3018,
  "t_23" : 2.4819746,
  "cx" : 514.0096,
  "t_03" : -0.03559897,
  "center_depth" : 1.963307,
  "t_10" : -0.7916727,
  "t_02" : 0.036897488,
  "t_01" : -0.9983358,
  "fx" : 717.634,
  "height" : 768,
  "t_21" : -0.05628431,
  "blur_score" : 76.87932,
  "t_00" : 0.0443236,
  "fy" : 717.634,
  "t_20" : -0.60933566,
  "manual_keyframe" : false,
  "t_22" : -0.79091233,
  "t_11" : -0.012573124,
  "angular_velocity" : 3.4028235e+38,
  "width" : 1024,
  "t_13" : 2.5468655,
  "timestamp" : 235580647725
}