{
  "t_12" : 0.016244436,
  "cy" : 386.8574,
  "t_23" : 1.7148582,
  "cx" : 514.6167,
  "t_03" : -0.07063427,
  "center_depth" : 4.5892873,
  "t_10" : -0.9978304,
  "t_02" : -0.09745471,
  "t_01" : -0.9933116,
  "fx" : 712.9869,
  "height" : 768,
  "t_21" : 0.09623731,
  "blur_score" : 111.44402,
  "t_00" : 0.061925896,
  "fy" : 712.9869,
  "t_20" : -0.022353528,
  "manual_keyframe" : false,
  "t_22" : -0.9951075,
  "t_11" : -0.06380137,
  "angular_velocity" : 3.4028235e+38,
  "width" : 1024,
  "t_13" : 2.6938133,
  "timestamp" : 235576266054
}