{
  "t_12" : 0.6953063,
  "cy" : 386.81403,
  "t_23" : 0.99298596,
  "t_03" : -0.4423592,
  "cx" : 513.505,
  "center_depth" : 1.8857625,
  "t_10" : -0.716793,
  "t_01" : -0.816904,
  "t_02" : 0.38294291,
  "fx" : 714.0875,
  "height" : 768,
  "t_21" : -0.57437885,
  "blur_score" : 97.94426,
  "t_00" : 0.43130356,
  "fy" : 714.0875,
  "t_20" : -0.54789156,
  "manual_keyframe" : false,
  "t_22" : -0.6081973,
  "t_11" : -0.052506506,
  "angular_velocity" : 3.4028235e+38,
  "width" : 1024,
  "t_13" : 2.6567411,
  "timestamp" : 235572567456
}