{
  "t_13" : 2.8703108,
  "t_22" : -0.36527508,
  "t_00" : 0.18844701,
  "cy" : 386.98953,
  "center_depth" : 0.6897029,
  "manual_keyframe" : false,
  "angular_velocity" : 3.4028235e+38,
  "t_11" : -0.038928997,
  "t_20" : 0.03279642,
  "t_23" : -4.0561233,
  "t_02" : -0.9118672,
  "blur_score" : 96.74973,
  "cx" : 514.45776,
  "t_12" : -0.1872763,
  "t_01" : -0.3646724,
  "t_21" : 0.9303217,
  "t_03" : -1.9525387,
  "t_10" : -0.98153555,
  "fy" : 717.3402,
  "width" : 1024,
  "fx" : 717.3402,
  "height" : 768,
  "timestamp" : 235533348950
}