{
  "t_20" : -0.43968007,
  "t_02" : -0.017437255,
  "fx" : 714.76404,
  "t_21" : -0.017100595,
  "t_11" : -0.074471064,
  "cx" : 514.09357,
  "t_12" : 0.4396668,
  "center_depth" : 1.4555057,
  "fy" : 714.76404,
  "cy" : 386.92975,
  "t_00" : 0.07439295,
  "angular_velocity" : 3.4028235e+38,
  "blur_score" : 149.8379,
  "width" : 1024,
  "height" : 768,
  "timestamp" : 235595708673,
  "manual_keyframe" : false,
  "t_03" : 0.21521348,
  "t_23" : 4.954144,
  "t_01" : -0.99707663,
  "t_13" : 2.6173885,
  "t_10" : -0.8950683,
  "t_22" : -0.89799184
}