{
  "t_12" : 0.68941677,
  "cy" : 386.80164,
  "t_23" : 0.97517246,
  "cx" : 513.6418,
  "t_03" : -0.5078627,
  "center_depth" : 1.306277,
  "t_10" : -0.72219867,
  "t_01" : -0.7331592,
  "t_02" : 0.46262455,
  "fx" : 713.2791,
  "height" : 768,
  "t_21" : -0.67774916,
  "blur_score" : 88.592926,
  "t_00" : 0.49845386,
  "fy" : 713.2791,
  "t_20" : -0.479555,
  "manual_keyframe" : false,
  "t_22" : -0.5573896,
  "t_11" : -0.055979088,
  "angular_velocity" : 3.4028235e+38,
  "width" : 1024,
  "t_13" : 2.6740346,
  "timestamp" : 235572250909
}