{
  "manual_keyframe" : false,
  "angular_velocity" : 3.4028235e+38,
  "center_depth" : 1.7281216,
  "cy" : 386.8617,
  "t_13" : 2.7047215,
  "fy" : 714.375,
  "t_22" : 0.5667686,
  "cx" : 514.4656,
  "t_00" : -0.22346203,
  "t_03" : -2.054307,
  "t_11" : -0.10052141,
  "t_01" : 0.5587419,
  "t_12" : 0.20224021,
  "t_21" : 0.8232273,
  "timestamp" : 235530250119,
  "width" : 1024,
  "t_23" : -3.9286067,
  "blur_score" : 109.159744,
  "t_02" : -0.7986692,
  "t_10" : -0.9741635,
  "height" : 768,
  "t_20" : 0.032716714,
  "fx" : 714.375
}