{
  "t_20" : 0.027973978,
  "t_02" : 0.33704114,
  "fx" : 714.4448,
  "t_21" : -0.3358843,
  "t_11" : -0.07737756,
  "t_12" : -0.002018229,
  "cx" : 514.6613,
  "center_depth" : 3.1311243,
  "fy" : 714.4448,
  "cy" : 386.60574,
  "t_00" : 0.07217214,
  "angular_velocity" : 3.4028235e+38,
  "blur_score" : 167.38945,
  "width" : 1024,
  "height" : 768,
  "timestamp" : 235585445903,
  "manual_keyframe" : false,
  "t_03" : -0.08195031,
  "t_23" : 3.487698,
  "t_01" : -0.93871945,
  "t_13" : 2.7325606,
  "t_10" : -0.9969998,
  "t_22" : -0.9414877
}