{
  "t_12" : 0.3743022,
  "cy" : 387.13818,
  "t_23" : 0.8077034,
  "t_03" : -0.5418131,
  "cx" : 514.5569,
  "center_depth" : 2.1883183,
  "t_10" : -0.92712826,
  "t_01" : -0.8394522,
  "t_02" : 0.4979987,
  "fx" : 712.11017,
  "height" : 768,
  "t_21" : -0.54312885,
  "blur_score" : 107.501785,
  "t_00" : 0.21752515,
  "fy" : 712.11017,
  "t_20" : -0.305149,
  "manual_keyframe" : false,
  "t_22" : -0.7822373,
  "t_11" : -0.018192466,
  "angular_velocity" : 3.4028235e+38,
  "width" : 1024,
  "t_13" : 2.7742112,
  "timestamp" : 235571234628
}