{
  "t_10" : -0.9990395,
  "t_23" : 4.1161213,
  "t_21" : -0.94345146,
  "t_01" : 0.32865134,
  "center_depth" : 2.6316035,
  "height" : 768,
  "manual_keyframe" : false,
  "timestamp" : 235589227801,
  "t_00" : -0.01968739,
  "t_03" : -0.13938062,
  "t_12" : -0.0057077417,
  "cx" : 514.6028,
  "t_20" : 0.039148945,
  "fx" : 711.7592,
  "t_11" : -0.043447148,
  "angular_velocity" : 3.4028235e+38,
  "blur_score" : 155.12799,
  "cy" : 387.12717,
  "width" : 1024,
  "t_02" : 0.9442462,
  "t_22" : 0.3291911,
  "fy" : 711.7592,
  "t_13" : 2.7800004
}