{
  "t_23" : -0.0006779237,
  "t_10" : -0.89560115,
  "cx" : 514.25635,
  "cy" : 387.28662,
  "fx" : 715.8854,
  "t_13" : 2.6054206,
  "fy" : 715.8854,
  "t_01" : -0.98566407,
  "t_00" : -0.11181401,
  "timestamp" : 235565236899,
  "t_11" : 0.044862907,
  "angular_velocity" : 3.4028235e+38,
  "blur_score" : 105.626816,
  "t_21" : 0.1626464,
  "t_20" : -0.43057677,
  "t_02" : -0.12634939,
  "height" : 768,
  "manual_keyframe" : false,
  "t_12" : 0.44259012,
  "t_03" : -1.2333378,
  "center_depth" : 0.8029612,
  "t_22" : -0.8877782,
  "width" : 1024
}