{
  "t_11" : -0.039799474,
  "t_02" : -0.99115384,
  "t_00" : -0.082098305,
  "t_12" : 0.07832347,
  "t_03" : -1.5632006,
  "fx" : 715.05005,
  "timestamp" : 235536397800,
  "t_10" : -0.9961332,
  "fy" : 715.05005,
  "height" : 768,
  "t_13" : 2.7967908,
  "t_22" : 0.10714284,
  "center_depth" : 1.6774566,
  "width" : 1024,
  "cx" : 514.6303,
  "manual_keyframe" : false,
  "t_01" : 0.104278594,
  "cy" : 386.6828,
  "t_23" : -3.4140232,
  "t_20" : -0.031279944,
  "angular_velocity" : 3.4028235e+38,
  "t_21" : 0.99375147,
  "blur_score" : 146.33461
}