{
  "t_20" : -0.12275992,
  "t_02" : 0.7829048,
  "fx" : 713.2362,
  "t_21" : -0.83785105,
  "t_11" : -0.0665213,
  "cx" : 514.0096,
  "t_12" : 0.32268322,
  "center_depth" : 1.7703118,
  "fy" : 713.2362,
  "cy" : 386.93674,
  "t_00" : 0.30574426,
  "angular_velocity" : 3.4028235e+38,
  "blur_score" : 86.10046,
  "width" : 1024,
  "height" : 768,
  "timestamp" : 235517205045,
  "manual_keyframe" : false,
  "t_03" : -2.028802,
  "t_23" : -2.5900362,
  "t_01" : -0.54183096,
  "t_13" : 2.670785,
  "t_10" : -0.9441666,
  "t_22" : -0.5319172
}