{
  "center_depth" : 4.1190157,
  "t_22" : -0.8403838,
  "t_21" : 0.46776617,
  "t_23" : -1.1481218,
  "angular_velocity" : 3.4028235e+38,
  "t_02" : -0.45136935,
  "t_00" : -0.12424903,
  "t_20" : -0.2737703,
  "cx" : 514.5696,
  "t_13" : 2.658948,
  "t_12" : 0.30003512,
  "cy" : 386.9216,
  "blur_score" : 145.52902,
  "fy" : 710.88727,
  "t_11" : -0.019154642,
  "height" : 768,
  "timestamp" : 235558922620,
  "t_03" : -1.3131003,
  "manual_keyframe" : false,
  "t_01" : -0.88364476,
  "t_10" : -0.9537359,
  "fx" : 710.88727,
  "width" : 1024
}