{
  "center_depth" : 3.364708,
  "angular_velocity" : 3.4028235e+38,
  "t_20" : -0.008564338,
  "cx" : 514.70703,
  "t_10" : -0.9999489,
  "t_01" : -0.699899,
  "t_03" : -0.065925956,
  "t_13" : 2.746153,
  "cy" : 387.0925,
  "t_22" : -0.69985056,
  "height" : 768,
  "t_12" : 0.009836152,
  "t_11" : 0.0023522465,
  "fy" : 712.04663,
  "t_21" : -0.714238,
  "t_23" : 3.793928,
  "t_02" : 0.71422166,
  "blur_score" : 201.47255,
  "fx" : 712.04663,
  "width" : 1024,
  "t_00" : 0.005379133,
  "timestamp" : 235586628788,
  "manual_keyframe" : false
}