{
  "t_10" : -0.9968778,
  "t_23" : 5.226021,
  "t_21" : -0.2726481,
  "t_01" : -0.95887303,
  "center_depth" : 1.1199431,
  "height" : 768,
  "manual_keyframe" : false,
  "timestamp" : 235596674972,
  "t_00" : 0.076724276,
  "t_03" : 0.14057891,
  "t_12" : 0.0030291101,
  "cx" : 514.5977,
  "t_20" : 0.01865692,
  "fx" : 714.72284,
  "t_11" : -0.07890195,
  "angular_velocity" : 3.4028235e+38,
  "blur_score" : 248.20418,
  "cy" : 386.59476,
  "width" : 1024,
  "t_02" : 0.2732689,
  "t_22" : -0.961933,
  "fy" : 714.72284,
  "t_13" : 2.753866
}