{
  "t_20" : -0.3486461,
  "t_02" : -0.38502353,
  "fx" : 712.9344,
  "t_21" : 0.41399714,
  "t_11" : -0.0061910725,
  "cx" : 514.24646,
  "t_12" : 0.38040066,
  "center_depth" : 2.7920196,
  "fy" : 712.9344,
  "cy" : 387.19785,
  "t_00" : -0.1522789,
  "angular_velocity" : 3.4028235e+38,
  "blur_score" : 87.208496,
  "width" : 1024,
  "height" : 768,
  "timestamp" : 235525835120,
  "manual_keyframe" : false,
  "t_03" : -1.929571,
  "t_23" : -3.1562986,
  "t_01" : -0.9102573,
  "t_13" : 2.6396391,
  "t_10" : -0.9248011,
  "t_22" : -0.8408642
}