{
  "t_23" : -3.037294,
  "t_10" : -0.99824405,
  "cx" : 514.60504,
  "cy" : 386.71796,
  "fx" : 715.6376,
  "t_01" : -0.900799,
  "t_13" : 2.766516,
  "t_00" : 0.059023146,
  "fy" : 715.6376,
  "timestamp" : 235547143741,
  "t_11" : -0.05110559,
  "angular_velocity" : 3.4028235e+38,
  "blur_score" : 101.96036,
  "t_21" : 0.43121845,
  "t_20" : 0.004990821,
  "t_02" : -0.43020627,
  "height" : 768,
  "manual_keyframe" : false,
  "t_12" : -0.029947596,
  "t_03" : -0.9675972,
  "center_depth" : 2.060955,
  "t_22" : -0.9022338,
  "width" : 1024
}