{
  "t_12" : 0.60883075,
  "cy" : 387.16006,
  "t_23" : 2.5667694,
  "cx" : 513.8505,
  "t_03" : -0.02241048,
  "center_depth" : 1.9958167,
  "t_10" : -0.792215,
  "t_01" : -0.9972575,
  "t_02" : -0.073869646,
  "fx" : 716.7192,
  "height" : 768,
  "t_21" : 0.061294287,
  "blur_score" : 79.02446,
  "t_00" : -0.004555722,
  "fy" : 716.7192,
  "t_20" : -0.6102251,
  "manual_keyframe" : false,
  "t_22" : -0.78985345,
  "t_11" : -0.04147875,
  "angular_velocity" : 3.4028235e+38,
  "width" : 1024,
  "t_13" : 2.5603595,
  "timestamp" : 235580997592
}