{
  "t_00" : -0.54970604,
  "t_02" : -0.6609111,
  "t_03" : -1.0918119,
  "t_12" : 0.6426976,
  "fx" : 714.1225,
  "t_11" : -0.0071314294,
  "timestamp" : 235538663612,
  "fy" : 714.1225,
  "t_10" : -0.7660868,
  "height" : 768,
  "t_13" : 2.5199234,
  "t_22" : -0.38747454,
  "center_depth" : 1.8184673,
  "width" : 1024,
  "cx" : 513.55304,
  "manual_keyframe" : false,
  "t_01" : -0.5109012,
  "cy" : 387.19348,
  "t_23" : -3.340095,
  "t_20" : -0.33306822,
  "angular_velocity" : 3.4028235e+38,
  "t_21" : 0.85961,
  "blur_score" : 86.40389
}