{
  "t_23" : -0.4470934,
  "t_10" : -0.9998817,
  "cx" : 514.6548,
  "cy" : 387.07742,
  "t_01" : -0.8574774,
  "t_13" : 2.7779589,
  "t_00" : 0.014835346,
  "fx" : 714.15265,
  "fy" : 714.15265,
  "timestamp" : 235562554580,
  "t_11" : -0.010635436,
  "angular_velocity" : 3.4028235e+38,
  "blur_score" : 59.376633,
  "t_21" : -0.5144115,
  "t_20" : -0.0040566656,
  "t_02" : 0.51430756,
  "height" : 768,
  "manual_keyframe" : false,
  "t_12" : 0.011109971,
  "t_03" : -1.4091463,
  "center_depth" : 2.7185767,
  "t_22" : -0.8575339,
  "width" : 1024
}