{
  "t_12" : 0.46075687,
  "cy" : 387.1145,
  "t_23" : 2.1766276,
  "t_03" : -0.27059668,
  "cx" : 514.3476,
  "center_depth" : 1.2354846,
  "t_10" : -0.8871506,
  "t_01" : -0.69080013,
  "t_02" : 0.649695,
  "fx" : 715.6186,
  "height" : 768,
  "t_21" : -0.72258437,
  "blur_score" : 116.01449,
  "t_00" : 0.31731945,
  "fy" : 715.6186,
  "t_20" : -0.33507058,
  "manual_keyframe" : false,
  "t_22" : -0.6046484,
  "t_11" : 0.02582697,
  "angular_velocity" : 3.4028235e+38,
  "width" : 1024,
  "t_13" : 2.6374278,
  "timestamp" : 235579331557
}