{
  "t_23" : -0.5250484,
  "t_10" : -0.94130784,
  "cx" : 514.59326,
  "cy" : 386.8625,
  "t_01" : -0.9947685,
  "t_13" : 2.894295,
  "fy" : 712.37854,
  "t_00" : 0.07934543,
  "fx" : 712.37854,
  "timestamp" : 235561238411,
  "t_11" : -0.053524986,
  "angular_velocity" : 3.4028235e+38,
  "blur_score" : 101.887436,
  "t_21" : 0.08700882,
  "t_20" : 0.32809126,
  "t_02" : -0.06434102,
  "height" : 768,
  "manual_keyframe" : false,
  "t_12" : -0.33327857,
  "t_03" : -1.3353913,
  "center_depth" : 1.5320168,
  "t_22" : -0.9406305,
  "width" : 1024
}