{
  "t_23" : -3.06571,
  "t_10" : -0.9958611,
  "cx" : 514.5991,
  "cy" : 386.78683,
  "fx" : 715.57886,
  "t_01" : -0.77436346,
  "fy" : 715.57886,
  "t_00" : 0.08644818,
  "t_13" : 2.7792368,
  "timestamp" : 235547426967,
  "t_11" : -0.0848893,
  "angular_velocity" : 3.4028235e+38,
  "blur_score" : 102.21277,
  "t_21" : 0.62702096,
  "t_20" : -0.028062316,
  "t_02" : -0.626808,
  "height" : 768,
  "manual_keyframe" : false,
  "t_12" : -0.03247439,
  "t_03" : -0.97265255,
  "center_depth" : 1.4318628,
  "t_22" : -0.7784969,
  "width" : 1024
}