{
  "manual_keyframe" : false,
  "angular_velocity" : 3.4028235e+38,
  "center_depth" : 1.8086742,
  "cy" : 386.96936,
  "fy" : 714.72437,
  "t_13" : 2.62687,
  "t_22" : 0.54210144,
  "cx" : 514.1926,
  "t_00" : -0.3873894,
  "t_03" : -2.0779202,
  "t_11" : -0.08073014,
  "t_01" : 0.5646438,
  "t_12" : 0.4183529,
  "t_21" : 0.82137704,
  "timestamp" : 235529850270,
  "width" : 1024,
  "t_23" : -3.8865025,
  "blur_score" : 115.737495,
  "t_02" : -0.7287709,
  "t_10" : -0.9046898,
  "height" : 768,
  "t_20" : 0.17738657,
  "fx" : 714.72437
}