{
  "manual_keyframe" : false,
  "angular_velocity" : 3.4028235e+38,
  "center_depth" : 1.3306934,
  "t_13" : 2.747847,
  "fy" : 714.7196,
  "cy" : 387.04413,
  "t_22" : -0.9088175,
  "cx" : 514.6387,
  "t_00" : -0.0004026964,
  "t_03" : -0.19500174,
  "t_11" : 0.0019326006,
  "t_01" : -0.90882313,
  "t_12" : 0.0032448675,
  "t_21" : -0.4171773,
  "timestamp" : 235577732164,
  "width" : 1024,
  "t_23" : 1.98197,
  "blur_score" : 157.09383,
  "t_02" : 0.4171816,
  "t_10" : -0.9999929,
  "height" : 768,
  "t_20" : -0.0037552565,
  "fx" : 714.7196
}