{
  "center_depth" : 1.5672346,
  "t_22" : 0.038415257,
  "t_21" : 0.9989625,
  "t_23" : -3.3686974,
  "angular_velocity" : 3.4028235e+38,
  "t_02" : -0.6940192,
  "t_00" : -0.71859336,
  "t_20" : 0.024461709,
  "cx" : 513.42944,
  "t_13" : 2.4796364,
  "t_12" : 0.718931,
  "cy" : 387.20032,
  "blur_score" : 124.73146,
  "fy" : 713.8763,
  "t_11" : -0.010628051,
  "height" : 768,
  "timestamp" : 235550509135,
  "t_03" : -1.5028491,
  "manual_keyframe" : false,
  "t_01" : 0.044284906,
  "t_10" : -0.69500023,
  "fx" : 713.8763,
  "width" : 1024
}