{
  "t_10" : -0.99985486,
  "t_23" : 5.3501344,
  "t_21" : -0.5935126,
  "t_01" : -0.8046703,
  "center_depth" : 1.2351705,
  "height" : 768,
  "manual_keyframe" : false,
  "timestamp" : 235597274744,
  "t_00" : 0.016519843,
  "t_03" : 0.058431763,
  "t_12" : 0.0064491127,
  "cx" : 514.57227,
  "t_20" : 0.0041701817,
  "fx" : 714.71014,
  "t_11" : -0.015770368,
  "angular_velocity" : 3.4028235e+38,
  "blur_score" : 264.21255,
  "cy" : 386.9434,
  "width" : 1024,
  "t_02" : 0.59349227,
  "t_22" : -0.804814,
  "fy" : 714.71014,
  "t_13" : 2.7585971
}