{
  "t_12" : 0.34229606,
  "cy" : 387.0467,
  "t_23" : 2.0829136,
  "t_03" : -0.3076505,
  "cx" : 514.52136,
  "center_depth" : 1.2309638,
  "t_10" : -0.9395234,
  "t_02" : 0.67483974,
  "t_01" : -0.69873196,
  "fx" : 715.6504,
  "height" : 768,
  "t_21" : -0.7152933,
  "blur_score" : 91.529945,
  "t_00" : 0.23741324,
  "fy" : 715.6504,
  "t_20" : -0.24684142,
  "manual_keyframe" : false,
  "t_22" : -0.6537773,
  "t_11" : 0.011362991,
  "angular_velocity" : 3.4028235e+38,
  "width" : 1024,
  "t_13" : 2.6887999,
  "timestamp" : 235578681804
}