{
  "manual_keyframe" : false,
  "angular_velocity" : 3.4028235e+38,
  "center_depth" : 1.495951,
  "t_13" : 2.7572007,
  "cy" : 387.12997,
  "fy" : 713.7922,
  "t_22" : -0.80595875,
  "t_00" : 0.038204435,
  "cx" : 514.62067,
  "t_03" : -1.0694526,
  "t_11" : 0.032528542,
  "t_01" : -0.81263,
  "t_12" : -0.110713586,
  "t_21" : 0.5818717,
  "timestamp" : 235540163046,
  "width" : 1024,
  "t_23" : -3.288096,
  "blur_score" : 128.56798,
  "t_02" : -0.58152664,
  "t_10" : -0.9933199,
  "height" : 768,
  "t_20" : 0.10888539,
  "fx" : 713.7922
}