{
  "cy" : 386.6072,
  "cx" : 514.5767,
  "t_13" : 2.699317,
  "t_23" : 3.1896493,
  "center_depth" : 2.5478315,
  "t_20" : 0.0057068383,
  "blur_score" : 158.66943,
  "t_03" : 0.05083355,
  "t_10" : -0.9817754,
  "height" : 768,
  "width" : 1024,
  "timestamp" : 235583679907,
  "t_22" : -0.96695596,
  "manual_keyframe" : false,
  "t_02" : -0.24919493,
  "t_21" : 0.25488013,
  "t_11" : -0.18226048,
  "fx" : 712.3802,
  "t_12" : -0.05383639,
  "angular_velocity" : 3.4028235e+38,
  "fy" : 712.3802,
  "t_00" : 0.18995969,
  "t_01" : -0.94964063
}