{
  "t_10" : -0.99887156,
  "t_23" : 3.8390453,
  "t_21" : -0.8622208,
  "t_01" : -0.5051838,
  "center_depth" : 2.6495948,
  "height" : 768,
  "manual_keyframe" : false,
  "timestamp" : 235587078617,
  "t_00" : -0.0444373,
  "t_03" : -0.0810754,
  "t_12" : -0.029848404,
  "cx" : 514.62,
  "t_20" : -0.01675897,
  "fx" : 711.7624,
  "t_11" : 0.036940616,
  "angular_velocity" : 3.4028235e+38,
  "blur_score" : 175.46608,
  "cy" : 387.15295,
  "width" : 1024,
  "t_02" : 0.861867,
  "t_22" : -0.50625527,
  "fy" : 711.7624,
  "t_13" : 2.7438178
}