{
  "t_20" : 0.0878371,
  "t_02" : 0.62242013,
  "fx" : 717.0734,
  "t_21" : -0.9774542,
  "t_11" : 0.09109282,
  "t_12" : 0.7587657,
  "cx" : 513.634,
  "center_depth" : 0.6716886,
  "fy" : 717.0734,
  "cy" : 387.3977,
  "t_00" : 0.7591495,
  "angular_velocity" : 3.4028235e+38,
  "blur_score" : 88.850235,
  "width" : 1024,
  "height" : 768,
  "timestamp" : 235592210002,
  "manual_keyframe" : false,
  "t_03" : -0.010485287,
  "t_23" : 3.9952116,
  "t_01" : 0.19048712,
  "t_13" : 2.5475924,
  "t_10" : -0.64496255,
  "t_22" : 0.19201013
}