{
  "t_20" : -0.6012295,
  "t_02" : 0.34518152,
  "fx" : 719.4318,
  "t_21" : -0.5232062,
  "t_11" : -0.030659016,
  "t_12" : 0.718381,
  "cx" : 513.5498,
  "center_depth" : 1.4035347,
  "fy" : 719.4318,
  "cy" : 387.08646,
  "t_00" : 0.39437845,
  "angular_velocity" : 3.4028235e+38,
  "blur_score" : 81.33564,
  "width" : 1024,
  "height" : 768,
  "timestamp" : 235593826055,
  "manual_keyframe" : false,
  "t_03" : 0.18050307,
  "t_23" : 4.251495,
  "t_13" : 2.5162783,
  "t_01" : -0.85165447,
  "t_10" : -0.6949739,
  "t_22" : -0.603969
}