{
  "t_23" : -0.71897924,
  "t_10" : -0.9953376,
  "cx" : 514.66,
  "cy" : 387.09933,
  "fx" : 710.93494,
  "t_01" : -0.9399207,
  "fy" : 710.93494,
  "t_00" : 0.00050430984,
  "t_13" : 2.7457032,
  "timestamp" : 235560088845,
  "t_11" : -0.033399403,
  "angular_velocity" : 3.4028235e+38,
  "blur_score" : 175.15497,
  "t_21" : 0.3397548,
  "t_20" : -0.096450955,
  "t_02" : -0.34139213,
  "height" : 768,
  "manual_keyframe" : false,
  "t_12" : 0.09048491,
  "t_03" : -1.3175664,
  "center_depth" : 6.055651,
  "t_22" : -0.9355554,
  "width" : 1024
}