{
  "center_depth" : 0.98524207,
  "t_22" : -0.5781165,
  "t_21" : 0.70775104,
  "t_23" : -3.3423939,
  "angular_velocity" : 3.4028235e+38,
  "t_02" : -0.5800114,
  "t_00" : -0.40558547,
  "t_20" : -0.40604177,
  "cx" : 513.84454,
  "t_13" : 2.5403976,
  "t_12" : 0.5739062,
  "cy" : 387.1491,
  "blur_score" : 57.960766,
  "fy" : 713.8238,
  "t_11" : -0.0010332208,
  "height" : 768,
  "timestamp" : 235552058550,
  "t_03" : -1.8629706,
  "manual_keyframe" : false,
  "t_01" : -0.7064612,
  "t_10" : -0.8189205,
  "fx" : 713.8238,
  "width" : 1024
}