{
  "center_depth" : 1.4812956,
  "t_22" : -0.52636486,
  "t_21" : 0.84748095,
  "t_23" : -3.1403513,
  "angular_velocity" : 3.4028235e+38,
  "t_02" : -0.8415929,
  "t_00" : -0.09986416,
  "t_20" : -0.068673186,
  "cx" : 514.4932,
  "t_13" : 2.7173257,
  "t_12" : 0.1210847,
  "cy" : 386.78876,
  "blur_score" : 106.03373,
  "fy" : 715.58527,
  "t_11" : -0.0052298876,
  "height" : 768,
  "timestamp" : 235547976759,
  "t_03" : -0.94392616,
  "manual_keyframe" : false,
  "t_01" : -0.53079987,
  "t_10" : -0.9926284,
  "fx" : 715.58527,
  "width" : 1024
}