{
  "t_10" : -0.9983622,
  "t_23" : 4.10094,
  "t_21" : -0.8213107,
  "t_01" : 0.5678549,
  "center_depth" : 2.194187,
  "height" : 768,
  "manual_keyframe" : false,
  "timestamp" : 235590410685,
  "t_00" : -0.044954266,
  "t_03" : -0.06496876,
  "t_12" : -0.016827745,
  "cx" : 514.4293,
  "t_20" : 0.03538521,
  "fx" : 712.64386,
  "t_11" : -0.054679297,
  "angular_velocity" : 3.4028235e+38,
  "blur_score" : 162.71466,
  "cy" : 386.92685,
  "width" : 1024,
  "t_02" : 0.8219003,
  "t_22" : 0.56938297,
  "fy" : 712.64386,
  "t_13" : 2.802921
}