{
  "t_13" : 2.7677007,
  "t_22" : 0.4836223,
  "cy" : 386.70032,
  "t_00" : -0.04348778,
  "center_depth" : 2.0718842,
  "manual_keyframe" : false,
  "angular_velocity" : 3.4028235e+38,
  "t_11" : -0.053272855,
  "t_20" : -0.036845315,
  "t_23" : -3.9780889,
  "t_02" : -0.8750423,
  "blur_score" : 116.96683,
  "cx" : 514.51263,
  "t_12" : 0.020267373,
  "t_01" : 0.4820893,
  "t_21" : 0.874501,
  "t_03" : -2.0281258,
  "t_10" : -0.99837434,
  "fy" : 714.186,
  "width" : 1024,
  "fx" : 714.186,
  "height" : 768,
  "timestamp" : 235530616648
}