{
  "t_10" : -0.9845016,
  "t_23" : 4.0700793,
  "t_21" : -0.7615693,
  "t_01" : 0.64701843,
  "center_depth" : 1.9822203,
  "height" : 768,
  "manual_keyframe" : false,
  "timestamp" : 235590760552,
  "t_00" : 0.107020125,
  "t_03" : -0.06523775,
  "t_12" : 0.17139752,
  "cx" : 514.6544,
  "t_20" : 0.13893625,
  "fx" : 712.69147,
  "t_11" : -0.03714122,
  "angular_velocity" : 3.4028235e+38,
  "blur_score" : 193.04314,
  "cy" : 386.8902,
  "width" : 1024,
  "t_02" : 0.75492644,
  "t_22" : 0.6330159,
  "fy" : 712.69147,
  "t_13" : 2.780943
}