{
  "t_10" : -0.8500343,
  "t_23" : -3.2569797,
  "t_21" : 0.6091019,
  "t_01" : -0.7930196,
  "center_depth" : 1.6400801,
  "height" : 768,
  "manual_keyframe" : false,
  "timestamp" : 235526368252,
  "t_00" : -0.31357098,
  "t_03" : -2.036306,
  "t_12" : 0.5266183,
  "cx" : 514.34033,
  "t_20" : -0.42321995,
  "fx" : 712.94244,
  "t_11" : -0.0107244095,
  "angular_velocity" : 3.4028235e+38,
  "blur_score" : 95.82272,
  "cy" : 387.06412,
  "width" : 1024,
  "t_02" : -0.5222962,
  "t_22" : -0.670731,
  "fy" : 712.94244,
  "t_13" : 2.5781517
}