{
  "t_10" : -0.7890038,
  "t_23" : -0.73020333,
  "t_21" : 0.54390424,
  "t_01" : 0.8381521,
  "center_depth" : 1.5181042,
  "height" : 768,
  "manual_keyframe" : false,
  "timestamp" : 235509491289,
  "t_00" : -0.3610518,
  "t_03" : -0.89538276,
  "t_12" : 0.6130282,
  "cx" : 513.2895,
  "t_20" : 0.4971063,
  "fx" : 714.78326,
  "t_11" : -0.040859256,
  "angular_velocity" : 3.4028235e+38,
  "blur_score" : 93.0616,
  "cy" : 387.02347,
  "width" : 1024,
  "t_02" : -0.4088311,
  "t_22" : 0.67605746,
  "fy" : 714.78326,
  "t_13" : 2.5839622
}