{
  "t_13" : 2.6682308,
  "t_22" : 0.15330116,
  "cy" : 386.88074,
  "t_00" : -0.37852806,
  "center_depth" : 1.7751733,
  "manual_keyframe" : false,
  "angular_velocity" : 3.4028235e+38,
  "t_11" : -0.055883616,
  "t_20" : 0.0023456942,
  "t_23" : -3.3620613,
  "t_02" : -0.9145124,
  "blur_score" : 95.71069,
  "cx" : 514.5566,
  "t_12" : 0.3743875,
  "t_01" : 0.14277175,
  "t_21" : 0.9881767,
  "t_03" : -1.4156606,
  "t_10" : -0.9255868,
  "fy" : 715.00714,
  "width" : 1024,
  "fx" : 715.00714,
  "height" : 768,
  "timestamp" : 235537164178
}