{
  "t_10" : -0.80635387,
  "t_23" : -0.29358542,
  "t_21" : 0.86929625,
  "t_01" : 0.49420792,
  "center_depth" : 1.7012963,
  "height" : 768,
  "manual_keyframe" : false,
  "timestamp" : 235506542402,
  "t_00" : -0.51773363,
  "t_03" : -1.0656712,
  "t_12" : 0.59136355,
  "cx" : 514.1209,
  "t_20" : 0.2859113,
  "fx" : 712.6295,
  "t_11" : -0.009085895,
  "angular_velocity" : 3.4028235e+38,
  "blur_score" : 147.9373,
  "cy" : 387.208,
  "width" : 1024,
  "t_02" : -0.6983627,
  "t_22" : 0.40321055,
  "fy" : 712.6295,
  "t_13" : 2.568227
}