{
  "center_depth" : 1.4697526,
  "t_22" : -0.5002222,
  "t_21" : 0.7386934,
  "t_23" : -3.5668714,
  "angular_velocity" : 3.4028235e+38,
  "t_00" : -0.48414528,
  "t_02" : -0.5580053,
  "t_20" : -0.45178527,
  "cx" : 513.63367,
  "t_13" : 2.5142176,
  "t_12" : 0.662124,
  "cy" : 387.00323,
  "blur_score" : 68.76454,
  "fy" : 713.2982,
  "t_11" : -0.009918373,
  "height" : 768,
  "timestamp" : 235527667762,
  "t_03" : -2.1484423,
  "manual_keyframe" : false,
  "t_01" : -0.67396855,
  "t_10" : -0.74932873,
  "fx" : 713.2982,
  "width" : 1024
}