{
  "t_13" : 2.5188015,
  "t_22" : 0.3400856,
  "t_00" : -0.6980811,
  "cy" : 386.93234,
  "center_depth" : 1.1528932,
  "manual_keyframe" : false,
  "angular_velocity" : 3.4028235e+38,
  "t_11" : -0.038857073,
  "t_20" : 0.42705756,
  "t_23" : -0.59237975,
  "t_02" : -0.46492627,
  "blur_score" : 166.6248,
  "cx" : 513.3203,
  "t_12" : 0.81742615,
  "t_01" : 0.5445425,
  "t_21" : 0.83783275,
  "t_03" : -0.7086385,
  "t_10" : -0.57472146,
  "fy" : 713.8001,
  "width" : 1024,
  "fx" : 713.8001,
  "height" : 768,
  "timestamp" : 235507725289
}