{
  "t_10" : -0.9979304,
  "t_23" : 5.286926,
  "t_21" : -0.4304516,
  "t_01" : -0.9003375,
  "center_depth" : 1.1477498,
  "height" : 768,
  "manual_keyframe" : false,
  "timestamp" : 235596924877,
  "t_00" : 0.05538389,
  "t_03" : 0.11245103,
  "t_12" : -0.0055777193,
  "cx" : 514.5781,
  "t_20" : 0.032674197,
  "fx" : 714.73706,
  "t_11" : -0.064061426,
  "angular_velocity" : 3.4028235e+38,
  "blur_score" : 255.77939,
  "cy" : 386.7534,
  "width" : 1024,
  "t_02" : 0.43165392,
  "t_22" : -0.9020222,
  "fy" : 714.73706,
  "t_13" : 2.7625706
}