{
  "t_13" : 2.642272,
  "t_22" : -0.39841855,
  "t_00" : -0.37285542,
  "cy" : 387.19998,
  "center_depth" : 1.7740228,
  "manual_keyframe" : false,
  "angular_velocity" : 3.4028235e+38,
  "t_11" : 0.008862997,
  "t_20" : -0.17023404,
  "t_23" : 0.06232729,
  "t_02" : -0.8205734,
  "blur_score" : 56.751286,
  "cx" : 514.38635,
  "t_12" : 0.40978315,
  "t_01" : -0.43317246,
  "t_21" : 0.9012676,
  "t_03" : -0.8227412,
  "t_10" : -0.91214,
  "fy" : 711.7592,
  "width" : 1024,
  "fx" : 711.7592,
  "height" : 768,
  "timestamp" : 235504759742
}