{
  "t_23" : 0.17340893,
  "t_10" : -0.8644889,
  "cx" : 514.2062,
  "cy" : 387.0924,
  "t_01" : -0.9003623,
  "t_13" : 2.6139686,
  "fy" : 720.60236,
  "fx" : 720.60236,
  "t_00" : -0.18713269,
  "timestamp" : 235566603049,
  "t_11" : -0.038980808,
  "angular_velocity" : 3.4028235e+38,
  "blur_score" : 74.12495,
  "t_21" : 0.43339172,
  "t_20" : -0.46651953,
  "t_02" : -0.39284763,
  "height" : 768,
  "manual_keyframe" : false,
  "t_12" : 0.50113827,
  "t_03" : -1.0112273,
  "center_depth" : 0.46237266,
  "t_22" : -0.7710586,
  "width" : 1024
}