{
  "manual_keyframe" : false,
  "angular_velocity" : 3.4028235e+38,
  "center_depth" : 1.3781319,
  "fy" : 714.4083,
  "cy" : 387.23196,
  "t_13" : 2.634515,
  "t_22" : 0.8709945,
  "cx" : 514.1415,
  "t_00" : -0.038686555,
  "t_03" : -1.2393273,
  "t_11" : -0.0018043322,
  "t_01" : 0.9970886,
  "t_12" : 0.4868789,
  "t_21" : 0.07623045,
  "timestamp" : 235510457591,
  "width" : 1024,
  "t_23" : -0.8786113,
  "blur_score" : 71.784065,
  "t_02" : -0.065709114,
  "t_10" : -0.8734677,
  "height" : 768,
  "t_20" : 0.4853429,
  "fx" : 714.4083
}