{
  "t_13" : 2.8323808,
  "t_22" : -0.42447078,
  "t_00" : 0.05406748,
  "cy" : 387.04102,
  "center_depth" : 1.97824,
  "manual_keyframe" : false,
  "angular_velocity" : 3.4028235e+38,
  "t_11" : -0.036644485,
  "t_20" : -0.015141306,
  "t_23" : -3.8496716,
  "t_02" : -0.9044419,
  "blur_score" : 94.38139,
  "cx" : 514.78564,
  "t_12" : -0.04254095,
  "t_01" : -0.423157,
  "t_21" : 0.90531516,
  "t_03" : -2.0155454,
  "t_10" : -0.9984225,
  "fy" : 717.35767,
  "width" : 1024,
  "fx" : 717.35767,
  "height" : 768,
  "timestamp" : 235534265271
}