{
  "t_10" : -0.80911666,
  "t_23" : 4.5899024,
  "t_21" : -0.15677957,
  "t_01" : -0.9832711,
  "center_depth" : 2.0081985,
  "height" : 768,
  "manual_keyframe" : false,
  "timestamp" : 235594709053,
  "t_00" : 0.16617757,
  "t_03" : 0.27076352,
  "t_12" : 0.5802861,
  "cx" : 513.64246,
  "t_20" : -0.5636624,
  "fx" : 716.4889,
  "t_11" : -0.09272685,
  "angular_velocity" : 3.4028235e+38,
  "blur_score" : 108.52061,
  "cy" : 386.97925,
  "width" : 1024,
  "t_02" : 0.0745863,
  "t_22" : -0.8109902,
  "fy" : 716.4889,
  "t_13" : 2.5592127
}