{
  "t_23" : -0.16397853,
  "t_10" : -0.8761984,
  "cx" : 514.20435,
  "cy" : 386.9408,
  "t_01" : -0.9643037,
  "t_13" : 2.5906913,
  "t_00" : 0.12360242,
  "fx" : 712.9456,
  "fy" : 712.9456,
  "timestamp" : 235564370560,
  "t_11" : 0.0047271056,
  "angular_velocity" : 3.4028235e+38,
  "blur_score" : 75.80175,
  "t_21" : -0.26475704,
  "t_20" : -0.4658315,
  "t_02" : 0.23418173,
  "height" : 768,
  "manual_keyframe" : false,
  "t_12" : 0.48192754,
  "t_03" : -1.428393,
  "center_depth" : 0.92577803,
  "t_22" : -0.84433705,
  "width" : 1024
}