{
  "cx" : 513.9254,
  "cy" : 387.01416,
  "t_13" : 2.5929422,
  "t_23" : -3.8151388,
  "center_depth" : 1.6488779,
  "t_20" : 0.092635565,
  "blur_score" : 97.53957,
  "t_03" : -2.073097,
  "t_10" : -0.86099786,
  "height" : 768,
  "width" : 1024,
  "timestamp" : 235528950610,
  "t_22" : 0.23701626,
  "manual_keyframe" : false,
  "t_02" : -0.8287849,
  "t_21" : 0.967079,
  "t_11" : -0.04175717,
  "t_12" : 0.5068914,
  "fx" : 715.58527,
  "angular_velocity" : 3.4028235e+38,
  "fy" : 715.58527,
  "t_01" : 0.25102666,
  "t_00" : -0.50010127
}