{
  "manual_keyframe" : false,
  "angular_velocity" : 3.4028235e+38,
  "center_depth" : 1.0921416,
  "cy" : 387.04367,
  "t_13" : 2.5759547,
  "fy" : 716.41266,
  "t_22" : -0.6996631,
  "cx" : 513.1795,
  "t_00" : -0.21664748,
  "t_03" : -0.91444623,
  "t_11" : -0.02943079,
  "t_01" : -0.93075323,
  "t_12" : 0.65092963,
  "t_21" : 0.36446205,
  "timestamp" : 235544278158,
  "width" : 1024,
  "t_23" : -3.0627303,
  "blur_score" : 62.234455,
  "t_02" : -0.29455498,
  "t_10" : -0.7585676,
  "height" : 768,
  "t_20" : -0.6145237,
  "fx" : 716.41266
}