{
  "t_10" : -0.7186208,
  "t_23" : 4.3564816,
  "t_21" : -0.38677445,
  "t_01" : -0.92101073,
  "center_depth" : 1.6746643,
  "height" : 768,
  "manual_keyframe" : false,
  "timestamp" : 235594109281,
  "t_00" : 0.29966074,
  "t_03" : 0.21372361,
  "t_12" : 0.6938583,
  "cx" : 513.57874,
  "t_20" : -0.62752503,
  "fx" : 718.49646,
  "t_11" : -0.046311103,
  "angular_velocity" : 3.4028235e+38,
  "blur_score" : 76.5654,
  "cy" : 387.015,
  "width" : 1024,
  "t_02" : 0.24888283,
  "t_22" : -0.67573506,
  "fy" : 718.49646,
  "t_13" : 2.5201607
}