{
  "cx" : 514.4609,
  "cy" : 386.95276,
  "t_13" : 2.6725316,
  "t_23" : -2.9046247,
  "center_depth" : 1.3268045,
  "t_20" : -0.33579478,
  "blur_score" : 72.844894,
  "t_03" : -2.0977643,
  "t_10" : -0.9417915,
  "height" : 768,
  "width" : 1024,
  "timestamp" : 235521370140,
  "t_22" : -0.9406239,
  "manual_keyframe" : false,
  "t_02" : -0.046884682,
  "t_21" : 0.04968808,
  "t_11" : -0.0002646222,
  "fx" : 714.1431,
  "t_12" : 0.33619764,
  "angular_velocity" : 3.4028235e+38,
  "fy" : 714.1431,
  "t_01" : -0.99876475,
  "t_00" : -0.01645611
}