{
  "cx" : 513.9028,
  "cy" : 386.9008,
  "t_13" : 2.5605402,
  "t_23" : 2.72079,
  "center_depth" : 2.0914092,
  "t_20" : -0.5835433,
  "blur_score" : 97.781136,
  "t_03" : 0.03617272,
  "t_10" : -0.8108377,
  "height" : 768,
  "width" : 1024,
  "timestamp" : 235581813949,
  "t_22" : -0.7943018,
  "manual_keyframe" : false,
  "t_02" : -0.1762067,
  "t_21" : 0.16900344,
  "t_12" : 0.58140874,
  "fx" : 714.7339,
  "t_11" : -0.06712837,
  "angular_velocity" : 3.4028235e+38,
  "fy" : 714.7339,
  "t_01" : -0.98332685,
  "t_00" : -0.04493991
}