{
  "t_12" : 0.28549802,
  "cy" : 386.90707,
  "t_23" : 3.0600033,
  "t_03" : 0.087242305,
  "cx" : 514.1639,
  "center_depth" : 3.3694446,
  "t_10" : -0.9544946,
  "t_02" : -0.12343656,
  "t_01" : -0.99095875,
  "fx" : 713.2251,
  "height" : 768,
  "t_21" : 0.10280917,
  "blur_score" : 150.968,
  "t_00" : 0.05257597,
  "fy" : 713.2251,
  "t_20" : -0.29355747,
  "manual_keyframe" : false,
  "t_22" : -0.9503971,
  "t_11" : -0.086203754,
  "angular_velocity" : 3.4028235e+38,
  "width" : 1024,
  "t_13" : 2.644896,
  "timestamp" : 235582846890
}