{
  "t_00" : -0.26305532,
  "t_02" : -0.36873913,
  "t_03" : -0.9808197,
  "t_11" : -0.0080679525,
  "fx" : 714.74664,
  "t_12" : 0.5677365,
  "timestamp" : 235509674553,
  "fy" : 714.74664,
  "t_10" : -0.8231709,
  "height" : 768,
  "t_13" : 2.5984511,
  "t_22" : 0.73600733,
  "center_depth" : 1.3458014,
  "width" : 1024,
  "cx" : 513.6009,
  "manual_keyframe" : false,
  "t_01" : 0.8915343,
  "cy" : 386.91092,
  "t_23" : -0.74255157,
  "t_20" : 0.50318164,
  "angular_velocity" : 3.4028235e+38,
  "t_21" : 0.4528814,
  "blur_score" : 76.14489
}