{
  "t_13" : 2.4845095,
  "t_22" : -0.16809005,
  "cy" : 387.1744,
  "t_00" : -0.70467275,
  "center_depth" : 1.5365291,
  "manual_keyframe" : false,
  "angular_velocity" : 3.4028235e+38,
  "t_11" : -0.012204067,
  "t_20" : -0.19782278,
  "t_23" : -3.3869994,
  "t_02" : -0.6604525,
  "blur_score" : 89.20868,
  "cx" : 513.857,
  "t_12" : 0.7318117,
  "t_01" : -0.25930512,
  "t_21" : 0.96571845,
  "t_03" : -1.1551335,
  "t_10" : -0.68139756,
  "fy" : 714.10815,
  "width" : 1024,
  "fx" : 714.10815,
  "height" : 768,
  "timestamp" : 235538213781
}