{
  "t_03" : -1.3423251,
  "t_02" : 0.2253616,
  "t_11" : 0.016815372,
  "t_12" : 0.22734706,
  "fx" : 713.3188,
  "t_00" : 0.035806388,
  "timestamp" : 235501460987,
  "t_10" : -0.97366863,
  "fy" : 713.3188,
  "height" : 768,
  "t_13" : 2.6805305,
  "t_22" : -0.9473783,
  "center_depth" : 2.2048488,
  "width" : 1024,
  "cx" : 514.4484,
  "manual_keyframe" : false,
  "t_01" : -0.973617,
  "cy" : 387.31467,
  "t_23" : -0.44518748,
  "t_20" : -0.2251385,
  "angular_velocity" : 3.4028235e+38,
  "t_21" : -0.22756799,
  "blur_score" : 119.63934
}