{
  "center_depth" : 1.4291781,
  "t_22" : -0.4228419,
  "t_21" : 0.8999904,
  "t_23" : -3.172146,
  "angular_velocity" : 3.4028235e+38,
  "t_02" : -0.8628669,
  "t_00" : -0.2563841,
  "t_20" : -0.105934516,
  "cx" : 514.54443,
  "t_13" : 2.6587434,
  "t_12" : 0.27688596,
  "cy" : 387.02646,
  "blur_score" : 106.916664,
  "fy" : 715.61066,
  "t_11" : 0.017002573,
  "height" : 768,
  "timestamp" : 235548243325,
  "t_03" : -0.9345799,
  "manual_keyframe" : false,
  "t_01" : -0.43557808,
  "t_10" : -0.9607524,
  "fx" : 715.61066,
  "width" : 1024
}