{
  "t_12" : 0.58457774,
  "cy" : 387.3021,
  "t_23" : 2.3592415,
  "t_03" : -0.06547745,
  "cx" : 514.0996,
  "center_depth" : 0.789377,
  "t_10" : -0.81068814,
  "t_02" : 0.25410455,
  "t_01" : -0.9562545,
  "fx" : 717.3418,
  "height" : 768,
  "t_21" : -0.29072988,
  "blur_score" : 99.831726,
  "t_00" : 0.1449429,
  "fy" : 717.3418,
  "t_20" : -0.5672534,
  "manual_keyframe" : false,
  "t_22" : -0.7705193,
  "t_11" : 0.032460377,
  "angular_velocity" : 3.4028235e+38,
  "width" : 1024,
  "t_13" : 2.5565388,
  "timestamp" : 235580231216
}