{
  "t_10" : -0.97522634,
  "t_23" : 5.594339,
  "t_21" : -0.8901307,
  "t_01" : -0.4554486,
  "center_depth" : 1.9207426,
  "height" : 768,
  "manual_keyframe" : false,
  "timestamp" : 235598257704,
  "t_00" : 0.20327763,
  "t_03" : -0.19129644,
  "t_12" : 0.22067973,
  "cx" : 514.56934,
  "t_20" : -0.087246105,
  "fx" : 714.46234,
  "t_11" : -0.0153011335,
  "angular_velocity" : 3.4028235e+38,
  "blur_score" : 184.82701,
  "cy" : 387.16714,
  "width" : 1024,
  "t_02" : 0.8667439,
  "t_22" : -0.44727585,
  "fy" : 714.46234,
  "t_13" : 2.730297
}