{
  "center_depth" : 1.123704,
  "angular_velocity" : 3.4028235e+38,
  "t_20" : 0.15424319,
  "cx" : 514.55206,
  "t_10" : -0.98737067,
  "t_13" : 2.819178,
  "t_01" : -0.970559,
  "t_03" : -2.2023754,
  "cy" : 386.64194,
  "t_22" : -0.96088725,
  "height" : 768,
  "t_12" : -0.14138223,
  "t_11" : -0.07148706,
  "fy" : 715.00867,
  "t_21" : -0.23001109,
  "t_23" : -2.7064297,
  "t_02" : 0.2381326,
  "blur_score" : 116.228165,
  "fx" : 715.00867,
  "width" : 1024,
  "t_00" : 0.03617153,
  "timestamp" : 235518604517,
  "manual_keyframe" : false
}