{
  "t_20" : 0.09552983,
  "t_02" : 0.6860213,
  "fx" : 713.58246,
  "t_21" : -0.6805231,
  "t_11" : -0.09673845,
  "t_12" : -0.040155146,
  "cx" : 514.57526,
  "center_depth" : 1.3012824,
  "fy" : 713.58246,
  "cy" : 386.88486,
  "t_00" : 0.042951327,
  "angular_velocity" : 3.4028235e+38,
  "blur_score" : 103.36934,
  "width" : 1024,
  "height" : 768,
  "timestamp" : 235517971423,
  "manual_keyframe" : false,
  "t_03" : -2.1531696,
  "t_23" : -2.632429,
  "t_01" : -0.7263127,
  "t_13" : 2.7798374,
  "t_10" : -0.99449956,
  "t_22" : -0.7264727
}