{
  "center_depth" : 2.195047,
  "angular_velocity" : 3.4028235e+38,
  "t_20" : -0.043327793,
  "cx" : 514.53705,
  "t_03" : -0.26451516,
  "t_01" : -0.25235915,
  "t_10" : -0.949395,
  "t_13" : 2.7084024,
  "cy" : 387.00708,
  "t_22" : -0.251585,
  "height" : 768,
  "t_12" : 0.31170827,
  "t_11" : -0.038563747,
  "fy" : 713.8191,
  "t_21" : -0.96686494,
  "t_23" : 5.680765,
  "t_02" : 0.91626585,
  "blur_score" : 162.41154,
  "fx" : 713.8191,
  "width" : 1024,
  "t_00" : 0.31108192,
  "timestamp" : 235598707533,
  "manual_keyframe" : false
}