{
  "t_23" : -0.3596203,
  "t_10" : -0.99234337,
  "cx" : 514.55945,
  "cy" : 387.19104,
  "fx" : 713.22833,
  "t_01" : -0.9756349,
  "t_13" : 2.7160962,
  "t_00" : 0.03579198,
  "fy" : 713.22833,
  "timestamp" : 235501827515,
  "t_11" : -0.009076409,
  "angular_velocity" : 3.4028235e+38,
  "blur_score" : 100.05375,
  "t_21" : -0.2192125,
  "t_20" : -0.11820946,
  "t_02" : 0.21646115,
  "height" : 768,
  "manual_keyframe" : false,
  "t_12" : 0.12317532,
  "t_03" : -1.3534229,
  "center_depth" : 4.0033545,
  "t_22" : -0.96848977,
  "width" : 1024
}