{
  "t_20" : 0.3140757,
  "t_02" : 0.6525819,
  "fx" : 713.2966,
  "t_21" : -0.7169805,
  "t_11" : -0.019731864,
  "t_12" : 0.43225184,
  "cx" : 514.54083,
  "center_depth" : 1.2738314,
  "fy" : 713.2966,
  "cy" : 386.9907,
  "t_00" : 0.29763645,
  "angular_velocity" : 3.4028235e+38,
  "blur_score" : 253.52461,
  "width" : 1024,
  "height" : 768,
  "timestamp" : 235591160401,
  "manual_keyframe" : false,
  "t_03" : -0.06553069,
  "t_23" : 4.023323,
  "t_13" : 2.736809,
  "t_01" : 0.69681376,
  "t_10" : -0.901537,
  "t_22" : 0.62233055
}