{
  "t_23" : -3.5093312,
  "t_10" : -0.7362751,
  "cx" : 513.6489,
  "cy" : 387.07886,
  "t_01" : -0.7765799,
  "t_13" : 2.500574,
  "fy" : 713.2585,
  "fx" : 713.2585,
  "t_00" : -0.42308104,
  "timestamp" : 235527501158,
  "t_11" : -0.0056373365,
  "angular_velocity" : 3.4028235e+38,
  "blur_score" : 72.888,
  "t_21" : 0.6299937,
  "t_20" : -0.52811134,
  "t_02" : -0.46682584,
  "height" : 768,
  "manual_keyframe" : false,
  "t_12" : 0.6766589,
  "t_03" : -2.1543226,
  "center_depth" : 1.6772522,
  "t_22" : -0.5693914,
  "width" : 1024
}