{
  "t_00" : 0.39015096,
  "t_03" : -1.8203403,
  "t_02" : -0.9194974,
  "t_11" : -0.016858563,
  "fx" : 715.0055,
  "t_12" : -0.38979983,
  "timestamp" : 235532499270,
  "fy" : 715.0055,
  "t_10" : -0.9207454,
  "height" : 768,
  "t_13" : 2.923577,
  "t_22" : -0.0508035,
  "center_depth" : 0.96970946,
  "width" : 1024,
  "cx" : 514.6129,
  "manual_keyframe" : false,
  "t_01" : -0.048032943,
  "cy" : 387.0646,
  "t_23" : -4.113463,
  "t_20" : 0.003221833,
  "angular_velocity" : 3.4028235e+38,
  "t_21" : 0.99870354,
  "blur_score" : 86.53545
}