{
  "t_10" : -0.9941121,
  "t_23" : 5.539835,
  "t_21" : -0.8126269,
  "t_01" : -0.5827476,
  "center_depth" : 1.4759384,
  "height" : 768,
  "manual_keyframe" : false,
  "timestamp" : 235597941157,
  "t_00" : 0.091689184,
  "t_03" : -0.11850128,
  "t_12" : 0.10815814,
  "cx" : 514.6929,
  "t_20" : -0.05774208,
  "fx" : 714.7149,
  "t_11" : -0.006547434,
  "angular_velocity" : 3.4028235e+38,
  "blur_score" : 214.14638,
  "cy" : 387.10748,
  "width" : 1024,
  "t_02" : 0.8074642,
  "t_22" : -0.5799168,
  "fy" : 714.7149,
  "t_13" : 2.7472606
}