{
  "t_00" : -0.15282427,
  "t_02" : -0.23516615,
  "t_03" : -1.1095784,
  "t_11" : -0.006287593,
  "fx" : 714.4766,
  "t_12" : 0.5267232,
  "timestamp" : 235510007761,
  "fy" : 714.4766,
  "t_10" : -0.8500137,
  "height" : 768,
  "t_13" : 2.6155255,
  "t_22" : 0.8168597,
  "center_depth" : 1.8622209,
  "width" : 1024,
  "cx" : 513.98346,
  "manual_keyframe" : false,
  "t_01" : 0.95986545,
  "cy" : 387.1036,
  "t_23" : -0.7827907,
  "t_20" : 0.50410473,
  "angular_velocity" : 3.4028235e+38,
  "t_21" : 0.2803905,
  "blur_score" : 85.60432
}