{
  "center_depth" : 6.992303,
  "t_22" : -0.96487063,
  "t_21" : 0.26066878,
  "t_23" : -2.3820775,
  "angular_velocity" : 3.4028235e+38,
  "t_02" : -0.26210016,
  "t_00" : 0.051781446,
  "t_20" : -0.03281278,
  "cx" : 514.6857,
  "t_13" : 2.7484713,
  "t_12" : 0.018122243,
  "cy" : 386.99808,
  "blur_score" : 193.41283,
  "fy" : 710.92535,
  "t_11" : -0.058562614,
  "height" : 768,
  "timestamp" : 235555157379,
  "t_03" : -1.6609002,
  "manual_keyframe" : false,
  "t_01" : -0.9636505,
  "t_10" : -0.9981193,
  "fx" : 710.92535,
  "width" : 1024
}