{
  "t_23" : -0.07898617,
  "t_10" : -0.87406653,
  "cx" : 514.2089,
  "cy" : 387.1292,
  "fx" : 714.402,
  "t_01" : -0.9996137,
  "fy" : 714.402,
  "t_00" : -0.02734112,
  "t_13" : 2.5873125,
  "timestamp" : 235564870371,
  "t_11" : 0.021476533,
  "angular_velocity" : 3.4028235e+38,
  "blur_score" : 71.73828,
  "t_21" : 0.017645337,
  "t_20" : -0.48503643,
  "t_02" : -0.005006311,
  "height" : 768,
  "manual_keyframe" : false,
  "t_12" : 0.48533142,
  "t_03" : -1.3101103,
  "center_depth" : 0.8508136,
  "t_22" : -0.8743161,
  "width" : 1024
}