{
  "t_12" : 0.10859104,
  "cy" : 386.954,
  "t_23" : -2.8529131,
  "cx" : 514.61945,
  "t_03" : -2.0469573,
  "center_depth" : 3.716667,
  "t_10" : -0.9924043,
  "t_02" : -0.1992974,
  "t_01" : -0.9793053,
  "fx" : 715.02936,
  "height" : 768,
  "t_21" : 0.1939571,
  "blur_score" : 78.6235,
  "t_00" : 0.035237238,
  "fy" : 715.02936,
  "t_20" : -0.117864735,
  "manual_keyframe" : false,
  "t_22" : -0.97390395,
  "t_11" : -0.0578078,
  "angular_velocity" : 3.4028235e+38,
  "width" : 1024,
  "t_13" : 2.7472234,
  "timestamp" : 235520203914
}