{
  "t_20" : -0.59781307,
  "t_02" : -0.35955736,
  "fx" : 712.9583,
  "t_21" : 0.5089386,
  "t_11" : 0.008195574,
  "cx" : 513.75574,
  "t_12" : 0.697938,
  "center_depth" : 1.6373813,
  "fy" : 712.9583,
  "cy" : 387.08746,
  "t_00" : -0.36028355,
  "angular_velocity" : 3.4028235e+38,
  "blur_score" : 111.899956,
  "width" : 1024,
  "height" : 768,
  "timestamp" : 235527167950,
  "manual_keyframe" : false,
  "t_03" : -2.1345468,
  "t_23" : -3.417399,
  "t_01" : -0.860764,
  "t_13" : 2.4907703,
  "t_10" : -0.7161115,
  "t_22" : -0.61935574
}