{
  "manual_keyframe" : false,
  "angular_velocity" : 3.4028235e+38,
  "center_depth" : 1.6457525,
  "t_13" : 2.7006273,
  "fy" : 712.9948,
  "cy" : 386.91748,
  "t_22" : -0.9918147,
  "cx" : 514.73645,
  "t_00" : 0.0455086,
  "t_03" : -0.1053769,
  "t_11" : -0.03975776,
  "t_01" : -0.99208194,
  "t_12" : 0.051003505,
  "t_21" : -0.11913452,
  "timestamp" : 235577132392,
  "width" : 1024,
  "t_23" : 1.8734809,
  "blur_score" : 124.34158,
  "t_02" : 0.11705844,
  "t_10" : -0.99790686,
  "height" : 768,
  "t_20" : -0.04594567,
  "fx" : 712.9948
}