{
  "t_10" : -0.9002226,
  "t_23" : 5.7801776,
  "t_21" : -0.9951926,
  "t_01" : -0.037725724,
  "center_depth" : 2.6535113,
  "height" : 768,
  "manual_keyframe" : false,
  "timestamp" : 235599174022,
  "t_00" : 0.43048507,
  "t_03" : -0.29929093,
  "t_12" : 0.42594692,
  "cx" : 514.3911,
  "t_20" : 0.06543577,
  "fx" : 713.2902,
  "t_11" : -0.09037935,
  "angular_velocity" : 3.4028235e+38,
  "blur_score" : 139.36613,
  "cy" : 386.9253,
  "width" : 1024,
  "t_02" : 0.90180904,
  "t_22" : -0.0728685,
  "fy" : 713.2902,
  "t_13" : 2.685325
}