{
  "t_03" : -1.9832296,
  "t_02" : -0.90993774,
  "t_11" : -0.052545547,
  "t_00" : 0.13349551,
  "fx" : 713.54114,
  "t_12" : -0.1671152,
  "timestamp" : 235531249742,
  "fy" : 713.54114,
  "t_10" : -0.9845362,
  "height" : 768,
  "t_13" : 2.8372805,
  "t_22" : 0.3795867,
  "center_depth" : 1.4793537,
  "width" : 1024,
  "cx" : 514.6632,
  "manual_keyframe" : false,
  "t_01" : 0.39267352,
  "cy" : 387.01978,
  "t_23" : -4.047472,
  "t_20" : -0.11343489,
  "angular_velocity" : 3.4028235e+38,
  "t_21" : 0.91817576,
  "blur_score" : 136.03638
}