{
  "t_12" : 0.23022698,
  "cy" : 387.01578,
  "t_23" : -2.8399816,
  "t_03" : -2.0564759,
  "cx" : 514.69305,
  "center_depth" : 3.845726,
  "t_10" : -0.9731313,
  "t_01" : -0.9870099,
  "t_02" : -0.15706988,
  "fx" : 714.4671,
  "height" : 768,
  "t_21" : 0.16062573,
  "blur_score" : 93.48965,
  "t_00" : -0.033776086,
  "fy" : 714.4671,
  "t_20" : -0.22776034,
  "manual_keyframe" : false,
  "t_22" : -0.96037745,
  "t_11" : -0.0033364985,
  "angular_velocity" : 3.4028235e+38,
  "width" : 1024,
  "t_13" : 2.704773,
  "timestamp" : 235520703725
}