{
  "center_depth" : 1.6860237,
  "angular_velocity" : 3.4028235e+38,
  "t_20" : -0.041993417,
  "cx" : 514.24164,
  "t_10" : -0.98187315,
  "t_01" : -0.5747998,
  "t_03" : -2.0655782,
  "t_13" : 2.7251875,
  "cy" : 386.8237,
  "t_22" : -0.5779366,
  "height" : 768,
  "t_12" : 0.1747733,
  "t_11" : -0.07334435,
  "fy" : 713.2807,
  "t_21" : -0.81500053,
  "t_23" : -2.599549,
  "t_02" : 0.7971472,
  "blur_score" : 107.73733,
  "fx" : 713.2807,
  "width" : 1024,
  "t_00" : 0.18482874,
  "timestamp" : 235517488271,
  "manual_keyframe" : false
}