{
  "manual_keyframe" : false,
  "angular_velocity" : 3.4028235e+38,
  "center_depth" : 0.6901981,
  "t_13" : 2.6413517,
  "cy" : 386.9769,
  "fy" : 715.87585,
  "t_22" : -0.66420454,
  "t_00" : 0.27493998,
  "cx" : 513.51416,
  "t_03" : -0.34138957,
  "t_11" : -0.02055495,
  "t_01" : -0.9284782,
  "t_12" : 0.7046247,
  "t_21" : -0.37081763,
  "timestamp" : 235573033946,
  "width" : 1024,
  "t_23" : 1.004932,
  "blur_score" : 105.99676,
  "t_02" : 0.2496723,
  "t_10" : -0.70928234,
  "height" : 768,
  "t_20" : -0.6490967,
  "fx" : 715.87585
}