{
  "t_10" : -0.76369953,
  "t_23" : -3.3383338,
  "t_21" : 0.5624933,
  "t_01" : -0.82672745,
  "center_depth" : 1.8040942,
  "height" : 768,
  "manual_keyframe" : false,
  "timestamp" : 235526818082,
  "t_00" : -0.37012905,
  "t_03" : -2.091279,
  "t_12" : 0.6454765,
  "cx" : 514.058,
  "t_20" : -0.5289307,
  "fx" : 712.9837,
  "t_11" : 0.011098436,
  "angular_velocity" : 3.4028235e+38,
  "blur_score" : 106.713135,
  "cy" : 387.0527,
  "width" : 1024,
  "t_02" : -0.4237056,
  "t_22" : -0.6354792,
  "fy" : 712.9837,
  "t_13" : 2.5214918
}