{
  "t_23" : -0.46528494,
  "t_10" : -0.9926266,
  "cx" : 514.44385,
  "cy" : 387.0142,
  "t_01" : -0.911839,
  "t_13" : 2.8268375,
  "fy" : 714.13995,
  "fx" : 714.13995,
  "t_00" : -0.03518525,
  "timestamp" : 235562221373,
  "t_11" : -0.015618358,
  "angular_velocity" : 3.4028235e+38,
  "blur_score" : 66.425804,
  "t_21" : -0.41025084,
  "t_20" : 0.11599365,
  "t_02" : 0.40903753,
  "height" : 768,
  "manual_keyframe" : false,
  "t_12" : -0.1202023,
  "t_03" : -1.3759707,
  "center_depth" : 2.189854,
  "t_22" : -0.90456617,
  "width" : 1024
}