{
  "center_depth" : 4.726043,
  "t_22" : -0.9164193,
  "t_21" : 0.31669775,
  "t_23" : -2.8177197,
  "angular_velocity" : 3.4028235e+38,
  "t_02" : -0.3202164,
  "t_00" : -0.026371665,
  "t_20" : -0.24470046,
  "cx" : 514.46063,
  "t_13" : 2.6691546,
  "t_12" : 0.2400776,
  "cy" : 386.80295,
  "blur_score" : 113.71194,
  "fy" : 712.3754,
  "t_11" : -0.054189574,
  "height" : 768,
  "timestamp" : 235553874530,
  "t_03" : -1.8378785,
  "manual_keyframe" : false,
  "t_01" : -0.9469773,
  "t_10" : -0.96924007,
  "fx" : 712.3754,
  "width" : 1024
}