{
  "center_depth" : 2.765007,
  "angular_velocity" : 3.4028235e+38,
  "t_20" : 0.1690236,
  "cx" : 514.6252,
  "t_03" : -1.5615605,
  "t_01" : 0.66539586,
  "t_13" : 2.767842,
  "t_10" : -0.98509103,
  "cy" : 386.76486,
  "t_22" : 0.6521057,
  "height" : 768,
  "t_12" : 0.13614921,
  "t_11" : -0.10516252,
  "fy" : 711.50195,
  "t_21" : -0.7390462,
  "t_23" : -1.8550686,
  "t_02" : 0.7458027,
  "blur_score" : 84.85098,
  "fx" : 711.50195,
  "width" : 1024,
  "t_00" : 0.03204348,
  "timestamp" : 235513206554,
  "manual_keyframe" : false
}