{
  "t_10" : -0.973417,
  "t_23" : 4.0603147,
  "t_21" : -0.75173056,
  "t_01" : 0.65814155,
  "center_depth" : 1.8234645,
  "height" : 768,
  "manual_keyframe" : false,
  "timestamp" : 235590843854,
  "t_00" : 0.14272138,
  "t_03" : -0.0645361,
  "t_12" : 0.22518556,
  "cx" : 514.68115,
  "t_20" : 0.17913708,
  "fx" : 712.7074,
  "t_11" : -0.041844275,
  "angular_velocity" : 3.4028235e+38,
  "blur_score" : 197.3314,
  "cy" : 386.93622,
  "width" : 1024,
  "t_02" : 0.7392431,
  "t_22" : 0.63467413,
  "fy" : 712.7074,
  "t_13" : 2.7754557
}