{
  "center_depth" : 2.0647588,
  "t_22" : -0.8007436,
  "t_21" : 0.46497893,
  "t_23" : -3.0363288,
  "angular_velocity" : 3.4028235e+38,
  "t_02" : -0.4360161,
  "t_00" : -0.16481303,
  "t_20" : -0.3776302,
  "cx" : 514.15466,
  "t_13" : 2.6106293,
  "t_12" : 0.41073096,
  "cy" : 387.10135,
  "blur_score" : 90.47182,
  "fy" : 713.2918,
  "t_11" : -0.032679886,
  "height" : 768,
  "timestamp" : 235553024851,
  "t_03" : -1.8709892,
  "manual_keyframe" : false,
  "t_01" : -0.88471854,
  "t_10" : -0.9111708,
  "fx" : 713.2918,
  "width" : 1024
}