{
  "t_23" : -3.382334,
  "t_10" : -0.7495435,
  "cx" : 513.47174,
  "cy" : 387.20346,
  "fx" : 713.57294,
  "t_01" : -0.32502654,
  "fy" : 713.57294,
  "t_00" : -0.62793916,
  "t_13" : 2.4948971,
  "timestamp" : 235551558738,
  "t_11" : 0.008016088,
  "angular_velocity" : 3.4028235e+38,
  "blur_score" : 93.75707,
  "t_21" : 0.94567096,
  "t_20" : -0.20946872,
  "t_02" : -0.7071425,
  "height" : 768,
  "manual_keyframe" : false,
  "t_12" : 0.6619066,
  "t_03" : -1.7704946,
  "center_depth" : 1.7258401,
  "t_22" : -0.24865519,
  "width" : 1024
}