{
  "t_12" : 0.57385045,
  "cy" : 387.2904,
  "t_23" : 2.3201127,
  "t_03" : -0.088216126,
  "cx" : 514.1396,
  "center_depth" : 0.68799764,
  "t_10" : -0.8185866,
  "t_02" : 0.3167056,
  "t_01" : -0.9284806,
  "fx" : 716.73663,
  "height" : 768,
  "t_21" : -0.37055653,
  "blur_score" : 103.341324,
  "t_00" : 0.19396278,
  "fy" : 716.73663,
  "t_20" : -0.5406428,
  "manual_keyframe" : false,
  "t_22" : -0.75524396,
  "t_11" : 0.024735397,
  "angular_velocity" : 3.4028235e+38,
  "width" : 1024,
  "t_13" : 2.567015,
  "timestamp" : 235580064612
}