{
  "center_depth" : 1.4830569,
  "t_22" : -0.40306404,
  "t_21" : 0.83891064,
  "t_23" : -3.6215324,
  "angular_velocity" : 3.4028235e+38,
  "t_02" : -0.64616185,
  "t_00" : -0.53541327,
  "t_20" : -0.3657439,
  "cx" : 513.6577,
  "t_13" : 2.523451,
  "t_12" : 0.6480855,
  "cy" : 386.9727,
  "blur_score" : 78.72356,
  "fy" : 713.26636,
  "t_11" : -0.020523898,
  "height" : 768,
  "timestamp" : 235527834365,
  "t_03" : -2.1391168,
  "manual_keyframe" : false,
  "t_01" : -0.54388225,
  "t_10" : -0.76129127,
  "fx" : 713.26636,
  "width" : 1024
}