{
  "t_23" : 0.29098153,
  "t_10" : -0.8937215,
  "cx" : 514.1957,
  "cy" : 386.70578,
  "fx" : 720.3356,
  "t_01" : -0.86019725,
  "fy" : 720.3356,
  "t_00" : -0.16099611,
  "t_13" : 2.6664784,
  "timestamp" : 235567536030,
  "t_11" : -0.08094779,
  "angular_velocity" : 3.4028235e+38,
  "blur_score" : 78.24083,
  "t_21" : 0.50349593,
  "t_20" : -0.41873866,
  "t_02" : -0.48388115,
  "height" : 768,
  "manual_keyframe" : false,
  "t_12" : 0.4412587,
  "t_03" : -0.87255985,
  "center_depth" : 2.510401,
  "t_22" : -0.75574464,
  "width" : 1024
}