{
  "t_12" : 0.5769474,
  "cy" : 386.933,
  "t_23" : 0.89181596,
  "cx" : 514.28705,
  "t_03" : -0.54936,
  "center_depth" : 1.5869575,
  "t_10" : -0.8143604,
  "t_01" : -0.78206015,
  "t_02" : 0.4784605,
  "fx" : 712.0658,
  "height" : 768,
  "t_21" : -0.62002677,
  "blur_score" : 71.01832,
  "t_00" : 0.39932144,
  "fy" : 712.0658,
  "t_20" : -0.42114097,
  "manual_keyframe" : false,
  "t_22" : -0.6619724,
  "t_11" : -0.0628404,
  "angular_velocity" : 3.4028235e+38,
  "width" : 1024,
  "t_13" : 2.7215884,
  "timestamp" : 235571667797
}