{
  "t_23" : -0.2617195,
  "t_10" : -0.9990178,
  "cx" : 514.71643,
  "cy" : 387.0948,
  "t_01" : -0.98953694,
  "t_13" : 2.7590778,
  "t_00" : 0.044214133,
  "fy" : 712.971,
  "fx" : 712.971,
  "timestamp" : 235502094082,
  "t_11" : -0.04419879,
  "angular_velocity" : 3.4028235e+38,
  "blur_score" : 122.05568,
  "t_21" : -0.13734372,
  "t_20" : 0.0029405637,
  "t_02" : 0.13733876,
  "height" : 768,
  "manual_keyframe" : false,
  "t_12" : 0.0031627358,
  "t_03" : -1.3633459,
  "center_depth" : 6.2296624,
  "t_22" : -0.9905192,
  "width" : 1024
}