{
  "t_13" : 2.5355487,
  "t_22" : -0.022202056,
  "cy" : 387.05347,
  "t_00" : -0.6307101,
  "center_depth" : 1.7989416,
  "manual_keyframe" : false,
  "angular_velocity" : 3.4028235e+38,
  "t_11" : 0.005175479,
  "t_20" : -0.011381105,
  "t_23" : -3.385553,
  "t_02" : -0.7756348,
  "blur_score" : 79.08666,
  "cx" : 514.1835,
  "t_12" : 0.63079154,
  "t_01" : -0.024406442,
  "t_21" : 0.9996888,
  "t_03" : -1.2382287,
  "t_10" : -0.7759352,
  "fy" : 714.4211,
  "width" : 1024,
  "fx" : 714.4211,
  "height" : 768,
  "timestamp" : 235537863913
}