{
  "t_23" : -0.110876195,
  "t_10" : -0.86522406,
  "cx" : 514.1576,
  "cy" : 387.08807,
  "t_01" : -0.99600416,
  "t_13" : 2.5814476,
  "t_00" : 0.03148408,
  "fx" : 713.88586,
  "fy" : 713.88586,
  "timestamp" : 235564687107,
  "t_11" : 0.014702494,
  "angular_velocity" : 3.4028235e+38,
  "blur_score" : 72.15112,
  "t_21" : -0.088088706,
  "t_20" : -0.50039595,
  "t_02" : 0.083573535,
  "height" : 768,
  "manual_keyframe" : false,
  "t_12" : 0.5011698,
  "t_03" : -1.353863,
  "center_depth" : 0.8637651,
  "t_22" : -0.86130387,
  "width" : 1024
}