{
  "t_20" : 0.35011408,
  "t_02" : 0.5877301,
  "fx" : 714.4576,
  "t_21" : -0.7536467,
  "t_11" : 0.058674984,
  "t_12" : 0.58748317,
  "cx" : 514.1604,
  "center_depth" : 0.7981412,
  "fy" : 714.4576,
  "cy" : 387.13464,
  "t_00" : 0.4753939,
  "angular_velocity" : 3.4028235e+38,
  "blur_score" : 167.19093,
  "width" : 1024,
  "height" : 768,
  "timestamp" : 235591626890,
  "manual_keyframe" : false,
  "t_03" : -0.05116076,
  "t_23" : 3.97638,
  "t_13" : 2.6538384,
  "t_01" : 0.6546556,
  "t_10" : -0.80710644,
  "t_22" : 0.5562705
}