{
  "t_00" : 0.022673896,
  "t_11" : -0.08474606,
  "t_02" : -0.95387185,
  "t_03" : -1.9655902,
  "t_12" : 0.0029113821,
  "fx" : 715.8727,
  "timestamp" : 235534881705,
  "t_10" : -0.99639827,
  "fy" : 715.8727,
  "height" : 768,
  "t_13" : 2.8162847,
  "t_22" : -0.30020022,
  "center_depth" : 1.9752907,
  "width" : 1024,
  "cx" : 514.61145,
  "manual_keyframe" : false,
  "t_01" : -0.29935685,
  "cy" : 386.7599,
  "t_23" : -3.7039628,
  "t_20" : -0.08170843,
  "angular_velocity" : 3.4028235e+38,
  "t_21" : 0.9503702,
  "blur_score" : 122.4774
}