{
  "t_10" : -0.98696554,
  "t_23" : 3.6608312,
  "t_21" : -0.4391234,
  "t_01" : -0.89665055,
  "center_depth" : 3.1497486,
  "height" : 768,
  "manual_keyframe" : false,
  "timestamp" : 235586045675,
  "t_00" : 0.11651948,
  "t_03" : -0.06679621,
  "t_12" : 0.1507002,
  "cx" : 514.6927,
  "t_20" : -0.11100623,
  "fx" : 712.9806,
  "t_11" : -0.05646785,
  "angular_velocity" : 3.4028235e+38,
  "blur_score" : 213.42981,
  "cy" : 386.72003,
  "width" : 1024,
  "t_02" : 0.42713133,
  "t_22" : -0.8915428,
  "fy" : 712.9806,
  "t_13" : 2.699579
}