{
  "t_03" : -1.0208328,
  "t_11" : 0.0031258946,
  "t_02" : -0.26729774,
  "t_12" : -0.06180231,
  "fx" : 717.0226,
  "t_00" : 0.013533697,
  "timestamp" : 235541812423,
  "t_10" : -0.99808353,
  "fy" : 717.0226,
  "height" : 768,
  "t_13" : 2.810202,
  "t_22" : -0.9616302,
  "center_depth" : 1.6987281,
  "width" : 1024,
  "cx" : 514.45917,
  "manual_keyframe" : false,
  "t_01" : -0.96351904,
  "cy" : 387.20023,
  "t_23" : -3.229305,
  "t_20" : 0.06038325,
  "angular_velocity" : 3.4028235e+38,
  "t_21" : 0.26762187,
  "blur_score" : 106.18146
}