{
  "manual_keyframe" : false,
  "angular_velocity" : 3.4028235e+38,
  "center_depth" : 1.0236876,
  "cy" : 387.16074,
  "fy" : 714.4226,
  "t_13" : 2.5115728,
  "t_22" : 0.41311145,
  "t_00" : -0.5724537,
  "cx" : 512.41003,
  "t_03" : -0.6773455,
  "t_11" : 0.009143165,
  "t_01" : 0.68730754,
  "t_12" : 0.7933687,
  "t_21" : 0.726309,
  "timestamp" : 235508974817,
  "width" : 1024,
  "t_23" : -0.7377456,
  "blur_score" : 54.54408,
  "t_02" : -0.44710758,
  "t_10" : -0.60867274,
  "height" : 768,
  "t_20" : 0.5493763,
  "fx" : 714.4226
}