{
  "t_13" : 2.8712454,
  "t_22" : 0.03560487,
  "cy" : 386.9576,
  "t_00" : 0.23365462,
  "center_depth" : 1.1784568,
  "manual_keyframe" : false,
  "angular_velocity" : 3.4028235e+38,
  "t_11" : -0.017981289,
  "t_20" : -0.027073296,
  "t_23" : -4.0822453,
  "t_02" : -0.9714568,
  "blur_score" : 96.105095,
  "cx" : 514.5994,
  "t_12" : -0.23452955,
  "t_01" : 0.0409554,
  "t_21" : 0.99899924,
  "t_03" : -1.8469929,
  "t_10" : -0.9719427,
  "fy" : 713.8128,
  "width" : 1024,
  "fx" : 713.8128,
  "height" : 768,
  "timestamp" : 235531966138
}