{
  "t_11" : -0.02517677,
  "t_02" : 0.51380646,
  "t_12" : 0.05544432,
  "t_00" : 0.0069018463,
  "t_03" : -0.8840875,
  "fx" : 714.66724,
  "timestamp" : 235602672694,
  "fy" : 714.66724,
  "t_10" : -0.99814427,
  "height" : 768,
  "t_13" : 2.8551033,
  "t_22" : 0.85611266,
  "center_depth" : 3.860098,
  "width" : 1024,
  "cx" : 514.66064,
  "manual_keyframe" : false,
  "t_01" : 0.8578784,
  "cy" : 387.07907,
  "t_23" : 5.593724,
  "t_20" : 0.06050047,
  "angular_velocity" : 3.4028235e+38,
  "t_21" : -0.5132356,
  "blur_score" : 112.96585
}