{
  "t_10" : -0.99491614,
  "t_23" : 5.800642,
  "t_21" : -0.97801447,
  "t_01" : 0.19431211,
  "center_depth" : 1.999811,
  "height" : 768,
  "manual_keyframe" : false,
  "timestamp" : 235600940018,
  "t_00" : 0.050612085,
  "t_03" : -0.5819142,
  "t_12" : 0.06641717,
  "cx" : 514.5573,
  "t_20" : 0.087065265,
  "fx" : 713.0123,
  "t_11" : -0.075701386,
  "angular_velocity" : 3.4028235e+38,
  "blur_score" : 132.45694,
  "cy" : 386.8665,
  "width" : 1024,
  "t_02" : 0.97963333,
  "t_22" : 0.18949287,
  "fy" : 713.0123,
  "t_13" : 2.831015
}