{
  "t_10" : -0.9987297,
  "t_23" : 5.702221,
  "t_21" : -0.73270977,
  "t_01" : 0.67874235,
  "center_depth" : 2.218244,
  "height" : 768,
  "manual_keyframe" : false,
  "timestamp" : 235602022940,
  "t_00" : -0.026487326,
  "t_03" : -0.82975537,
  "t_12" : 0.00968762,
  "cx" : 514.6144,
  "t_20" : 0.042866252,
  "fx" : 715.9203,
  "t_11" : -0.049449407,
  "angular_velocity" : 3.4028235e+38,
  "blur_score" : 82.835724,
  "cy" : 386.87918,
  "width" : 1024,
  "t_02" : 0.7338988,
  "t_22" : 0.67919,
  "fy" : 715.9203,
  "t_13" : 2.858094
}