{
  "manual_keyframe" : false,
  "angular_velocity" : 3.4028235e+38,
  "center_depth" : 3.4684565,
  "t_13" : 2.906998,
  "cy" : 386.8697,
  "fy" : 712.65967,
  "t_22" : 0.998866,
  "t_00" : -0.044878084,
  "cx" : 514.6587,
  "t_03" : -0.7942474,
  "t_11" : -0.046003506,
  "t_01" : 0.9983291,
  "t_12" : -0.0306921,
  "t_21" : 0.034968294,
  "timestamp" : 235604621953,
  "width" : 1024,
  "t_23" : 5.514138,
  "blur_score" : 149.1824,
  "t_02" : -0.03640139,
  "t_10" : -0.99846977,
  "height" : 768,
  "t_20" : -0.032315407,
  "fx" : 712.65967
}