{
  "t_10" : -0.94926995,
  "t_23" : 5.8522453,
  "t_21" : -0.99702287,
  "t_01" : 0.06044386,
  "center_depth" : 1.7828798,
  "height" : 768,
  "manual_keyframe" : false,
  "timestamp" : 235600007039,
  "t_00" : 0.30783007,
  "t_03" : -0.4091635,
  "t_12" : 0.31079668,
  "cx" : 514.41315,
  "t_20" : 0.06424205,
  "fx" : 712.9075,
  "t_11" : -0.04787294,
  "angular_velocity" : 3.4028235e+38,
  "blur_score" : 138.88335,
  "cy" : 387.10562,
  "width" : 1024,
  "t_02" : 0.9495195,
  "t_22" : 0.042640828,
  "fy" : 712.9075,
  "t_13" : 2.7104306
}