{
  "t_00" : -0.031120038,
  "t_02" : 0.36284974,
  "t_03" : -0.87143904,
  "t_12" : 0.006395294,
  "fx" : 713.9161,
  "t_11" : -0.03588412,
  "timestamp" : 235603239145,
  "fy" : 713.9161,
  "t_10" : -0.9993355,
  "height" : 768,
  "t_13" : 2.8694704,
  "t_22" : 0.9318259,
  "center_depth" : 5.1776648,
  "width" : 1024,
  "cx" : 514.6613,
  "manual_keyframe" : false,
  "t_01" : 0.93132794,
  "cy" : 387.04022,
  "t_23" : 5.4892206,
  "t_20" : 0.018976659,
  "angular_velocity" : 3.4028235e+38,
  "t_21" : -0.36240956,
  "blur_score" : 137.49817
}