{
  "t_10" : -0.98835236,
  "t_23" : 5.851513,
  "t_21" : -0.99440974,
  "t_01" : 0.07203125,
  "center_depth" : 2.1670158,
  "height" : 768,
  "manual_keyframe" : false,
  "timestamp" : 235600406887,
  "t_00" : 0.12566419,
  "t_03" : -0.5135638,
  "t_12" : 0.13114473,
  "cx" : 514.4968,
  "t_20" : 0.08583849,
  "fx" : 712.6883,
  "t_11" : -0.077206135,
  "angular_velocity" : 3.4028235e+38,
  "blur_score" : 137.68475,
  "cy" : 386.9818,
  "width" : 1024,
  "t_02" : 0.98945457,
  "t_22" : 0.061490227,
  "fy" : 712.6883,
  "t_13" : 2.772739
}