{
  "t_10" : -0.9984501,
  "t_23" : 5.6774917,
  "t_21" : -0.65488786,
  "t_01" : 0.75430685,
  "center_depth" : 2.3891022,
  "height" : 768,
  "manual_keyframe" : false,
  "timestamp" : 235602222864,
  "t_00" : -0.014666899,
  "t_03" : -0.8531775,
  "t_12" : 0.03089211,
  "cx" : 514.596,
  "t_20" : 0.053688083,
  "fx" : 715.5884,
  "t_11" : -0.04629476,
  "angular_velocity" : 3.4028235e+38,
  "blur_score" : 91.0954,
  "cy" : 386.96182,
  "width" : 1024,
  "t_02" : 0.65635836,
  "t_22" : 0.7538168,
  "fy" : 715.5884,
  "t_13" : 2.8573747
}