{
  "manual_keyframe" : false,
  "angular_velocity" : 3.4028235e+38,
  "center_depth" : 3.432731,
  "t_13" : 2.9073045,
  "fy" : 712.65656,
  "cy" : 386.97812,
  "t_22" : 0.9746054,
  "cx" : 514.67065,
  "t_00" : -0.010389309,
  "t_03" : -0.75382787,
  "t_11" : 0.0031920476,
  "t_01" : 0.97656715,
  "t_12" : 0.062736735,
  "t_21" : 0.2151897,
  "timestamp" : 235605205064,
  "width" : 1024,
  "t_23" : 5.517668,
  "blur_score" : 140.17334,
  "t_02" : -0.21496245,
  "t_10" : -0.99802506,
  "height" : 768,
  "t_20" : 0.0619528,
  "fx" : 712.65656
}