{
  "t_10" : -0.99833447,
  "t_23" : 5.7341385,
  "t_21" : -0.83649147,
  "t_01" : 0.5450747,
  "center_depth" : 2.0471113,
  "height" : 768,
  "manual_keyframe" : false,
  "timestamp" : 235601673073,
  "t_00" : -0.020391267,
  "t_03" : -0.7563376,
  "t_12" : 0.012358997,
  "cx" : 514.61316,
  "t_20" : 0.053967126,
  "fx" : 715.3185,
  "t_11" : -0.056351654,
  "angular_velocity" : 3.4028235e+38,
  "blur_score" : 84.05847,
  "cy" : 386.90793,
  "width" : 1024,
  "t_02" : 0.8381395,
  "t_22" : 0.545316,
  "fy" : 715.3185,
  "t_13" : 2.8524053
}