{
  "manual_keyframe" : false,
  "angular_velocity" : 3.4028235e+38,
  "center_depth" : 2.755437,
  "t_13" : 2.8918698,
  "fy" : 712.9631,
  "cy" : 386.90692,
  "t_22" : 0.9836411,
  "t_00" : -0.061046883,
  "cx" : 514.604,
  "t_03" : -0.8275093,
  "t_11" : -0.05337123,
  "t_01" : 0.9829459,
  "t_12" : -0.048578,
  "t_21" : -0.17597966,
  "timestamp" : 235603922219,
  "width" : 1024,
  "t_23" : 5.478509,
  "blur_score" : 155.42805,
  "t_02" : 0.17346649,
  "t_10" : -0.9973924,
  "height" : 768,
  "t_20" : -0.038491424,
  "fx" : 712.9631
}