{
  "manual_keyframe" : false,
  "angular_velocity" : 3.4028235e+38,
  "center_depth" : 3.7701216,
  "t_13" : 2.9046516,
  "fy" : 712.4104,
  "cy" : 387.27307,
  "t_22" : 0.90801877,
  "cx" : 514.624,
  "t_00" : -0.02721463,
  "t_03" : -0.710576,
  "t_11" : 0.031934988,
  "t_01" : 0.9187861,
  "t_12" : 0.14286566,
  "t_21" : 0.39346197,
  "timestamp" : 235606188023,
  "width" : 1024,
  "t_23" : 5.5324726,
  "blur_score" : 127.24375,
  "t_02" : -0.39381665,
  "t_10" : -0.98922676,
  "height" : 768,
  "t_20" : 0.1438395,
  "fx" : 712.4104
}