{
  "t_10" : -0.9985779,
  "t_23" : 5.768066,
  "t_21" : -0.9286021,
  "t_01" : 0.36740533,
  "center_depth" : 0.82719785,
  "height" : 768,
  "manual_keyframe" : false,
  "timestamp" : 235601323206,
  "t_00" : -0.008517191,
  "t_03" : -0.67229784,
  "t_12" : 0.011426561,
  "cx" : 514.5877,
  "t_20" : 0.052627552,
  "fx" : 713.5189,
  "t_11" : -0.052073363,
  "angular_velocity" : 3.4028235e+38,
  "blur_score" : 116.75267,
  "cy" : 386.83264,
  "width" : 1024,
  "t_02" : 0.93002206,
  "t_22" : 0.36732638,
  "fy" : 713.5189,
  "t_13" : 2.8399055
}