{
  "t_01" : -0.64139426,
  "t_23" : -3.635142,
  "angular_velocity" : 3.4028235e+38,
  "t_10" : -0.9930085,
  "t_21" : 0.76142246,
  "timestamp" : 1251151852472,
  "t_22" : -0.6477497,
  "fx" : 712.6088,
  "t_11" : 0.09407057,
  "fy" : 712.6088,
  "t_02" : -0.7585089,
  "t_12" : 0.07130715,
  "center_depth" : 3.6142828,
  "cx" : 515.20483,
  "width" : 1024,
  "t_03" : -5.1120768,
  "t_00" : -0.11522905,
  "t_13" : -1.2717896,
  "t_20" : 0.025617363,
  "blur_score" : 70.72596,
  "cy" : 385.065,
  "height" : 768,
  "manual_keyframe" : false
}