{
  "t_23" : -2.8879147,
  "fx" : 712.55493,
  "t_03" : 0.8538438,
  "t_00" : -0.099497,
  "t_20" : -0.03736553,
  "t_02" : 0.9519717,
  "t_01" : -0.2895691,
  "t_21" : -0.95495695,
  "t_11" : 0.064861104,
  "t_13" : -1.2084589,
  "angular_velocity" : 3.4028235e+38,
  "t_10" : -0.994336,
  "blur_score" : 69.885826,
  "t_12" : -0.08419545,
  "height" : 768,
  "manual_keyframe" : false,
  "center_depth" : 4.9002614,
  "width" : 1024,
  "t_22" : -0.29438248,
  "timestamp" : 1251118413452,
  "cx" : 515.18555,
  "cy" : 384.93274,
  "fy" : 712.55493
}