{
  "t_02" : 0.9391567,
  "cx" : 514.97,
  "blur_score" : 62.111485,
  "center_depth" : 2.3951225,
  "cy" : 384.891,
  "height" : 768,
  "t_01" : 0.08238376,
  "t_03" : 0.716678,
  "timestamp" : 1251237967926,
  "fy" : 714.0733,
  "manual_keyframe" : false,
  "t_20" : 0.031768385,
  "t_23" : -7.976983,
  "t_22" : 0.09852957,
  "width" : 1024,
  "fx" : 714.0733,
  "t_12" : -0.32905406,
  "t_10" : -0.9422277,
  "t_13" : -0.9712804,
  "t_21" : -0.99462694,
  "t_11" : -0.06269146,
  "t_00" : -0.33346298,
  "angular_velocity" : 3.4028235e+38
}