{
  "fy" : 733.03815,
  "width" : 1024,
  "t_00" : -0.22326905,
  "t_12" : 0.20986252,
  "t_10" : -0.9710245,
  "t_03" : 0.1956142,
  "t_21" : 0.9860695,
  "center_depth" : 0.2022397,
  "t_02" : -0.9672399,
  "t_20" : -0.08521881,
  "fx" : 733.03815,
  "angular_velocity" : 3.4028235e+38,
  "blur_score" : 53.125385,
  "timestamp" : 1251072434600,
  "manual_keyframe" : false,
  "t_01" : 0.120821826,
  "cx" : 515.31976,
  "t_22" : 0.14284503,
  "t_23" : -1.4927732,
  "height" : 768,
  "t_11" : -0.11431991,
  "t_13" : 0.18572702,
  "cy" : 385.4534
}