{
  "blur_score" : 64.38074,
  "center_depth" : 2.8220146,
  "timestamp" : 1251214543327,
  "manual_keyframe" : false,
  "t_12" : 0.14870726,
  "angular_velocity" : 3.4028235e+38,
  "t_03" : 2.0908263,
  "t_01" : 0.28439158,
  "t_11" : 0.06721415,
  "t_20" : -0.021223275,
  "height" : 768,
  "t_13" : -1.2794514,
  "fx" : 714.29083,
  "fy" : 714.29083,
  "width" : 1024,
  "cx" : 515.1465,
  "t_23" : -4.5809107,
  "t_02" : 0.9449552,
  "t_00" : 0.16180594,
  "t_10" : -0.9865943,
  "cy" : 385.51602,
  "t_21" : -0.9563492,
  "t_22" : 0.29145482
}