{
  "timestamp" : 1251294280299,
  "t_22" : -0.6763119,
  "t_12" : -0.09482169,
  "t_02" : -0.7304869,
  "t_20" : 0.13957168,
  "t_00" : -0.0006850441,
  "center_depth" : 2.5445733,
  "t_23" : -12.521621,
  "manual_keyframe" : false,
  "t_11" : 0.10241857,
  "cy" : 385.24176,
  "width" : 1024,
  "height" : 768,
  "t_13" : -1.2080625,
  "angular_velocity" : 3.4028235e+38,
  "t_03" : -3.848354,
  "t_10" : -0.9902118,
  "blur_score" : 53.358902,
  "t_21" : 0.7232717,
  "fx" : 714.8324,
  "t_01" : -0.68292636,
  "cx" : 515.1032,
  "fy" : 714.8324
}