{
  "height" : 768,
  "t_00" : 0.16937804,
  "t_22" : 0.25741193,
  "t_12" : 0.16982584,
  "t_11" : 0.020690694,
  "t_01" : 0.25770676,
  "t_02" : 0.95126146,
  "cx" : 515.21454,
  "t_10" : -0.9852568,
  "blur_score" : 56.147156,
  "width" : 1024,
  "t_03" : 2.1822762,
  "timestamp" : 1251269889393,
  "t_20" : 0.024083009,
  "t_13" : -1.3373443,
  "t_21" : -0.96600163,
  "fy" : 712.92975,
  "fx" : 712.92975,
  "t_23" : -6.723033,
  "angular_velocity" : 3.4028235e+38,
  "cy" : 385.12967,
  "center_depth" : 3.8837342,
  "manual_keyframe" : false
}