{
  "cy" : 385.23413,
  "t_01" : 0.16261648,
  "cx" : 515.4566,
  "center_depth" : 3.8671904,
  "t_12" : 0.018857237,
  "timestamp" : 1251140844933,
  "t_23" : -4.3132224,
  "t_20" : -0.026759839,
  "width" : 1024,
  "t_13" : -1.2279278,
  "height" : 768,
  "t_22" : 0.16322477,
  "t_10" : -0.99936485,
  "t_21" : -0.98622596,
  "fx" : 712.3659,
  "t_00" : 0.023532974,
  "fy" : 712.3659,
  "t_02" : 0.9864087,
  "angular_velocity" : 3.4028235e+38,
  "blur_score" : 192.9859,
  "t_11" : 0.0302373,
  "manual_keyframe" : false,
  "t_03" : -2.4264853
}