{
  "center_depth" : 2.8487492,
  "timestamp" : 1251051385157,
  "t_00" : -0.19072345,
  "fx" : 713.7603,
  "cy" : 385.29416,
  "t_20" : 0.12489679,
  "t_01" : 0.4699554,
  "cx" : 515.3757,
  "t_13" : 0.09052424,
  "blur_score" : 87.00412,
  "height" : 768,
  "t_11" : 0.021138722,
  "t_10" : -0.97366595,
  "width" : 1024,
  "t_22" : 0.4535479,
  "manual_keyframe" : false,
  "t_02" : -0.86183906,
  "t_03" : -0.35434303,
  "t_12" : 0.22699735,
  "t_21" : 0.8824371,
  "fy" : 713.7603,
  "t_23" : -0.004624702,
  "angular_velocity" : 3.4028235e+38
}