{
  "t_11" : 0.043839112,
  "t_21" : -0.7569362,
  "t_13" : -1.2272661,
  "fx" : 713.2077,
  "t_12" : 0.0019438097,
  "t_10" : -0.99903667,
  "t_23" : -4.6071625,
  "angular_velocity" : 3.4028235e+38,
  "t_00" : 0.030085456,
  "blur_score" : 66.60935,
  "t_01" : 0.6520167,
  "t_20" : -0.031945445,
  "width" : 1024,
  "center_depth" : 3.348853,
  "height" : 768,
  "t_22" : 0.6527075,
  "timestamp" : 1251215276386,
  "t_03" : 1.7696315,
  "t_02" : 0.7576075,
  "fy" : 713.2077,
  "cx" : 515.4275,
  "cy" : 384.88095,
  "manual_keyframe" : false
}