{
  "t_00" : -0.2882242,
  "t_21" : -0.8348427,
  "t_20" : 0.051572125,
  "cx" : 514.9789,
  "t_22" : -0.5480676,
  "t_01" : -0.5378875,
  "t_03" : -0.9438443,
  "blur_score" : 103.377556,
  "center_depth" : 5.7683372,
  "width" : 1024,
  "manual_keyframe" : false,
  "height" : 768,
  "timestamp" : 1251201348302,
  "fx" : 712.1928,
  "t_10" : -0.9561732,
  "cy" : 385.13208,
  "t_13" : -1.1355839,
  "t_23" : -6.6507177,
  "fy" : 712.1928,
  "angular_velocity" : 3.4028235e+38,
  "t_12" : -0.26836187,
  "t_11" : 0.11711013,
  "t_02" : 0.7922146
}