{
  "t_21" : -0.68748385,
  "blur_score" : 75.707306,
  "t_02" : 0.6560563,
  "t_01" : 0.7238591,
  "timestamp" : 1251043025311,
  "t_03" : -0.16501606,
  "cy" : 385.02432,
  "cx" : 515.0077,
  "fy" : 713.1775,
  "t_22" : 0.65970445,
  "t_23" : 0.1400969,
  "angular_velocity" : 3.4028235e+38,
  "t_11" : 0.058257736,
  "t_10" : -0.9285611,
  "t_20" : -0.30357188,
  "width" : 1024,
  "manual_keyframe" : false,
  "t_00" : -0.21358427,
  "t_13" : 0.1560845,
  "t_12" : -0.36657903,
  "fx" : 713.1775,
  "height" : 768,
  "center_depth" : 2.168382
}