{
  "height" : 768,
  "t_00" : -0.08969716,
  "t_22" : 0.9350673,
  "t_12" : 0.29851764,
  "t_01" : 0.9774548,
  "t_02" : -0.19114554,
  "t_11" : -0.029164577,
  "cx" : 514.98895,
  "t_10" : -0.9539584,
  "blur_score" : 55.884907,
  "width" : 1024,
  "t_03" : -1.8530321,
  "timestamp" : 1251304709734,
  "t_20" : 0.2862128,
  "t_13" : -1.345844,
  "t_21" : 0.2091211,
  "fy" : 715.7456,
  "fx" : 715.7456,
  "t_23" : -9.786539,
  "angular_velocity" : 3.4028235e+38,
  "cy" : 385.0292,
  "center_depth" : 1.6394159,
  "manual_keyframe" : false
}