{
  "timestamp" : 1251315905550,
  "t_22" : -0.75785166,
  "t_12" : 0.6464483,
  "t_02" : -0.08812254,
  "t_20" : -0.64717364,
  "t_00" : -0.023947604,
  "center_depth" : 1.1891391,
  "t_23" : -10.561948,
  "manual_keyframe" : false,
  "t_11" : -0.03888185,
  "cy" : 385.038,
  "width" : 1024,
  "height" : 768,
  "t_13" : -1.4687965,
  "angular_velocity" : 3.4028235e+38,
  "t_10" : -0.7619664,
  "t_03" : -1.5154707,
  "blur_score" : 69.88378,
  "t_21" : 0.08262728,
  "fx" : 716.45874,
  "fy" : 716.45874,
  "cx" : 514.3519,
  "t_01" : -0.99582165
}