{
  "t_21" : -0.7961071,
  "t_01" : -0.60381794,
  "cx" : 515.18945,
  "angular_velocity" : 3.4028235e+38,
  "t_23" : -1.0434988,
  "t_22" : -0.59130186,
  "t_20" : -0.12874618,
  "fy" : 711.7417,
  "fx" : 711.7417,
  "t_03" : -3.1741703,
  "t_11" : 0.040217955,
  "t_12" : 0.16058137,
  "manual_keyframe" : false,
  "t_00" : 0.104058996,
  "t_10" : -0.9862029,
  "blur_score" : 201.54918,
  "width" : 1024,
  "t_02" : 0.7903011,
  "t_13" : -1.2911854,
  "center_depth" : 4.084474,
  "height" : 768,
  "cy" : 385.31192,
  "timestamp" : 1251156864973
}