{
  "t_11" : -0.05176895,
  "t_13" : -1.233392,
  "t_23" : -7.886085,
  "t_12" : -0.13624619,
  "height" : 768,
  "t_01" : -0.075645015,
  "t_03" : 4.353649,
  "t_20" : 0.061471604,
  "angular_velocity" : 3.4028235e+38,
  "t_10" : -0.9893215,
  "fy" : 714.89276,
  "blur_score" : 40.296402,
  "t_02" : 0.9883388,
  "timestamp" : 1251258426991,
  "cy" : 384.6848,
  "cx" : 515.1522,
  "center_depth" : 2.4831789,
  "t_21" : -0.99579006,
  "width" : 1024,
  "manual_keyframe" : false,
  "t_22" : -0.06799582,
  "t_00" : -0.13215253,
  "fx" : 714.89276
}