{
  "height" : 768,
  "t_13" : -1.3673425,
  "angular_velocity" : 3.4028235e+38,
  "t_22" : -0.20479313,
  "blur_score" : 87.38432,
  "width" : 1024,
  "fx" : 713.5984,
  "fy" : 713.5984,
  "cx" : 515.1494,
  "t_20" : -0.07629252,
  "t_10" : -0.9272206,
  "t_03" : 0.024303555,
  "t_01" : -0.21845733,
  "t_12" : 0.3744661,
  "t_00" : -0.36666262,
  "t_11" : 0.006095415,
  "t_02" : -0.9043423,
  "t_21" : 0.97582746,
  "cy" : 384.90335,
  "t_23" : -5.620145,
  "center_depth" : 2.1829867,
  "timestamp" : 1251205646676,
  "manual_keyframe" : false
}