{
  "cy" : 384.83136,
  "t_03" : 2.3744934,
  "height" : 768,
  "angular_velocity" : 3.4028235e+38,
  "manual_keyframe" : false,
  "fx" : 714.3099,
  "fy" : 714.3099,
  "blur_score" : 58.914234,
  "center_depth" : 1.255596,
  "t_12" : 0.12977983,
  "t_21" : 0.9049488,
  "t_01" : 0.41853443,
  "cx" : 515.0014,
  "t_10" : -0.98856485,
  "t_11" : 0.07678986,
  "t_02" : -0.90410286,
  "t_20" : 0.12374325,
  "width" : 1024,
  "timestamp" : 1251210444867,
  "t_13" : -1.2722536,
  "t_22" : 0.40713063,
  "t_00" : -0.0861806,
  "t_23" : -4.2907114
}