{
  "t_13" : -1.3300008,
  "t_21" : -0.047613423,
  "cy" : 385.09094,
  "t_00" : -0.07438092,
  "t_11" : 0.09615759,
  "width" : 1024,
  "timestamp" : 1251143625963,
  "manual_keyframe" : false,
  "t_20" : -0.34006912,
  "cx" : 514.67865,
  "t_01" : -0.99422663,
  "center_depth" : 2.9387338,
  "t_10" : -0.93745416,
  "t_03" : -4.548913,
  "t_12" : 0.33456427,
  "t_23" : -5.1986556,
  "blur_score" : 54.344578,
  "t_02" : 0.07733562,
  "fy" : 713.4061,
  "t_22" : -0.93919426,
  "fx" : 713.4061,
  "angular_velocity" : 3.4028235e+38,
  "height" : 768
}