{
  "t_12" : -0.12023048,
  "t_21" : -0.45595208,
  "t_02" : 0.44625294,
  "t_00" : -0.11671267,
  "cx" : 515.23987,
  "cy" : 384.91016,
  "t_10" : -0.99028945,
  "t_13" : -1.22085,
  "t_20" : 0.07553011,
  "t_23" : -3.8500063,
  "angular_velocity" : 3.4028235e+38,
  "height" : 768,
  "fy" : 715.204,
  "t_03" : -5.9566393,
  "t_22" : -0.88679355,
  "blur_score" : 62.22626,
  "width" : 1024,
  "t_01" : -0.88726336,
  "center_depth" : 1.6088624,
  "timestamp" : 1251149221323,
  "manual_keyframe" : false,
  "fx" : 715.204,
  "t_11" : 0.06979452
}