{
  "t_22" : 0.82326806,
  "angular_velocity" : 3.4028235e+38,
  "fx" : 714.3258,
  "t_10" : -0.99942565,
  "t_00" : 0.018467965,
  "t_11" : 0.031328507,
  "cy" : 385.11362,
  "t_03" : -0.16720718,
  "t_02" : -0.5675058,
  "t_12" : 0.012918084,
  "t_13" : 0.12612586,
  "t_21" : 0.5669413,
  "t_23" : -0.103145674,
  "width" : 1024,
  "height" : 768,
  "fy" : 714.3258,
  "t_01" : 0.8231623,
  "t_20" : 0.02841279,
  "center_depth" : 1.4007989,
  "blur_score" : 64.96665,
  "manual_keyframe" : false,
  "timestamp" : 1251048337645,
  "cx" : 515.0731
}