{
  "height" : 768,
  "t_13" : -1.4245162,
  "angular_velocity" : 3.4028235e+38,
  "t_22" : -0.26857573,
  "blur_score" : 58.692158,
  "width" : 1024,
  "fx" : 714.8641,
  "fy" : 714.8641,
  "cx" : 514.9978,
  "t_20" : -0.16030899,
  "t_10" : -0.86582077,
  "t_03" : 1.3706828,
  "t_01" : -0.3127463,
  "t_12" : 0.50033265,
  "t_00" : -0.47397837,
  "t_11" : -0.00465518,
  "t_02" : -0.8231248,
  "t_21" : 0.9498254,
  "cy" : 384.89386,
  "t_23" : -4.9174232,
  "center_depth" : 2.2711763,
  "timestamp" : 1251208212375,
  "manual_keyframe" : false
}