{
  "height" : 768,
  "t_13" : -1.3699827,
  "angular_velocity" : 3.4028235e+38,
  "t_22" : -0.0038494556,
  "blur_score" : 83.86448,
  "width" : 1024,
  "fx" : 714.8976,
  "fy" : 714.8976,
  "cx" : 514.9606,
  "t_20" : -0.046555445,
  "t_10" : -0.94023985,
  "t_03" : 1.1416508,
  "t_12" : 0.33784795,
  "t_01" : -0.01934805,
  "t_00" : -0.33731544,
  "t_11" : -0.042519167,
  "t_02" : -0.9411929,
  "t_21" : 0.99890834,
  "cy" : 385.15054,
  "t_23" : -5.107338,
  "center_depth" : 1.8670125,
  "timestamp" : 1251207712563,
  "manual_keyframe" : false
}