{
  "height" : 768,
  "t_13" : -1.3445292,
  "angular_velocity" : 3.4028235e+38,
  "t_22" : -0.3836807,
  "blur_score" : 59.377426,
  "width" : 1024,
  "fx" : 714.88007,
  "fy" : 714.88007,
  "cx" : 514.8978,
  "t_20" : -0.029412871,
  "t_10" : -0.9790235,
  "t_01" : -0.3814358,
  "t_12" : 0.19730724,
  "t_03" : 1.7417247,
  "t_00" : -0.20161285,
  "t_11" : 0.050820384,
  "t_02" : -0.90214133,
  "t_21" : 0.9229973,
  "cy" : 384.88544,
  "t_23" : -4.6187506,
  "center_depth" : 1.6994034,
  "timestamp" : 1251209078715,
  "manual_keyframe" : false
}