{
  "fy" : 713.7922,
  "width" : 1024,
  "t_00" : 0.10175846,
  "t_12" : -0.12835278,
  "t_03" : -0.09894153,
  "t_10" : -0.9902734,
  "t_21" : 0.41401494,
  "center_depth" : 1.9467794,
  "t_02" : -0.40489215,
  "t_20" : -0.09488802,
  "fx" : 713.7922,
  "angular_velocity" : 3.4028235e+38,
  "blur_score" : 77.22653,
  "timestamp" : 1251048054543,
  "manual_keyframe" : false,
  "t_01" : 0.90868455,
  "cx" : 515.1439,
  "t_22" : 0.905311,
  "t_23" : -0.08622177,
  "height" : 768,
  "t_11" : 0.05370364,
  "t_13" : 0.15632291,
  "cy" : 385.15616
}