{
  "t_21" : -0.55515987,
  "blur_score" : 88.35755,
  "t_02" : 0.53396183,
  "t_01" : 0.8297464,
  "timestamp" : 1251042775515,
  "t_03" : -0.1502712,
  "cy" : 384.97415,
  "cx" : 515.07336,
  "fy" : 713.1791,
  "t_22" : 0.75951344,
  "t_23" : 0.11941788,
  "angular_velocity" : 3.4028235e+38,
  "t_11" : 0.057605796,
  "t_10" : -0.9266377,
  "t_20" : -0.3390234,
  "width" : 1024,
  "manual_keyframe" : false,
  "t_00" : -0.16249846,
  "t_13" : 0.15292917,
  "t_12" : -0.37151602,
  "fx" : 713.1791,
  "height" : 768,
  "center_depth" : 2.3059297
}