{
  "cx" : 514.86804,
  "t_01" : 0.96946645,
  "fx" : 714.91345,
  "t_23" : 3.20216,
  "cy" : 384.9847,
  "angular_velocity" : 3.4028235e+38,
  "t_11" : -0.13353254,
  "t_21" : -0.20567892,
  "width" : 1024,
  "timestamp" : 1251177314592,
  "t_10" : -0.97598845,
  "t_00" : -0.092602484,
  "fy" : 714.91345,
  "manual_keyframe" : false,
  "t_13" : -1.2629256,
  "blur_score" : 86.367294,
  "t_02" : 0.2270673,
  "t_03" : -2.065754,
  "t_12" : 0.1720916,
  "center_depth" : 1.006041,
  "height" : 768,
  "t_20" : 0.19715792,
  "t_22" : 0.95855355
}