{
  "center_depth" : 1.6482441,
  "timestamp" : 1251057346952,
  "t_00" : -0.04776655,
  "cy" : 384.88538,
  "fx" : 714.32104,
  "t_20" : 0.149839,
  "t_01" : -0.9971598,
  "cx" : 515.23517,
  "t_13" : 0.19003047,
  "blur_score" : 87.858345,
  "height" : 768,
  "t_11" : 0.05589088,
  "t_10" : -0.9875558,
  "width" : 1024,
  "t_22" : -0.98742074,
  "manual_keyframe" : false,
  "t_02" : -0.058230456,
  "t_03" : -0.42145485,
  "t_12" : -0.14700198,
  "t_21" : 0.050484028,
  "fy" : 714.32104,
  "t_23" : -0.17537612,
  "angular_velocity" : 3.4028235e+38
}