{
  "t_00" : 0.06783703,
  "t_21" : -0.46887928,
  "t_20" : 0.099918105,
  "cx" : 515.0309,
  "t_22" : 0.8775926,
  "t_03" : -0.94214284,
  "t_01" : 0.88316435,
  "blur_score" : 52.94257,
  "center_depth" : 1.7825197,
  "width" : 1024,
  "manual_keyframe" : false,
  "height" : 768,
  "timestamp" : 1251195450550,
  "t_10" : -0.9926805,
  "fx" : 715.7551,
  "cy" : 385.19388,
  "t_13" : -1.3004713,
  "t_23" : -6.175695,
  "fy" : 715.7551,
  "angular_velocity" : 3.4028235e+38,
  "t_02" : 0.4641326,
  "t_11" : 0.013158026,
  "t_12" : 0.12005148
}