{
  "t_22" : 0.3166276,
  "angular_velocity" : 3.4028235e+38,
  "fy" : 717.9818,
  "cx" : 514.13995,
  "t_00" : 0.39876887,
  "t_02" : 0.84771156,
  "t_20" : 0.14871198,
  "timestamp" : 1251257560647,
  "height" : 768,
  "blur_score" : 39.272404,
  "t_01" : 0.3498117,
  "center_depth" : 1.4096189,
  "t_21" : -0.93682,
  "t_23" : -7.958436,
  "width" : 1024,
  "t_13" : -1.444501,
  "manual_keyframe" : false,
  "cy" : 385.1725,
  "fx" : 717.9818,
  "t_12" : 0.42559582,
  "t_10" : -0.90491325,
  "t_11" : 0.00019634677,
  "t_03" : 4.3842835
}