{
  "t_00" : 0.039810326,
  "t_21" : -0.2762659,
  "t_20" : -0.1449202,
  "cx" : 514.972,
  "t_22" : 0.9500922,
  "t_01" : 0.9578235,
  "t_03" : -1.3569891,
  "blur_score" : 262.14285,
  "center_depth" : 1.8994713,
  "width" : 1024,
  "manual_keyframe" : false,
  "height" : 768,
  "timestamp" : 1251183093089,
  "t_10" : -0.9886421,
  "fx" : 716.08545,
  "cy" : 385.2819,
  "t_13" : -1.1836028,
  "t_23" : 2.1977687,
  "fy" : 716.08545,
  "angular_velocity" : 3.4028235e+38,
  "t_02" : 0.2845863,
  "t_11" : 0.07906579,
  "t_12" : -0.12780973
}