{
  "t_11" : -0.13877754,
  "t_21" : 0.96797293,
  "t_13" : 0.2762083,
  "fx" : 728.5387,
  "t_12" : 0.08296724,
  "t_10" : -0.98684204,
  "t_23" : -1.057673,
  "angular_velocity" : 3.4028235e+38,
  "t_00" : -0.1111015,
  "blur_score" : 74.867294,
  "t_01" : 0.20921078,
  "t_20" : -0.11747009,
  "width" : 1024,
  "center_depth" : 1.6535167,
  "height" : 768,
  "t_22" : 0.22187637,
  "timestamp" : 1251072900885,
  "t_03" : 0.15992305,
  "t_02" : -0.9715386,
  "fy" : 728.5387,
  "cx" : 514.82196,
  "cy" : 385.0179,
  "manual_keyframe" : false
}