{
  "t_13" : -1.2372785,
  "t_21" : -0.8396194,
  "cy" : 384.8149,
  "t_00" : 0.07099154,
  "t_11" : 0.016387414,
  "width" : 1024,
  "timestamp" : 1251125141240,
  "manual_keyframe" : false,
  "t_20" : 0.026444089,
  "cx" : 515.1583,
  "t_01" : 0.54292786,
  "center_depth" : 4.060759,
  "t_10" : -0.9971263,
  "t_12" : 0.07396311,
  "t_03" : -1.4848406,
  "t_23" : -4.982144,
  "blur_score" : 145.844,
  "fy" : 712.0117,
  "t_02" : 0.83677334,
  "t_22" : 0.54253113,
  "fx" : 712.0117,
  "angular_velocity" : 3.4028235e+38,
  "height" : 768
}