{
  "t_00" : 0.033065405,
  "t_21" : 0.09535427,
  "t_20" : 0.12291377,
  "cx" : 515.0893,
  "t_22" : 0.98782575,
  "t_03" : -1.0573554,
  "t_01" : 0.99442726,
  "blur_score" : 48.76738,
  "center_depth" : 4.6165895,
  "width" : 1024,
  "manual_keyframe" : false,
  "height" : 768,
  "timestamp" : 1251193584599,
  "fx" : 712.62634,
  "t_10" : -0.9918664,
  "cy" : 385.16284,
  "t_13" : -1.2806326,
  "t_23" : -5.1692567,
  "fy" : 712.62634,
  "angular_velocity" : 3.4028235e+38,
  "t_02" : -0.10010577,
  "t_11" : 0.044967238,
  "t_12" : 0.11907587
}