{
  "cy" : 385.04425,
  "t_00" : -0.6263562,
  "t_11" : 0.1827041,
  "t_10" : -0.7417435,
  "t_01" : 0.15528743,
  "t_12" : -0.64531827,
  "fy" : 719.08887,
  "t_22" : 0.0007456095,
  "center_depth" : 0.8013644,
  "width" : 1024,
  "height" : 768,
  "t_02" : 0.76391333,
  "timestamp" : 1251082975951,
  "t_03" : 0.2922164,
  "fx" : 719.08887,
  "t_23" : 1.7594965,
  "manual_keyframe" : false,
  "angular_velocity" : 3.4028235e+38,
  "cx" : 513.29425,
  "t_13" : 0.34607,
  "t_20" : -0.23977995,
  "blur_score" : 36.117447,
  "t_21" : -0.9708269
}