{
  "height" : 768,
  "t_13" : -1.2718103,
  "angular_velocity" : 3.4028235e+38,
  "t_22" : -0.15959112,
  "blur_score" : 42.560455,
  "width" : 1024,
  "fx" : 715.9664,
  "fy" : 715.9664,
  "cx" : 515.125,
  "t_20" : 0.028585155,
  "t_10" : -0.9994386,
  "t_03" : 2.0322762,
  "t_12" : -0.021820612,
  "t_01" : -0.16012526,
  "t_00" : 0.017474608,
  "t_11" : 0.025423098,
  "t_02" : -0.9869421,
  "t_21" : 0.9867693,
  "cy" : 385.20212,
  "t_23" : -4.443877,
  "center_depth" : 1.4292644,
  "timestamp" : 1251209678489,
  "manual_keyframe" : false
}