{
  "t_11" : -0.06377962,
  "t_21" : -0.20182522,
  "t_13" : -1.1913794,
  "fx" : 714.0558,
  "t_10" : -0.99401927,
  "t_12" : -0.08864422,
  "t_23" : 3.2179444,
  "angular_velocity" : 3.4028235e+38,
  "t_00" : -0.080178544,
  "blur_score" : 78.103836,
  "t_01" : 0.9773427,
  "t_20" : -0.07414204,
  "width" : 1024,
  "center_depth" : 1.065305,
  "height" : 768,
  "t_22" : 0.9766113,
  "timestamp" : 1251177031495,
  "t_02" : 0.19588943,
  "t_03" : -2.0496433,
  "fy" : 714.0558,
  "cx" : 515.15875,
  "cy" : 384.93265,
  "manual_keyframe" : false
}