{
  "center_depth" : 3.6160595,
  "timestamp" : 1251052900586,
  "t_00" : -0.16679919,
  "cy" : 385.0731,
  "fx" : 713.7572,
  "t_20" : 0.011449999,
  "t_01" : -0.14179446,
  "cx" : 514.9121,
  "t_13" : 0.083873734,
  "blur_score" : 100.559494,
  "height" : 768,
  "t_11" : 0.0354776,
  "t_10" : -0.9859243,
  "width" : 1024,
  "t_22" : -0.1457163,
  "manual_keyframe" : false,
  "t_02" : -0.9757419,
  "t_12" : 0.16338427,
  "t_03" : -0.32286957,
  "t_21" : 0.98926014,
  "fy" : 713.7572,
  "t_23" : 0.029632889,
  "angular_velocity" : 3.4028235e+38
}