{
  "t_22" : -0.13226028,
  "angular_velocity" : 3.4028235e+38,
  "fy" : 716.6907,
  "cx" : 514.264,
  "t_00" : -0.67222476,
  "t_02" : -0.7188153,
  "t_20" : -0.11807615,
  "timestamp" : 1251253262245,
  "height" : 768,
  "blur_score" : 42.563793,
  "t_01" : -0.17725258,
  "center_depth" : 1.4663028,
  "t_21" : 0.9841572,
  "t_23" : -6.30036,
  "width" : 1024,
  "t_13" : -1.530302,
  "manual_keyframe" : false,
  "cy" : 384.77966,
  "fx" : 716.6907,
  "t_10" : -0.73087066,
  "t_03" : 3.434706,
  "t_12" : 0.68250406,
  "t_11" : 0.0040336726
}