{
  "cy" : 385.1531,
  "t_03" : -0.54347897,
  "height" : 768,
  "angular_velocity" : 3.4028235e+38,
  "manual_keyframe" : false,
  "fx" : 716.08545,
  "fy" : 716.08545,
  "blur_score" : 41.828323,
  "center_depth" : 1.5199308,
  "t_12" : 0.48464483,
  "t_21" : -0.4044667,
  "t_11" : 0.040263414,
  "cx" : 514.5742,
  "t_01" : 0.91366607,
  "t_10" : -0.8737839,
  "t_02" : 0.3361326,
  "t_20" : 0.42926967,
  "width" : 1024,
  "timestamp" : 1251277186674,
  "t_13" : -1.3963587,
  "t_22" : 0.8075484,
  "t_00" : 0.22853734,
  "t_23" : -7.7027707
}