{
  "cx" : 514.62177,
  "t_20" : -0.11998206,
  "width" : 1024,
  "t_11" : 0.12591688,
  "manual_keyframe" : false,
  "t_22" : -0.042589817,
  "height" : 768,
  "fx" : 712.8408,
  "blur_score" : 143.87617,
  "fy" : 712.8408,
  "timestamp" : 1251130320302,
  "t_23" : -6.6590734,
  "t_10" : -0.9739136,
  "t_00" : -0.1926042,
  "t_12" : -0.18877769,
  "cy" : 385.3076,
  "t_02" : 0.98109585,
  "t_13" : -1.1130022,
  "t_03" : -3.0144541,
  "t_01" : -0.018828891,
  "t_21" : -0.99186206,
  "angular_velocity" : 3.4028235e+38,
  "center_depth" : 2.3114522
}