{
  "t_00" : 0.2857187,
  "center_depth" : 2.72928,
  "t_03" : 0.85056186,
  "t_23" : -7.049898,
  "angular_velocity" : 3.4028235e+38,
  "timestamp" : 1251271455476,
  "fy" : 715.4582,
  "cx" : 515.00635,
  "blur_score" : 63.750072,
  "manual_keyframe" : false,
  "t_02" : 0.71733797,
  "t_10" : -0.937696,
  "t_11" : 0.03094483,
  "t_13" : -1.3830643,
  "t_12" : 0.3460761,
  "fx" : 715.4582,
  "t_22" : 0.6046964,
  "width" : 1024,
  "height" : 768,
  "cy" : 385.4113,
  "t_21" : -0.77152526,
  "t_01" : 0.6354456,
  "t_20" : 0.19771467
}