{
  "cx" : 515.0905,
  "t_20" : -0.0981649,
  "width" : 1024,
  "t_11" : 0.015749203,
  "manual_keyframe" : false,
  "t_22" : -0.96102756,
  "height" : 768,
  "fx" : 714.41315,
  "blur_score" : 71.004456,
  "fy" : 714.41315,
  "timestamp" : 1251058379440,
  "t_23" : -0.10142594,
  "t_10" : -0.9951195,
  "t_00" : 0.010039495,
  "t_12" : 0.09741202,
  "cy" : 385.0074,
  "t_02" : 0.25872213,
  "t_13" : 0.15037403,
  "t_03" : -0.44100735,
  "t_01" : -0.9658996,
  "t_21" : -0.25843742,
  "angular_velocity" : 3.4028235e+38,
  "center_depth" : 1.88006
}