{
  "t_11" : 0.01624775,
  "t_21" : -0.80322456,
  "t_02" : 0.7998164,
  "t_00" : -0.07567914,
  "cx" : 515.1177,
  "cy" : 384.78592,
  "t_10" : -0.9942153,
  "t_13" : -1.202273,
  "t_20" : -0.07621439,
  "t_23" : 3.2502449,
  "angular_velocity" : 3.4028235e+38,
  "height" : 768,
  "fy" : 714.3321,
  "t_03" : -0.8066517,
  "t_22" : 0.5907807,
  "blur_score" : 42.464046,
  "width" : 1024,
  "t_01" : 0.59545475,
  "center_depth" : 2.8997283,
  "timestamp" : 1251090419834,
  "manual_keyframe" : false,
  "fx" : 714.3321,
  "t_12" : -0.10616956
}