{
  "t_03" : 0.40700445,
  "t_22" : -0.050362512,
  "t_23" : -1.7811743,
  "t_21" : 0.9941931,
  "height" : 768,
  "timestamp" : 1251071502031,
  "cx" : 515.24896,
  "cy" : 385.3451,
  "t_00" : -0.16074182,
  "t_01" : -0.034591448,
  "manual_keyframe" : false,
  "t_12" : 0.15651876,
  "fx" : 716.29517,
  "fy" : 716.29517,
  "t_11" : 0.101900645,
  "width" : 1024,
  "angular_velocity" : 3.4028235e+38,
  "blur_score" : 34.30918,
  "t_13" : -0.24678329,
  "center_depth" : 2.1803577,
  "t_02" : -0.98639023,
  "t_20" : 0.095099576,
  "t_10" : -0.9824043
}