{
  "cy" : 385.00137,
  "t_23" : -4.293452,
  "angular_velocity" : 3.4028235e+38,
  "height" : 768,
  "t_03" : 2.5422223,
  "t_11" : 0.050027188,
  "t_13" : -1.4042647,
  "t_20" : 0.3197546,
  "center_depth" : 1.0619661,
  "manual_keyframe" : false,
  "t_10" : -0.87415737,
  "fy" : 716.75574,
  "t_02" : -0.7222635,
  "t_01" : 0.58713675,
  "t_21" : 0.8079405,
  "t_22" : 0.49496388,
  "blur_score" : 51.37328,
  "width" : 1024,
  "t_00" : -0.3655214,
  "t_12" : 0.4830592,
  "cx" : 514.8903,
  "fx" : 716.75574,
  "timestamp" : 1251210844717
}