{
  "cy" : 385.3224,
  "t_01" : 0.29555723,
  "cx" : 515.0497,
  "center_depth" : 1.4976089,
  "t_12" : 0.32930967,
  "timestamp" : 1251119412629,
  "t_23" : -2.6674514,
  "t_20" : 0.07666058,
  "width" : 1024,
  "t_13" : -1.3471901,
  "height" : 768,
  "t_22" : 0.28636515,
  "t_10" : -0.94394255,
  "t_21" : -0.95504886,
  "fx" : 714.5815,
  "fy" : 714.5815,
  "t_00" : 0.32108524,
  "t_02" : 0.8997501,
  "angular_velocity" : 3.4028235e+38,
  "blur_score" : 83.652084,
  "t_11" : 0.02297224,
  "manual_keyframe" : false,
  "t_03" : 1.0190301
}