{
  "fy" : 713.476,
  "angular_velocity" : 3.4028235e+38,
  "t_00" : 0.30859396,
  "blur_score" : 57.666153,
  "height" : 768,
  "manual_keyframe" : false,
  "width" : 1024,
  "fx" : 713.476,
  "t_11" : 0.018543078,
  "t_13" : -0.24097371,
  "cy" : 385.1582,
  "cx" : 515.08075,
  "t_22" : 0.5173644,
  "t_23" : -0.124351025,
  "t_02" : 0.7775007,
  "center_depth" : 2.2949178,
  "t_10" : -0.933718,
  "t_01" : 0.54796207,
  "t_21" : -0.83629763,
  "t_20" : 0.18149497,
  "timestamp" : 1251098696357,
  "t_12" : 0.35752878,
  "t_03" : -0.6600374
}