{
  "cy" : 385.0716,
  "cx" : 515.1659,
  "t_03" : -4.7835016,
  "t_12" : 0.027784761,
  "t_00" : -0.037146382,
  "t_02" : -0.83127874,
  "t_20" : 0.0056089098,
  "blur_score" : 67.35924,
  "height" : 768,
  "timestamp" : 1251298911902,
  "manual_keyframe" : false,
  "t_21" : 0.8317239,
  "fx" : 712.6153,
  "t_22" : -0.555161,
  "t_11" : 0.02528479,
  "t_13" : -1.231189,
  "fy" : 712.6153,
  "t_01" : -0.5546133,
  "width" : 1024,
  "angular_velocity" : 3.4028235e+38,
  "center_depth" : 6.2834706,
  "t_10" : -0.99929404,
  "t_23" : -10.429971
}