{
  "manual_keyframe" : false,
  "t_20" : 0.04094776,
  "timestamp" : 1251073966678,
  "t_01" : 0.1397863,
  "t_10" : -0.99877405,
  "t_12" : -0.021790292,
  "cy" : 384.9041,
  "fx" : 716.9432,
  "t_13" : 0.1807828,
  "t_00" : 0.027815087,
  "height" : 768,
  "t_11" : 0.044447504,
  "t_23" : -0.3735133,
  "blur_score" : 76.53071,
  "width" : 1024,
  "fy" : 716.9432,
  "angular_velocity" : 3.4028235e+38,
  "t_21" : 0.98918355,
  "t_22" : 0.14085123,
  "center_depth" : 1.7568475,
  "cx" : 515.17584,
  "t_03" : 0.14479437,
  "t_02" : -0.98979104
}