{
  "t_22" : 0.08056407,
  "angular_velocity" : 3.4028235e+38,
  "fy" : 712.5867,
  "cx" : 514.5563,
  "t_00" : -0.32012594,
  "t_02" : 0.940475,
  "t_20" : -0.11625475,
  "timestamp" : 1251130037202,
  "height" : 768,
  "blur_score" : 111.3647,
  "t_01" : 0.114132054,
  "center_depth" : 2.4431522,
  "t_21" : -0.9899466,
  "t_23" : -6.548283,
  "width" : 1024,
  "t_13" : -1.0368812,
  "manual_keyframe" : false,
  "cy" : 385.38162,
  "fx" : 712.5867,
  "t_12" : -0.33017597,
  "t_03" : -2.8799767,
  "t_10" : -0.940215,
  "t_11" : 0.08354404
}