{
  "t_03" : 0.0111849345,
  "t_22" : -0.49095955,
  "t_23" : 0.42248225,
  "t_21" : -0.86996406,
  "height" : 768,
  "timestamp" : 1251060294541,
  "cx" : 515.13214,
  "t_00" : 0.09348533,
  "cy" : 385.0495,
  "t_01" : -0.49307802,
  "manual_keyframe" : false,
  "t_12" : 0.10403929,
  "fx" : 718.209,
  "fy" : 718.209,
  "t_11" : -0.0060593532,
  "width" : 1024,
  "angular_velocity" : 3.4028235e+38,
  "blur_score" : 56.262894,
  "t_13" : 0.16150437,
  "center_depth" : 1.9518006,
  "t_02" : 0.86494786,
  "t_20" : -0.04605846,
  "t_10" : -0.99455476
}