{
  "t_13" : -1.2541575,
  "t_00" : 0.107804544,
  "t_22" : 0.6278242,
  "width" : 1024,
  "fx" : 712.8963,
  "angular_velocity" : 3.4028235e+38,
  "blur_score" : 97.95331,
  "height" : 768,
  "cx" : 514.97955,
  "timestamp" : 1251121144535,
  "t_11" : 0.05169155,
  "cy" : 385.16125,
  "t_01" : 0.626035,
  "t_03" : 0.7586079,
  "t_10" : -0.99395645,
  "t_20" : 0.02070516,
  "fy" : 712.8963,
  "t_21" : -0.7780799,
  "t_23" : -2.8223135,
  "t_02" : 0.7723073,
  "center_depth" : 6.003841,
  "t_12" : 0.096842684,
  "manual_keyframe" : false
}