{
  "t_21" : -0.6163372,
  "t_01" : -0.7874709,
  "cx" : 515.2678,
  "angular_velocity" : 3.4028235e+38,
  "t_23" : -3.8517683,
  "t_22" : -0.7874604,
  "t_20" : 0.005899065,
  "fy" : 715.45496,
  "t_11" : -0.0042656683,
  "fx" : 715.45496,
  "t_03" : -5.775216,
  "t_12" : -0.0041524256,
  "manual_keyframe" : false,
  "t_00" : 0.0007997499,
  "t_10" : -0.9999823,
  "blur_score" : 51.339146,
  "width" : 1024,
  "t_02" : 0.6163514,
  "t_13" : -1.2735267,
  "center_depth" : 1.6927016,
  "height" : 768,
  "cy" : 384.80045,
  "timestamp" : 1251148904919
}