{
  "t_12" : -0.47632745,
  "t_21" : 0.13453592,
  "t_02" : -0.09068128,
  "t_00" : 0.11542621,
  "cx" : 514.7382,
  "cy" : 385.01074,
  "t_13" : -1.1281292,
  "t_10" : -0.877306,
  "t_20" : -0.46584442,
  "t_23" : 1.7910233,
  "angular_velocity" : 3.4028235e+38,
  "height" : 768,
  "fy" : 714.6021,
  "t_03" : -3.497184,
  "t_22" : 0.8745794,
  "blur_score" : 92.03633,
  "width" : 1024,
  "t_01" : 0.9891682,
  "center_depth" : 1.3890818,
  "timestamp" : 1251162093956,
  "manual_keyframe" : false,
  "fx" : 714.6021,
  "t_11" : 0.058706015
}