{
  "t_11" : -0.049510077,
  "t_13" : -1.27279,
  "t_23" : -10.01811,
  "t_12" : 0.23595333,
  "height" : 768,
  "t_01" : -0.8134041,
  "t_03" : 0.55933774,
  "t_20" : -0.22031446,
  "angular_velocity" : 3.4028235e+38,
  "t_10" : -0.9705023,
  "fy" : 715.35175,
  "blur_score" : 57.291203,
  "t_02" : -0.5733997,
  "timestamp" : 1251229671013,
  "cy" : 385.1355,
  "cx" : 515.1056,
  "center_depth" : 2.456388,
  "t_21" : 0.57958835,
  "width" : 1024,
  "manual_keyframe" : false,
  "t_22" : -0.78456295,
  "t_00" : -0.097912036,
  "fx" : 715.35175
}