{
  "center_depth" : 1.6311718,
  "timestamp" : 1251049853075,
  "t_00" : 0.2190858,
  "fx" : 714.3099,
  "cy" : 385.20694,
  "t_20" : -0.5317685,
  "t_01" : 0.9266455,
  "cx" : 514.58466,
  "t_13" : 0.319566,
  "blur_score" : 80.5463,
  "height" : 768,
  "t_11" : 0.0038064148,
  "t_10" : -0.81806093,
  "width" : 1024,
  "t_22" : 0.7588863,
  "manual_keyframe" : false,
  "t_02" : -0.3054991,
  "t_12" : -0.57511896,
  "t_03" : -0.47709426,
  "t_21" : 0.37591732,
  "fy" : 714.3099,
  "t_23" : 0.15741691,
  "angular_velocity" : 3.4028235e+38
}