{
  "center_depth" : 1.1743724,
  "timestamp" : 1251046239357,
  "t_00" : 0.15654476,
  "cy" : 384.6814,
  "fx" : 716.284,
  "t_20" : 0.21378261,
  "t_01" : 0.8134711,
  "cx" : 515.0868,
  "t_13" : 0.0329908,
  "blur_score" : 69.06695,
  "height" : 768,
  "t_11" : 0.0031208934,
  "t_10" : -0.9642565,
  "width" : 1024,
  "t_22" : 0.7848835,
  "manual_keyframe" : false,
  "t_02" : 0.5601414,
  "t_12" : 0.2649519,
  "t_03" : 0.14561012,
  "t_21" : -0.58159685,
  "fy" : 716.284,
  "t_23" : 0.11481499,
  "angular_velocity" : 3.4028235e+38
}