{
  "timestamp" : 1251319204317,
  "manual_keyframe" : false,
  "t_13" : -1.149914,
  "fy" : 718.81714,
  "t_12" : -0.17814843,
  "blur_score" : 57.045235,
  "t_20" : -0.046010245,
  "t_03" : -1.7034836,
  "angular_velocity" : 3.4028235e+38,
  "cx" : 514.8413,
  "height" : 768,
  "t_02" : -0.8975029,
  "t_10" : -0.9835725,
  "t_21" : 0.91385525,
  "t_00" : 0.17455122,
  "t_01" : 0.40499446,
  "t_11" : 0.029124003,
  "t_22" : 0.40342504,
  "fx" : 718.81714,
  "t_23" : -9.754664,
  "width" : 1024,
  "cy" : 384.82022,
  "center_depth" : 1.1852115
}