{
  "t_22" : 0.92023695,
  "angular_velocity" : 3.4028235e+38,
  "fy" : 715.9934,
  "cx" : 514.89844,
  "t_02" : -0.33401513,
  "t_00" : -0.104933284,
  "t_20" : 0.1787339,
  "timestamp" : 1251067122285,
  "height" : 768,
  "blur_score" : 67.01686,
  "t_01" : 0.9367085,
  "center_depth" : 2.2108555,
  "t_21" : 0.348164,
  "t_23" : -0.5321139,
  "width" : 1024,
  "t_13" : -0.34529853,
  "manual_keyframe" : false,
  "cy" : 384.85126,
  "fx" : 715.9934,
  "t_10" : -0.97828585,
  "t_03" : 0.33203298,
  "t_11" : -0.03686366,
  "t_12" : 0.20395555
}