{
  "height" : 768,
  "t_13" : -1.3092442,
  "angular_velocity" : 3.4028235e+38,
  "t_22" : -0.039230533,
  "blur_score" : 87.422066,
  "width" : 1024,
  "fx" : 714.35596,
  "fy" : 714.35596,
  "cx" : 515.03723,
  "t_20" : 0.009928238,
  "t_10" : -0.9867674,
  "t_03" : 1.0175499,
  "t_12" : 0.16133687,
  "t_01" : -0.037109587,
  "t_00" : -0.16183788,
  "t_11" : 0.016139412,
  "t_02" : -0.9861194,
  "t_21" : 0.999181,
  "cy" : 385.31067,
  "t_23" : -5.1879616,
  "center_depth" : 1.9699457,
  "timestamp" : 1251207479318,
  "manual_keyframe" : false
}