{
  "t_11" : 0.043212198,
  "t_02" : -0.008460287,
  "t_03" : -5.0884833,
  "angular_velocity" : 3.4028235e+38,
  "height" : 768,
  "center_depth" : 1.9088343,
  "timestamp" : 1251147722567,
  "t_22" : -0.9869851,
  "blur_score" : 47.0165,
  "cx" : 515.0368,
  "t_00" : -0.04515397,
  "t_10" : -0.986075,
  "t_13" : -1.2817832,
  "t_01" : -0.9989442,
  "t_12" : 0.16058898,
  "cy" : 384.8163,
  "t_20" : -0.16005383,
  "t_23" : -4.163483,
  "width" : 1024,
  "manual_keyframe" : false,
  "fx" : 714.3496,
  "t_21" : 0.015593685,
  "fy" : 714.3496
}