{
  "fy" : 712.61676,
  "t_10" : -0.94866365,
  "t_00" : 0.2658124,
  "fx" : 712.61676,
  "t_20" : 0.17140873,
  "center_depth" : 4.042372,
  "t_21" : -0.79900223,
  "t_12" : 0.3153755,
  "cx" : 515.0177,
  "width" : 1024,
  "height" : 768,
  "timestamp" : 1251184958193,
  "angular_velocity" : 3.4028235e+38,
  "cy" : 384.73438,
  "t_01" : 0.6008493,
  "t_11" : 0.023988683,
  "t_13" : -1.3186378,
  "t_23" : 1.3636909,
  "blur_score" : 192.16336,
  "t_02" : 0.75387263,
  "t_03" : -2.0405858,
  "t_22" : 0.5763803,
  "manual_keyframe" : false
}