{
  "t_01" : -0.9969,
  "t_23" : -2.4747179,
  "angular_velocity" : 3.4028235e+38,
  "t_10" : -0.99266356,
  "t_21" : 0.06901182,
  "timestamp" : 1251154650148,
  "t_22" : -0.9913012,
  "fx" : 711.99744,
  "t_11" : 0.037786223,
  "t_12" : 0.11485338,
  "fy" : 711.99744,
  "t_02" : -0.064270884,
  "center_depth" : 5.3865123,
  "cx" : 515.1052,
  "width" : 1024,
  "t_03" : -3.2252095,
  "t_00" : -0.04538377,
  "t_13" : -1.2905209,
  "t_20" : -0.11206878,
  "blur_score" : 96.71735,
  "cy" : 385.35852,
  "height" : 768,
  "manual_keyframe" : false
}