{
  "fx" : 715.86633,
  "t_22" : 0.6555922,
  "t_23" : -7.7287946,
  "fy" : 715.86633,
  "angular_velocity" : 3.4028235e+38,
  "blur_score" : 46.29396,
  "width" : 1024,
  "t_11" : -0.0013575788,
  "t_12" : 0.42432135,
  "height" : 768,
  "center_depth" : 2.7109408,
  "t_20" : 0.30824333,
  "timestamp" : 1251277519883,
  "t_01" : 0.72443986,
  "t_00" : 0.29161024,
  "cy" : 385.0021,
  "t_03" : -0.6437179,
  "t_21" : -0.68933666,
  "manual_keyframe" : false,
  "t_13" : -1.3774569,
  "t_02" : 0.6246202,
  "cx" : 514.6784,
  "t_10" : -0.90551066
}