{
  "t_22" : 0.18428841,
  "angular_velocity" : 3.4028235e+38,
  "fy" : 714.5926,
  "cx" : 515.26154,
  "t_00" : 0.25787628,
  "t_02" : 0.94098115,
  "t_20" : 0.1528822,
  "timestamp" : 1251045140254,
  "height" : 768,
  "blur_score" : 69.79889,
  "t_01" : 0.21921363,
  "center_depth" : 1.0885605,
  "t_21" : -0.9709093,
  "t_23" : 0.3739143,
  "width" : 1024,
  "t_13" : 0.043383338,
  "manual_keyframe" : false,
  "cy" : 384.82162,
  "fx" : 714.5926,
  "t_10" : -0.9540057,
  "t_12" : 0.2838883,
  "t_11" : -0.09633566,
  "t_03" : -0.12992409
}