{
  "t_11" : 0.021833379,
  "t_02" : 0.8456946,
  "t_03" : -0.56799954,
  "angular_velocity" : 3.4028235e+38,
  "height" : 768,
  "center_depth" : 1.0215294,
  "timestamp" : 1251089387350,
  "t_22" : -0.43046266,
  "blur_score" : 46.791378,
  "cx" : 514.8563,
  "t_10" : -0.94869417,
  "t_00" : 0.27060717,
  "t_13" : -1.2606463,
  "t_01" : -0.45997006,
  "t_12" : 0.31544036,
  "cy" : 385.52722,
  "t_20" : -0.16355748,
  "t_23" : 3.103711,
  "width" : 1024,
  "manual_keyframe" : false,
  "fx" : 716.82086,
  "t_21" : -0.88766605,
  "fy" : 716.82086
}