{
  "fy" : 717.4307,
  "width" : 1024,
  "t_00" : 0.18389939,
  "t_12" : -0.18891746,
  "t_03" : -1.9608282,
  "t_10" : -0.98123395,
  "t_21" : 0.8753712,
  "center_depth" : 2.1929374,
  "t_02" : -0.8567063,
  "t_20" : -0.057972133,
  "fx" : 717.4307,
  "angular_velocity" : 3.4028235e+38,
  "blur_score" : 80.042786,
  "timestamp" : 1251175715929,
  "manual_keyframe" : false,
  "t_01" : 0.48190787,
  "cx" : 515.0139,
  "t_22" : 0.47996286,
  "t_23" : 3.146781,
  "height" : 768,
  "t_11" : 0.038599778,
  "t_13" : -1.1635062,
  "cy" : 384.9924
}