{
  "t_01" : 0.47835875,
  "fy" : 714.186,
  "t_12" : 0.471754,
  "width" : 1024,
  "t_20" : 0.1810622,
  "height" : 768,
  "timestamp" : 1251270889020,
  "manual_keyframe" : false,
  "t_02" : 0.7602381,
  "t_11" : 0.05867298,
  "fx" : 714.186,
  "t_21" : -0.87620217,
  "blur_score" : 56.03919,
  "t_23" : -6.808524,
  "t_13" : -1.4166313,
  "t_10" : -0.8797758,
  "t_00" : 0.43955752,
  "t_22" : 0.44663864,
  "cx" : 515.0095,
  "angular_velocity" : 3.4028235e+38,
  "t_03" : 1.3359294,
  "center_depth" : 1.8735826,
  "cy" : 385.18555
}