{
  "cx" : 515.0724,
  "t_03" : -2.1433878,
  "t_12" : 0.43561554,
  "width" : 1024,
  "center_depth" : 1.9722581,
  "t_01" : 0.82719374,
  "timestamp" : 1251178147229,
  "t_21" : 0.56182176,
  "t_13" : -1.3539553,
  "t_11" : 0.010351228,
  "manual_keyframe" : false,
  "t_23" : 3.0609565,
  "fy" : 714.6148,
  "height" : 768,
  "t_20" : 0.36561194,
  "t_02" : -0.5094652,
  "angular_velocity" : 3.4028235e+38,
  "t_00" : -0.23705678,
  "blur_score" : 119.137314,
  "t_22" : 0.7420811,
  "t_10" : -0.90007335,
  "fx" : 714.6148,
  "cy" : 384.63385
}