{
  "center_depth" : 1.3919493,
  "timestamp" : 1251249097126,
  "t_00" : -0.604369,
  "cy" : 385.38544,
  "fx" : 719.6939,
  "t_20" : 0.51831025,
  "t_01" : 0.6131564,
  "cx" : 514.0884,
  "t_13" : -1.6147716,
  "blur_score" : 29.200342,
  "height" : 768,
  "t_11" : 0.062148716,
  "t_10" : -0.60505587,
  "width" : 1024,
  "t_22" : 0.33343315,
  "manual_keyframe" : false,
  "t_02" : -0.50870174,
  "t_03" : 1.8926544,
  "t_12" : 0.79375374,
  "t_21" : 0.787513,
  "fy" : 719.6939,
  "t_23" : -6.7411623,
  "angular_velocity" : 3.4028235e+38
}