{
  "t_13" : -1.3448403,
  "t_21" : 0.0068690646,
  "t_11" : 0.023225784,
  "t_00" : 0.01916985,
  "cy" : 385.23798,
  "width" : 1024,
  "timestamp" : 1251111785579,
  "manual_keyframe" : false,
  "t_20" : 0.3616957,
  "cx" : 515.0468,
  "t_01" : 0.99970675,
  "center_depth" : 2.1159616,
  "t_10" : -0.9320991,
  "t_03" : -0.041812062,
  "t_12" : 0.3614579,
  "t_23" : -2.1243024,
  "blur_score" : 84.64273,
  "t_02" : -0.014803296,
  "fy" : 714.9118,
  "t_22" : 0.9322709,
  "fx" : 714.9118,
  "angular_velocity" : 3.4028235e+38,
  "height" : 768
}