{
  "t_22" : -0.984683,
  "angular_velocity" : 3.4028235e+38,
  "t_02" : 0.14523263,
  "t_21" : -0.15028039,
  "t_03" : -5.0807223,
  "t_23" : -11.944917,
  "timestamp" : 1251289648696,
  "t_20" : 0.08840303,
  "t_00" : -0.06103573,
  "cy" : 384.61133,
  "center_depth" : 1.9333,
  "fy" : 715.941,
  "cx" : 514.4898,
  "width" : 1024,
  "t_10" : -0.9942129,
  "t_13" : -1.2095774,
  "height" : 768,
  "t_01" : -0.98751307,
  "blur_score" : 47.588684,
  "manual_keyframe" : false,
  "t_11" : 0.047261845,
  "t_12" : -0.09647162,
  "fx" : 715.941
}