{
  "t_13" : -1.3977618,
  "t_00" : -0.45478788,
  "t_22" : -0.28214386,
  "width" : 1024,
  "fx" : 713.2156,
  "angular_velocity" : 3.4028235e+38,
  "blur_score" : 234.63602,
  "height" : 768,
  "cx" : 515.06525,
  "timestamp" : 1251160178883,
  "cy" : 384.8496,
  "t_11" : 0.08905387,
  "t_01" : -0.27169365,
  "t_03" : -4.128813,
  "t_10" : -0.8893959,
  "t_20" : -0.04629128,
  "fy" : 713.2156,
  "t_21" : 0.9582547,
  "t_23" : 1.0637574,
  "t_02" : -0.8481454,
  "center_depth" : 2.0977688,
  "t_12" : 0.44837964,
  "manual_keyframe" : false
}