{
  "t_00" : 0.38832894,
  "center_depth" : 1.9963211,
  "t_03" : 1.1747777,
  "t_23" : -6.8810573,
  "angular_velocity" : 3.4028235e+38,
  "timestamp" : 1251271088946,
  "fy" : 714.5973,
  "cx" : 514.87006,
  "blur_score" : 42.942196,
  "manual_keyframe" : false,
  "t_02" : 0.7248106,
  "t_10" : -0.8949818,
  "t_11" : 0.045501236,
  "t_13" : -1.430064,
  "t_12" : 0.443776,
  "fx" : 714.5973,
  "t_22" : 0.5269844,
  "width" : 1024,
  "height" : 768,
  "cy" : 385.41962,
  "t_21" : -0.8210234,
  "t_01" : 0.5690785,
  "t_20" : 0.21956365
}