{
  "center_depth" : 2.2709482,
  "timestamp" : 1251052334382,
  "t_00" : -0.5065588,
  "cy" : 385.2082,
  "fx" : 714.0431,
  "t_20" : 0.01452953,
  "t_01" : -0.012195333,
  "cx" : 514.7244,
  "t_13" : -0.03546099,
  "blur_score" : 86.85424,
  "height" : 768,
  "t_11" : 0.024013836,
  "t_10" : -0.8620831,
  "width" : 1024,
  "t_22" : -0.022677826,
  "manual_keyframe" : false,
  "t_02" : -0.8621193,
  "t_12" : 0.50619775,
  "t_03" : -0.30593324,
  "t_21" : 0.99963725,
  "fy" : 714.0431,
  "t_23" : -0.018563781,
  "angular_velocity" : 3.4028235e+38
}