{
  "cx" : 515.33026,
  "t_21" : 0.3551959,
  "fx" : 714.6243,
  "t_10" : -0.9542213,
  "t_00" : -0.15357308,
  "angular_velocity" : 3.4028235e+38,
  "height" : 768,
  "fy" : 714.6243,
  "t_11" : 0.05464864,
  "width" : 1024,
  "t_02" : -0.32490912,
  "t_01" : -0.9331931,
  "t_13" : -1.3200905,
  "t_03" : -4.859391,
  "center_depth" : 2.0147774,
  "manual_keyframe" : false,
  "t_22" : -0.89886534,
  "t_23" : -11.163299,
  "t_20" : -0.25666517,
  "t_12" : 0.2940667,
  "blur_score" : 36.32349,
  "timestamp" : 1251297845634,
  "cy" : 384.58508
}