{
  "manual_keyframe" : false,
  "t_20" : 0.029746639,
  "timestamp" : 1251212910607,
  "t_01" : 0.6866894,
  "t_10" : -0.9973228,
  "t_12" : 0.06896024,
  "cy" : 384.83316,
  "fx" : 715.20087,
  "t_13" : -1.2643123,
  "t_00" : 0.06680056,
  "height" : 768,
  "t_11" : 0.024324112,
  "t_23" : -4.5223637,
  "blur_score" : 76.54575,
  "width" : 1024,
  "fy" : 715.20087,
  "angular_velocity" : 3.4028235e+38,
  "t_21" : -0.7265439,
  "t_22" : 0.68647593,
  "center_depth" : 1.9326543,
  "cx" : 514.99475,
  "t_03" : 2.3677654,
  "t_02" : 0.72387534
}