{
  "t_12" : 0.35643205,
  "t_21" : 0.7608622,
  "t_02" : -0.6920903,
  "t_00" : -0.3294468,
  "cx" : 515.19946,
  "t_10" : -0.9297007,
  "cy" : 385.23215,
  "t_13" : -1.3402665,
  "t_20" : -0.16468602,
  "t_23" : -3.8575718,
  "angular_velocity" : 3.4028235e+38,
  "height" : 768,
  "fy" : 715.9743,
  "t_03" : -5.9608316,
  "t_22" : -0.6276682,
  "blur_score" : 46.32147,
  "width" : 1024,
  "t_01" : -0.64224285,
  "center_depth" : 3.5180178,
  "timestamp" : 1251150486939,
  "manual_keyframe" : false,
  "fx" : 715.9743,
  "t_11" : 0.092805654
}