{
  "t_11" : 0.022444857,
  "cy" : 385.29233,
  "t_20" : -0.30241975,
  "angular_velocity" : 3.4028235e+38,
  "height" : 768,
  "t_12" : 0.30305958,
  "timestamp" : 1251330066930,
  "t_00" : -0.029852191,
  "t_01" : -0.99935764,
  "cx" : 515.0215,
  "t_23" : -7.8122516,
  "t_03" : -1.0044305,
  "blur_score" : 61.721657,
  "center_depth" : 4.519796,
  "manual_keyframe" : false,
  "fx" : 713.15686,
  "fy" : 713.15686,
  "t_10" : -0.95270723,
  "t_21" : 0.027940057,
  "t_22" : -0.95276535,
  "t_02" : -0.019830948,
  "t_13" : -1.3262813,
  "width" : 1024
}