{
  "fy" : 712.03235,
  "width" : 1024,
  "t_13" : -1.2847271,
  "t_12" : 0.1552877,
  "angular_velocity" : 3.4028235e+38,
  "timestamp" : 1251185707566,
  "t_10" : -0.9875125,
  "t_11" : 0.026547227,
  "t_23" : 0.91111374,
  "t_02" : 0.73364127,
  "t_01" : 0.6663387,
  "t_00" : 0.13327923,
  "t_03" : -2.4607573,
  "t_20" : 0.08399806,
  "blur_score" : 126.21578,
  "height" : 768,
  "t_21" : -0.7451766,
  "cx" : 515.0665,
  "fx" : 712.03235,
  "center_depth" : 3.4908776,
  "t_22" : 0.661556,
  "manual_keyframe" : false,
  "cy" : 385.17065
}