{
  "t_22" : 0.856948,
  "angular_velocity" : 3.4028235e+38,
  "fy" : 713.18695,
  "cx" : 514.66986,
  "t_02" : -0.3837715,
  "t_00" : -0.14052583,
  "t_20" : 0.31402558,
  "timestamp" : 1251165507779,
  "height" : 768,
  "blur_score" : 365.06567,
  "t_01" : 0.91267294,
  "center_depth" : 2.3871233,
  "t_21" : 0.40869066,
  "t_23" : 1.7996001,
  "width" : 1024,
  "t_13" : -1.414999,
  "manual_keyframe" : false,
  "cy" : 384.9544,
  "fx" : 713.18695,
  "t_10" : -0.9389571,
  "t_03" : -3.4856179,
  "t_11" : 9.073141e-05,
  "t_12" : 0.34403422
}