{
  "t_20" : 0.03805481,
  "cy" : 384.78574,
  "t_23" : -6.769201,
  "blur_score" : 46.104813,
  "t_10" : -0.99927557,
  "fy" : 713.5999,
  "width" : 1024,
  "t_00" : 0.0002475395,
  "angular_velocity" : 3.4028235e+38,
  "height" : 768,
  "t_13" : -1.2737104,
  "timestamp" : 1251247364436,
  "t_03" : 2.053404,
  "cx" : 515.30414,
  "fx" : 713.5999,
  "t_21" : 0.41653395,
  "t_11" : 0.016087782,
  "t_02" : -0.41684443,
  "t_22" : 0.9083234,
  "center_depth" : 2.565588,
  "t_12" : 0.03448787,
  "manual_keyframe" : false,
  "t_01" : 0.9089778
}