{
  "height" : 768,
  "t_00" : 0.16628627,
  "t_22" : 0.20911121,
  "t_12" : -0.15168856,
  "t_11" : 0.086927444,
  "t_02" : -0.96605533,
  "t_01" : 0.19770129,
  "cx" : 515.2563,
  "t_10" : -0.9845984,
  "blur_score" : 32.01066,
  "width" : 1024,
  "t_03" : -0.29210174,
  "timestamp" : 1251273854582,
  "t_20" : 0.053987708,
  "t_13" : -1.1804757,
  "t_21" : 0.9764004,
  "fy" : 713.1187,
  "fx" : 713.1187,
  "t_23" : -7.555723,
  "angular_velocity" : 3.4028235e+38,
  "cy" : 385.32083,
  "center_depth" : 2.3202085,
  "manual_keyframe" : false
}