{
  "t_23" : -1.6658634,
  "fx" : 712.6486,
  "t_00" : 0.028864712,
  "t_03" : -0.801134,
  "t_20" : 0.075832084,
  "t_02" : -0.85505116,
  "t_01" : 0.51773965,
  "t_21" : 0.85180837,
  "t_11" : 0.07980193,
  "t_13" : -1.2302585,
  "angular_velocity" : 3.4028235e+38,
  "t_10" : -0.99670273,
  "blur_score" : 96.96216,
  "t_12" : 0.014674075,
  "height" : 768,
  "manual_keyframe" : false,
  "center_depth" : 3.3512561,
  "width" : 1024,
  "t_22" : 0.51833594,
  "timestamp" : 1251110203549,
  "cx" : 515.05994,
  "cy" : 385.2847,
  "fy" : 712.6486
}