{
  "t_02" : 0.5660366,
  "cx" : 514.5833,
  "blur_score" : 44.645565,
  "center_depth" : 1.4841027,
  "cy" : 385.22714,
  "height" : 768,
  "t_01" : 0.75848156,
  "t_03" : 0.062224627,
  "timestamp" : 1251092434844,
  "fy" : 716.6033,
  "manual_keyframe" : false,
  "t_20" : 0.28214505,
  "t_23" : 0.009394169,
  "t_22" : 0.7074016,
  "width" : 1024,
  "fx" : 716.6033,
  "t_12" : 0.42330343,
  "t_10" : -0.9033746,
  "t_13" : -0.06982052,
  "t_21" : -0.64805657,
  "t_11" : 0.068763696,
  "t_00" : 0.32296807,
  "angular_velocity" : 3.4028235e+38
}