{
  "cx" : 514.95,
  "t_20" : 0.0015618798,
  "width" : 1024,
  "t_11" : -0.027506089,
  "manual_keyframe" : false,
  "t_22" : 0.05066473,
  "height" : 768,
  "fx" : 718.1549,
  "blur_score" : 45.59678,
  "fy" : 718.1549,
  "timestamp" : 1251252495863,
  "t_23" : -6.532038,
  "t_10" : -0.82286334,
  "t_00" : -0.5682372,
  "t_12" : 0.5675732,
  "cy" : 385.2839,
  "t_02" : -0.8217626,
  "t_13" : -1.4897274,
  "t_03" : 3.1068673,
  "t_01" : 0.042576652,
  "t_21" : 0.99871457,
  "angular_velocity" : 3.4028235e+38,
  "center_depth" : 2.0550082
}