{
  "t_22" : 0.39790756,
  "angular_velocity" : 3.4028235e+38,
  "t_02" : 0.8757417,
  "t_21" : -0.91614646,
  "t_03" : 0.94857645,
  "t_23" : -5.1585326,
  "timestamp" : 1251219541455,
  "t_20" : 0.04842957,
  "cy" : 385.45935,
  "t_00" : 0.27753913,
  "center_depth" : 5.3531404,
  "fy" : 712.9487,
  "cx" : 515.3763,
  "width" : 1024,
  "t_10" : -0.95949286,
  "t_13" : -1.3360109,
  "height" : 768,
  "t_01" : 0.39502996,
  "blur_score" : 57.84794,
  "manual_keyframe" : false,
  "t_11" : 0.06802311,
  "t_12" : 0.2733976,
  "fx" : 712.9487
}