{
  "t_23" : -1.1444486,
  "fx" : 712.6058,
  "t_00" : -0.2335971,
  "t_03" : -1.7090178,
  "t_20" : 0.18715128,
  "t_02" : -0.86984533,
  "t_01" : 0.43451306,
  "t_21" : 0.89796054,
  "t_13" : -1.3078961,
  "t_11" : 0.06975143,
  "angular_velocity" : 3.4028235e+38,
  "t_10" : -0.9541524,
  "blur_score" : 66.679565,
  "t_12" : 0.29108068,
  "height" : 768,
  "manual_keyframe" : false,
  "center_depth" : 4.145752,
  "width" : 1024,
  "t_22" : 0.39829797,
  "timestamp" : 1251105557375,
  "cx" : 515.16565,
  "fy" : 712.6058,
  "cy" : 384.95514
}