{
  "cy" : 385.2105,
  "cx" : 514.4482,
  "t_01" : 0.455433,
  "center_depth" : 4.209056,
  "t_12" : 0.0504697,
  "timestamp" : 1251163775889,
  "t_23" : 2.205647,
  "t_20" : 0.05680035,
  "width" : 1024,
  "t_13" : -1.2866083,
  "height" : 768,
  "t_22" : 0.45347226,
  "t_10" : -0.9980023,
  "t_21" : -0.8894586,
  "fx" : 713.9096,
  "fy" : 713.9096,
  "t_00" : 0.027658336,
  "t_02" : 0.88984025,
  "angular_velocity" : 3.4028235e+38,
  "blur_score" : 114.322914,
  "t_11" : -0.038000956,
  "manual_keyframe" : false,
  "t_03" : -3.6244342
}