{
  "t_13" : -0.7800362,
  "t_00" : 0.15008333,
  "t_22" : 0.5838582,
  "width" : 1024,
  "fx" : 713.7429,
  "angular_velocity" : 3.4028235e+38,
  "blur_score" : 60.90644,
  "height" : 768,
  "cx" : 515.00977,
  "timestamp" : 1251100694712,
  "cy" : 385.28836,
  "t_11" : 0.039523903,
  "t_01" : 0.58564085,
  "t_03" : -1.1518242,
  "t_10" : -0.98682725,
  "t_20" : 0.060389407,
  "fy" : 713.7429,
  "t_21" : -0.80960655,
  "t_23" : -0.49307394,
  "t_02" : 0.79655504,
  "center_depth" : 1.5020157,
  "t_12" : 0.15687494,
  "manual_keyframe" : false
}