{
  "cy" : 384.95148,
  "cx" : 515.20825,
  "t_01" : -0.8507186,
  "center_depth" : 0.7700046,
  "t_12" : 0.35683036,
  "timestamp" : 1251243899056,
  "t_23" : -7.0772786,
  "t_20" : -0.3009979,
  "width" : 1024,
  "t_13" : -1.3793703,
  "height" : 768,
  "t_22" : -0.7957072,
  "t_10" : -0.9341545,
  "t_21" : 0.5255953,
  "fy" : 724.64124,
  "t_00" : -0.19171755,
  "fx" : 724.64124,
  "t_02" : -0.4894101,
  "angular_velocity" : 3.4028235e+38,
  "blur_score" : 25.940228,
  "t_11" : 0.00523959,
  "manual_keyframe" : false,
  "t_03" : 0.6009976
}