{
  "blur_score" : 59.56419,
  "t_00" : -0.27883276,
  "manual_keyframe" : false,
  "fy" : 714.0748,
  "t_02" : -0.79586697,
  "t_10" : -0.9494541,
  "t_11" : -0.029852116,
  "angular_velocity" : 3.4028235e+38,
  "width" : 1024,
  "height" : 768,
  "t_03" : -0.6187612,
  "t_13" : -1.3205028,
  "cx" : 514.9883,
  "t_01" : 0.53744596,
  "t_12" : 0.31248316,
  "t_23" : -8.664112,
  "fx" : 714.0748,
  "cy" : 384.76697,
  "timestamp" : 1251226772092,
  "t_21" : 0.8427697,
  "center_depth" : 2.3381305,
  "t_22" : 0.51860404,
  "t_20" : 0.1441845
}