{
  "cx" : 514.9407,
  "t_20" : -0.12822285,
  "width" : 1024,
  "t_11" : -0.15989281,
  "manual_keyframe" : false,
  "t_22" : 0.17177755,
  "height" : 768,
  "fx" : 731.7787,
  "blur_score" : 64.307,
  "fy" : 731.7787,
  "timestamp" : 1251072717701,
  "t_23" : -1.2452334,
  "t_10" : -0.9695572,
  "t_00" : -0.20860897,
  "t_12" : 0.18545374,
  "cy" : 385.2924,
  "t_02" : -0.9675223,
  "t_13" : 0.26027304,
  "t_03" : 0.17076191,
  "t_01" : 0.14276877,
  "t_21" : 0.97675556,
  "angular_velocity" : 3.4028235e+38,
  "center_depth" : 0.960289
}