{
  "t_00" : -0.12435073,
  "t_20" : 0.05257414,
  "cx" : 515.1004,
  "t_22" : 0.4418369,
  "width" : 1024,
  "t_10" : -0.99084455,
  "t_13" : -1.2164475,
  "t_21" : 0.8955536,
  "fy" : 717.00195,
  "t_11" : -0.008313829,
  "angular_velocity" : 3.4028235e+38,
  "cy" : 384.7368,
  "t_23" : -9.565409,
  "t_12" : 0.1347517,
  "blur_score" : 76.82957,
  "t_01" : 0.44487613,
  "fx" : 717.00195,
  "center_depth" : 1.4578013,
  "height" : 768,
  "timestamp" : 1251320903681,
  "manual_keyframe" : false,
  "t_03" : -1.9560076,
  "t_02" : -0.8869173
}