{
  "cy" : 384.87094,
  "t_22" : 0.18589424,
  "t_12" : 0.11201998,
  "t_23" : -6.719267,
  "t_20" : 0.003553287,
  "blur_score" : 78.29744,
  "t_01" : 0.18509325,
  "height" : 768,
  "t_02" : 0.9761634,
  "timestamp" : 1251269589504,
  "manual_keyframe" : false,
  "angular_velocity" : 3.4028235e+38,
  "fy" : 713.16,
  "fx" : 713.16,
  "t_11" : 0.017600393,
  "width" : 1024,
  "t_10" : -0.99355006,
  "t_00" : 0.11333853,
  "cx" : 515.0345,
  "t_13" : -1.2873278,
  "t_03" : 2.3718777,
  "center_depth" : 4.319593,
  "t_21" : -0.98256344
}