{
  "t_13" : -1.2066605,
  "t_21" : 0.3651804,
  "t_11" : 0.079251535,
  "cy" : 385.22394,
  "t_00" : -0.1175943,
  "width" : 1024,
  "timestamp" : 1251144458606,
  "manual_keyframe" : false,
  "t_20" : -0.0839461,
  "cx" : 515.1549,
  "t_01" : -0.92755723,
  "center_depth" : 5.4018993,
  "t_10" : -0.98950726,
  "t_03" : -4.762374,
  "t_12" : 0.12080794,
  "t_23" : -5.181034,
  "blur_score" : 43.909832,
  "t_02" : -0.35469583,
  "fy" : 712.41833,
  "t_22" : -0.9271443,
  "fx" : 712.41833,
  "angular_velocity" : 3.4028235e+38,
  "height" : 768
}