{
  "cx" : 515.06573,
  "t_01" : -0.78948337,
  "fx" : 712.6534,
  "t_23" : 0.57832825,
  "cy" : 385.1971,
  "angular_velocity" : 3.4028235e+38,
  "t_11" : 0.03223951,
  "t_21" : 0.61292446,
  "width" : 1024,
  "timestamp" : 1251159412853,
  "t_10" : -0.96975917,
  "t_00" : -0.17314443,
  "fy" : 712.6534,
  "manual_keyframe" : false,
  "t_13" : -1.309827,
  "blur_score" : 139.52385,
  "t_03" : -4.240078,
  "t_02" : -0.5888436,
  "t_12" : 0.24192473,
  "center_depth" : 2.619803,
  "height" : 768,
  "t_20" : -0.17201157,
  "t_22" : -0.77119094
}