{
  "fy" : 717.6515,
  "angular_velocity" : 3.4028235e+38,
  "t_00" : 0.05778354,
  "blur_score" : 53.82836,
  "height" : 768,
  "manual_keyframe" : false,
  "width" : 1024,
  "fx" : 717.6515,
  "t_11" : -0.08615485,
  "t_13" : 0.19335043,
  "cy" : 384.56345,
  "cx" : 514.10315,
  "t_22" : -0.9548193,
  "t_23" : 1.8197702,
  "t_02" : 0.109213345,
  "center_depth" : 1.3167245,
  "t_10" : -0.9571754,
  "t_01" : -0.99233747,
  "t_21" : -0.08856544,
  "t_20" : 0.28368345,
  "timestamp" : 1251080744450,
  "t_12" : -0.27639213,
  "t_03" : 0.11527059
}