{
  "t_12" : -0.15345834,
  "fy" : 712.8932,
  "t_01" : -0.52733374,
  "width" : 1024,
  "t_20" : 0.118286215,
  "height" : 768,
  "timestamp" : 1251299278431,
  "manual_keyframe" : false,
  "t_02" : -0.84285,
  "t_11" : 0.044328686,
  "fx" : 712.8932,
  "t_21" : 0.84850097,
  "blur_score" : 57.31132,
  "t_23" : -10.237357,
  "t_13" : -1.1718982,
  "t_00" : 0.10734464,
  "t_10" : -0.98716027,
  "t_22" : -0.51580447,
  "cx" : 515.2879,
  "angular_velocity" : 3.4028235e+38,
  "t_03" : -4.636589,
  "center_depth" : 4.0619445,
  "cy" : 384.7518
}