{
  "fy" : 712.0164,
  "width" : 1024,
  "t_13" : -1.3165361,
  "t_12" : 0.16160077,
  "angular_velocity" : 3.4028235e+38,
  "timestamp" : 1251187988987,
  "t_10" : -0.9864976,
  "t_11" : 0.026599405,
  "t_23" : -0.46587503,
  "t_01" : 0.8420745,
  "t_00" : -0.06500485,
  "t_03" : -3.5651634,
  "t_02" : -0.5354295,
  "t_20" : 0.150322,
  "blur_score" : 97.04896,
  "height" : 768,
  "t_21" : 0.5387048,
  "cx" : 515.21216,
  "fx" : 712.0164,
  "center_depth" : 6.4708138,
  "t_22" : 0.8289755,
  "manual_keyframe" : false,
  "cy" : 385.16162
}