{
  "t_12" : 0.2896684,
  "t_21" : 0.6960236,
  "t_02" : -0.6472616,
  "t_00" : -0.27781245,
  "cx" : 515.12384,
  "t_10" : -0.9510067,
  "t_13" : -1.319654,
  "cy" : 385.0508,
  "t_20" : -0.13567054,
  "t_23" : -3.8261728,
  "angular_velocity" : 3.4028235e+38,
  "height" : 768,
  "fy" : 717.1544,
  "t_03" : -6.002776,
  "t_22" : -0.70508486,
  "blur_score" : 37.88358,
  "width" : 1024,
  "t_01" : -0.7098399,
  "center_depth" : 2.947366,
  "timestamp" : 1251150337064,
  "manual_keyframe" : false,
  "fx" : 717.1544,
  "t_11" : 0.10806698
}