{
  "fy" : 711.7782,
  "angular_velocity" : 3.4028235e+38,
  "t_00" : -0.08436856,
  "blur_score" : 62.145016,
  "height" : 768,
  "manual_keyframe" : false,
  "width" : 1024,
  "fx" : 711.7782,
  "t_11" : 0.015788719,
  "t_13" : -1.2650971,
  "cy" : 384.67932,
  "cx" : 515.0344,
  "t_22" : -0.82249886,
  "t_23" : -7.276497,
  "t_02" : -0.55432457,
  "center_depth" : 5.471384,
  "t_10" : -0.99173117,
  "t_01" : -0.8280135,
  "t_21" : 0.5604859,
  "t_20" : -0.09670205,
  "timestamp" : 1251133567620,
  "t_12" : 0.12735797,
  "t_03" : -4.032995
}