{
  "cy" : 385.1575,
  "t_00" : 0.17059408,
  "t_11" : 0.05037659,
  "t_10" : -0.984721,
  "t_01" : 0.086900234,
  "fy" : 714.3194,
  "t_12" : -0.16669334,
  "t_22" : 0.09416641,
  "center_depth" : 1.9147977,
  "width" : 1024,
  "height" : 768,
  "t_02" : -0.98150194,
  "timestamp" : 1251113767280,
  "t_03" : 0.47926763,
  "fx" : 714.3194,
  "t_23" : -2.720652,
  "manual_keyframe" : false,
  "angular_velocity" : 3.4028235e+38,
  "cx" : 515.19977,
  "t_13" : -1.1829612,
  "t_20" : 0.034959033,
  "blur_score" : 77.53875,
  "t_21" : 0.9949425
}