{
  "width" : 1024,
  "t_13" : -1.2451093,
  "t_23" : -6.878248,
  "timestamp" : 1251197782992,
  "height" : 768,
  "cy" : 385.06424,
  "manual_keyframe" : false,
  "t_00" : 0.036681723,
  "t_12" : 0.020548608,
  "t_10" : -0.9982703,
  "t_02" : 0.94989014,
  "angular_velocity" : 3.4028235e+38,
  "t_11" : 0.055083815,
  "t_03" : -0.46737254,
  "fx" : 715.72815,
  "t_20" : -0.045944784,
  "t_21" : -0.94900095,
  "t_01" : 0.3104243,
  "center_depth" : 1.6135712,
  "t_22" : 0.31190798,
  "cx" : 515.1009,
  "fy" : 715.72815,
  "blur_score" : 42.958027
}