{
  "height" : 768,
  "t_13" : -1.3857957,
  "angular_velocity" : 3.4028235e+38,
  "t_22" : -0.3356533,
  "blur_score" : 93.276474,
  "width" : 1024,
  "fx" : 714.0319,
  "fy" : 714.0319,
  "cx" : 514.9763,
  "t_20" : -0.103801005,
  "t_10" : -0.9329276,
  "t_03" : 0.35862154,
  "t_01" : -0.3504226,
  "t_12" : 0.35917166,
  "t_00" : -0.34477732,
  "t_11" : 0.025333343,
  "t_02" : -0.87082297,
  "t_21" : 0.9362491,
  "cy" : 385.0294,
  "t_23" : -5.4652963,
  "center_depth" : 3.0182767,
  "timestamp" : 1251206279771,
  "manual_keyframe" : false
}