{
  "height" : 768,
  "t_00" : 0.5946258,
  "t_22" : -0.22609158,
  "t_12" : -0.70941365,
  "t_11" : 0.14028275,
  "t_01" : -0.44811302,
  "t_02" : -0.667544,
  "t_10" : -0.6906903,
  "cx" : 514.35724,
  "blur_score" : 34.28229,
  "width" : 1024,
  "t_03" : -4.922783,
  "timestamp" : 1251287516158,
  "t_20" : 0.41154242,
  "t_13" : -1.0227432,
  "t_21" : 0.8829017,
  "fy" : 715.47876,
  "fx" : 715.47876,
  "t_23" : -12.042478,
  "angular_velocity" : 3.4028235e+38,
  "cy" : 385.6178,
  "center_depth" : 1.6710303,
  "manual_keyframe" : false
}