{
  "cy" : 385.02304,
  "t_01" : 0.8258887,
  "cx" : 515.18286,
  "center_depth" : 3.7982693,
  "t_12" : 0.11263324,
  "timestamp" : 1251220974254,
  "t_23" : -5.678176,
  "t_20" : 0.0718954,
  "width" : 1024,
  "t_13" : -1.2924662,
  "height" : 768,
  "t_22" : 0.823631,
  "t_10" : -0.9929093,
  "t_21" : -0.56255054,
  "fy" : 713.4538,
  "t_00" : 0.094668195,
  "fx" : 713.4538,
  "t_02" : 0.555829,
  "angular_velocity" : 3.4028235e+38,
  "blur_score" : 42.596165,
  "t_11" : 0.038010117,
  "manual_keyframe" : false,
  "t_03" : 0.16067517
}