{
  "t_23" : -2.89018,
  "fx" : 713.41254,
  "t_00" : 0.04513252,
  "t_03" : 1.0962818,
  "t_20" : -0.09342779,
  "t_02" : 0.7111068,
  "t_01" : -0.70163405,
  "t_21" : -0.7116769,
  "t_11" : 0.03501286,
  "t_13" : -1.2754924,
  "angular_velocity" : 3.4028235e+38,
  "t_10" : -0.99460256,
  "blur_score" : 72.57059,
  "t_12" : 0.09767188,
  "height" : 768,
  "manual_keyframe" : false,
  "center_depth" : 2.9071586,
  "width" : 1024,
  "t_22" : -0.6962668,
  "timestamp" : 1251117714028,
  "cx" : 515.4111,
  "fy" : 713.41254,
  "cy" : 385.2954
}