{
  "t_12" : 0.28364486,
  "t_01" : 0.99905014,
  "fy" : 713.7826,
  "width" : 1024,
  "t_20" : 0.28283072,
  "height" : 768,
  "timestamp" : 1251284017462,
  "manual_keyframe" : false,
  "t_02" : -0.034466162,
  "t_11" : -0.015803294,
  "fx" : 713.7826,
  "t_21" : 0.040608965,
  "blur_score" : 37.87519,
  "t_23" : -10.623975,
  "t_13" : -1.3338839,
  "t_10" : -0.9587991,
  "t_00" : -0.026662968,
  "t_22" : 0.9583099,
  "cx" : 515.25256,
  "angular_velocity" : 3.4028235e+38,
  "t_03" : -4.479954,
  "center_depth" : 2.597432,
  "cy" : 384.55472
}