{
  "t_13" : 0.36509442,
  "t_21" : -0.9901264,
  "cy" : 385.28983,
  "t_11" : 0.054581326,
  "t_00" : -0.7706423,
  "width" : 1024,
  "timestamp" : 1251082426403,
  "manual_keyframe" : false,
  "t_20" : -0.1348283,
  "cx" : 514.0662,
  "t_01" : 0.12911502,
  "center_depth" : 0.93712974,
  "t_10" : -0.6228418,
  "t_03" : 0.28740978,
  "t_12" : -0.7804416,
  "t_23" : 1.7537525,
  "blur_score" : 29.443604,
  "t_02" : 0.6240513,
  "fy" : 718.8966,
  "t_22" : 0.038355563,
  "fx" : 718.8966,
  "angular_velocity" : 3.4028235e+38,
  "height" : 768
}