{
  "height" : 768,
  "t_00" : 0.26283208,
  "t_22" : 0.4822149,
  "t_01" : 0.48420244,
  "t_11" : 0.062818326,
  "t_02" : 0.83454597,
  "t_12" : 0.26646116,
  "cx" : 515.1518,
  "t_10" : -0.9617963,
  "blur_score" : 63.978985,
  "width" : 1024,
  "t_03" : -1.2536093,
  "timestamp" : 1251278986003,
  "t_20" : 0.07659637,
  "t_13" : -1.3270005,
  "t_21" : -0.87269783,
  "fy" : 713.4745,
  "fx" : 713.4745,
  "t_23" : -8.319196,
  "angular_velocity" : 3.4028235e+38,
  "cy" : 384.82272,
  "center_depth" : 5.423603,
  "manual_keyframe" : false
}