{
  "timestamp" : 1251318437936,
  "manual_keyframe" : false,
  "t_13" : -1.1394343,
  "fy" : 721.66174,
  "t_12" : -0.28525677,
  "blur_score" : 61.553062,
  "t_20" : -0.025102293,
  "t_03" : -1.5295951,
  "angular_velocity" : 3.4028235e+38,
  "cx" : 515.151,
  "height" : 768,
  "t_02" : -0.9226156,
  "t_10" : -0.9570486,
  "t_21" : 0.96538115,
  "t_00" : 0.28883883,
  "t_01" : 0.25564167,
  "t_11" : 0.05183221,
  "t_22" : 0.25963262,
  "fx" : 721.66174,
  "t_23" : -9.898148,
  "width" : 1024,
  "cy" : 385.16333,
  "center_depth" : 1.0702101
}