{
  "t_11" : 0.017400527,
  "t_21" : 0.8640632,
  "t_02" : -0.85960156,
  "t_00" : -0.08940496,
  "cx" : 515.0924,
  "t_10" : -0.99548095,
  "t_13" : -1.2495391,
  "cy" : 385.1644,
  "t_20" : -0.032007113,
  "t_23" : -3.4991286,
  "angular_velocity" : 3.4028235e+38,
  "height" : 768,
  "fy" : 712.6058,
  "t_03" : -4.729086,
  "t_22" : -0.50236464,
  "blur_score" : 84.85567,
  "width" : 1024,
  "t_01" : -0.50308245,
  "center_depth" : 5.072054,
  "timestamp" : 1251152302099,
  "manual_keyframe" : false,
  "fx" : 712.6058,
  "t_12" : 0.09335376
}