{
  "t_21" : -0.14859131,
  "blur_score" : 67.69088,
  "t_02" : 0.1489671,
  "t_01" : 0.9888379,
  "timestamp" : 1251041909553,
  "t_03" : -0.09040096,
  "cy" : 384.84216,
  "fy" : 713.7254,
  "cx" : 515.2296,
  "t_22" : 0.9845176,
  "t_23" : 0.062271997,
  "angular_velocity" : 3.4028235e+38,
  "t_11" : 0.010971409,
  "t_10" : -0.9956634,
  "t_20" : -0.09298276,
  "width" : 1024,
  "manual_keyframe" : false,
  "t_00" : -0.0029252518,
  "t_13" : 0.09498081,
  "t_12" : -0.09237954,
  "fx" : 713.7254,
  "height" : 768,
  "center_depth" : 2.7679305
}