{
  "fy" : 712.61676,
  "width" : 1024,
  "t_00" : -0.1338445,
  "t_12" : 0.31802714,
  "t_10" : -0.94734734,
  "t_03" : -2.9017174,
  "t_21" : 0.5154125,
  "center_depth" : 4.6351995,
  "t_02" : -0.4991266,
  "t_20" : 0.29089278,
  "fx" : 712.61676,
  "angular_velocity" : 3.4028235e+38,
  "blur_score" : 86.94533,
  "timestamp" : 1251189554342,
  "manual_keyframe" : false,
  "t_01" : 0.8561299,
  "cx" : 515.1856,
  "t_22" : 0.8060592,
  "t_23" : -1.7541093,
  "height" : 768,
  "t_11" : 0.03730575,
  "t_13" : -1.3196169,
  "cy" : 385.167
}