{
  "height" : 768,
  "t_00" : -0.49461678,
  "t_22" : -0.38354516,
  "t_01" : -0.4762515,
  "t_11" : -0.015869956,
  "t_02" : -0.72700673,
  "t_12" : 0.56952125,
  "t_10" : -0.8218234,
  "cx" : 514.2192,
  "blur_score" : 54.747974,
  "width" : 1024,
  "t_03" : -3.7499177,
  "timestamp" : 1251293280673,
  "t_20" : -0.28277293,
  "t_13" : -1.4199207,
  "t_21" : 0.8791659,
  "fy" : 718.82367,
  "fx" : 718.82367,
  "t_23" : -12.586475,
  "angular_velocity" : 3.4028235e+38,
  "cy" : 385.19974,
  "center_depth" : 1.920401,
  "manual_keyframe" : false
}