{
  "t_12" : 0.41104233,
  "t_21" : 0.47910982,
  "t_00" : -0.2066559,
  "height" : 768,
  "t_13" : -1.3722731,
  "angular_velocity" : 3.4028235e+38,
  "blur_score" : 58.75011,
  "cx" : 515.2194,
  "t_02" : -0.43241915,
  "manual_keyframe" : false,
  "center_depth" : 1.9037874,
  "width" : 1024,
  "t_23" : -6.199365,
  "t_11" : 0.012113519,
  "cy" : 384.99545,
  "t_22" : -0.80253226,
  "timestamp" : 1251202981017,
  "t_01" : -0.8776714,
  "t_10" : -0.9115358,
  "fy" : 713.16956,
  "t_03" : -1.0830606,
  "t_20" : -0.35552198,
  "fx" : 713.16956
}