{
  "t_11" : -0.08164218,
  "t_13" : -1.3759224,
  "t_23" : -9.231995,
  "t_12" : 0.45208198,
  "height" : 768,
  "t_01" : 0.3775995,
  "t_03" : -0.33639824,
  "t_20" : 0.10451538,
  "angular_velocity" : 3.4028235e+38,
  "t_10" : -0.8882322,
  "fy" : 716.76526,
  "blur_score" : 66.64567,
  "t_02" : -0.8107396,
  "timestamp" : 1251227438511,
  "cy" : 385.10413,
  "cx" : 515.14,
  "center_depth" : 1.7617344,
  "t_21" : 0.92236286,
  "width" : 1024,
  "manual_keyframe" : false,
  "t_22" : 0.37191847,
  "t_00" : -0.44734782,
  "fx" : 716.76526
}