{
  "t_00" : 0.11309567,
  "center_depth" : 2.5148692,
  "t_03" : 0.34905607,
  "t_23" : -7.2361054,
  "angular_velocity" : 3.4028235e+38,
  "timestamp" : 1251272121894,
  "fy" : 714.861,
  "cx" : 515.0298,
  "blur_score" : 61.523033,
  "manual_keyframe" : false,
  "t_02" : 0.46781692,
  "t_11" : 0.031166397,
  "t_10" : -0.9832976,
  "t_13" : -1.3149459,
  "t_12" : 0.17931692,
  "fx" : 714.861,
  "t_22" : 0.86544377,
  "width" : 1024,
  "height" : 768,
  "cy" : 385.08856,
  "t_21" : -0.48028317,
  "t_01" : 0.8765597,
  "t_20" : 0.14260182
}