{
  "t_02" : 0.5874157,
  "t_22" : 0.72830486,
  "t_23" : 1.7734941,
  "blur_score" : 266.09073,
  "cx" : 515.21313,
  "t_21" : -0.6292261,
  "t_03" : -1.6873666,
  "center_depth" : 3.997663,
  "angular_velocity" : 3.4028235e+38,
  "width" : 1024,
  "cy" : 385.3459,
  "timestamp" : 1251184225474,
  "fy" : 713.4459,
  "manual_keyframe" : false,
  "t_13" : -1.3374711,
  "fx" : 713.4459,
  "t_00" : 0.22559306,
  "t_10" : -0.93566084,
  "height" : 768,
  "t_12" : 0.35286656,
  "t_11" : 0.00488833,
  "t_01" : 0.77720684,
  "t_20" : 0.27137887
}