{
  "t_11" : 0.022117518,
  "cy" : 385.35364,
  "t_20" : -0.30080378,
  "angular_velocity" : 3.4028235e+38,
  "height" : 768,
  "t_12" : 0.3733478,
  "timestamp" : 1251329233907,
  "t_00" : -0.22224952,
  "t_01" : -0.83546734,
  "cx" : 514.90765,
  "t_23" : -8.247856,
  "t_03" : -1.3939643,
  "blur_score" : 51.400875,
  "center_depth" : 3.6381986,
  "manual_keyframe" : false,
  "fx" : 713.92395,
  "fy" : 713.92395,
  "t_10" : -0.9274277,
  "t_21" : 0.54909486,
  "t_22" : -0.77975124,
  "t_02" : -0.50259286,
  "t_13" : -1.3313136,
  "width" : 1024
}