{
  "cy" : 385.4894,
  "t_23" : -5.228655,
  "angular_velocity" : 3.4028235e+38,
  "height" : 768,
  "t_03" : 0.8202678,
  "t_11" : 0.05526588,
  "t_13" : -1.3843904,
  "t_20" : 0.13303007,
  "center_depth" : 3.9536085,
  "manual_keyframe" : false,
  "fy" : 712.6073,
  "t_10" : -0.9340435,
  "t_02" : 0.7987597,
  "t_01" : 0.5021129,
  "t_21" : -0.86303437,
  "t_22" : 0.48731375,
  "blur_score" : 59.368954,
  "width" : 1024,
  "t_00" : 0.33145988,
  "t_12" : 0.35285738,
  "cx" : 515.5139,
  "fx" : 712.6073,
  "timestamp" : 1251219774702
}