{
  "t_13" : -1.3660887,
  "t_21" : -0.20448522,
  "t_11" : 0.082027875,
  "t_00" : 0.010404876,
  "cy" : 385.11972,
  "width" : 1024,
  "timestamp" : 1251143409476,
  "manual_keyframe" : false,
  "t_20" : -0.4146431,
  "cx" : 514.64966,
  "t_01" : -0.9754267,
  "center_depth" : 2.7489417,
  "t_10" : -0.9099247,
  "t_12" : 0.40658158,
  "t_03" : -4.450084,
  "t_23" : -5.139288,
  "blur_score" : 71.18662,
  "t_02" : 0.22007844,
  "fy" : 713.48083,
  "t_22" : -0.8867113,
  "fx" : 713.48083,
  "angular_velocity" : 3.4028235e+38,
  "height" : 768
}