{
  "t_22" : 0.81965256,
  "angular_velocity" : 3.4028235e+38,
  "fx" : 714.3353,
  "t_10" : -0.9336784,
  "t_00" : 0.19230741,
  "t_11" : 0.022379614,
  "cy" : 385.1416,
  "t_03" : 0.36586818,
  "t_02" : 0.44768962,
  "t_12" : 0.35741267,
  "t_13" : -0.05909724,
  "t_21" : -0.4867313,
  "t_23" : -0.15871884,
  "width" : 1024,
  "height" : 768,
  "fy" : 714.3353,
  "t_01" : 0.8732651,
  "t_20" : 0.30209684,
  "center_depth" : 2.334113,
  "blur_score" : 80.9577,
  "manual_keyframe" : false,
  "timestamp" : 1251065440329,
  "cx" : 515.0789
}