{
  "t_11" : 0.14662461,
  "t_13" : -1.0784807,
  "angular_velocity" : 3.4028235e+38,
  "t_23" : -10.504066,
  "t_20" : 0.26286164,
  "t_21" : 0.71057296,
  "blur_score" : 67.489716,
  "timestamp" : 1251311807082,
  "manual_keyframe" : false,
  "fx" : 719.4065,
  "width" : 1024,
  "t_12" : -0.22802962,
  "t_22" : -0.65267897,
  "height" : 768,
  "t_03" : -1.4848685,
  "t_01" : -0.6881768,
  "fy" : 719.4065,
  "t_00" : 0.06633288,
  "cx" : 515.04443,
  "t_10" : -0.96255064,
  "cy" : 385.16348,
  "t_02" : -0.7225045,
  "center_depth" : 1.0666035
}