{
  "t_12" : -0.016962664,
  "t_21" : 0.93870896,
  "t_00" : 0.004052973,
  "height" : 768,
  "t_13" : -1.2440578,
  "angular_velocity" : 3.4028235e+38,
  "blur_score" : 64.91583,
  "cx" : 515.04376,
  "t_02" : -0.9393396,
  "manual_keyframe" : false,
  "center_depth" : 4.1067247,
  "width" : 1024,
  "t_23" : -5.9541216,
  "t_11" : 0.03465007,
  "cy" : 385.36447,
  "t_22" : -0.34256884,
  "timestamp" : 1251204580413,
  "t_01" : -0.34296462,
  "fy" : 712.9217,
  "t_10" : -0.99925554,
  "t_03" : -0.60395914,
  "t_20" : 0.03836577,
  "fx" : 712.9217
}