{
  "t_11" : 0.07081342,
  "t_21" : -0.6967463,
  "t_13" : -1.2258146,
  "fx" : 715.85205,
  "t_12" : -0.043328747,
  "t_10" : -0.99654806,
  "t_23" : -4.7026896,
  "angular_velocity" : 3.4028235e+38,
  "t_00" : 0.020285696,
  "blur_score" : 55.76097,
  "t_01" : 0.71381396,
  "t_20" : -0.080501,
  "width" : 1024,
  "center_depth" : 2.314882,
  "height" : 768,
  "t_22" : 0.71278644,
  "timestamp" : 1251215709556,
  "t_02" : 0.70004165,
  "t_03" : 1.5186766,
  "fy" : 715.85205,
  "cx" : 515.091,
  "cy" : 385.2417,
  "manual_keyframe" : false
}