{
  "fy" : 715.99817,
  "cx" : 515.0467,
  "t_13" : 0.011344805,
  "t_01" : -0.25964963,
  "t_21" : -0.96536815,
  "t_22" : -0.22576375,
  "width" : 1024,
  "t_20" : -0.13074818,
  "timestamp" : 1251061327029,
  "t_23" : 0.34725922,
  "blur_score" : 72.183075,
  "height" : 768,
  "center_depth" : 2.2331886,
  "t_02" : 0.88025,
  "cy" : 384.82452,
  "t_00" : 0.3971676,
  "t_10" : -0.9083847,
  "t_11" : 0.025425022,
  "t_03" : 0.25985107,
  "angular_velocity" : 3.4028235e+38,
  "fx" : 715.99817,
  "manual_keyframe" : false,
  "t_12" : 0.41736165
}