{
  "t_11" : -0.01855339,
  "t_21" : 0.24941458,
  "t_13" : 0.0111710485,
  "fx" : 714.85944,
  "t_12" : 0.17543767,
  "t_10" : -0.9843157,
  "t_23" : 0.4195354,
  "angular_velocity" : 3.4028235e+38,
  "t_00" : -0.0260837,
  "blur_score" : 42.75065,
  "t_01" : -0.96821904,
  "t_20" : -0.17447709,
  "width" : 1024,
  "center_depth" : 1.8566595,
  "height" : 768,
  "t_22" : -0.9525493,
  "timestamp" : 1251077247320,
  "t_03" : 0.059540343,
  "t_02" : -0.24873984,
  "fy" : 714.85944,
  "cx" : 514.7447,
  "cy" : 385.016,
  "manual_keyframe" : false
}