{
  "t_22" : 0.42903838,
  "blur_score" : 48.22911,
  "t_13" : -0.0022423267,
  "center_depth" : 2.3545244,
  "height" : 768,
  "t_01" : 0.42732596,
  "cy" : 385.3029,
  "angular_velocity" : 3.4028235e+38,
  "fx" : 713.18066,
  "t_02" : 0.88842154,
  "width" : 1024,
  "manual_keyframe" : false,
  "t_23" : -0.043292284,
  "timestamp" : 1251098063545,
  "t_03" : -0.4471897,
  "t_20" : 0.027732851,
  "t_00" : 0.16762976,
  "t_11" : 0.04728113,
  "t_12" : 0.16319725,
  "cx" : 514.9378,
  "fy" : 713.18066,
  "t_10" : -0.98545986,
  "t_21" : -0.90286046
}