{
  "t_00" : -0.5490334,
  "t_20" : 0.23919226,
  "cx" : 514.62494,
  "t_22" : 0.31050918,
  "width" : 1024,
  "t_10" : -0.80084294,
  "t_13" : -1.4308673,
  "t_21" : 0.91998434,
  "t_11" : 0.006096901,
  "fy" : 715.4693,
  "angular_velocity" : 3.4028235e+38,
  "cy" : 385.00098,
  "t_23" : -9.190916,
  "t_12" : 0.59884346,
  "blur_score" : 47.74405,
  "t_01" : 0.39190784,
  "fx" : 715.4693,
  "center_depth" : 1.6629082,
  "height" : 768,
  "timestamp" : 1251325135434,
  "manual_keyframe" : false,
  "t_03" : -2.5414124,
  "t_02" : -0.73822135
}