{
  "cy" : 384.94452,
  "cx" : 515.05853,
  "t_01" : 0.013233008,
  "center_depth" : 2.7566242,
  "t_12" : -0.33305305,
  "timestamp" : 1251236401842,
  "t_23" : -7.995859,
  "t_20" : -0.036738664,
  "width" : 1024,
  "t_13" : -1.0506294,
  "height" : 768,
  "t_22" : 0.0010581752,
  "t_10" : -0.94228446,
  "t_21" : -0.9993244,
  "fy" : 713.7969,
  "t_00" : -0.33279175,
  "fx" : 713.7969,
  "t_02" : 0.9429075,
  "angular_velocity" : 3.4028235e+38,
  "blur_score" : 57.543343,
  "t_11" : 0.03428901,
  "manual_keyframe" : false,
  "t_03" : 0.99109966
}