{
  "t_13" : -1.3240542,
  "t_21" : 0.29704136,
  "t_11" : 0.087343104,
  "t_00" : -0.010787144,
  "cy" : 384.85312,
  "width" : 1024,
  "timestamp" : 1251112451697,
  "manual_keyframe" : false,
  "t_20" : 0.31371248,
  "cx" : 515.1896,
  "t_01" : 0.95086163,
  "center_depth" : 1.8882508,
  "t_10" : -0.94945675,
  "t_03" : 0.18961912,
  "t_12" : 0.30150136,
  "t_23" : -2.296743,
  "blur_score" : 78.18641,
  "t_02" : -0.30942857,
  "fy" : 714.07,
  "t_22" : 0.90185976,
  "fx" : 714.07,
  "angular_velocity" : 3.4028235e+38,
  "height" : 768
}