{
  "cx" : 514.8301,
  "t_20" : 0.17948568,
  "width" : 1024,
  "t_11" : -0.036876973,
  "manual_keyframe" : false,
  "t_22" : 0.9616602,
  "height" : 768,
  "fx" : 716.55884,
  "blur_score" : 59.9368,
  "fy" : 716.55884,
  "timestamp" : 1251067005714,
  "t_23" : -0.54013664,
  "t_10" : -0.9808919,
  "t_00" : -0.075072736,
  "t_12" : 0.19102648,
  "cy" : 384.7522,
  "t_02" : -0.19677052,
  "t_13" : -0.33186504,
  "t_03" : 0.35427865,
  "t_01" : 0.9775713,
  "t_21" : 0.20735152,
  "angular_velocity" : 3.4028235e+38,
  "center_depth" : 2.066278
}