{
  "fy" : 715.9965,
  "width" : 1024,
  "t_00" : -0.2403958,
  "t_12" : 0.3285272,
  "t_03" : 0.12330959,
  "t_10" : -0.94432193,
  "t_21" : 0.694157,
  "center_depth" : 2.1734993,
  "t_02" : -0.65145206,
  "t_20" : 0.22464617,
  "fx" : 715.9965,
  "angular_velocity" : 3.4028235e+38,
  "blur_score" : 65.93763,
  "timestamp" : 1251068587752,
  "manual_keyframe" : false,
  "t_01" : 0.7195972,
  "cx" : 514.9383,
  "t_22" : 0.6838715,
  "t_23" : -0.7826226,
  "height" : 768,
  "t_11" : -0.018053617,
  "t_13" : -0.10451608,
  "cy" : 384.55432
}