{
  "fy" : 713.1632,
  "angular_velocity" : 3.4028235e+38,
  "t_00" : -0.064469114,
  "blur_score" : 66.92022,
  "height" : 768,
  "manual_keyframe" : false,
  "width" : 1024,
  "fx" : 713.1632,
  "t_11" : 0.054949414,
  "t_13" : -1.2261077,
  "cy" : 385.17212,
  "cx" : 515.151,
  "t_22" : -0.9790714,
  "t_23" : -7.2862473,
  "t_02" : -0.19634312,
  "center_depth" : 6.584166,
  "t_10" : -0.99705166,
  "t_01" : -0.97841346,
  "t_21" : 0.19921707,
  "t_20" : -0.041613143,
  "timestamp" : 1251132968116,
  "t_12" : 0.05355821,
  "t_03" : -4.283694
}