{
  "cy" : 384.9934,
  "t_00" : 0.037690185,
  "t_11" : 0.05768197,
  "t_10" : -0.8602705,
  "t_01" : 0.9980558,
  "fy" : 714.88007,
  "t_12" : -0.5065643,
  "t_22" : 0.86077213,
  "center_depth" : 1.2899054,
  "width" : 1024,
  "height" : 768,
  "t_02" : 0.049640425,
  "timestamp" : 1251162210525,
  "t_03" : -3.4962642,
  "fx" : 714.88007,
  "t_23" : 1.8293781,
  "manual_keyframe" : false,
  "angular_velocity" : 3.4028235e+38,
  "cx" : 514.7759,
  "t_13" : -1.1287084,
  "t_20" : -0.5084428,
  "blur_score" : 86.81511,
  "t_21" : -0.023611668
}