{
  "fy" : 715.17065,
  "t_00" : 0.049675513,
  "fx" : 715.17065,
  "t_10" : -0.9485748,
  "t_20" : 0.31263116,
  "center_depth" : 1.6813108,
  "t_21" : -0.14951463,
  "t_12" : 0.31654328,
  "cx" : 514.62506,
  "width" : 1024,
  "height" : 768,
  "timestamp" : 1251181461122,
  "angular_velocity" : 3.4028235e+38,
  "cy" : 384.74518,
  "t_01" : 0.9887564,
  "t_11" : 0.002502748,
  "t_13" : -1.3306669,
  "t_23" : 1.9514576,
  "blur_score" : 67.53947,
  "t_02" : 0.14104338,
  "t_03" : -0.90987,
  "t_22" : 0.9380337,
  "manual_keyframe" : false
}