{
  "t_22" : 0.6254759,
  "angular_velocity" : 3.4028235e+38,
  "fy" : 713.47766,
  "cx" : 515.0116,
  "t_02" : -0.7747897,
  "t_00" : -0.075790145,
  "t_20" : 0.052723363,
  "timestamp" : 1251166190544,
  "height" : 768,
  "blur_score" : 472.78397,
  "t_01" : 0.6276599,
  "center_depth" : 2.2102232,
  "t_21" : 0.77846026,
  "t_23" : 1.5142093,
  "width" : 1024,
  "t_13" : -1.2928402,
  "manual_keyframe" : false,
  "cy" : 384.8502,
  "fx" : 713.47766,
  "t_10" : -0.9957289,
  "t_03" : -3.5790422,
  "t_11" : -0.00655539,
  "t_12" : 0.09209194
}