{
  "cy" : 385.009,
  "t_23" : -7.0328517,
  "angular_velocity" : 3.4028235e+38,
  "height" : 768,
  "t_03" : 0.92860156,
  "t_11" : -0.0006335529,
  "t_13" : -1.3721942,
  "t_20" : -0.130869,
  "center_depth" : 2.3972716,
  "manual_keyframe" : false,
  "t_10" : -0.9527389,
  "fy" : 714.4686,
  "t_02" : -0.86069924,
  "t_01" : -0.42899302,
  "t_21" : 0.90330756,
  "t_22" : -0.40854466,
  "blur_score" : 38.06178,
  "width" : 1024,
  "t_00" : -0.2741568,
  "t_12" : 0.30378982,
  "cx" : 514.97864,
  "fx" : 714.4686,
  "timestamp" : 1251244998648
}