{
  "t_13" : -1.2971783,
  "t_21" : 0.057644907,
  "t_11" : 0.07570179,
  "t_00" : -0.0873634,
  "cy" : 385.099,
  "width" : 1024,
  "timestamp" : 1251143775838,
  "manual_keyframe" : false,
  "t_20" : -0.2384883,
  "cx" : 514.82336,
  "t_01" : -0.9954628,
  "center_depth" : 3.339374,
  "t_10" : -0.96720773,
  "t_12" : 0.2424423,
  "t_03" : -4.598754,
  "t_23" : -5.217054,
  "blur_score" : 51.514862,
  "t_02" : -0.037700634,
  "fy" : 713.1981,
  "t_22" : -0.969433,
  "fx" : 713.1981,
  "angular_velocity" : 3.4028235e+38,
  "height" : 768
}