{
  "t_11" : 0.05977874,
  "t_21" : 0.87561315,
  "t_02" : -0.8467372,
  "t_00" : -0.23088536,
  "cx" : 514.931,
  "t_10" : -0.971124,
  "t_13" : -1.3162446,
  "cy" : 385.2344,
  "t_20" : -0.060084414,
  "t_23" : -3.328246,
  "angular_velocity" : 3.4028235e+38,
  "height" : 768,
  "fy" : 712.32623,
  "t_03" : -4.399516,
  "t_22" : -0.47926143,
  "blur_score" : 71.198006,
  "width" : 1024,
  "t_01" : -0.4792996,
  "center_depth" : 4.8765016,
  "timestamp" : 1251152651808,
  "manual_keyframe" : false,
  "fx" : 712.32623,
  "t_12" : 0.2309647
}