{
  "t_21" : -0.8975108,
  "blur_score" : 50.711124,
  "t_01" : 0.4381651,
  "t_02" : 0.89307976,
  "timestamp" : 1251094150099,
  "fy" : 713.16156,
  "cy" : 384.99805,
  "cx" : 515.15533,
  "t_03" : 0.0136197,
  "t_22" : 0.4283622,
  "t_23" : 0.111543484,
  "angular_velocity" : 3.4028235e+38,
  "t_11" : 0.049855847,
  "t_10" : -0.9892421,
  "t_20" : -0.104786165,
  "width" : 1024,
  "manual_keyframe" : false,
  "t_00" : -0.10207846,
  "t_13" : 0.11713794,
  "t_12" : -0.13753015,
  "fx" : 713.16156,
  "height" : 768,
  "center_depth" : 2.9722047
}