{
  "t_11" : 0.028704984,
  "cy" : 385.31708,
  "t_20" : -0.28638798,
  "angular_velocity" : 3.4028235e+38,
  "height" : 768,
  "t_12" : 0.3835618,
  "timestamp" : 1251329033981,
  "t_00" : -0.25675967,
  "t_01" : -0.7884813,
  "cx" : 514.7877,
  "t_23" : -8.365337,
  "t_03" : -1.5193756,
  "blur_score" : 41.89177,
  "center_depth" : 3.4019332,
  "manual_keyframe" : false,
  "fx" : 714.3258,
  "fy" : 714.3258,
  "t_10" : -0.923069,
  "t_21" : 0.6143886,
  "t_22" : -0.7351929,
  "t_02" : -0.5589023,
  "t_13" : -1.3453933,
  "width" : 1024
}