{
  "t_13" : -1.248431,
  "t_21" : -0.8880548,
  "t_11" : 0.021079406,
  "t_00" : 0.06720731,
  "cy" : 385.32297,
  "width" : 1024,
  "timestamp" : 1251123492599,
  "manual_keyframe" : false,
  "t_20" : 0.01107453,
  "cx" : 515.0585,
  "t_01" : 0.45925424,
  "center_depth" : 5.318523,
  "t_10" : -0.99767756,
  "t_03" : -0.63113594,
  "t_12" : 0.06476979,
  "t_23" : -4.0826297,
  "blur_score" : 214.29617,
  "fy" : 711.729,
  "t_02" : 0.88575894,
  "t_22" : 0.45960435,
  "fx" : 711.729,
  "angular_velocity" : 3.4028235e+38,
  "height" : 768
}