{
  "cy" : 384.74594,
  "t_23" : -8.84432,
  "angular_velocity" : 3.4028235e+38,
  "height" : 768,
  "t_11" : -0.019036844,
  "t_03" : 1.7748868,
  "t_13" : -1.1609421,
  "t_20" : 0.21975061,
  "center_depth" : 2.6888468,
  "manual_keyframe" : false,
  "fy" : 712.6359,
  "t_10" : -0.95929104,
  "t_02" : 0.65364707,
  "t_01" : -0.7357141,
  "t_21" : -0.6770247,
  "t_22" : -0.7023869,
  "blur_score" : 61.569603,
  "width" : 1024,
  "t_00" : -0.17739873,
  "t_12" : -0.28177693,
  "cx" : 515.33264,
  "fx" : 712.6359,
  "timestamp" : 1251233669525
}