{
  "t_21" : 0.8994286,
  "blur_score" : 74.8029,
  "t_02" : -0.8459843,
  "t_01" : 0.4361118,
  "timestamp" : 1251051584994,
  "fy" : 713.7603,
  "t_03" : -0.31691086,
  "cx" : 515.2133,
  "cy" : 385.13525,
  "t_22" : 0.3988283,
  "t_23" : -0.022782542,
  "angular_velocity" : 3.4028235e+38,
  "t_10" : -0.93483603,
  "t_11" : 0.028895587,
  "t_20" : 0.17878607,
  "width" : 1024,
  "manual_keyframe" : false,
  "t_00" : -0.3067852,
  "t_13" : 0.04517343,
  "t_12" : 0.35390207,
  "fx" : 713.7603,
  "height" : 768,
  "center_depth" : 2.7474215
}