{
  "t_11" : 0.06327169,
  "t_21" : -0.20282009,
  "t_02" : 0.19124718,
  "t_00" : -0.092540815,
  "cx" : 515.20123,
  "cy" : 384.93277,
  "t_10" : -0.98606575,
  "t_13" : -1.1912432,
  "t_20" : 0.13824096,
  "t_23" : -3.8097773,
  "angular_velocity" : 3.4028235e+38,
  "height" : 768,
  "fy" : 716.003,
  "t_03" : -6.075362,
  "t_22" : -0.96940887,
  "blur_score" : 42.481636,
  "width" : 1024,
  "t_01" : -0.9771698,
  "center_depth" : 1.4152215,
  "timestamp" : 1251149537727,
  "manual_keyframe" : false,
  "fx" : 716.003,
  "t_12" : -0.15385401
}