{
  "manual_keyframe" : false,
  "t_20" : 0.028366994,
  "timestamp" : 1251075681937,
  "t_01" : -0.07331993,
  "t_10" : -0.9788574,
  "t_12" : 0.19974516,
  "cy" : 385.52695,
  "fx" : 714.0082,
  "t_13" : -0.059873834,
  "t_00" : -0.20256734,
  "height" : 768,
  "t_11" : 0.044046525,
  "t_23" : 0.20511043,
  "blur_score" : 93.47592,
  "width" : 1024,
  "fy" : 714.0082,
  "angular_velocity" : 3.4028235e+38,
  "t_21" : 0.9963353,
  "t_22" : -0.08069216,
  "center_depth" : 1.8989189,
  "cx" : 515.54626,
  "t_03" : -0.115892224,
  "t_02" : -0.97651976
}