{
  "fy" : 714.00494,
  "t_01" : -0.98934877,
  "t_00" : 0.015061164,
  "t_21" : 0.14244755,
  "blur_score" : 97.83846,
  "fx" : 714.00494,
  "t_11" : -0.029962502,
  "t_22" : -0.9842644,
  "cy" : 385.1915,
  "center_depth" : 2.5218244,
  "timestamp" : 1251170137253,
  "t_10" : -0.9944047,
  "cx" : 515.02466,
  "t_02" : -0.14478338,
  "t_20" : -0.104558535,
  "angular_velocity" : 3.4028235e+38,
  "t_13" : -1.2854817,
  "t_12" : 0.101299435,
  "width" : 1024,
  "t_23" : 1.5921617,
  "height" : 768,
  "manual_keyframe" : false,
  "t_03" : -1.7295556
}