{
  "t_13" : -1.3491875,
  "t_21" : -0.9907869,
  "t_11" : 0.08084794,
  "t_00" : 0.24540123,
  "cy" : 385.34708,
  "width" : 1024,
  "timestamp" : 1251125890622,
  "manual_keyframe" : false,
  "t_20" : -0.10554518,
  "cx" : 515.06274,
  "t_01" : -0.10865041,
  "center_depth" : 3.710819,
  "t_10" : -0.96365887,
  "t_03" : -1.6121006,
  "t_12" : 0.25460786,
  "t_23" : -5.347832,
  "blur_score" : 196.6883,
  "fy" : 712.36273,
  "t_02" : 0.9633137,
  "t_22" : -0.084861726,
  "fx" : 712.36273,
  "angular_velocity" : 3.4028235e+38,
  "height" : 768
}