{
  "t_13" : -1.2203318,
  "manual_keyframe" : false,
  "fx" : 715.4518,
  "cy" : 384.97733,
  "t_01" : -0.6164226,
  "t_03" : -1.5305952,
  "t_23" : 2.2608032,
  "fy" : 715.4518,
  "t_02" : 0.7813117,
  "cx" : 515.1076,
  "t_21" : -0.7871915,
  "t_10" : -0.99379265,
  "t_22" : -0.61443347,
  "angular_velocity" : 3.4028235e+38,
  "t_00" : -0.097852364,
  "blur_score" : 57.62828,
  "center_depth" : 1.6882199,
  "width" : 1024,
  "t_12" : -0.1096518,
  "height" : 768,
  "t_11" : 0.01877402,
  "timestamp" : 1251172035669,
  "t_20" : 0.052923493
}