{
  "fy" : 718.4806,
  "width" : 1024,
  "t_00" : -0.26852867,
  "t_12" : 0.3333394,
  "t_03" : 0.047667973,
  "t_10" : -0.9413042,
  "t_21" : 0.69564563,
  "center_depth" : 0.79574585,
  "t_02" : -0.64393044,
  "t_20" : 0.2045452,
  "fx" : 718.4806,
  "angular_velocity" : 3.4028235e+38,
  "blur_score" : 51.12498,
  "timestamp" : 1251068770935,
  "manual_keyframe" : false,
  "t_01" : 0.71641195,
  "cx" : 514.9315,
  "t_22" : 0.6886498,
  "t_23" : -0.876383,
  "height" : 768,
  "t_11" : -0.053209316,
  "t_13" : -0.06628298,
  "cy" : 384.61865
}