{
  "cy" : 384.84558,
  "t_01" : -0.31568247,
  "cx" : 515.0873,
  "center_depth" : 0.8335202,
  "t_12" : -0.2891135,
  "timestamp" : 1251175049819,
  "t_23" : 3.107182,
  "t_20" : 0.15494223,
  "width" : 1024,
  "t_13" : -1.1745162,
  "height" : 768,
  "t_22" : -0.28372276,
  "t_10" : -0.95475817,
  "t_21" : 0.9463057,
  "fy" : 718.5266,
  "t_00" : 0.25383022,
  "fx" : 718.5266,
  "t_02" : -0.9142838,
  "angular_velocity" : 3.4028235e+38,
  "blur_score" : 116.09743,
  "t_11" : 0.06964375,
  "manual_keyframe" : false,
  "t_03" : -2.0002189
}