{
  "t_11" : 0.0048815864,
  "t_13" : -1.4566071,
  "angular_velocity" : 3.4028235e+38,
  "t_23" : -10.346146,
  "t_20" : 0.2452009,
  "t_21" : 0.91079974,
  "blur_score" : 57.222576,
  "timestamp" : 1251307641971,
  "manual_keyframe" : false,
  "fx" : 723.0593,
  "width" : 1024,
  "t_12" : 0.58521897,
  "t_22" : 0.33214512,
  "height" : 768,
  "t_03" : -1.4826026,
  "t_00" : -0.5313958,
  "t_01" : 0.41281965,
  "fy" : 723.0593,
  "cx" : 514.9427,
  "t_10" : -0.81086063,
  "cy" : 385.0531,
  "t_02" : -0.7397286,
  "center_depth" : 1.106979
}