{
  "cy" : 385.03177,
  "t_23" : -9.981663,
  "angular_velocity" : 3.4028235e+38,
  "height" : 768,
  "t_03" : 0.6425882,
  "t_11" : -0.05413242,
  "t_13" : -1.2428582,
  "t_20" : -0.17481504,
  "center_depth" : 2.439177,
  "manual_keyframe" : false,
  "fy" : 715.1675,
  "t_10" : -0.9837795,
  "t_02" : -0.5043768,
  "t_01" : -0.86254656,
  "t_21" : 0.5030737,
  "t_22" : -0.8463785,
  "blur_score" : 50.522385,
  "width" : 1024,
  "t_00" : -0.040218685,
  "t_12" : 0.17101906,
  "cx" : 515.2746,
  "fx" : 715.1675,
  "timestamp" : 1251229870938
}