{
  "t_13" : -1.0736792,
  "t_00" : -0.2904162,
  "t_22" : 0.103807546,
  "width" : 1024,
  "fx" : 714.9769,
  "angular_velocity" : 3.4028235e+38,
  "blur_score" : 40.14319,
  "height" : 768,
  "cx" : 514.9934,
  "timestamp" : 1251235968669,
  "cy" : 385.21707,
  "t_11" : 0.006793183,
  "t_01" : 0.11063613,
  "t_03" : 1.2194768,
  "t_10" : -0.95611084,
  "t_20" : -0.03886506,
  "fy" : 714.9769,
  "t_21" : -0.99383783,
  "t_23" : -8.128849,
  "t_02" : 0.95048314,
  "center_depth" : 2.7711074,
  "t_12" : -0.2929265,
  "manual_keyframe" : false
}