{
  "cx" : 514.8828,
  "t_20" : -0.19129053,
  "width" : 1024,
  "t_11" : 0.02871404,
  "manual_keyframe" : false,
  "t_22" : -0.5907949,
  "height" : 768,
  "fx" : 715.51056,
  "blur_score" : 69.37828,
  "fy" : 715.51056,
  "timestamp" : 1251172501947,
  "t_23" : 2.2832696,
  "t_10" : -0.96151996,
  "t_00" : 0.19719858,
  "t_12" : 0.2732304,
  "cy" : 385.03668,
  "t_02" : 0.75914854,
  "t_13" : -1.3023418,
  "t_03" : -1.4201844,
  "t_01" : -0.62032753,
  "t_21" : -0.7838172,
  "angular_velocity" : 3.4028235e+38,
  "center_depth" : 1.7757249
}