{
  "t_22" : -0.4753803,
  "angular_velocity" : 3.4028235e+38,
  "fy" : 712.3913,
  "cx" : 515.2344,
  "t_02" : 0.83600485,
  "t_00" : 0.24061127,
  "t_20" : -0.13129042,
  "timestamp" : 1251138530182,
  "height" : 768,
  "blur_score" : 115.44816,
  "t_01" : -0.49315542,
  "center_depth" : 4.4847946,
  "t_21" : -0.869929,
  "t_23" : -5.2563777,
  "width" : 1024,
  "t_13" : -1.3273132,
  "manual_keyframe" : false,
  "cy" : 384.94092,
  "fx" : 712.3913,
  "t_10" : -0.9617011,
  "t_03" : -1.4773154,
  "t_11" : -0.0046224277,
  "t_12" : 0.2740613
}