{
  "t_13" : -1.2630138,
  "t_21" : -0.97218263,
  "t_11" : 0.047425915,
  "t_00" : 0.07590803,
  "cy" : 384.81644,
  "width" : 1024,
  "timestamp" : 1251122659952,
  "manual_keyframe" : false,
  "t_20" : -0.03070967,
  "cx" : 515.2742,
  "t_01" : 0.22937289,
  "center_depth" : 5.8361387,
  "t_10" : -0.9966418,
  "t_03" : -0.07289529,
  "t_12" : 0.066752486,
  "t_23" : -3.7136183,
  "blur_score" : 209.94754,
  "fy" : 712.32776,
  "t_02" : 0.9703742,
  "t_22" : 0.23220262,
  "fx" : 712.32776,
  "angular_velocity" : 3.4028235e+38,
  "height" : 768
}