{
  "cy" : 384.90155,
  "t_02" : 0.84115136,
  "t_12" : 0.098620184,
  "t_03" : -0.124497,
  "t_01" : 0.5292943,
  "fy" : 712.87573,
  "center_depth" : 2.6419168,
  "width" : 1024,
  "t_00" : 0.110958986,
  "blur_score" : 37.220287,
  "fx" : 712.87573,
  "t_22" : 0.5317316,
  "t_20" : 0.008790284,
  "t_11" : 0.051606435,
  "t_13" : 0.06452862,
  "cx" : 515.0486,
  "angular_velocity" : 3.4028235e+38,
  "t_21" : -0.8468673,
  "manual_keyframe" : false,
  "t_23" : 0.02371568,
  "timestamp" : 1251097230896,
  "height" : 768,
  "t_10" : -0.99378616
}