{
  "cx" : 514.8756,
  "t_20" : 0.06570207,
  "width" : 1024,
  "t_11" : 0.025999513,
  "manual_keyframe" : false,
  "t_22" : 0.68662447,
  "height" : 768,
  "fx" : 715.4375,
  "blur_score" : 40.103188,
  "fy" : 715.4375,
  "timestamp" : 1251093067656,
  "t_23" : 0.036151137,
  "t_10" : -0.992146,
  "t_00" : 0.10644016,
  "t_12" : 0.12235315,
  "cy" : 385.10895,
  "t_02" : 0.7166427,
  "t_13" : 0.030164404,
  "t_03" : 0.003906916,
  "t_01" : 0.68927056,
  "t_21" : -0.72403735,
  "angular_velocity" : 3.4028235e+38,
  "center_depth" : 2.4249609
}