{
  "t_21" : 0.2571365,
  "t_01" : -0.96634495,
  "cx" : 515.2221,
  "angular_velocity" : 3.4028235e+38,
  "t_23" : 1.3403282,
  "t_22" : -0.96620667,
  "t_20" : -0.018042365,
  "fy" : 714.01605,
  "fx" : 714.01605,
  "t_03" : -1.8307328,
  "t_11" : -0.0076308274,
  "t_12" : 0.016639477,
  "manual_keyframe" : false,
  "t_00" : 0.0030943383,
  "t_10" : -0.9998324,
  "blur_score" : 107.25324,
  "width" : 1024,
  "t_02" : -0.25723112,
  "t_13" : -1.2561519,
  "center_depth" : 2.502098,
  "height" : 768,
  "cy" : 385.2433,
  "timestamp" : 1251169687628
}