{
  "t_22" : 0.8370457,
  "angular_velocity" : 3.4028235e+38,
  "t_10" : -0.9468614,
  "t_11" : 0.009402002,
  "t_00" : 0.1590824,
  "fx" : 714.6021,
  "cy" : 385.2613,
  "t_03" : 0.3287737,
  "t_13" : -0.0067631323,
  "t_12" : 0.32150456,
  "t_02" : 0.4427068,
  "t_21" : -0.4703277,
  "t_23" : 0.1262134,
  "width" : 1024,
  "height" : 768,
  "fy" : 714.6021,
  "t_01" : 0.8824418,
  "t_20" : 0.27954668,
  "center_depth" : 1.4398047,
  "blur_score" : 82.32492,
  "manual_keyframe" : false,
  "timestamp" : 1251065073962,
  "cx" : 514.8353
}