{
  "width" : 1024,
  "fx" : 714.58624,
  "angular_velocity" : 3.4028235e+38,
  "cx" : 515.1377,
  "t_12" : 0.14883848,
  "t_11" : 0.036459062,
  "t_02" : -0.45344943,
  "t_23" : -0.119082466,
  "height" : 768,
  "manual_keyframe" : false,
  "t_10" : -0.98818916,
  "t_22" : 0.8787666,
  "t_20" : 0.14908446,
  "t_13" : 0.10770735,
  "t_01" : 0.8905772,
  "timestamp" : 1251048554135,
  "center_depth" : 1.252266,
  "blur_score" : 79.58937,
  "cy" : 385.0411,
  "t_03" : -0.24262792,
  "fy" : 714.58624,
  "t_21" : 0.4533686,
  "t_00" : -0.035439674
}