{
  "cy" : 385.2586,
  "t_01" : -0.54579437,
  "cx" : 515.2846,
  "center_depth" : 4.0511417,
  "t_12" : -0.009971341,
  "timestamp" : 1251118113699,
  "t_23" : -2.9243698,
  "t_20" : -0.0444314,
  "width" : 1024,
  "t_13" : -1.2247607,
  "height" : 768,
  "t_22" : -0.5472372,
  "t_10" : -0.998173,
  "t_21" : -0.8357975,
  "fy" : 712.8344,
  "fx" : 712.8344,
  "t_00" : -0.040945027,
  "t_02" : 0.8369182,
  "angular_velocity" : 3.4028235e+38,
  "blur_score" : 74.21056,
  "t_11" : 0.059592087,
  "manual_keyframe" : false,
  "t_03" : 0.9232234
}