{
  "cy" : 385.03055,
  "t_00" : 0.090527266,
  "t_11" : -0.06244616,
  "t_10" : -0.99335456,
  "t_01" : -0.9426488,
  "fy" : 715.20087,
  "t_12" : 0.09667995,
  "t_22" : -0.94203776,
  "center_depth" : 1.4462781,
  "width" : 1024,
  "height" : 768,
  "t_02" : 0.32127514,
  "timestamp" : 1251116864728,
  "t_03" : 1.1247864,
  "fx" : 715.20087,
  "t_23" : -2.8181455,
  "manual_keyframe" : false,
  "angular_velocity" : 3.4028235e+38,
  "cx" : 514.94604,
  "t_13" : -1.2836136,
  "t_20" : -0.07107286,
  "blur_score" : 50.417625,
  "t_21" : -0.3278923
}