{
  "t_03" : 0.2368429,
  "t_22" : -0.24064581,
  "t_23" : 1.6687603,
  "t_21" : -0.9312613,
  "height" : 768,
  "timestamp" : 1251083625418,
  "cx" : 514.4343,
  "t_00" : -0.0025472818,
  "cy" : 385.92322,
  "t_01" : -0.24948794,
  "manual_keyframe" : false,
  "t_12" : 0.065880924,
  "fx" : 722.3526,
  "fy" : 722.3526,
  "t_11" : 0.26553392,
  "width" : 1024,
  "angular_velocity" : 3.4028235e+38,
  "blur_score" : 44.911224,
  "t_13" : 0.16680448,
  "center_depth" : 0.61520785,
  "t_02" : 0.96837455,
  "t_20" : -0.2735728,
  "t_10" : -0.9618479
}