{
  "t_00" : 0.16991979,
  "t_21" : -0.48329,
  "t_20" : 0.2010206,
  "cx" : 515.0563,
  "t_22" : 0.852069,
  "t_01" : 0.873842,
  "t_03" : -1.5640435,
  "blur_score" : 334.0399,
  "center_depth" : 3.2703843,
  "width" : 1024,
  "manual_keyframe" : false,
  "height" : 768,
  "timestamp" : 1251183709240,
  "t_10" : -0.9647373,
  "fx" : 714.35754,
  "cy" : 385.47916,
  "t_13" : -1.2790883,
  "t_23" : 2.058576,
  "fy" : 714.35754,
  "angular_velocity" : 3.4028235e+38,
  "t_02" : 0.45555198,
  "t_11" : 0.05320806,
  "t_12" : 0.25778073
}