{
  "cy" : 384.84924,
  "t_23" : -9.692518,
  "angular_velocity" : 3.4028235e+38,
  "height" : 768,
  "t_03" : 0.013608754,
  "t_11" : -0.07967294,
  "t_13" : -1.3592591,
  "t_20" : -0.1137536,
  "center_depth" : 2.3658257,
  "manual_keyframe" : false,
  "t_10" : -0.9024952,
  "fy" : 716.5969,
  "t_02" : -0.90428334,
  "t_01" : -0.09853526,
  "t_21" : 0.991939,
  "t_22" : -0.055830956,
  "blur_score" : 72.42844,
  "width" : 1024,
  "t_00" : -0.41540653,
  "t_12" : 0.42326665,
  "cx" : 514.7748,
  "fx" : 716.5969,
  "timestamp" : 1251228171571
}