{
  "t_13" : -0.74272907,
  "t_00" : 0.3054674,
  "t_22" : -0.6320311,
  "width" : 1024,
  "fx" : 714.0446,
  "angular_velocity" : 3.4028235e+38,
  "blur_score" : 39.155937,
  "height" : 768,
  "cx" : 514.9403,
  "timestamp" : 1251087272422,
  "cy" : 385.1875,
  "t_11" : 0.05000498,
  "t_01" : -0.75841576,
  "t_03" : -0.20569357,
  "t_10" : -0.85349745,
  "t_20" : -0.42217496,
  "fy" : 714.0446,
  "t_21" : -0.64985,
  "t_23" : 2.6386576,
  "t_02" : 0.5757562,
  "center_depth" : 1.6699874,
  "t_12" : 0.51869214,
  "manual_keyframe" : false
}