{
  "t_11" : 0.051982973,
  "t_03" : 2.4644866,
  "t_02" : -0.82934064,
  "angular_velocity" : 3.4028235e+38,
  "height" : 768,
  "center_depth" : 1.186016,
  "timestamp" : 1251210644792,
  "t_22" : 0.46051857,
  "blur_score" : 51.480114,
  "cx" : 514.9189,
  "t_10" : -0.94719636,
  "t_00" : -0.2496081,
  "t_13" : -1.3344464,
  "t_01" : 0.49989,
  "t_12" : 0.3164124,
  "cy" : 384.8713,
  "t_20" : 0.20128296,
  "t_23" : -4.292631,
  "width" : 1024,
  "manual_keyframe" : false,
  "fx" : 715.2596,
  "t_21" : 0.8645275,
  "fy" : 715.2596
}