{
  "height" : 768,
  "t_13" : -1.3698133,
  "angular_velocity" : 3.4028235e+38,
  "t_22" : -0.40858305,
  "blur_score" : 62.321022,
  "width" : 1024,
  "fx" : 714.5879,
  "fy" : 714.5879,
  "cx" : 514.88837,
  "t_20" : -0.09886393,
  "t_10" : -0.94276494,
  "t_01" : -0.41784957,
  "t_12" : 0.33026996,
  "t_03" : 1.5915883,
  "t_00" : -0.31846517,
  "t_11" : 0.045999017,
  "t_02" : -0.850871,
  "t_21" : 0.9073509,
  "cy" : 384.99658,
  "t_23" : -4.682171,
  "center_depth" : 1.906087,
  "timestamp" : 1251208778828,
  "manual_keyframe" : false
}