{
  "t_22" : -0.5805259,
  "blur_score" : 111.73671,
  "t_13" : -1.2974327,
  "center_depth" : 1.7910603,
  "height" : 768,
  "t_01" : -0.5941275,
  "cy" : 384.98816,
  "angular_velocity" : 3.4028235e+38,
  "fx" : 714.08276,
  "t_02" : -0.79138494,
  "width" : 1024,
  "manual_keyframe" : false,
  "t_23" : -3.0313637,
  "timestamp" : 1251114766457,
  "t_03" : 0.7855835,
  "t_20" : -0.1275942,
  "t_00" : -0.14395247,
  "t_11" : -0.017408004,
  "cx" : 515.0233,
  "t_12" : 0.19157125,
  "fy" : 714.08276,
  "t_10" : -0.98132426,
  "t_21" : 0.80418235
}