{
  "t_11" : -0.024483148,
  "t_21" : 0.41034377,
  "t_13" : 0.1409844,
  "fx" : 715.7472,
  "t_10" : -0.9916702,
  "t_12" : -0.12645487,
  "t_23" : 0.30192176,
  "angular_velocity" : 3.4028235e+38,
  "t_00" : 0.07406734,
  "blur_score" : 49.494873,
  "t_01" : -0.91160226,
  "t_20" : 0.10537688,
  "width" : 1024,
  "center_depth" : 1.6678042,
  "height" : 768,
  "t_22" : -0.9058222,
  "timestamp" : 1251076830995,
  "t_02" : -0.40434575,
  "t_03" : -0.02092276,
  "fy" : 715.7472,
  "cx" : 514.9601,
  "cy" : 384.86426,
  "manual_keyframe" : false
}