{
  "cy" : 384.4274,
  "t_02" : 0.2221076,
  "t_03" : -5.108856,
  "t_12" : -0.52621955,
  "t_00" : -0.09807888,
  "cx" : 513.606,
  "t_20" : 0.5181538,
  "blur_score" : 40.311214,
  "height" : 768,
  "timestamp" : 1251289182203,
  "manual_keyframe" : false,
  "t_21" : -0.24032374,
  "fx" : 716.2904,
  "t_22" : -0.82082963,
  "t_11" : -0.034579836,
  "t_13" : -1.052805,
  "t_01" : -0.97007674,
  "fy" : 716.2904,
  "width" : 1024,
  "angular_velocity" : 3.4028235e+38,
  "center_depth" : 2.1127083,
  "t_10" : -0.8496454,
  "t_23" : -11.9467
}