{
  "center_depth" : 2.6350904,
  "timestamp" : 1251250496606,
  "t_00" : -0.3019291,
  "fx" : 716.03625,
  "cy" : 385.57986,
  "t_20" : 0.118014716,
  "t_01" : 0.20915294,
  "cx" : 514.71423,
  "t_13" : -1.4062266,
  "blur_score" : 43.69732,
  "height" : 768,
  "t_11" : 0.0550448,
  "t_10" : -0.9459976,
  "width" : 1024,
  "t_22" : 0.18123852,
  "manual_keyframe" : false,
  "t_02" : -0.93010426,
  "t_03" : 2.2451751,
  "t_12" : 0.3194663,
  "t_21" : 0.97633255,
  "fy" : 716.03625,
  "t_23" : -6.751778,
  "angular_velocity" : 3.4028235e+38
}