{
  "t_22" : -0.4891784,
  "blur_score" : 46.523167,
  "t_13" : -1.2283374,
  "center_depth" : 1.1833131,
  "height" : 768,
  "t_01" : -0.60808617,
  "cy" : 385.47623,
  "angular_velocity" : 3.4028235e+38,
  "fx" : 715.4502,
  "t_02" : 0.6772179,
  "width" : 1024,
  "manual_keyframe" : false,
  "t_23" : 3.03657,
  "timestamp" : 1251088987679,
  "t_03" : -0.49713793,
  "t_20" : -0.36385232,
  "t_12" : 0.54961854,
  "t_11" : 0.043762684,
  "cx" : 514.79333,
  "t_00" : 0.41425502,
  "fy" : 715.4502,
  "t_10" : -0.83426875,
  "t_21" : -0.792664
}