{
  "t_03" : 0.2570997,
  "cy" : 385.59238,
  "t_13" : 0.23614438,
  "t_01" : -0.10774138,
  "t_02" : 0.9699426,
  "fx" : 721.4299,
  "t_21" : -0.9548159,
  "t_22" : -0.16209485,
  "angular_velocity" : 3.4028235e+38,
  "center_depth" : 0.62224615,
  "manual_keyframe" : false,
  "t_12" : -0.18148467,
  "t_10" : -0.94358087,
  "t_00" : -0.21818164,
  "fy" : 721.4299,
  "timestamp" : 1251083425582,
  "t_23" : 1.7005907,
  "blur_score" : 45.431385,
  "cx" : 513.87885,
  "t_11" : 0.27698103,
  "height" : 768,
  "width" : 1024,
  "t_20" : -0.2491023
}