{
  "cx" : 514.9664,
  "t_21" : 0.69617516,
  "fx" : 715.24536,
  "t_10" : -0.88988554,
  "t_00" : -0.28974453,
  "angular_velocity" : 3.4028235e+38,
  "height" : 768,
  "fy" : 715.24536,
  "t_11" : 0.042320978,
  "width" : 1024,
  "t_02" : -0.6344281,
  "t_01" : 0.7166235,
  "t_13" : -1.3497125,
  "t_03" : -2.2911575,
  "center_depth" : 2.2011795,
  "manual_keyframe" : false,
  "t_22" : 0.6254506,
  "t_23" : -9.244368,
  "t_20" : 0.3523518,
  "t_12" : 0.4542165,
  "blur_score" : 64.72519,
  "timestamp" : 1251324335732,
  "cy" : 385.1329
}