{
  "angular_velocity" : 3.4028235e+38,
  "t_23" : -10.375139,
  "cx" : 514.3998,
  "t_00" : -0.18467228,
  "t_11" : 0.026047336,
  "fy" : 717.634,
  "t_22" : -0.8070256,
  "t_21" : 0.3040591,
  "fx" : 717.634,
  "center_depth" : 1.1651936,
  "width" : 1024,
  "t_13" : -1.4171153,
  "blur_score" : 71.111015,
  "cy" : 384.93585,
  "t_03" : -1.487523,
  "t_02" : -0.24295379,
  "height" : 768,
  "t_12" : 0.5382225,
  "timestamp" : 1251316538647,
  "t_01" : -0.9522971,
  "t_10" : -0.8424003,
  "t_20" : -0.5062193,
  "manual_keyframe" : false
}