{
  "cy" : 385.19797,
  "t_03" : -0.5214691,
  "height" : 768,
  "angular_velocity" : 3.4028235e+38,
  "manual_keyframe" : false,
  "fx" : 716.3777,
  "fy" : 716.3777,
  "blur_score" : 48.483627,
  "center_depth" : 1.837065,
  "t_12" : 0.51224643,
  "t_21" : -0.26279888,
  "t_11" : 0.06460531,
  "cx" : 514.55914,
  "t_01" : 0.9626852,
  "t_10" : -0.85640514,
  "t_02" : 0.19401313,
  "t_20" : 0.48059782,
  "width" : 1024,
  "timestamp" : 1251277086711,
  "t_13" : -1.4031441,
  "t_22" : 0.8366376,
  "t_00" : 0.18866904,
  "t_23" : -7.7010813
}