{
  "t_21" : 0.3041879,
  "blur_score" : 35.52086,
  "t_02" : -0.1783528,
  "t_01" : -0.9504296,
  "timestamp" : 1251079828535,
  "t_03" : 0.21350634,
  "fy" : 716.92725,
  "cx" : 514.6287,
  "cy" : 384.5252,
  "t_22" : -0.70309824,
  "t_23" : 1.5683466,
  "angular_velocity" : 3.4028235e+38,
  "t_11" : -0.06444598,
  "t_10" : -0.72249806,
  "t_20" : 0.6427462,
  "width" : 1024,
  "manual_keyframe" : false,
  "t_00" : 0.2547035,
  "t_13" : 0.27219325,
  "t_12" : -0.6883627,
  "fx" : 716.92725,
  "height" : 768,
  "center_depth" : 1.1473494
}