{
  "width" : 1024,
  "t_13" : -1.4182557,
  "t_23" : 2.117286,
  "timestamp" : 1251180611833,
  "height" : 768,
  "cy" : 384.939,
  "manual_keyframe" : false,
  "t_00" : -0.31871688,
  "t_12" : 0.5428268,
  "t_10" : -0.83908343,
  "t_02" : -0.43727687,
  "angular_velocity" : 3.4028235e+38,
  "t_11" : -0.035750326,
  "fx" : 715.1993,
  "t_03" : -1.1038797,
  "t_20" : 0.44086108,
  "t_21" : 0.53991985,
  "t_01" : 0.84095687,
  "center_depth" : 1.7815106,
  "t_22" : 0.7170272,
  "fy" : 715.1993,
  "cx" : 514.8013,
  "blur_score" : 66.88307
}