{
  "fy" : 712.31506,
  "t_00" : -0.028587535,
  "fx" : 712.31506,
  "t_10" : -0.97657704,
  "t_20" : 0.21326022,
  "center_depth" : 3.6454687,
  "t_21" : 0.15852918,
  "t_12" : 0.2150918,
  "cx" : 515.0366,
  "width" : 1024,
  "height" : 768,
  "timestamp" : 1251187089741,
  "angular_velocity" : 3.4028235e+38,
  "cy" : 385.0852,
  "t_01" : 0.98733765,
  "t_11" : 0.0057163015,
  "t_13" : -1.3437837,
  "t_23" : 0.10090054,
  "blur_score" : 86.38418,
  "t_02" : -0.156035,
  "t_03" : -3.3013194,
  "t_22" : 0.96404797,
  "manual_keyframe" : false
}