{
  "cx" : 515.1328,
  "t_20" : 0.019571917,
  "width" : 1024,
  "t_11" : -0.0064768014,
  "manual_keyframe" : false,
  "t_22" : 0.111764714,
  "height" : 768,
  "fx" : 711.7338,
  "blur_score" : 231.18771,
  "fy" : 711.7338,
  "timestamp" : 1251139562661,
  "t_23" : -4.6943088,
  "t_10" : -0.99318737,
  "t_00" : 0.11487278,
  "t_12" : 0.116348036,
  "cy" : 384.93127,
  "t_02" : 0.98690015,
  "t_13" : -1.256738,
  "t_03" : -1.6761494,
  "t_01" : 0.11328046,
  "t_21" : -0.993542,
  "angular_velocity" : 3.4028235e+38,
  "center_depth" : 4.439202
}