{
  "t_13" : -1.3161263,
  "t_00" : 0.13286382,
  "t_22" : 0.7593389,
  "width" : 1024,
  "fx" : 713.15686,
  "angular_velocity" : 3.4028235e+38,
  "blur_score" : 56.906506,
  "height" : 768,
  "cx" : 515.11694,
  "timestamp" : 1251220807649,
  "cy" : 384.96457,
  "t_11" : 0.039052162,
  "t_01" : 0.7646477,
  "t_03" : 0.24100971,
  "t_10" : -0.98627156,
  "t_20" : 0.098059215,
  "fy" : 713.15686,
  "t_21" : -0.64326423,
  "t_23" : -5.628481,
  "t_02" : 0.63060385,
  "center_depth" : 2.863642,
  "t_12" : 0.16044727,
  "manual_keyframe" : false
}