{
  "cy" : 385.16916,
  "t_03" : -3.460346,
  "height" : 768,
  "angular_velocity" : 3.4028235e+38,
  "manual_keyframe" : false,
  "fx" : 713.4205,
  "fy" : 713.4205,
  "blur_score" : 113.29812,
  "center_depth" : 1.9212432,
  "t_12" : 0.1743279,
  "t_21" : 0.9824656,
  "cx" : 514.9735,
  "t_01" : 0.18413466,
  "t_11" : -0.029251909,
  "t_10" : -0.98425305,
  "t_02" : -0.96688324,
  "t_20" : 0.0038166225,
  "width" : 1024,
  "timestamp" : 1251166889961,
  "t_13" : -1.3110459,
  "t_22" : 0.1864046,
  "t_00" : -0.17672387,
  "t_23" : 1.279273
}