{
  "t_13" : -1.3941708,
  "t_21" : -0.8087628,
  "cy" : 385.46912,
  "t_11" : 0.08069737,
  "t_00" : 0.20651008,
  "width" : 1024,
  "timestamp" : 1251131136295,
  "manual_keyframe" : false,
  "t_20" : -0.24331573,
  "cx" : 515.2622,
  "t_01" : -0.58257264,
  "center_depth" : 1.7937751,
  "t_10" : -0.9477083,
  "t_03" : -3.4233987,
  "t_12" : 0.30876672,
  "t_23" : -7.0258265,
  "blur_score" : 91.8118,
  "fy" : 713.42523,
  "t_02" : 0.7861061,
  "t_22" : -0.5354441,
  "fx" : 713.42523,
  "angular_velocity" : 3.4028235e+38,
  "height" : 768
}