{
  "t_21" : 0.99726814,
  "blur_score" : 29.211805,
  "t_02" : -0.99058384,
  "t_01" : -0.021753063,
  "timestamp" : 1251071751826,
  "fy" : 715.69635,
  "cy" : 385.4242,
  "cx" : 515.3989,
  "t_03" : 0.37281555,
  "t_22" : -0.031045826,
  "t_23" : -1.754618,
  "angular_velocity" : 3.4028235e+38,
  "t_11" : 0.07059137,
  "t_10" : -0.9885529,
  "t_20" : 0.06702607,
  "width" : 1024,
  "manual_keyframe" : false,
  "t_00" : -0.13516888,
  "t_13" : -0.17213671,
  "t_12" : 0.1333416,
  "fx" : 715.69635,
  "height" : 768,
  "center_depth" : 0.17185584
}