{
  "t_12" : -0.18828446,
  "fy" : 713.43634,
  "t_01" : 0.4353495,
  "width" : 1024,
  "t_20" : -0.13554059,
  "height" : 768,
  "timestamp" : 1251281285146,
  "manual_keyframe" : false,
  "t_02" : 0.8886827,
  "t_11" : 0.0602814,
  "fx" : 713.43634,
  "t_21" : -0.8982409,
  "blur_score" : 68.10602,
  "t_23" : -9.422088,
  "t_13" : -1.2256933,
  "t_10" : -0.98026264,
  "t_00" : -0.14392233,
  "t_22" : 0.4180811,
  "cx" : 515.21906,
  "angular_velocity" : 3.4028235e+38,
  "t_03" : -2.9792151,
  "center_depth" : 3.5844607,
  "cy" : 384.84457
}