{
  "t_03" : -0.08970512,
  "t_22" : 0.31408745,
  "t_23" : 0.34849027,
  "t_21" : -0.9331994,
  "height" : 768,
  "timestamp" : 1251045340091,
  "cx" : 515.2679,
  "cy" : 384.86624,
  "t_00" : 0.2573411,
  "t_01" : 0.3511513,
  "manual_keyframe" : false,
  "t_12" : 0.30146432,
  "fx" : 715.1485,
  "fy" : 715.1485,
  "t_11" : -0.07636491,
  "width" : 1024,
  "angular_velocity" : 3.4028235e+38,
  "blur_score" : 75.05786,
  "t_13" : 0.030882757,
  "center_depth" : 1.0192205,
  "t_02" : 0.90026003,
  "t_20" : 0.17460789,
  "t_10" : -0.95041436
}