{
  "t_13" : -0.9685495,
  "t_00" : -0.20202811,
  "t_22" : 0.43087566,
  "width" : 1024,
  "fx" : 714.0383,
  "angular_velocity" : 3.4028235e+38,
  "blur_score" : 49.852108,
  "height" : 768,
  "cx" : 515.27545,
  "timestamp" : 1251239700615,
  "cy" : 384.90683,
  "t_11" : 0.019904012,
  "t_01" : 0.4475842,
  "t_03" : 0.44637674,
  "t_10" : -0.9716536,
  "t_20" : -0.12277619,
  "fy" : 714.0383,
  "t_21" : -0.8940203,
  "t_23" : -7.640865,
  "t_02" : 0.8711218,
  "center_depth" : 2.0598235,
  "t_12" : -0.2355699,
  "manual_keyframe" : false
}