{
  "height" : 768,
  "t_00" : -0.16238423,
  "t_22" : 0.49169442,
  "t_01" : 0.4920814,
  "t_12" : 0.1635522,
  "t_02" : -0.8552703,
  "t_11" : -0.04100517,
  "cx" : 515.04626,
  "t_10" : -0.98568213,
  "blur_score" : 58.79922,
  "width" : 1024,
  "t_03" : -1.7937155,
  "timestamp" : 1251319670809,
  "t_20" : 0.045410495,
  "t_13" : -1.2379966,
  "t_21" : 0.86958295,
  "fy" : 718.2439,
  "fx" : 718.2439,
  "t_23" : -9.698507,
  "angular_velocity" : 3.4028235e+38,
  "cy" : 385.09085,
  "center_depth" : 1.1720226,
  "manual_keyframe" : false
}