{
  "t_22" : 0.41785553,
  "angular_velocity" : 3.4028235e+38,
  "fy" : 720.2514,
  "cx" : 514.4504,
  "t_02" : -0.42302266,
  "t_00" : -0.5244317,
  "t_20" : 0.6107021,
  "timestamp" : 1251248897200,
  "height" : 768,
  "blur_score" : 21.924023,
  "t_01" : 0.7389339,
  "center_depth" : 1.1252162,
  "t_21" : 0.67263645,
  "t_23" : -6.7716837,
  "width" : 1024,
  "t_13" : -1.6141841,
  "manual_keyframe" : false,
  "cy" : 384.98477,
  "fx" : 720.2514,
  "t_12" : 0.80402035,
  "t_03" : 1.8432534,
  "t_11" : 0.039204147,
  "t_10" : -0.59330803
}