{
  "t_12" : -0.18296167,
  "fy" : 713.4507,
  "t_01" : 0.58936906,
  "width" : 1024,
  "t_20" : -0.17348532,
  "height" : 768,
  "timestamp" : 1251282151490,
  "manual_keyframe" : false,
  "t_02" : 0.80159724,
  "t_11" : 0.081903175,
  "fx" : 713.4507,
  "t_21" : -0.8037014,
  "blur_score" : 67.65274,
  "t_23" : -9.846578,
  "t_13" : -1.2119933,
  "t_10" : -0.9797024,
  "t_00" : -0.10042884,
  "t_22" : 0.56918085,
  "cx" : 515.1314,
  "angular_velocity" : 3.4028235e+38,
  "t_03" : -3.5422142,
  "center_depth" : 2.8113503,
  "cy" : 385.2568
}