{
  "height" : 768,
  "t_00" : 0.25919652,
  "t_22" : 0.44554502,
  "t_01" : 0.4566471,
  "t_11" : 0.02721622,
  "t_02" : 0.8510526,
  "t_12" : 0.2778472,
  "t_10" : -0.9602396,
  "cx" : 515.01984,
  "blur_score" : 61.412354,
  "width" : 1024,
  "t_03" : -0.9083363,
  "timestamp" : 1251278419548,
  "t_20" : 0.10371567,
  "t_13" : -1.3238989,
  "t_21" : -0.8892314,
  "fy" : 713.45703,
  "fx" : 713.45703,
  "t_23" : -8.09982,
  "angular_velocity" : 3.4028235e+38,
  "cy" : 385.14053,
  "center_depth" : 5.3597846,
  "manual_keyframe" : false
}