{
  "height" : 768,
  "t_00" : 0.33063963,
  "t_22" : 0.14729433,
  "t_01" : 0.12982015,
  "t_11" : 0.07509846,
  "t_02" : -0.93478566,
  "t_12" : -0.32323396,
  "cx" : 515.25085,
  "t_10" : -0.9433346,
  "blur_score" : 55.156998,
  "width" : 1024,
  "t_03" : -4.878583,
  "timestamp" : 1251286549851,
  "t_20" : 0.02823869,
  "t_13" : -1.1416223,
  "t_21" : 0.98868954,
  "fy" : 714.0558,
  "fx" : 714.0558,
  "t_23" : -11.805451,
  "angular_velocity" : 3.4028235e+38,
  "cy" : 385.14395,
  "center_depth" : 2.5666714,
  "manual_keyframe" : false
}