{
  "t_11" : -0.02292358,
  "t_13" : -1.2216153,
  "t_23" : -9.157032,
  "t_12" : -0.021956557,
  "height" : 768,
  "t_01" : -0.88339496,
  "t_03" : 1.6616166,
  "t_20" : 0.030136542,
  "angular_velocity" : 3.4028235e+38,
  "t_10" : -0.9994961,
  "fy" : 712.3977,
  "blur_score" : 65.29104,
  "t_02" : 0.46852332,
  "timestamp" : 1251233003106,
  "cy" : 385.2828,
  "cx" : 515.13574,
  "center_depth" : 5.482477,
  "t_21" : -0.4680684,
  "width" : 1024,
  "manual_keyframe" : false,
  "t_22" : -0.88317823,
  "t_00" : 0.009968439,
  "fx" : 712.3977
}