{
  "fy" : 715.1882,
  "width" : 1024,
  "t_13" : -1.3867016,
  "t_12" : 0.46824905,
  "angular_velocity" : 3.4028235e+38,
  "timestamp" : 1251181161373,
  "t_10" : -0.88354087,
  "t_11" : 0.009917584,
  "t_23" : 1.9652581,
  "t_01" : 0.99994004,
  "t_00" : 0.0065853773,
  "t_02" : -0.008752901,
  "t_03" : -0.92631865,
  "t_20" : 0.4683078,
  "blur_score" : 63.746334,
  "height" : 768,
  "t_21" : 0.004649974,
  "cx" : 514.5663,
  "fx" : 715.1882,
  "center_depth" : 1.7374921,
  "t_22" : 0.8835532,
  "manual_keyframe" : false,
  "cy" : 384.89645
}