{
  "cx" : 515.2069,
  "t_20" : 0.3417659,
  "width" : 1024,
  "t_11" : 0.004992216,
  "manual_keyframe" : false,
  "t_22" : -0.93359554,
  "height" : 768,
  "fx" : 712.04034,
  "blur_score" : 86.88741,
  "fy" : 712.04034,
  "timestamp" : 1251136498530,
  "t_23" : -6.340954,
  "t_10" : -0.93922985,
  "t_00" : 0.03230162,
  "t_12" : -0.34325266,
  "cy" : 385.29028,
  "t_02" : -0.10284486,
  "t_13" : -1.119132,
  "t_03" : -2.137436,
  "t_01" : -0.99417275,
  "t_21" : 0.10768254,
  "angular_velocity" : 3.4028235e+38,
  "center_depth" : 3.8903644
}