{
  "t_11" : 0.04210388,
  "t_02" : 0.53375477,
  "t_03" : -3.8186276,
  "angular_velocity" : 3.4028235e+38,
  "height" : 768,
  "center_depth" : 2.740749,
  "timestamp" : 1251157830836,
  "t_22" : -0.8389325,
  "blur_score" : 273.2755,
  "cx" : 515.0467,
  "t_00" : 0.021280242,
  "t_13" : -1.3003886,
  "t_10" : -0.99344313,
  "t_01" : -0.84537154,
  "t_12" : 0.10629251,
  "cy" : 384.93863,
  "t_20" : -0.1123298,
  "t_23" : -0.48567343,
  "width" : 1024,
  "manual_keyframe" : false,
  "fx" : 711.46375,
  "t_21" : -0.53251696,
  "fy" : 711.46375
}