{
  "t_11" : 0.041388903,
  "t_13" : -1.1091042,
  "t_23" : -8.66053,
  "t_12" : -0.3205711,
  "height" : 768,
  "t_01" : -0.42024434,
  "t_03" : 1.7599696,
  "t_20" : 0.099384725,
  "angular_velocity" : 3.4028235e+38,
  "t_10" : -0.9463198,
  "fy" : 712.8836,
  "blur_score" : 69.51976,
  "t_02" : 0.853694,
  "timestamp" : 1251234369264,
  "cy" : 385.2834,
  "cx" : 514.95215,
  "center_depth" : 3.00478,
  "t_21" : -0.90646666,
  "width" : 1024,
  "manual_keyframe" : false,
  "t_22" : -0.41041568,
  "t_00" : -0.30757362,
  "fx" : 712.8836
}