{
  "cy" : 385.46024,
  "t_00" : -0.12348182,
  "t_11" : 0.020551613,
  "t_10" : -0.98203444,
  "t_01" : -0.82166034,
  "fy" : 713.7905,
  "t_12" : 0.18757953,
  "t_22" : -0.80943644,
  "center_depth" : 2.2749832,
  "width" : 1024,
  "height" : 768,
  "t_02" : -0.55644107,
  "timestamp" : 1251168971558,
  "t_03" : -2.1709135,
  "fx" : 713.7905,
  "t_23" : 1.0384045,
  "manual_keyframe" : false,
  "angular_velocity" : 3.4028235e+38,
  "cx" : 515.08563,
  "t_13" : -1.3335996,
  "t_20" : -0.14269088,
  "blur_score" : 95.95614,
  "t_21" : 0.56960696
}