{
  "fy" : 711.8005,
  "t_13" : -1.3503001,
  "cx" : 515.3622,
  "t_01" : -0.8275578,
  "t_21" : -0.56115496,
  "t_22" : -0.79853165,
  "width" : 1024,
  "t_20" : -0.21783568,
  "timestamp" : 1251137930678,
  "t_23" : -5.6310163,
  "blur_score" : 56.08103,
  "height" : 768,
  "center_depth" : 3.2547982,
  "t_02" : 0.5362136,
  "cy" : 385.1294,
  "t_00" : 0.16620173,
  "t_10" : -0.96173,
  "t_11" : -0.01591088,
  "t_03" : -1.5400648,
  "angular_velocity" : 3.4028235e+38,
  "fx" : 711.8005,
  "manual_keyframe" : false,
  "t_12" : 0.27353653
}