{
  "t_12" : -0.1524617,
  "t_21" : -0.95608014,
  "t_00" : -0.14261891,
  "height" : 768,
  "t_13" : -1.1891897,
  "angular_velocity" : 3.4028235e+38,
  "blur_score" : 43.20246,
  "cx" : 515.2513,
  "t_02" : 0.94544625,
  "manual_keyframe" : false,
  "center_depth" : 1.4058418,
  "width" : 1024,
  "t_23" : -6.9379463,
  "t_11" : 0.010929741,
  "cy" : 384.7742,
  "t_22" : 0.28790098,
  "timestamp" : 1251200148758,
  "t_01" : 0.29290166,
  "t_10" : -0.98824894,
  "t_03" : -0.6693579,
  "fy" : 716.87805,
  "t_20" : -0.054989766,
  "fx" : 716.87805
}