{
  "cy" : 385.3072,
  "t_03" : 1.0496906,
  "height" : 768,
  "angular_velocity" : 3.4028235e+38,
  "manual_keyframe" : false,
  "fx" : 713.29346,
  "fy" : 713.29346,
  "blur_score" : 58.15526,
  "center_depth" : 5.9114275,
  "t_12" : 0.18896636,
  "t_21" : -0.95300186,
  "t_10" : -0.9765618,
  "t_11" : 0.10304759,
  "t_01" : 0.28490147,
  "cx" : 515.1262,
  "t_02" : 0.9350465,
  "t_20" : -0.04251748,
  "width" : 1024,
  "timestamp" : 1251219341530,
  "t_13" : -1.2703056,
  "t_22" : 0.29996657,
  "t_00" : 0.21099612,
  "t_23" : -5.1111193
}