{
  "t_12" : -0.2826817,
  "fy" : 713.4523,
  "t_01" : -0.91040033,
  "width" : 1024,
  "t_20" : 0.29155087,
  "height" : 768,
  "timestamp" : 1251295179963,
  "manual_keyframe" : false,
  "t_02" : -0.41153267,
  "t_11" : 0.083097555,
  "fx" : 713.4523,
  "t_21" : 0.4052976,
  "blur_score" : 54.61667,
  "t_23" : -12.284512,
  "t_13" : -1.1479919,
  "t_10" : -0.9556076,
  "t_00" : 0.042570516,
  "t_22" : -0.86644804,
  "cx" : 514.8431,
  "angular_velocity" : 3.4028235e+38,
  "t_03" : -4.138259,
  "center_depth" : 4.399862,
  "cy" : 385.65622
}