{
  "t_20" : 0.22450194,
  "blur_score" : 25.704262,
  "center_depth" : 2.2000985,
  "width" : 1024,
  "height" : 768,
  "timestamp" : 1251260359605,
  "manual_keyframe" : false,
  "t_10" : -0.9591798,
  "t_11" : 0.072887264,
  "cx" : 515.10645,
  "t_22" : -0.8924606,
  "t_03" : 4.3690467,
  "fy" : 714.88324,
  "cy" : 385.05014,
  "t_01" : -0.91737366,
  "angular_velocity" : 3.4028235e+38,
  "t_00" : -0.17196792,
  "t_13" : -1.1144387,
  "t_02" : 0.35896048,
  "t_12" : -0.27324262,
  "fx" : 714.88324,
  "t_21" : -0.39129665,
  "t_23" : -7.6854944
}