{
  "t_13" : -1.1898707,
  "t_00" : 0.008553979,
  "t_22" : -0.041908946,
  "width" : 1024,
  "fx" : 714.8849,
  "angular_velocity" : 3.4028235e+38,
  "blur_score" : 61.81985,
  "height" : 768,
  "cx" : 515.11884,
  "timestamp" : 1251241300021,
  "cy" : 385.5341,
  "t_11" : 0.044238012,
  "t_01" : -0.042331118,
  "t_03" : 0.5111288,
  "t_10" : -0.9989666,
  "t_20" : -0.044638153,
  "fy" : 714.8849,
  "t_21" : -0.9981238,
  "t_23" : -7.6545362,
  "t_02" : 0.9990671,
  "center_depth" : 2.2612877,
  "t_12" : 0.010427512,
  "manual_keyframe" : false
}