{
  "t_13" : -1.2217993,
  "t_00" : 0.09135998,
  "t_22" : -0.8504852,
  "width" : 1024,
  "fx" : 716.8574,
  "angular_velocity" : 3.4028235e+38,
  "blur_score" : 83.89123,
  "height" : 768,
  "cx" : 515.1633,
  "timestamp" : 1251174550236,
  "t_11" : 0.024064813,
  "cy" : 384.87677,
  "t_01" : -0.8771126,
  "t_03" : -1.961897,
  "t_10" : -0.97214836,
  "t_20" : 0.2158257,
  "fy" : 716.8574,
  "t_21" : 0.4796813,
  "t_23" : 2.9161897,
  "t_02" : -0.47151524,
  "center_depth" : 0.9858584,
  "t_12" : -0.23312715,
  "manual_keyframe" : false
}