{
  "cy" : 384.78275,
  "t_23" : -9.59656,
  "angular_velocity" : 3.4028235e+38,
  "height" : 768,
  "t_03" : -0.10053742,
  "t_11" : -0.09142287,
  "t_13" : -1.3656466,
  "t_20" : -0.038835462,
  "center_depth" : 1.7556615,
  "manual_keyframe" : false,
  "t_10" : -0.88521725,
  "fy" : 717.0845,
  "t_02" : -0.8813306,
  "t_01" : 0.09151024,
  "t_21" : 0.9915986,
  "t_22" : 0.123385854,
  "blur_score" : 66.13923,
  "width" : 1024,
  "t_00" : -0.4635539,
  "t_12" : 0.45610553,
  "cx" : 514.8092,
  "fx" : 717.0845,
  "timestamp" : 1251227938325
}