{
  "t_23" : -1.8646905,
  "fx" : 715.19293,
  "t_00" : -0.47367683,
  "t_03" : -1.6940824,
  "t_20" : -0.14871377,
  "t_02" : -0.8038941,
  "t_01" : -0.3597004,
  "t_21" : 0.9323515,
  "t_13" : -1.3922364,
  "t_11" : 0.036551118,
  "angular_velocity" : 3.4028235e+38,
  "t_10" : -0.86805195,
  "blur_score" : 77.53227,
  "t_12" : 0.49512577,
  "height" : 768,
  "manual_keyframe" : false,
  "center_depth" : 2.5235212,
  "width" : 1024,
  "t_22" : -0.32955217,
  "timestamp" : 1251108638171,
  "cx" : 515.1564,
  "fy" : 715.19293,
  "cy" : 385.35995
}