{
  "t_02" : -0.09349494,
  "cx" : 514.9478,
  "blur_score" : 91.02047,
  "center_depth" : 1.4215528,
  "cy" : 384.98117,
  "height" : 768,
  "t_01" : -0.9954139,
  "t_03" : -1.6859913,
  "timestamp" : 1251170420350,
  "fy" : 714.5989,
  "manual_keyframe" : false,
  "t_20" : -0.28996217,
  "t_23" : 1.7521348,
  "t_22" : -0.95227724,
  "width" : 1024,
  "fx" : 714.5989,
  "t_12" : 0.29056287,
  "t_10" : -0.95682395,
  "t_13" : -1.3502207,
  "t_21" : 0.09534155,
  "t_11" : -0.0078281015,
  "t_00" : -0.020248195,
  "angular_velocity" : 3.4028235e+38
}