{
  "t_01" : -0.99551255,
  "t_23" : -3.7666788,
  "angular_velocity" : 3.4028235e+38,
  "t_10" : -0.9912843,
  "t_21" : 0.04647679,
  "timestamp" : 1251149737562,
  "t_22" : -0.993191,
  "fx" : 717.2354,
  "t_11" : 0.082431585,
  "fy" : 717.2354,
  "t_02" : -0.05487764,
  "t_12" : -0.10276432,
  "center_depth" : 0.80579734,
  "cx" : 515.06,
  "width" : 1024,
  "t_03" : -6.0918026,
  "t_00" : -0.07709414,
  "t_13" : -1.208158,
  "t_20" : 0.106826805,
  "blur_score" : 42.481277,
  "cy" : 384.7489,
  "height" : 768,
  "manual_keyframe" : false
}