{
  "cy" : 385.15558,
  "t_23" : -4.9614964,
  "angular_velocity" : 3.4028235e+38,
  "height" : 768,
  "t_03" : 1.1637158,
  "t_11" : 0.02976727,
  "t_13" : -0.8135745,
  "t_20" : -0.09965349,
  "center_depth" : 1.2686931,
  "manual_keyframe" : false,
  "fy" : 717.1369,
  "t_10" : -0.9890688,
  "t_02" : 0.8504266,
  "t_01" : 0.5147451,
  "t_21" : -0.85682625,
  "t_22" : 0.50588316,
  "blur_score" : 50.366455,
  "width" : 1024,
  "t_00" : -0.108682625,
  "t_12" : -0.14441828,
  "cx" : 515.0911,
  "fx" : 717.1369,
  "timestamp" : 1251218341904
}