{
  "width" : 1024,
  "t_13" : -1.2737721,
  "t_23" : -6.304837,
  "timestamp" : 1251202381244,
  "height" : 768,
  "cy" : 385.34146,
  "manual_keyframe" : false,
  "t_00" : -0.0463565,
  "t_12" : 0.13913465,
  "t_10" : -0.98932326,
  "t_02" : -0.018292004,
  "angular_velocity" : 3.4028235e+38,
  "t_11" : 0.0433704,
  "fx" : 712.0164,
  "t_03" : -1.0346421,
  "t_20" : -0.13816842,
  "t_21" : 0.024546476,
  "t_01" : -0.99875754,
  "center_depth" : 3.416532,
  "t_22" : -0.99010456,
  "fy" : 712.0164,
  "cx" : 515.0575,
  "blur_score" : 48.750843
}