{
  "t_00" : 0.059188098,
  "t_20" : -0.2703026,
  "cx" : 514.99146,
  "t_22" : -0.9460717,
  "width" : 1024,
  "t_10" : -0.9609543,
  "t_13" : -1.3194578,
  "t_21" : -0.17856352,
  "t_11" : -0.0103724385,
  "fy" : 713.04724,
  "angular_velocity" : 3.4028235e+38,
  "cy" : 385.50552,
  "t_23" : -7.622635,
  "t_12" : 0.27651244,
  "blur_score" : 59.420498,
  "t_01" : -0.9838738,
  "fx" : 713.04724,
  "center_depth" : 5.12713,
  "height" : 768,
  "timestamp" : 1251330366819,
  "manual_keyframe" : false,
  "t_03" : -0.9836911,
  "t_02" : 0.16878767
}