{
  "cx" : 515.14594,
  "t_21" : 0.8202328,
  "t_10" : -0.9639192,
  "fx" : 716.5715,
  "t_00" : -0.20525612,
  "angular_velocity" : 3.4028235e+38,
  "height" : 768,
  "fy" : 716.5715,
  "t_11" : 0.022518743,
  "width" : 1024,
  "t_02" : -0.79445505,
  "t_01" : 0.57158655,
  "t_13" : -1.2780802,
  "t_03" : -2.0766506,
  "center_depth" : 1.5624968,
  "manual_keyframe" : false,
  "t_22" : 0.54634124,
  "t_23" : -9.420887,
  "t_20" : 0.16949807,
  "t_12" : 0.2652406,
  "blur_score" : 83.59581,
  "timestamp" : 1251323569352,
  "cy" : 384.98615
}