{
  "center_depth" : 0.2730943,
  "timestamp" : 1251072201458,
  "t_00" : -0.22543244,
  "fx" : 726.5804,
  "cy" : 385.49722,
  "t_20" : -0.02518267,
  "t_01" : 0.037694618,
  "cx" : 515.4854,
  "t_13" : 0.065705456,
  "blur_score" : 30.82205,
  "height" : 768,
  "t_11" : -0.03454786,
  "t_10" : -0.9739333,
  "width" : 1024,
  "t_22" : 0.044500228,
  "manual_keyframe" : false,
  "t_02" : -0.97352934,
  "t_12" : 0.22418831,
  "t_03" : 0.2558909,
  "t_21" : 0.9986919,
  "fy" : 726.5804,
  "t_23" : -1.6394174,
  "angular_velocity" : 3.4028235e+38
}