{
  "height" : 768,
  "t_00" : 0.07489394,
  "t_22" : -0.7645674,
  "t_12" : -0.2662122,
  "t_11" : 0.10482754,
  "t_02" : -0.5869992,
  "t_01" : -0.806116,
  "cx" : 515.13696,
  "t_10" : -0.9581974,
  "blur_score" : 69.60613,
  "width" : 1024,
  "t_03" : -3.931422,
  "timestamp" : 1251294713471,
  "t_20" : 0.2761316,
  "t_13" : -1.145362,
  "t_21" : 0.5823987,
  "fy" : 713.77783,
  "fx" : 713.77783,
  "t_23" : -12.451154,
  "angular_velocity" : 3.4028235e+38,
  "cy" : 385.3869,
  "center_depth" : 2.8217611,
  "manual_keyframe" : false
}