{
  "fy" : 715.1977,
  "angular_velocity" : 3.4028235e+38,
  "t_00" : 0.18545136,
  "blur_score" : 32.908073,
  "height" : 768,
  "manual_keyframe" : false,
  "width" : 1024,
  "fx" : 715.1977,
  "t_11" : 0.014269664,
  "t_13" : 0.026911497,
  "cy" : 385.26434,
  "cx" : 515.1111,
  "t_22" : 0.38641262,
  "t_23" : 0.07552481,
  "t_02" : 0.901356,
  "center_depth" : 2.712627,
  "t_10" : -0.98058844,
  "t_01" : 0.39136317,
  "t_21" : -0.92012566,
  "t_20" : 0.06367194,
  "timestamp" : 1251094999400,
  "t_12" : 0.19555742,
  "t_03" : -0.030642152
}