{
  "height" : 768,
  "t_11" : 0.007907007,
  "t_20" : 0.054952234,
  "fx" : 714.0383,
  "t_00" : -0.015748557,
  "t_10" : -0.99836475,
  "t_23" : -0.1439673,
  "angular_velocity" : 3.4028235e+38,
  "t_02" : 0.13943382,
  "t_01" : -0.9901062,
  "cy" : 385.10867,
  "t_22" : -0.9886117,
  "t_21" : -0.14009741,
  "blur_score" : 74.55853,
  "manual_keyframe" : false,
  "t_12" : -0.056614876,
  "width" : 1024,
  "timestamp" : 1251058063033,
  "t_13" : 0.19055842,
  "center_depth" : 2.2848496,
  "cx" : 515.0239,
  "fy" : 714.0383,
  "t_03" : -0.4213832
}