{
  "t_13" : -1.2673659,
  "t_00" : -0.033754326,
  "t_22" : -0.6262428,
  "width" : 1024,
  "fx" : 716.33484,
  "angular_velocity" : 3.4028235e+38,
  "blur_score" : 33.410824,
  "height" : 768,
  "cx" : 515.13776,
  "timestamp" : 1251263658378,
  "cy" : 385.06143,
  "t_11" : 0.022444593,
  "t_01" : -0.62584275,
  "t_03" : 4.225704,
  "t_10" : -0.99942875,
  "t_20" : -0.0016762834,
  "fy" : 716.33484,
  "t_21" : -0.77962625,
  "t_23" : -6.898437,
  "t_02" : 0.7792186,
  "center_depth" : 1.4742765,
  "t_12" : -0.025266668,
  "manual_keyframe" : false
}