{
  "cy" : 385.24146,
  "t_03" : -3.5490148,
  "height" : 768,
  "angular_velocity" : 3.4028235e+38,
  "manual_keyframe" : false,
  "fx" : 712.9059,
  "fy" : 712.9059,
  "blur_score" : 162.17883,
  "center_depth" : 2.2636433,
  "t_12" : 0.5724716,
  "t_21" : -0.32177484,
  "t_01" : 0.946407,
  "t_11" : -0.027830726,
  "t_10" : -0.819452,
  "cx" : 515.03394,
  "t_02" : 0.2789736,
  "t_20" : 0.54955524,
  "width" : 1024,
  "timestamp" : 1251164758404,
  "t_13" : -1.4906474,
  "t_22" : 0.7710058,
  "t_00" : 0.16274932,
  "t_23" : 2.1586297
}