{
  "t_13" : 0.1381276,
  "manual_keyframe" : false,
  "fx" : 716.94635,
  "cy" : 384.54398,
  "t_01" : -0.9471393,
  "t_03" : 0.11746304,
  "t_23" : 1.8292218,
  "fy" : 716.94635,
  "t_02" : 0.31138104,
  "cx" : 514.5534,
  "t_21" : -0.3011503,
  "t_10" : -0.98969764,
  "t_22" : -0.94592756,
  "angular_velocity" : 3.4028235e+38,
  "t_00" : 0.07725882,
  "blur_score" : 47.596046,
  "center_depth" : 1.6106846,
  "width" : 1024,
  "t_12" : -0.090900056,
  "height" : 768,
  "t_11" : -0.11061458,
  "timestamp" : 1251080960939,
  "t_20" : 0.12053831
}