{
  "fy" : 712.3802,
  "width" : 1024,
  "t_00" : 0.13368864,
  "t_12" : 0.15769124,
  "t_03" : -2.5987725,
  "t_10" : -0.9865453,
  "t_21" : -0.63887316,
  "center_depth" : 2.9465377,
  "t_02" : 0.6262171,
  "t_20" : 0.09410367,
  "fx" : 712.3802,
  "angular_velocity" : 3.4028235e+38,
  "blur_score" : 128.79422,
  "timestamp" : 1251185907398,
  "manual_keyframe" : false,
  "t_01" : 0.7681011,
  "cx" : 515.0078,
  "t_22" : 0.76353484,
  "t_23" : 0.80014515,
  "height" : 768,
  "t_11" : 0.043146607,
  "t_13" : -1.2995293,
  "cy" : 385.00967
}