{
  "cy" : 384.7142,
  "t_00" : 0.29977477,
  "t_11" : 0.06209818,
  "t_10" : -0.8845178,
  "t_01" : 0.8350472,
  "fy" : 714.33844,
  "t_12" : -0.462355,
  "t_22" : 0.7572295,
  "center_depth" : 1.6792837,
  "width" : 1024,
  "height" : 768,
  "t_02" : -0.46133646,
  "timestamp" : 1251161777552,
  "t_03" : -3.57769,
  "fx" : 714.33844,
  "t_23" : 1.7117233,
  "manual_keyframe" : false,
  "angular_velocity" : 3.4028235e+38,
  "cx" : 514.8789,
  "t_13" : -1.1373003,
  "t_20" : -0.35744008,
  "blur_score" : 112.78073,
  "t_21" : 0.5466627
}