{
  "height" : 768,
  "t_13" : -1.1584203,
  "angular_velocity" : 3.4028235e+38,
  "t_22" : 0.9630892,
  "blur_score" : 114.73502,
  "width" : 1024,
  "fx" : 716.6001,
  "fy" : 716.6001,
  "cx" : 515.1012,
  "t_20" : -0.2086499,
  "t_10" : -0.97503513,
  "t_01" : 0.9789693,
  "t_12" : -0.19134119,
  "t_03" : -1.1682632,
  "t_00" : 0.07597156,
  "t_11" : 0.11267211,
  "t_02" : 0.18933502,
  "t_21" : -0.1700718,
  "cy" : 384.7203,
  "t_23" : 2.1642451,
  "center_depth" : 0.42649367,
  "timestamp" : 1251182710077,
  "manual_keyframe" : false
}