{
  "t_00" : 0.048866533,
  "center_depth" : 3.2510984,
  "t_03" : -0.17478049,
  "t_23" : -7.5713654,
  "angular_velocity" : 3.4028235e+38,
  "timestamp" : 1251273421410,
  "cx" : 515.25793,
  "fy" : 714.9992,
  "blur_score" : 62.61931,
  "manual_keyframe" : false,
  "t_02" : -0.8149442,
  "t_11" : 0.048752256,
  "t_10" : -0.99848974,
  "t_13" : -1.2229722,
  "t_12" : -0.025326267,
  "fx" : 714.9992,
  "t_22" : 0.5789858,
  "width" : 1024,
  "height" : 768,
  "cy" : 385.05988,
  "t_21" : 0.8149512,
  "t_01" : 0.57747555,
  "t_20" : 0.025105068
}