{
  "t_13" : -1.4126232,
  "t_21" : -0.90225476,
  "cy" : 385.01944,
  "t_11" : 0.050730716,
  "t_00" : 0.33541134,
  "width" : 1024,
  "timestamp" : 1251126290292,
  "manual_keyframe" : false,
  "t_20" : -0.21081209,
  "cx" : 515.05566,
  "t_01" : -0.4282091,
  "center_depth" : 2.6614435,
  "t_10" : -0.9181816,
  "t_03" : -1.4442728,
  "t_12" : 0.3928981,
  "t_23" : -5.4357634,
  "blur_score" : 58.731552,
  "fy" : 712.91547,
  "t_02" : 0.8391283,
  "t_22" : -0.37615803,
  "fx" : 712.91547,
  "angular_velocity" : 3.4028235e+38,
  "height" : 768
}