{
  "center_depth" : 0.20665154,
  "timestamp" : 1251071851744,
  "t_00" : -0.13115194,
  "cy" : 385.39755,
  "fx" : 715.14526,
  "t_20" : 0.044295803,
  "t_01" : 0.01236378,
  "cx" : 515.4394,
  "t_13" : -0.12903222,
  "blur_score" : 24.659767,
  "height" : 768,
  "t_11" : 0.043044247,
  "t_10" : -0.9903722,
  "width" : 1024,
  "t_22" : 0.0065993853,
  "manual_keyframe" : false,
  "t_02" : -0.9912852,
  "t_03" : 0.34969357,
  "t_12" : 0.13156803,
  "t_21" : 0.9989967,
  "fy" : 715.14526,
  "t_23" : -1.7391798,
  "angular_velocity" : 3.4028235e+38
}