{
  "t_11" : 0.10590241,
  "cy" : 385.41562,
  "t_20" : -0.52248144,
  "angular_velocity" : 3.4028235e+38,
  "height" : 768,
  "t_12" : 0.52885497,
  "timestamp" : 1251315105849,
  "t_00" : 0.13385087,
  "t_01" : -0.9088267,
  "cx" : 515.1577,
  "t_23" : -10.665286,
  "t_03" : -1.4982039,
  "blur_score" : 78.10709,
  "center_depth" : 2.5962415,
  "manual_keyframe" : false,
  "fx" : 718.3821,
  "fy" : 718.3821,
  "t_10" : -0.84207904,
  "t_21" : -0.403508,
  "t_22" : -0.7511288,
  "t_02" : 0.39511767,
  "t_13" : -1.3973233,
  "width" : 1024
}