{
  "cx" : 513.974,
  "t_20" : 0.42771736,
  "width" : 1024,
  "t_11" : 0.09443878,
  "manual_keyframe" : false,
  "t_22" : 0.49495584,
  "height" : 768,
  "fx" : 719.659,
  "blur_score" : 43.916683,
  "fy" : 719.659,
  "timestamp" : 1251256894228,
  "t_23" : -7.8249907,
  "t_10" : -0.67730844,
  "t_00" : 0.59859097,
  "t_12" : 0.72961265,
  "cy" : 385.42438,
  "t_02" : 0.47189417,
  "t_13" : -1.5522108,
  "t_03" : 4.4872227,
  "t_01" : 0.6473058,
  "t_21" : -0.75635743,
  "angular_velocity" : 3.4028235e+38,
  "center_depth" : 1.6943132
}