{
  "t_03" : -0.18177801,
  "t_22" : -0.76124805,
  "t_23" : 0.36143318,
  "t_21" : -0.6292438,
  "height" : 768,
  "timestamp" : 1251059878215,
  "cx" : 515.24396,
  "cy" : 385.03162,
  "t_00" : 0.104639836,
  "t_01" : -0.7770085,
  "manual_keyframe" : false,
  "t_12" : 0.18759842,
  "fx" : 718.26294,
  "fy" : 718.26294,
  "t_11" : 0.017609643,
  "width" : 1024,
  "angular_velocity" : 3.4028235e+38,
  "blur_score" : 57.011158,
  "t_13" : 0.11682397,
  "center_depth" : 0.8002237,
  "t_02" : 0.620732,
  "t_20" : -0.15669645,
  "t_10" : -0.9820879
}