{
  "timestamp" : 1251280518765,
  "t_22" : 0.41168532,
  "t_12" : -0.04104925,
  "t_02" : 0.9104011,
  "t_20" : -0.038278878,
  "t_00" : -0.027728999,
  "center_depth" : 4.2304063,
  "t_23" : -9.077829,
  "manual_keyframe" : false,
  "t_11" : 0.023433514,
  "cy" : 385.0858,
  "width" : 1024,
  "height" : 768,
  "t_13" : -1.2817688,
  "angular_velocity" : 3.4028235e+38,
  "t_03" : -2.4089587,
  "t_10" : -0.9988823,
  "blur_score" : 69.29037,
  "t_21" : -0.91052175,
  "fx" : 713.13776,
  "fy" : 713.13776,
  "cx" : 515.21155,
  "t_01" : 0.41279647
}