{
  "t_22" : 0.96570045,
  "angular_velocity" : 3.4028235e+38,
  "fx" : 713.7889,
  "t_11" : 0.056148328,
  "t_00" : 0.090219736,
  "t_10" : -0.9820968,
  "cy" : 385.21704,
  "t_03" : -0.052748255,
  "t_02" : -0.18732204,
  "t_12" : -0.17981447,
  "t_13" : 0.17070296,
  "t_21" : 0.20019121,
  "t_23" : -0.046372123,
  "width" : 1024,
  "height" : 768,
  "fy" : 713.7889,
  "t_01" : 0.97814673,
  "t_20" : -0.16536711,
  "center_depth" : 1.9507127,
  "blur_score" : 96.01293,
  "manual_keyframe" : false,
  "timestamp" : 1251047788094,
  "cx" : 515.27374
}