{
  "timestamp" : 1251319437562,
  "manual_keyframe" : false,
  "t_13" : -1.2008116,
  "fy" : 718.5758,
  "t_12" : 0.008505324,
  "blur_score" : 49.99643,
  "t_20" : 0.01630347,
  "t_03" : -1.7581213,
  "angular_velocity" : 3.4028235e+38,
  "cx" : 514.85596,
  "height" : 768,
  "t_02" : -0.8797097,
  "t_10" : -0.9998667,
  "t_21" : 0.87959975,
  "t_00" : -0.00085590436,
  "t_01" : 0.47551045,
  "t_11" : 0.013935393,
  "t_22" : 0.47543514,
  "fx" : 718.5758,
  "t_23" : -9.738932,
  "width" : 1024,
  "cy" : 384.81854,
  "center_depth" : 1.1319963
}