{
  "cx" : 514.97516,
  "t_01" : 0.2361256,
  "fx" : 714.2416,
  "t_23" : -5.0640697,
  "cy" : 385.07352,
  "angular_velocity" : 3.4028235e+38,
  "t_11" : 0.12639798,
  "t_21" : -0.9634669,
  "width" : 1024,
  "timestamp" : 1251219141605,
  "t_10" : -0.98693806,
  "t_00" : 0.12773126,
  "fy" : 714.2416,
  "manual_keyframe" : false,
  "t_13" : -1.1791589,
  "blur_score" : 45.900364,
  "t_02" : 0.963291,
  "t_03" : 1.1197445,
  "t_12" : 0.09988369,
  "center_depth" : 5.151223,
  "height" : 768,
  "t_20" : -0.098172925,
  "t_22" : 0.24918634
}