{
  "cy" : 384.59958,
  "cx" : 513.9496,
  "t_01" : -0.99780816,
  "center_depth" : 1.195881,
  "t_12" : -0.37074062,
  "timestamp" : 1251080644532,
  "t_23" : 1.8040031,
  "t_20" : 0.3715191,
  "width" : 1024,
  "t_13" : 0.22174014,
  "height" : 768,
  "t_22" : -0.92842513,
  "t_10" : -0.9263761,
  "t_21" : 0.00058229815,
  "fx" : 717.7754,
  "fy" : 717.7754,
  "t_00" : 0.06165113,
  "t_02" : 0.02404451,
  "angular_velocity" : 3.4028235e+38,
  "blur_score" : 49.488323,
  "t_11" : -0.066171445,
  "manual_keyframe" : false,
  "t_03" : 0.11615256
}