{
  "t_01" : -0.9938073,
  "t_23" : -2.3022857,
  "angular_velocity" : 3.4028235e+38,
  "t_10" : -0.9964296,
  "t_21" : -0.08139669,
  "timestamp" : 1251154949899,
  "t_22" : -0.9957254,
  "fx" : 711.9641,
  "t_11" : 0.07564268,
  "t_02" : 0.08440799,
  "fy" : 711.9641,
  "t_12" : 0.03749913,
  "center_depth" : 5.15028,
  "cx" : 515.12286,
  "width" : 1024,
  "t_03" : -3.1826885,
  "t_00" : -0.07226705,
  "t_13" : -1.2719991,
  "t_20" : -0.043651752,
  "blur_score" : 127.70043,
  "cy" : 385.45776,
  "height" : 768,
  "manual_keyframe" : false
}