{
  "t_11" : -0.012023125,
  "t_13" : -1.216456,
  "t_23" : -9.945314,
  "t_12" : 0.053114913,
  "height" : 768,
  "t_01" : -0.935833,
  "t_03" : 0.7379401,
  "t_20" : -0.053943213,
  "angular_velocity" : 3.4028235e+38,
  "t_10" : -0.99851596,
  "fy" : 714.4544,
  "blur_score" : 47.399513,
  "t_02" : -0.35236457,
  "timestamp" : 1251230137506,
  "cy" : 384.83527,
  "cx" : 515.25665,
  "center_depth" : 2.5853176,
  "t_21" : 0.35223868,
  "width" : 1024,
  "manual_keyframe" : false,
  "t_22" : -0.93435436,
  "t_00" : -0.0074752704,
  "fx" : 714.4544
}