{
  "t_02" : 0.9223934,
  "cx" : 514.95966,
  "blur_score" : 60.60293,
  "center_depth" : 2.262755,
  "cy" : 384.71265,
  "height" : 768,
  "t_01" : 0.24247427,
  "t_03" : 0.7454753,
  "timestamp" : 1251238167852,
  "fy" : 713.79846,
  "manual_keyframe" : false,
  "t_20" : -0.023722779,
  "t_23" : -7.9753137,
  "t_22" : 0.24692607,
  "width" : 1024,
  "fx" : 713.79846,
  "t_12" : -0.29701546,
  "t_10" : -0.9534361,
  "t_13" : -0.9677682,
  "t_21" : -0.968744,
  "t_11" : -0.052359253,
  "t_00" : -0.30066076,
  "angular_velocity" : 3.4028235e+38
}