{
  "height" : 768,
  "t_00" : 0.13333711,
  "t_22" : 0.4226163,
  "t_12" : 0.13788316,
  "t_01" : 0.4240725,
  "t_11" : 0.02010572,
  "t_02" : 0.89575875,
  "cx" : 515.1692,
  "t_10" : -0.9902444,
  "blur_score" : 67.121574,
  "width" : 1024,
  "t_03" : -2.0108266,
  "timestamp" : 1251279985631,
  "t_20" : 0.040462583,
  "t_13" : -1.3296528,
  "t_21" : -0.9054051,
  "fy" : 713.2108,
  "fx" : 713.2108,
  "t_23" : -8.821043,
  "angular_velocity" : 3.4028235e+38,
  "cy" : 384.93964,
  "center_depth" : 4.683629,
  "manual_keyframe" : false
}