{
  "t_11" : 0.104124784,
  "cy" : 385.3936,
  "t_20" : -0.4216325,
  "angular_velocity" : 3.4028235e+38,
  "height" : 768,
  "t_12" : 0.42584166,
  "timestamp" : 1251314905924,
  "t_00" : 0.120038025,
  "t_01" : -0.8758045,
  "cx" : 515.1193,
  "t_23" : -10.684111,
  "t_03" : -1.482913,
  "blur_score" : 72.69598,
  "center_depth" : 2.7427735,
  "manual_keyframe" : false,
  "fx" : 720.6358,
  "fy" : 720.6358,
  "t_10" : -0.89878637,
  "t_21" : -0.47130096,
  "t_22" : -0.77466214,
  "t_02" : 0.46750122,
  "t_13" : -1.3339667,
  "width" : 1024
}