{
  "t_03" : 0.31731236,
  "t_22" : 0.8458237,
  "t_23" : -0.51940143,
  "t_21" : 0.50565016,
  "height" : 768,
  "timestamp" : 1251067288815,
  "cx" : 515.22095,
  "cy" : 384.94962,
  "t_00" : -0.15259682,
  "t_01" : 0.8614721,
  "manual_keyframe" : false,
  "t_12" : 0.22361152,
  "fx" : 715.6773,
  "fy" : 715.6773,
  "t_11" : -0.046732705,
  "width" : 1024,
  "angular_velocity" : 3.4028235e+38,
  "blur_score" : 74.25335,
  "t_13" : -0.3397718,
  "center_depth" : 2.2142568,
  "t_02" : -0.4843348,
  "t_20" : 0.17000079,
  "t_10" : -0.97355735
}