{
  "timestamp" : 1251292447651,
  "t_22" : -0.1439662,
  "t_12" : 0.612202,
  "t_02" : -0.7774847,
  "t_20" : -0.1227009,
  "t_00" : -0.5998479,
  "center_depth" : 1.5543714,
  "t_23" : -12.4366865,
  "manual_keyframe" : false,
  "t_11" : -0.009040266,
  "cy" : 384.9825,
  "width" : 1024,
  "height" : 768,
  "t_13" : -1.4411311,
  "angular_velocity" : 3.4028235e+38,
  "t_03" : -4.0113974,
  "t_10" : -0.7906497,
  "blur_score" : 115.95753,
  "t_21" : 0.9819462,
  "fx" : 718.2709,
  "t_01" : -0.18894456,
  "fy" : 718.2709,
  "cx" : 514.48
}