{
  "height" : 768,
  "t_00" : -0.27594092,
  "t_22" : 0.5695583,
  "t_01" : 0.6237788,
  "t_11" : 0.030149654,
  "t_02" : -0.73127055,
  "t_12" : 0.3752954,
  "t_10" : -0.9264147,
  "cx" : 515.0661,
  "blur_score" : 74.95099,
  "width" : 1024,
  "t_03" : -2.2073421,
  "timestamp" : 1251324002523,
  "t_20" : 0.25614887,
  "t_13" : -1.3128718,
  "t_21" : 0.7810193,
  "fy" : 715.86945,
  "fx" : 715.86945,
  "t_23" : -9.318923,
  "angular_velocity" : 3.4028235e+38,
  "cy" : 385.02917,
  "center_depth" : 1.7533625,
  "manual_keyframe" : false
}