{
  "t_01" : -0.884238,
  "fy" : 717.7277,
  "t_12" : -0.43798625,
  "width" : 1024,
  "t_20" : 0.45554253,
  "height" : 768,
  "timestamp" : 1251312640104,
  "manual_keyframe" : false,
  "t_02" : -0.46023196,
  "t_11" : 0.14831312,
  "fx" : 717.7277,
  "t_21" : 0.44286168,
  "blur_score" : 61.433956,
  "t_23" : -10.5181,
  "t_13" : -1.0039169,
  "t_00" : 0.079434,
  "t_10" : -0.8866629,
  "t_22" : -0.77224004,
  "cx" : 515.02606,
  "angular_velocity" : 3.4028235e+38,
  "t_03" : -1.5364323,
  "center_depth" : 1.3668377,
  "cy" : 385.404
}