{
  "timestamp" : 1251317971444,
  "manual_keyframe" : false,
  "t_13" : -1.1949214,
  "fy" : 721.6442,
  "t_12" : -0.114685684,
  "blur_score" : 75.093445,
  "t_20" : 0.0470818,
  "t_03" : -1.496986,
  "angular_velocity" : 3.4028235e+38,
  "cx" : 515.2312,
  "height" : 768,
  "t_10" : -0.99236274,
  "t_02" : -0.99333197,
  "t_21" : 0.99882156,
  "t_00" : 0.11401515,
  "t_01" : -0.017095914,
  "t_11" : 0.045424033,
  "t_22" : -0.011786343,
  "fx" : 721.6442,
  "t_23" : -10.029411,
  "width" : 1024,
  "cy" : 384.85858,
  "center_depth" : 0.8677515
}