{
  "manual_keyframe" : false,
  "t_20" : 0.18953972,
  "timestamp" : 1251174916597,
  "t_01" : -0.4824122,
  "t_10" : -0.9592288,
  "t_12" : -0.27454126,
  "cy" : 384.88605,
  "fx" : 718.3042,
  "t_13" : -1.1820849,
  "t_00" : 0.20965391,
  "height" : 768,
  "t_11" : 0.06713547,
  "t_23" : 3.0779102,
  "blur_score" : 107.36217,
  "width" : 1024,
  "fy" : 718.3042,
  "angular_velocity" : 3.4028235e+38,
  "t_21" : 0.8733677,
  "t_22" : -0.4486685,
  "center_depth" : 0.8242192,
  "t_03" : -2.0060966,
  "cx" : 515.11426,
  "t_02" : -0.85048443
}