{
  "height" : 768,
  "t_00" : -0.09816467,
  "t_22" : 0.77780724,
  "t_12" : -0.21273035,
  "t_11" : 0.037435915,
  "t_02" : 0.5914067,
  "t_01" : 0.8003762,
  "cx" : 515.25183,
  "t_10" : -0.9763935,
  "blur_score" : 62.413082,
  "width" : 1024,
  "t_03" : -3.8544343,
  "timestamp" : 1251282717946,
  "t_20" : -0.19240417,
  "t_13" : -1.1704272,
  "t_21" : -0.5983283,
  "fy" : 713.43,
  "fx" : 713.43,
  "t_23" : -10.053011,
  "angular_velocity" : 3.4028235e+38,
  "cy" : 385.2042,
  "center_depth" : 2.6688154,
  "manual_keyframe" : false
}