{
  "blur_score" : 52.451557,
  "t_00" : -0.13621478,
  "manual_keyframe" : false,
  "fy" : 714.0669,
  "t_02" : -0.7003979,
  "t_10" : -0.98195493,
  "t_11" : -0.0018664552,
  "angular_velocity" : 3.4028235e+38,
  "width" : 1024,
  "height" : 768,
  "t_03" : -0.8437953,
  "t_13" : -1.2737739,
  "cx" : 515.1085,
  "t_01" : 0.70063424,
  "t_12" : 0.18910548,
  "t_23" : -7.9091434,
  "fx" : 714.0669,
  "cy" : 384.7817,
  "timestamp" : 1251225772465,
  "t_21" : 0.71351814,
  "center_depth" : 3.13875,
  "t_22" : 0.6882455,
  "t_20" : 0.13118653
}