{
  "fy" : 712.90436,
  "width" : 1024,
  "t_00" : -0.09400998,
  "t_12" : 0.26289427,
  "t_03" : -2.7274828,
  "t_10" : -0.9643913,
  "t_21" : 0.45186454,
  "center_depth" : 5.575359,
  "t_02" : -0.4429217,
  "t_20" : 0.24720736,
  "fx" : 712.90436,
  "angular_velocity" : 3.4028235e+38,
  "blur_score" : 70.54341,
  "timestamp" : 1251189820785,
  "manual_keyframe" : false,
  "t_01" : 0.8916179,
  "cx" : 515.10645,
  "t_22" : 0.8571505,
  "t_23" : -1.9750379,
  "height" : 768,
  "t_11" : 0.028912803,
  "t_13" : -1.3186209,
  "cy" : 385.2552
}