{
  "cy" : 385.03574,
  "t_00" : 0.33977118,
  "t_11" : -0.020979451,
  "t_10" : -0.938502,
  "t_01" : 0.12137552,
  "fy" : 713.4634,
  "t_12" : 0.34463587,
  "t_22" : 0.10678299,
  "center_depth" : 3.994775,
  "width" : 1024,
  "height" : 768,
  "t_02" : 0.9326434,
  "timestamp" : 1251265590992,
  "t_03" : 3.4765341,
  "fx" : 713.4634,
  "t_23" : -6.463582,
  "manual_keyframe" : false,
  "angular_velocity" : 3.4028235e+38,
  "cx" : 515.319,
  "t_13" : -1.4000762,
  "t_20" : 0.061396714,
  "blur_score" : 41.615917,
  "t_21" : -0.9923849
}