{
  "height" : 768,
  "t_00" : 0.424756,
  "t_22" : 0.23028901,
  "t_01" : 0.1766275,
  "t_11" : 0.16711253,
  "t_02" : -0.88791054,
  "t_12" : -0.3982234,
  "t_10" : -0.90193766,
  "cx" : 515.14136,
  "blur_score" : 39.935272,
  "width" : 1024,
  "t_03" : -4.8869705,
  "timestamp" : 1251286783098,
  "t_20" : 0.078043774,
  "t_13" : -1.1142498,
  "t_21" : 0.9699877,
  "fy" : 714.1843,
  "fx" : 714.1843,
  "t_23" : -11.869982,
  "angular_velocity" : 3.4028235e+38,
  "cy" : 385.08374,
  "center_depth" : 2.1351533,
  "manual_keyframe" : false
}