{
  "fx" : 714.8356,
  "t_21" : 0.7115471,
  "t_00" : -0.2867403,
  "height" : 768,
  "t_13" : -1.3768864,
  "angular_velocity" : 3.4028235e+38,
  "blur_score" : 76.41433,
  "cx" : 514.9384,
  "t_02" : -0.6519114,
  "manual_keyframe" : false,
  "center_depth" : 1.713453,
  "width" : 1024,
  "t_23" : 2.3513932,
  "t_11" : 0.03015448,
  "cy" : 385.08313,
  "t_22" : 0.62495613,
  "timestamp" : 1251180095599,
  "fy" : 714.8356,
  "t_10" : -0.90257925,
  "t_03" : -1.3286846,
  "t_01" : 0.7019912,
  "t_20" : 0.32113966,
  "t_12" : 0.42946643
}