{
  "height" : 768,
  "t_13" : -1.2932881,
  "angular_velocity" : 3.4028235e+38,
  "t_22" : -0.3077902,
  "blur_score" : 49.002853,
  "width" : 1024,
  "fx" : 715.77264,
  "fy" : 715.77264,
  "cx" : 515.1121,
  "t_20" : -0.013112851,
  "t_10" : -0.99416345,
  "t_03" : 1.929858,
  "t_12" : 0.105906725,
  "t_01" : -0.30738246,
  "t_00" : -0.10708421,
  "t_11" : 0.020560717,
  "t_02" : -0.9455418,
  "t_21" : 0.951364,
  "cy" : 385.06686,
  "t_23" : -4.5240607,
  "center_depth" : 1.514956,
  "timestamp" : 1251209445244,
  "manual_keyframe" : false
}