{
  "t_21" : 0.86033034,
  "blur_score" : 42.435986,
  "t_01" : 0.50966126,
  "t_02" : -0.846269,
  "timestamp" : 1251251596198,
  "t_03" : 2.6566832,
  "cy" : 385.03082,
  "cx" : 515.0398,
  "fy" : 714.3528,
  "t_22" : 0.4994366,
  "t_23" : -6.8637333,
  "angular_velocity" : 3.4028235e+38,
  "t_10" : -0.9826142,
  "t_11" : 0.0087897545,
  "t_20" : 0.10195551,
  "width" : 1024,
  "manual_keyframe" : false,
  "t_00" : -0.15515892,
  "t_13" : -1.3130839,
  "t_12" : 0.18545069,
  "fx" : 714.3528,
  "height" : 768,
  "center_depth" : 2.5336514
}