{
  "t_13" : -1.262249,
  "t_21" : 0.65815634,
  "t_11" : -0.055909786,
  "t_00" : -0.15433294,
  "cy" : 384.73456,
  "width" : 1024,
  "timestamp" : 1251104524891,
  "manual_keyframe" : false,
  "t_20" : 0.092495084,
  "cx" : 515.06854,
  "t_01" : 0.75080246,
  "center_depth" : 2.9746337,
  "t_10" : -0.9836798,
  "t_03" : -1.7738321,
  "t_12" : 0.17102073,
  "t_23" : -1.1582583,
  "blur_score" : 94.25215,
  "fy" : 712.91547,
  "t_02" : -0.64224374,
  "t_22" : 0.7471779,
  "fx" : 712.91547,
  "angular_velocity" : 3.4028235e+38,
  "height" : 768
}