{
  "width" : 1024,
  "fx" : 716.83356,
  "angular_velocity" : 3.4028235e+38,
  "cx" : 514.93555,
  "t_11" : 0.024472428,
  "t_12" : 0.34356272,
  "t_02" : -0.84853053,
  "t_23" : -1.7758962,
  "height" : 768,
  "manual_keyframe" : false,
  "t_10" : -0.9388108,
  "t_22" : 0.4024433,
  "t_20" : 0.17072093,
  "t_13" : -0.15946458,
  "t_01" : 0.43647152,
  "timestamp" : 1251070053218,
  "center_depth" : 1.0997146,
  "blur_score" : 48.579166,
  "cy" : 385.15887,
  "fy" : 716.83356,
  "t_03" : 0.01665033,
  "t_21" : 0.8993853,
  "t_00" : -0.29914647
}