{
  "t_21" : 0.64908874,
  "blur_score" : 63.823235,
  "t_01" : 0.7606667,
  "t_02" : -0.6278203,
  "timestamp" : 1251050385973,
  "t_03" : -0.5024565,
  "cy" : 384.62903,
  "fy" : 714.09064,
  "cx" : 514.17426,
  "t_22" : 0.7323433,
  "t_23" : 0.116766326,
  "angular_velocity" : 3.4028235e+38,
  "t_10" : -0.96458024,
  "t_11" : -0.008367901,
  "t_20" : -0.2058085,
  "width" : 1024,
  "manual_keyframe" : false,
  "t_00" : 0.1650085,
  "t_13" : 0.25125682,
  "t_12" : -0.26365682,
  "fx" : 714.09064,
  "height" : 768,
  "center_depth" : 1.9810623
}