{
  "center_depth" : 1.4729995,
  "timestamp" : 1251252895715,
  "t_00" : -0.6384068,
  "fx" : 717.50696,
  "cy" : 384.78796,
  "t_20" : -0.23036468,
  "t_01" : -0.33746707,
  "cx" : 514.5331,
  "t_13" : -1.5284811,
  "blur_score" : 43.58008,
  "height" : 768,
  "t_11" : -0.0019187238,
  "t_10" : -0.7344174,
  "width" : 1024,
  "t_22" : -0.24661677,
  "manual_keyframe" : false,
  "t_02" : -0.6917751,
  "t_12" : 0.6786954,
  "t_03" : 3.2652078,
  "t_21" : 0.9413355,
  "fy" : 717.50696,
  "t_23" : -6.3890004,
  "angular_velocity" : 3.4028235e+38
}