{
  "t_00" : 0.039473753,
  "center_depth" : 2.086968,
  "t_03" : -0.05153632,
  "t_23" : -7.522009,
  "angular_velocity" : 3.4028235e+38,
  "timestamp" : 1251273054880,
  "cx" : 515.2094,
  "fy" : 714.28925,
  "blur_score" : 69.55171,
  "manual_keyframe" : false,
  "t_02" : -0.41420242,
  "t_10" : -0.9977568,
  "t_11" : 0.013440657,
  "t_13" : -1.2526286,
  "t_12" : -0.06557962,
  "fx" : 714.28925,
  "t_22" : 0.9078192,
  "width" : 1024,
  "height" : 768,
  "cy" : 385.1243,
  "t_21" : 0.41586193,
  "t_01" : 0.9093285,
  "t_20" : -0.054066263
}