{
  "t_23" : -2.6953914,
  "fx" : 713.4872,
  "t_00" : 0.17981164,
  "t_03" : 0.8707106,
  "t_20" : -0.0053582354,
  "t_02" : 0.98309463,
  "t_01" : 0.03453391,
  "t_21" : -0.99933434,
  "t_11" : 0.011756053,
  "t_13" : -1.2721477,
  "angular_velocity" : 3.4028235e+38,
  "t_10" : -0.9836864,
  "blur_score" : 96.8591,
  "t_12" : 0.17950691,
  "height" : 768,
  "manual_keyframe" : false,
  "center_depth" : 1.8421866,
  "width" : 1024,
  "t_22" : 0.03608444,
  "timestamp" : 1251118979652,
  "cx" : 515.00073,
  "cy" : 384.87073,
  "fy" : 713.4872
}