{
  "height" : 768,
  "t_00" : -0.3027286,
  "t_22" : -0.51681656,
  "t_01" : -0.541939,
  "t_11" : 0.026868632,
  "t_12" : 0.34386483,
  "t_02" : -0.78400105,
  "t_10" : -0.9386347,
  "cx" : 514.38025,
  "blur_score" : 34.407516,
  "width" : 1024,
  "t_03" : -3.7640846,
  "timestamp" : 1251293647203,
  "t_20" : -0.16528872,
  "t_13" : -1.3447707,
  "t_21" : 0.83998835,
  "fy" : 717.5054,
  "fx" : 717.5054,
  "t_23" : -12.574747,
  "angular_velocity" : 3.4028235e+38,
  "cy" : 385.24792,
  "center_depth" : 2.028579,
  "manual_keyframe" : false
}