{
  "t_10" : -0.9433114,
  "t_11" : 0.037345737,
  "t_23" : -9.817604,
  "blur_score" : 62.222034,
  "center_depth" : 1.1300385,
  "height" : 768,
  "t_01" : 0.3533372,
  "t_13" : -1.1139705,
  "t_00" : 0.3211776,
  "t_20" : -0.0837179,
  "t_22" : 0.34530163,
  "fx" : 720.49756,
  "width" : 1024,
  "cx" : 515.08466,
  "fy" : 720.49756,
  "t_21" : 0.9347503,
  "t_02" : -0.87863415,
  "timestamp" : 1251318704503,
  "cy" : 385.19077,
  "t_12" : -0.32980147,
  "t_03" : -1.5824611,
  "angular_velocity" : 3.4028235e+38,
  "manual_keyframe" : false
}