{
  "cy" : 384.8967,
  "t_22" : 0.09756073,
  "t_12" : -0.023789858,
  "t_23" : -6.774891,
  "t_20" : 0.020622158,
  "blur_score" : 35.91306,
  "t_01" : 0.09701658,
  "height" : 768,
  "t_02" : 0.9949452,
  "timestamp" : 1251269322937,
  "manual_keyframe" : false,
  "angular_velocity" : 3.4028235e+38,
  "fy" : 714.76575,
  "fx" : 714.76575,
  "t_11" : -0.023046665,
  "width" : 1024,
  "t_10" : -0.9994513,
  "t_00" : -0.025919737,
  "cx" : 514.89667,
  "t_13" : -1.2453458,
  "t_03" : 2.482442,
  "center_depth" : 4.67318,
  "t_21" : -0.995016
}