{
  "height" : 768,
  "t_00" : -0.37236285,
  "t_22" : -0.63065463,
  "t_01" : -0.8737513,
  "t_11" : 0.045084402,
  "t_02" : -0.312897,
  "t_12" : 0.71019036,
  "cx" : 513.6464,
  "t_10" : -0.7025646,
  "blur_score" : 69.75807,
  "width" : 1024,
  "t_03" : -1.2889566,
  "timestamp" : 1251309274695,
  "t_20" : -0.606423,
  "t_13" : -1.6317499,
  "t_21" : 0.48427883,
  "fy" : 720.8152,
  "fx" : 720.8152,
  "t_23" : -10.480231,
  "angular_velocity" : 3.4028235e+38,
  "cy" : 384.9871,
  "center_depth" : 1.109682,
  "manual_keyframe" : false
}