{
  "timestamp" : 1251300677908,
  "t_22" : -0.33820248,
  "t_12" : 0.36673516,
  "t_02" : -0.86667424,
  "t_20" : -0.10816253,
  "t_00" : -0.35131797,
  "center_depth" : 3.57502,
  "t_23" : -9.527046,
  "manual_keyframe" : false,
  "t_11" : 0.025074918,
  "cy" : 384.87238,
  "width" : 1024,
  "height" : 768,
  "t_13" : -1.3779887,
  "angular_velocity" : 3.4028235e+38,
  "t_10" : -0.9299873,
  "t_03" : -3.5945961,
  "blur_score" : 65.66104,
  "t_21" : 0.93483675,
  "fx" : 713.1553,
  "t_01" : -0.354191,
  "cx" : 515.24756,
  "fy" : 713.1553
}