{
  "t_21" : 0.9415327,
  "blur_score" : 90.07593,
  "t_02" : -0.90864044,
  "t_01" : -0.33500043,
  "timestamp" : 1251053816504,
  "fy" : 713.4697,
  "cy" : 385.08035,
  "cx" : 515.1883,
  "t_03" : -0.30511335,
  "t_22" : -0.3127375,
  "t_23" : -0.019851308,
  "angular_velocity" : 3.4028235e+38,
  "t_11" : 0.035930954,
  "t_10" : -0.9602818,
  "t_20" : 0.12534587,
  "width" : 1024,
  "manual_keyframe" : false,
  "t_00" : 0.24929334,
  "t_13" : 0.21710308,
  "t_12" : -0.27670875,
  "fx" : 713.4697,
  "height" : 768,
  "center_depth" : 1.9706992
}