{
  "t_12" : 0.09239304,
  "fy" : 714.6942,
  "t_01" : 0.69853604,
  "width" : 1024,
  "t_20" : 0.0700931,
  "height" : 768,
  "timestamp" : 1251285383619,
  "manual_keyframe" : false,
  "t_02" : -0.712996,
  "t_11" : 0.0077885874,
  "fx" : 714.6942,
  "t_21" : 0.7155325,
  "blur_score" : 34.913094,
  "t_23" : -11.350191,
  "t_13" : -1.2630692,
  "t_10" : -0.9956921,
  "t_00" : -0.060696732,
  "t_22" : 0.6950542,
  "cx" : 515.1019,
  "angular_velocity" : 3.4028235e+38,
  "t_03" : -4.9781713,
  "center_depth" : 2.0757885,
  "cy" : 385.21143
}