{
  "cy" : 385.9032,
  "t_00" : 0.28364995,
  "t_11" : 0.12731038,
  "t_10" : -0.72779727,
  "t_01" : -0.83874696,
  "t_12" : 0.6738719,
  "fy" : 718.41223,
  "t_22" : -0.57432616,
  "center_depth" : 3.3536036,
  "width" : 1024,
  "height" : 768,
  "t_02" : 0.46480775,
  "timestamp" : 1251084508027,
  "t_03" : 0.19123945,
  "fx" : 718.41223,
  "t_23" : 1.5739198,
  "manual_keyframe" : false,
  "angular_velocity" : 3.4028235e+38,
  "cx" : 514.85657,
  "t_13" : -0.073188394,
  "t_20" : -0.6243828,
  "blur_score" : 51.705845,
  "t_21" : -0.52942955
}