{
  "cx" : 514.8509,
  "t_21" : 0.8106324,
  "t_10" : -0.9029884,
  "fx" : 714.04626,
  "t_00" : -0.34715196,
  "angular_velocity" : 3.4028235e+38,
  "height" : 768,
  "fy" : 714.04626,
  "t_11" : -0.0021666111,
  "width" : 1024,
  "t_02" : -0.73254025,
  "t_01" : -0.5855514,
  "t_03" : -2.2868958,
  "t_13" : -1.3324015,
  "center_depth" : 3.3692966,
  "manual_keyframe" : false,
  "t_22" : -0.5279939,
  "t_23" : -8.864416,
  "t_20" : -0.25317487,
  "t_12" : 0.42965955,
  "blur_score" : 68.578445,
  "timestamp" : 1251327834428,
  "cy" : 385.32492
}