{
  "t_13" : -1.466337,
  "t_00" : 0.52131915,
  "t_22" : -0.13477153,
  "width" : 1024,
  "fx" : 714.17163,
  "angular_velocity" : 3.4028235e+38,
  "blur_score" : 31.772516,
  "height" : 768,
  "cx" : 514.9525,
  "timestamp" : 1251266190769,
  "cy" : 385.20215,
  "t_11" : -0.062743954,
  "t_01" : -0.119606316,
  "t_03" : 3.170841,
  "t_10" : -0.8533153,
  "t_20" : -0.00889417,
  "fy" : 714.17163,
  "t_21" : -0.9908368,
  "t_23" : -6.542282,
  "t_02" : 0.8449383,
  "center_depth" : 1.9126889,
  "t_12" : 0.51760596,
  "manual_keyframe" : false
}