{
  "t_01" : -0.9737778,
  "t_23" : -2.5951355,
  "angular_velocity" : 3.4028235e+38,
  "t_10" : -0.973584,
  "t_21" : 0.22367288,
  "timestamp" : 1251154267133,
  "t_22" : -0.9517857,
  "fx" : 712.35,
  "t_11" : 0.041561894,
  "t_02" : -0.20903887,
  "fy" : 712.35,
  "t_12" : 0.2245148,
  "center_depth" : 4.18232,
  "cx" : 514.9464,
  "width" : 1024,
  "t_03" : -3.358629,
  "t_00" : -0.08977589,
  "t_13" : -1.3320134,
  "t_20" : -0.20993945,
  "blur_score" : 144.60432,
  "cy" : 385.11063,
  "height" : 768,
  "manual_keyframe" : false
}