{
  "t_21" : -0.26895195,
  "blur_score" : 65.05134,
  "t_01" : 0.9628852,
  "t_02" : 0.25733232,
  "timestamp" : 1251066589388,
  "fy" : 716.2793,
  "cy" : 384.60452,
  "cx" : 515.0491,
  "t_03" : 0.44717833,
  "t_22" : 0.94016427,
  "t_23" : -0.5725452,
  "angular_velocity" : 3.4028235e+38,
  "t_10" : -0.97448033,
  "t_11" : 0.022736788,
  "t_20" : 0.20917916,
  "width" : 1024,
  "manual_keyframe" : false,
  "t_00" : 0.08143827,
  "t_13" : -0.21119975,
  "t_12" : 0.22331852,
  "fx" : 716.2793,
  "height" : 768,
  "center_depth" : 1.0034889
}