{
  "t_11" : -0.006224929,
  "t_13" : -1.255219,
  "t_23" : 2.7658715,
  "t_12" : 0.065572344,
  "height" : 768,
  "t_01" : 0.6678823,
  "t_03" : -1.7237666,
  "t_20" : 0.039173335,
  "angular_velocity" : 3.4028235e+38,
  "t_10" : -0.99782836,
  "fy" : 714.0335,
  "blur_score" : 88.85605,
  "t_02" : -0.7423809,
  "timestamp" : 1251179296268,
  "cy" : 384.79007,
  "cx" : 515.0551,
  "center_depth" : 2.5473938,
  "t_21" : 0.74424094,
  "width" : 1024,
  "manual_keyframe" : false,
  "t_22" : 0.6667615,
  "t_00" : -0.05295216,
  "fx" : 714.0335
}