{
  "cx" : 515.10046,
  "t_21" : -0.5845212,
  "fx" : 717.4768,
  "t_10" : -0.9340795,
  "t_00" : -0.30331734,
  "angular_velocity" : 3.4028235e+38,
  "height" : 768,
  "fy" : 717.4768,
  "t_11" : 0.14153913,
  "width" : 1024,
  "t_02" : 0.5193236,
  "t_01" : -0.7989378,
  "t_03" : 2.664785,
  "t_13" : -1.2049822,
  "center_depth" : 1.3938795,
  "manual_keyframe" : false,
  "t_22" : -0.78920275,
  "t_23" : -6.9373674,
  "t_20" : 0.18839844,
  "t_12" : -0.327814,
  "blur_score" : 21.503048,
  "timestamp" : 1251268323309,
  "cy" : 385.21075
}