{
  "t_02" : 0.45802146,
  "cx" : 515.1793,
  "blur_score" : 41.957966,
  "center_depth" : 3.6840448,
  "cy" : 385.15207,
  "height" : 768,
  "t_01" : 0.88794357,
  "t_03" : 0.09337908,
  "timestamp" : 1251221140858,
  "fy" : 713.4586,
  "manual_keyframe" : false,
  "t_20" : 0.030029073,
  "t_23" : -5.738609,
  "t_22" : 0.88775,
  "width" : 1024,
  "fx" : 713.4586,
  "t_12" : 0.04600356,
  "t_13" : -1.2829524,
  "t_10" : -0.99866194,
  "t_21" : -0.4593454,
  "t_11" : 0.023622252,
  "t_00" : 0.04210218,
  "angular_velocity" : 3.4028235e+38
}