{
  "fy" : 722.2525,
  "angular_velocity" : 3.4028235e+38,
  "t_00" : 0.25764704,
  "blur_score" : 42.044903,
  "height" : 768,
  "manual_keyframe" : false,
  "width" : 1024,
  "fx" : 722.2525,
  "t_11" : 0.21837638,
  "t_13" : 0.01791121,
  "cy" : 386.12372,
  "cx" : 515.1224,
  "t_22" : -0.4467597,
  "t_23" : 1.6063148,
  "t_02" : 0.7711765,
  "center_depth" : 0.86535704,
  "t_10" : -0.8640713,
  "t_01" : -0.5821554,
  "t_21" : -0.78320307,
  "t_20" : -0.43243366,
  "timestamp" : 1251084108355,
  "t_12" : 0.4535335,
  "t_03" : 0.19199875
}