{
  "cy" : 385.43103,
  "t_03" : 2.629175,
  "height" : 768,
  "angular_velocity" : 3.4028235e+38,
  "manual_keyframe" : false,
  "fx" : 716.91455,
  "fy" : 716.91455,
  "blur_score" : 32.824543,
  "center_depth" : 1.5231278,
  "t_12" : -0.3236638,
  "t_21" : -0.90494096,
  "t_10" : -0.944803,
  "t_01" : -0.42248428,
  "cx" : 514.79944,
  "t_11" : 0.05088319,
  "t_02" : 0.8502343,
  "t_20" : 0.09348023,
  "width" : 1024,
  "timestamp" : 1251268756481,
  "t_13" : -1.203144,
  "t_22" : -0.41514274,
  "t_00" : -0.31402037,
  "t_23" : -6.9188247
}