{
  "t_00" : 0.025131535,
  "center_depth" : 2.743877,
  "t_03" : 0.006275947,
  "t_23" : -7.496501,
  "angular_velocity" : 3.4028235e+38,
  "timestamp" : 1251272921596,
  "fy" : 714.0637,
  "cx" : 515.24316,
  "blur_score" : 53.639465,
  "manual_keyframe" : false,
  "t_02" : -0.24602199,
  "t_10" : -0.9995696,
  "t_11" : 0.02062947,
  "t_13" : -1.256895,
  "t_12" : -0.020860055,
  "fx" : 714.0637,
  "t_22" : 0.9690398,
  "width" : 1024,
  "height" : 768,
  "cy" : 385.23807,
  "t_21" : 0.24644032,
  "t_01" : 0.96893847,
  "t_20" : -0.015136804
}