{
  "t_13" : -1.3253139,
  "t_21" : -0.78387773,
  "t_11" : 0.036892988,
  "cy" : 385.14777,
  "t_00" : 0.26273403,
  "width" : 1024,
  "timestamp" : 1251119745688,
  "manual_keyframe" : false,
  "t_20" : 0.16298717,
  "cx" : 515.26715,
  "t_01" : 0.6198181,
  "center_depth" : 4.3144636,
  "t_10" : -0.95100254,
  "t_12" : 0.30697376,
  "t_03" : 1.1086283,
  "t_23" : -2.6399522,
  "blur_score" : 76.418785,
  "fy" : 714.2924,
  "t_02" : 0.7394567,
  "t_22" : 0.5991417,
  "fx" : 714.2924,
  "angular_velocity" : 3.4028235e+38,
  "height" : 768
}