{
  "cy" : 385.19907,
  "t_00" : 0.12669559,
  "t_11" : 0.055692136,
  "t_10" : -0.8820748,
  "t_01" : -0.9283635,
  "t_12" : 0.46780604,
  "fy" : 713.78735,
  "t_22" : -0.81183004,
  "center_depth" : 2.6347399,
  "width" : 1024,
  "height" : 768,
  "t_02" : 0.34941307,
  "timestamp" : 1251143226294,
  "t_03" : -4.343705,
  "fx" : 713.78735,
  "t_23" : -5.0694847,
  "manual_keyframe" : false,
  "angular_velocity" : 3.4028235e+38,
  "cx" : 514.7965,
  "t_13" : -1.382566,
  "t_20" : -0.45375362,
  "blur_score" : 53.796124,
  "t_21" : -0.36747742
}