{
  "t_02" : -0.4737969,
  "cx" : 514.7847,
  "blur_score" : 423.3209,
  "center_depth" : 2.170533,
  "cy" : 384.94446,
  "height" : 768,
  "t_01" : 0.870393,
  "t_03" : -3.4792736,
  "timestamp" : 1251165674307,
  "fy" : 713.1632,
  "manual_keyframe" : false,
  "t_20" : 0.23647343,
  "t_23" : 1.7195225,
  "t_22" : 0.8376541,
  "width" : 1024,
  "fx" : 713.1632,
  "t_12" : 0.27175766,
  "t_10" : -0.9623657,
  "t_13" : -1.3782914,
  "t_21" : 0.49235764,
  "t_11" : -0.00013199112,
  "t_00" : -0.13391253,
  "angular_velocity" : 3.4028235e+38
}