{
  "center_depth" : 3.3971667,
  "manual_keyframe" : false,
  "t_01" : -0.71935487,
  "t_21" : 0.69338113,
  "t_00" : -0.30907047,
  "t_03" : -1.8181989,
  "timestamp" : 1251328567489,
  "t_20" : -0.26553124,
  "cy" : 384.9047,
  "t_22" : -0.6698625,
  "width" : 1024,
  "fy" : 713.7524,
  "height" : 768,
  "t_10" : -0.9132188,
  "t_12" : 0.40531477,
  "cx" : 514.8557,
  "t_23" : -8.601879,
  "t_02" : -0.62209654,
  "t_11" : 0.041848656,
  "fx" : 713.7524,
  "t_13" : -1.327909,
  "blur_score" : 51.854755,
  "angular_velocity" : 3.4028235e+38
}