{
  "cy" : 384.6826,
  "cx" : 515.5468,
  "t_01" : -0.6458167,
  "center_depth" : 6.2054553,
  "t_12" : -0.15531479,
  "timestamp" : 1251242166366,
  "t_23" : -7.655259,
  "t_20" : 0.13872024,
  "width" : 1024,
  "t_13" : -1.2283406,
  "height" : 768,
  "t_22" : -0.63277197,
  "t_10" : -0.98656625,
  "t_21" : -0.76181126,
  "fy" : 712.48816,
  "fx" : 712.48816,
  "t_00" : -0.086277194,
  "t_02" : 0.758602,
  "angular_velocity" : 3.4028235e+38,
  "blur_score" : 89.06962,
  "t_11" : -0.050639674,
  "manual_keyframe" : false,
  "t_03" : 0.76836485
}