{
  "timestamp" : 1251291081494,
  "t_22" : -0.36055887,
  "t_12" : 0.48451474,
  "t_02" : -0.79702127,
  "t_20" : -0.115704045,
  "t_00" : -0.4772242,
  "center_depth" : 1.3892577,
  "t_23" : -11.960125,
  "manual_keyframe" : false,
  "t_11" : 0.07984884,
  "cy" : 384.96826,
  "width" : 1024,
  "height" : 768,
  "t_13" : -1.4179206,
  "angular_velocity" : 3.4028235e+38,
  "t_10" : -0.87113124,
  "t_03" : -4.717578,
  "blur_score" : 47.91287,
  "t_21" : 0.9255322,
  "fx" : 716.5318,
  "t_01" : -0.37015438,
  "cx" : 514.76166,
  "fy" : 716.5318
}