{
  "t_22" : -0.79353046,
  "blur_score" : 53.30646,
  "t_13" : -0.11210483,
  "center_depth" : 1.8747699,
  "height" : 768,
  "t_01" : -0.82783526,
  "cy" : 385.44513,
  "angular_velocity" : 3.4028235e+38,
  "fx" : 713.4141,
  "t_02" : 0.55797577,
  "width" : 1024,
  "manual_keyframe" : false,
  "t_23" : 2.097028,
  "timestamp" : 1251085890225,
  "t_03" : 0.054274455,
  "t_20" : -0.25469497,
  "t_00" : 0.05789614,
  "t_11" : 0.09617127,
  "cx" : 514.2133,
  "t_12" : 0.24284269,
  "fy" : 713.4141,
  "t_10" : -0.96528673,
  "t_21" : -0.55266625
}