{
  "manual_keyframe" : false,
  "t_20" : 0.22485697,
  "timestamp" : 1251174783375,
  "t_01" : -0.64624614,
  "t_10" : -0.96267444,
  "t_12" : -0.25970814,
  "cy" : 384.88797,
  "fx" : 717.70074,
  "t_13" : -1.1981382,
  "t_00" : 0.1506562,
  "height" : 768,
  "t_11" : 0.07622083,
  "t_23" : 3.0300136,
  "blur_score" : 114.204666,
  "width" : 1024,
  "fy" : 717.70074,
  "angular_velocity" : 3.4028235e+38,
  "t_21" : 0.7593131,
  "t_22" : -0.6106416,
  "center_depth" : 0.84507734,
  "cx" : 515.0879,
  "t_03" : -1.9987717,
  "t_02" : -0.74811006
}