{
  "center_depth" : 1.4556638,
  "timestamp" : 1251249297051,
  "t_00" : -0.65890414,
  "cy" : 385.61276,
  "fx" : 718.51227,
  "t_20" : 0.40889844,
  "t_01" : 0.48056644,
  "cx" : 513.84125,
  "t_13" : -1.6068485,
  "blur_score" : 34.748642,
  "height" : 768,
  "t_11" : 0.06486902,
  "t_10" : -0.6313853,
  "width" : 1024,
  "t_22" : 0.2606801,
  "manual_keyframe" : false,
  "t_02" : -0.5787066,
  "t_03" : 1.9417423,
  "t_12" : 0.7727513,
  "t_21" : 0.87455595,
  "fy" : 718.51227,
  "t_23" : -6.711897,
  "angular_velocity" : 3.4028235e+38
}