{
  "blur_score" : 46.42063,
  "t_00" : -0.042197097,
  "manual_keyframe" : false,
  "fy" : 715.7774,
  "t_02" : 0.06334284,
  "t_10" : -0.99568987,
  "t_11" : 0.047208868,
  "angular_velocity" : 3.4028235e+38,
  "width" : 1024,
  "height" : 768,
  "t_13" : -1.2671251,
  "t_03" : -5.0734367,
  "cx" : 514.86804,
  "t_01" : -0.9970994,
  "t_12" : 0.079830766,
  "t_23" : -11.935997,
  "fx" : 715.7774,
  "cy" : 384.8704,
  "timestamp" : 1251289815300,
  "t_21" : -0.05970121,
  "center_depth" : 1.9698725,
  "t_22" : -0.9947939,
  "t_20" : -0.08258955
}