{
  "t_11" : -0.03623362,
  "t_21" : 0.13080777,
  "t_02" : -0.08993078,
  "t_00" : 0.101666175,
  "cx" : 513.91254,
  "t_10" : -0.83660775,
  "cy" : 384.58502,
  "t_13" : 0.26544183,
  "t_20" : 0.53828573,
  "t_23" : 1.7499268,
  "angular_velocity" : 3.4028235e+38,
  "height" : 768,
  "fy" : 717.7499,
  "t_03" : 0.12886947,
  "t_22" : -0.83254904,
  "blur_score" : 36.945335,
  "width" : 1024,
  "t_01" : -0.9907454,
  "center_depth" : 1.1216584,
  "timestamp" : 1251080428043,
  "manual_keyframe" : false,
  "fx" : 717.7499,
  "t_12" : -0.5466028
}