{
  "t_13" : -1.2182113,
  "t_21" : 0.4502464,
  "t_11" : 0.04794821,
  "t_00" : 0.038427815,
  "cy" : 384.8959,
  "width" : 1024,
  "timestamp" : 1251110952932,
  "manual_keyframe" : false,
  "t_20" : 0.03026779,
  "cx" : 515.23505,
  "t_01" : 0.8916161,
  "center_depth" : 2.5165453,
  "t_10" : -0.99880284,
  "t_03" : -0.45355368,
  "t_12" : 0.009685263,
  "t_23" : -1.9196961,
  "blur_score" : 81.58418,
  "fy" : 712.65656,
  "t_02" : -0.4511587,
  "t_22" : 0.8923912,
  "fx" : 712.65656,
  "angular_velocity" : 3.4028235e+38,
  "height" : 768
}