{
  "t_02" : 0.7634131,
  "cx" : 515.3414,
  "blur_score" : 58.356113,
  "center_depth" : 3.2722063,
  "cy" : 385.42578,
  "height" : 768,
  "t_01" : 0.58958423,
  "t_03" : 0.62033993,
  "timestamp" : 1251220141231,
  "fy" : 712.92975,
  "manual_keyframe" : false,
  "t_20" : 0.1546442,
  "t_23" : -5.3949943,
  "t_22" : 0.5698563,
  "width" : 1024,
  "fx" : 712.92975,
  "t_12" : 0.30407938,
  "t_10" : -0.95209986,
  "t_13" : -1.3900536,
  "t_21" : -0.80706185,
  "t_11" : 0.03227114,
  "t_00" : 0.2638008,
  "angular_velocity" : 3.4028235e+38
}