{
  "timestamp" : 1251279485817,
  "t_22" : 0.44477975,
  "t_12" : 0.24961507,
  "t_02" : 0.86015314,
  "t_20" : 0.09433838,
  "t_00" : 0.2321572,
  "center_depth" : 5.1931553,
  "t_23" : -8.582503,
  "manual_keyframe" : false,
  "t_11" : 0.022113375,
  "cy" : 385.27844,
  "width" : 1024,
  "height" : 768,
  "t_13" : -1.3399779,
  "angular_velocity" : 3.4028235e+38,
  "t_10" : -0.9680926,
  "t_03" : -1.602977,
  "blur_score" : 83.402504,
  "t_21" : -0.8906577,
  "fx" : 713.4729,
  "fy" : 713.4729,
  "t_01" : 0.45413622,
  "cx" : 515.06433
}