{
  "timestamp" : 1251297212537,
  "t_22" : -0.9885803,
  "t_12" : -0.0054042083,
  "t_02" : 0.15059821,
  "t_20" : 0.0007233452,
  "t_00" : -0.03111926,
  "center_depth" : 1.6811557,
  "t_23" : -11.575734,
  "manual_keyframe" : false,
  "t_11" : 0.030654952,
  "cy" : 384.95807,
  "width" : 1024,
  "height" : 768,
  "t_13" : -1.2372389,
  "angular_velocity" : 3.4028235e+38,
  "t_10" : -0.99951535,
  "t_03" : -4.8330793,
  "blur_score" : 50.064323,
  "t_21" : -0.15069342,
  "fx" : 715.73126,
  "t_01" : -0.9881052,
  "fy" : 715.73126,
  "cx" : 514.874
}