{
  "t_13" : -1.3044773,
  "t_00" : 0.07886105,
  "t_22" : -0.41764078,
  "width" : 1024,
  "fx" : 713.16956,
  "angular_velocity" : 3.4028235e+38,
  "blur_score" : 188.69684,
  "height" : 768,
  "cx" : 515.1221,
  "timestamp" : 1251130869848,
  "cy" : 385.56924,
  "t_11" : 0.10607355,
  "t_01" : -0.43258226,
  "t_03" : -3.2607968,
  "t_10" : -0.9847973,
  "t_20" : -0.15477464,
  "fy" : 713.16956,
  "t_21" : -0.89533293,
  "t_23" : -6.934571,
  "t_02" : 0.89813894,
  "center_depth" : 2.4018452,
  "t_12" : 0.13755967,
  "manual_keyframe" : false
}