{
  "t_00" : -0.028144633,
  "t_20" : 0.033154264,
  "cx" : 515.1263,
  "t_22" : -0.11347997,
  "width" : 1024,
  "t_10" : -0.9990539,
  "t_13" : -1.2326028,
  "t_21" : 0.99298704,
  "t_11" : 0.036124166,
  "fy" : 721.6379,
  "angular_velocity" : 3.4028235e+38,
  "cy" : 384.96896,
  "t_23" : -10.066456,
  "t_12" : 0.024215087,
  "blur_score" : 82.64525,
  "t_01" : -0.11256976,
  "fx" : 721.6379,
  "center_depth" : 0.8646518,
  "height" : 768,
  "timestamp" : 1251317738198,
  "manual_keyframe" : false,
  "t_03" : -1.497463,
  "t_02" : -0.9932451
}