{
  "fy" : 714.2972,
  "angular_velocity" : 3.4028235e+38,
  "t_00" : -0.08544705,
  "blur_score" : 59.470886,
  "height" : 768,
  "manual_keyframe" : false,
  "width" : 1024,
  "fx" : 714.2972,
  "t_11" : 0.088259116,
  "t_13" : -1.2542279,
  "cy" : 385.17053,
  "cx" : 515.1692,
  "t_22" : -0.9953964,
  "t_23" : -7.312112,
  "t_02" : 0.03484989,
  "center_depth" : 5.470418,
  "t_10" : -0.9920881,
  "t_01" : -0.99573314,
  "t_21" : -0.026945172,
  "t_20" : -0.09197836,
  "timestamp" : 1251132751628,
  "t_12" : 0.08928352,
  "t_03" : -4.2755146
}