{
  "height" : 768,
  "t_00" : -0.37988058,
  "t_22" : 0.45349056,
  "t_01" : 0.56448156,
  "t_11" : 0.08113315,
  "t_02" : -0.73283803,
  "t_12" : 0.5072425,
  "cx" : 515.12866,
  "t_10" : -0.85797584,
  "blur_score" : 59.945774,
  "width" : 1024,
  "t_03" : -0.5345199,
  "timestamp" : 1251276320330,
  "t_20" : 0.3457864,
  "t_13" : -1.3944623,
  "t_21" : 0.82144886,
  "fy" : 716.8256,
  "fx" : 716.8256,
  "t_23" : -7.6115046,
  "angular_velocity" : 3.4028235e+38,
  "cy" : 384.91083,
  "center_depth" : 1.2426329,
  "manual_keyframe" : false
}