{
  "height" : 768,
  "t_13" : -1.3323855,
  "angular_velocity" : 3.4028235e+38,
  "t_22" : -0.2116725,
  "blur_score" : 79.60381,
  "width" : 1024,
  "fx" : 713.2061,
  "fy" : 713.2061,
  "cx" : 515.1556,
  "t_20" : -0.020113876,
  "t_10" : -0.97191995,
  "t_01" : -0.21042173,
  "t_12" : 0.23332177,
  "t_03" : -0.15333247,
  "t_00" : -0.23445041,
  "t_11" : 0.030536989,
  "t_02" : -0.9490816,
  "t_21" : 0.97713375,
  "cy" : 384.8491,
  "t_23" : -5.6698303,
  "center_depth" : 3.0826375,
  "timestamp" : 1251205380110,
  "manual_keyframe" : false
}