{
  "t_12" : 0.3823335,
  "t_21" : 0.3277332,
  "t_00" : -0.1540447,
  "height" : 768,
  "t_13" : -1.3605514,
  "angular_velocity" : 3.4028235e+38,
  "blur_score" : 55.93059,
  "cx" : 515.19305,
  "t_02" : -0.29112437,
  "manual_keyframe" : false,
  "center_depth" : 3.221237,
  "width" : 1024,
  "t_23" : -6.208415,
  "t_11" : 0.032773606,
  "cy" : 385.239,
  "t_22" : -0.8769649,
  "timestamp" : 1251202814414,
  "fy" : 712.7979,
  "t_01" : -0.9442016,
  "t_03" : -1.0998101,
  "t_10" : -0.9234429,
  "t_20" : -0.35145876,
  "fx" : 712.7979
}