{
  "t_22" : -0.85266525,
  "angular_velocity" : 3.4028235e+38,
  "fy" : 713.1934,
  "cx" : 515.01117,
  "t_00" : 0.07838949,
  "t_02" : 0.4176575,
  "t_20" : -0.31035626,
  "timestamp" : 1251145940711,
  "height" : 768,
  "blur_score" : 49.336243,
  "t_01" : -0.90521675,
  "center_depth" : 2.5233443,
  "t_21" : -0.42028683,
  "t_23" : -4.7694693,
  "width" : 1024,
  "t_13" : -1.3255477,
  "manual_keyframe" : false,
  "cy" : 385.18436,
  "fx" : 713.1934,
  "t_10" : -0.9473827,
  "t_03" : -4.676056,
  "t_11" : 0.06278262,
  "t_12" : 0.31388575
}