{
  "t_03" : -0.36993688,
  "t_22" : -0.95381886,
  "t_23" : -0.14747699,
  "t_21" : 0.13373095,
  "height" : 768,
  "timestamp" : 1251056580911,
  "cx" : 515.33344,
  "cy" : 385.54865,
  "t_00" : -0.08382404,
  "t_01" : -0.98980635,
  "manual_keyframe" : false,
  "t_12" : 0.2774395,
  "fx" : 714.0383,
  "fy" : 714.0383,
  "t_11" : 0.048983917,
  "width" : 1024,
  "angular_velocity" : 3.4028235e+38,
  "blur_score" : 70.546745,
  "t_13" : 0.07617101,
  "center_depth" : 1.4850557,
  "t_02" : -0.11513874,
  "t_20" : -0.26897144,
  "t_10" : -0.9594936
}