{
  "cx" : 515.05634,
  "t_01" : -0.73563814,
  "fx" : 720.5325,
  "t_23" : 1.5794835,
  "cy" : 386.05057,
  "angular_velocity" : 3.4028235e+38,
  "t_11" : 0.18076731,
  "t_21" : -0.6528091,
  "width" : 1024,
  "timestamp" : 1251084324844,
  "t_10" : -0.7985136,
  "t_00" : 0.27772883,
  "fy" : 720.5325,
  "manual_keyframe" : false,
  "t_13" : -0.03115358,
  "blur_score" : 42.573784,
  "t_03" : 0.18588647,
  "t_02" : 0.61782146,
  "t_12" : 0.5741945,
  "center_depth" : 1.4425838,
  "height" : 768,
  "t_20" : -0.5340812,
  "t_22" : -0.5372127
}