{
  "t_13" : 0.053874955,
  "t_21" : -0.8402535,
  "t_11" : 0.23762102,
  "cy" : 386.07437,
  "t_00" : 0.21639182,
  "width" : 1024,
  "timestamp" : 1251083975131,
  "manual_keyframe" : false,
  "t_20" : -0.3798506,
  "cx" : 515.05145,
  "t_01" : -0.48735043,
  "center_depth" : 0.7399572,
  "t_10" : -0.89938205,
  "t_03" : 0.20379147,
  "t_12" : 0.3669443,
  "t_23" : 1.6237822,
  "blur_score" : 36.592266,
  "fy" : 722.5781,
  "t_02" : 0.8459694,
  "t_22" : -0.38689503,
  "fx" : 722.5781,
  "angular_velocity" : 3.4028235e+38,
  "height" : 768
}