{
  "t_13" : -1.2881608,
  "t_00" : 0.13990305,
  "t_22" : 0.88294697,
  "width" : 1024,
  "fx" : 714.3226,
  "angular_velocity" : 3.4028235e+38,
  "blur_score" : 62.898445,
  "height" : 768,
  "cx" : 514.0875,
  "timestamp" : 1251102509884,
  "t_11" : 0.06817019,
  "cy" : 385.42303,
  "t_01" : 0.9819565,
  "t_03" : -1.4195964,
  "t_10" : -0.8894588,
  "t_20" : 0.435075,
  "fy" : 714.3226,
  "t_21" : -0.17639284,
  "t_23" : -0.8482702,
  "t_02" : 0.12723503,
  "center_depth" : 1.3095664,
  "t_12" : 0.4519026,
  "manual_keyframe" : false
}