{
  "center_depth" : 0.20444815,
  "timestamp" : 1251072101540,
  "t_00" : -0.194711,
  "fx" : 722.2223,
  "cy" : 385.44284,
  "t_20" : -0.003674427,
  "t_01" : 0.026146779,
  "cx" : 515.4939,
  "t_13" : 0.007398326,
  "blur_score" : 18.212605,
  "height" : 768,
  "t_11" : -0.00893516,
  "t_10" : -0.98085374,
  "width" : 1024,
  "t_22" : 0.027385918,
  "manual_keyframe" : false,
  "t_02" : -0.9805121,
  "t_03" : 0.28545192,
  "t_12" : 0.19454058,
  "t_21" : 0.9996182,
  "fy" : 722.2223,
  "t_23" : -1.6787155,
  "angular_velocity" : 3.4028235e+38
}