{
  "center_depth" : 1.870747,
  "timestamp" : 1251089953551,
  "t_00" : -0.15683553,
  "fx" : 716.60645,
  "cy" : 385.13943,
  "t_20" : -0.050159834,
  "t_01" : 0.12842023,
  "cx" : 515.2863,
  "t_13" : -1.2117001,
  "blur_score" : 43.234066,
  "height" : 768,
  "t_11" : 0.029990258,
  "t_10" : -0.9863501,
  "width" : 1024,
  "t_22" : 0.12196381,
  "manual_keyframe" : false,
  "t_02" : 0.97924,
  "t_03" : -0.70049536,
  "t_12" : -0.1619073,
  "t_21" : -0.9912663,
  "fy" : 716.60645,
  "t_23" : 3.1350842,
  "angular_velocity" : 3.4028235e+38
}