{
  "t_13" : -1.302351,
  "t_00" : -0.17046922,
  "t_22" : -0.9031875,
  "width" : 1024,
  "fx" : 714.618,
  "angular_velocity" : 3.4028235e+38,
  "blur_score" : 64.97376,
  "height" : 768,
  "cx" : 515.37463,
  "timestamp" : 1251115482534,
  "cy" : 385.39825,
  "t_11" : 0.10914155,
  "t_01" : -0.90381265,
  "t_03" : 0.75904244,
  "t_10" : -0.97872305,
  "t_20" : -0.11419906,
  "fy" : 714.618,
  "t_21" : 0.41377643,
  "t_23" : -3.036903,
  "t_02" : -0.39250866,
  "center_depth" : 1.9962747,
  "t_12" : 0.17375068,
  "manual_keyframe" : false
}