{
  "cy" : 385.43082,
  "t_22" : -0.43023285,
  "t_12" : 0.012891651,
  "t_23" : -7.735521,
  "t_20" : 0.0724441,
  "blur_score" : 52.98736,
  "t_01" : -0.4276554,
  "height" : 768,
  "t_02" : -0.902626,
  "timestamp" : 1251275187419,
  "manual_keyframe" : false,
  "angular_velocity" : 3.4028235e+38,
  "fy" : 715.05945,
  "fx" : 715.05945,
  "t_11" : 0.08636721,
  "width" : 1024,
  "t_00" : -0.048758,
  "t_10" : -0.99617994,
  "cx" : 514.55756,
  "t_13" : -1.1750097,
  "t_03" : -0.5590323,
  "center_depth" : 4.737422,
  "t_21" : 0.89980644
}