{
  "height" : 768,
  "t_13" : -1.2271366,
  "angular_velocity" : 3.4028235e+38,
  "t_22" : 0.04889067,
  "blur_score" : 43.299747,
  "width" : 1024,
  "fx" : 715.72656,
  "fy" : 715.72656,
  "cx" : 515.21814,
  "t_20" : 0.03897135,
  "t_10" : -0.9950559,
  "t_01" : 0.045164473,
  "t_03" : 2.1623695,
  "t_12" : -0.0894118,
  "t_00" : 0.09135063,
  "t_11" : 0.043234654,
  "t_02" : -0.99479413,
  "t_21" : 0.9980436,
  "cy" : 385.16577,
  "t_23" : -4.3355737,
  "center_depth" : 1.3940225,
  "timestamp" : 1251209978376,
  "manual_keyframe" : false
}