{
  "t_13" : -1.3371536,
  "t_00" : -0.23334065,
  "t_22" : -0.69755554,
  "width" : 1024,
  "fx" : 714.3194,
  "angular_velocity" : 3.4028235e+38,
  "blur_score" : 99.266945,
  "height" : 768,
  "cx" : 515.1898,
  "timestamp" : 1251115032904,
  "t_11" : 0.028064445,
  "cy" : 385.13068,
  "t_01" : -0.72759736,
  "t_03" : 0.7882806,
  "t_10" : -0.94971055,
  "t_20" : -0.20881043,
  "fy" : 714.3194,
  "t_21" : 0.68543005,
  "t_23" : -3.0820713,
  "t_02" : -0.64510006,
  "center_depth" : 1.8273038,
  "t_12" : 0.31186864,
  "manual_keyframe" : false
}