{
  "angular_velocity" : 3.4028235e+38,
  "t_23" : -10.495214,
  "cx" : 515.238,
  "fy" : 718.7855,
  "t_00" : 0.14004543,
  "t_11" : 0.1395578,
  "t_22" : -0.7027841,
  "t_21" : 0.58217746,
  "fx" : 718.7855,
  "center_depth" : 1.2548965,
  "width" : 1024,
  "t_13" : -1.0191658,
  "blur_score" : 61.54648,
  "cy" : 385.28674,
  "t_03" : -1.5263588,
  "t_02" : -0.5820603,
  "height" : 768,
  "t_12" : -0.4090238,
  "timestamp" : 1251312373537,
  "t_01" : -0.8009951,
  "t_10" : -0.9017889,
  "t_20" : 0.4088571,
  "manual_keyframe" : false
}