{
  "cy" : 385.13608,
  "t_00" : 0.04453918,
  "t_11" : 0.002844263,
  "t_10" : -0.99358034,
  "t_01" : 0.92878145,
  "t_12" : -0.1130927,
  "fy" : 712.6311,
  "t_22" : 0.92294574,
  "center_depth" : 2.9387753,
  "width" : 1024,
  "height" : 768,
  "t_02" : -0.36794204,
  "timestamp" : 1251103942038,
  "t_03" : -1.6453981,
  "fx" : 712.6311,
  "t_23" : -1.1184399,
  "manual_keyframe" : false,
  "angular_velocity" : 3.4028235e+38,
  "cx" : 515.09863,
  "t_13" : -1.1723713,
  "t_20" : -0.10399187,
  "blur_score" : 87.99488,
  "t_21" : 0.37061703
}