{
  "t_13" : -0.09298177,
  "t_21" : -0.86276853,
  "t_11" : 0.026944727,
  "t_00" : 0.432078,
  "cy" : 385.4037,
  "width" : 1024,
  "timestamp" : 1251091119259,
  "manual_keyframe" : false,
  "t_20" : 0.22557671,
  "cx" : 514.92847,
  "t_01" : 0.5048806,
  "center_depth" : 3.5546415,
  "t_10" : -0.8731688,
  "t_12" : 0.4866726,
  "t_03" : 0.005607198,
  "t_23" : 0.048562016,
  "blur_score" : 46.91315,
  "t_02" : 0.74726456,
  "fy" : 712.9234,
  "t_22" : 0.45248824,
  "fx" : 712.9234,
  "angular_velocity" : 3.4028235e+38,
  "height" : 768
}