{
  "t_13" : -1.2937373,
  "t_21" : -0.34304348,
  "t_11" : 0.08040314,
  "t_00" : 0.28055176,
  "cy" : 385.52408,
  "width" : 1024,
  "timestamp" : 1251102210131,
  "manual_keyframe" : false,
  "t_20" : 0.58747756,
  "cx" : 513.9433,
  "t_01" : 0.9358721,
  "center_depth" : 2.268888,
  "t_10" : -0.7590525,
  "t_12" : 0.64604527,
  "t_03" : -1.4004986,
  "t_23" : -0.762086,
  "blur_score" : 64.574104,
  "fy" : 714.3416,
  "t_02" : 0.21315297,
  "t_22" : 0.7329333,
  "fx" : 714.3416,
  "angular_velocity" : 3.4028235e+38,
  "height" : 768
}