{
  "t_13" : -1.0952032,
  "t_00" : -0.27014816,
  "t_22" : 0.017582517,
  "width" : 1024,
  "fx" : 714.87366,
  "angular_velocity" : 3.4028235e+38,
  "blur_score" : 60.250435,
  "height" : 768,
  "cx" : 515.28845,
  "timestamp" : 1251235468855,
  "t_11" : 0.04158486,
  "cy" : 385.02054,
  "t_01" : 0.029966874,
  "t_03" : 1.4702367,
  "t_10" : -0.9616142,
  "t_20" : -0.048147384,
  "fy" : 714.87366,
  "t_21" : -0.99868554,
  "t_23" : -8.2833,
  "t_02" : 0.96235234,
  "center_depth" : 3.0449476,
  "t_12" : -0.27123582,
  "manual_keyframe" : false
}