{
  "t_21" : 0.9086854,
  "t_01" : 0.4163212,
  "cx" : 515.08105,
  "angular_velocity" : 3.4028235e+38,
  "t_23" : 1.6381168,
  "t_22" : 0.40202695,
  "t_20" : -0.112540066,
  "fy" : 713.8413,
  "fx" : 713.8413,
  "t_03" : -3.7126215,
  "t_11" : 0.031106982,
  "t_12" : -0.33402014,
  "manual_keyframe" : false,
  "t_00" : 0.31602505,
  "t_10" : -0.9420525,
  "blur_score" : 126.13711,
  "width" : 1024,
  "t_02" : -0.8525285,
  "t_13" : -1.1632185,
  "center_depth" : 2.341687,
  "height" : 768,
  "cy" : 384.61905,
  "timestamp" : 1251161377885
}