{
  "t_22" : -0.72031206,
  "angular_velocity" : 3.4028235e+38,
  "fx" : 717.18774,
  "t_10" : -0.73489344,
  "t_11" : -0.051299244,
  "t_00" : 0.20950936,
  "cy" : 384.54922,
  "t_03" : 0.16577217,
  "t_02" : -0.15443623,
  "t_12" : -0.6762396,
  "t_13" : 0.2873593,
  "t_21" : 0.2551727,
  "t_23" : 1.66174,
  "width" : 1024,
  "height" : 768,
  "fy" : 717.18774,
  "t_01" : -0.96553373,
  "t_20" : 0.6450097,
  "center_depth" : 1.1460311,
  "blur_score" : 30.988188,
  "manual_keyframe" : false,
  "timestamp" : 1251080144942,
  "cx" : 514.13214
}