{
  "t_13" : 0.1139404,
  "t_00" : 0.022276478,
  "t_22" : -0.8469323,
  "width" : 1024,
  "fx" : 716.014,
  "angular_velocity" : 3.4028235e+38,
  "blur_score" : 52.716118,
  "height" : 768,
  "cx" : 515.0558,
  "timestamp" : 1251081160775,
  "t_11" : -0.062516905,
  "cy" : 384.46857,
  "t_01" : -0.84865075,
  "t_03" : 0.13399139,
  "t_10" : -0.99633414,
  "t_20" : 0.08259512,
  "fy" : 716.014,
  "t_21" : -0.5252463,
  "t_23" : 1.8136362,
  "t_02" : 0.52848446,
  "center_depth" : 1.6703966,
  "t_12" : -0.05839377,
  "manual_keyframe" : false
}