{
  "timestamp" : 1251280218877,
  "t_22" : 0.4507503,
  "t_12" : 0.07452577,
  "t_02" : 0.88953376,
  "t_20" : 0.02232361,
  "t_00" : 0.072229,
  "center_depth" : 4.446053,
  "t_23" : -8.922024,
  "manual_keyframe" : false,
  "t_11" : 0.0126996385,
  "cy" : 384.92566,
  "width" : 1024,
  "height" : 768,
  "t_13" : -1.300312,
  "angular_velocity" : 3.4028235e+38,
  "t_03" : -2.1948628,
  "t_10" : -0.9971382,
  "blur_score" : 70.933044,
  "t_21" : -0.89237094,
  "fx" : 713.17267,
  "t_01" : 0.45112398,
  "cx" : 515.2236,
  "fy" : 713.17267
}