{
  "t_13" : -1.1620917,
  "t_00" : -0.21701752,
  "t_22" : -0.65998834,
  "width" : 1024,
  "fx" : 714.6021,
  "angular_velocity" : 3.4028235e+38,
  "blur_score" : 34.196575,
  "height" : 768,
  "cx" : 515.1108,
  "timestamp" : 1251259493261,
  "cy" : 385.0555,
  "t_11" : 0.06728132,
  "t_01" : -0.6650982,
  "t_03" : 4.2535005,
  "t_10" : -0.9703636,
  "t_20" : 0.106290944,
  "fy" : 714.6021,
  "t_21" : -0.74371886,
  "t_23" : -7.77965,
  "t_02" : 0.7145263,
  "center_depth" : 3.0341284,
  "t_12" : -0.23209392,
  "manual_keyframe" : false
}