{
  "t_22" : 0.70523703,
  "angular_velocity" : 3.4028235e+38,
  "t_10" : -0.93885094,
  "fx" : 714.3368,
  "t_00" : -0.22464383,
  "t_11" : 0.0032961944,
  "cy" : 385.03076,
  "t_03" : -2.0859818,
  "t_02" : -0.61975217,
  "t_12" : 0.3443081,
  "t_13" : -1.3296934,
  "t_21" : 0.6592015,
  "t_23" : 3.0253837,
  "width" : 1024,
  "height" : 768,
  "fy" : 714.3368,
  "t_01" : 0.75195915,
  "t_20" : 0.26094848,
  "center_depth" : 2.9309027,
  "blur_score" : 105.217514,
  "manual_keyframe" : false,
  "timestamp" : 1251178380367,
  "cx" : 514.98376
}