{
  "t_02" : -0.62128824,
  "t_22" : 0.77549064,
  "t_23" : -0.73369604,
  "blur_score" : 105.1805,
  "cx" : 515.2181,
  "t_21" : 0.6211451,
  "t_03" : -3.5663884,
  "center_depth" : 5.659243,
  "angular_velocity" : 3.4028235e+38,
  "width" : 1024,
  "cy" : 385.1498,
  "timestamp" : 1251188355347,
  "fy" : 712.36914,
  "manual_keyframe" : false,
  "t_13" : -1.2848464,
  "fx" : 712.36914,
  "t_00" : -0.038309358,
  "t_10" : -0.99284405,
  "height" : 768,
  "t_12" : 0.11231805,
  "t_11" : 0.040563274,
  "t_01" : 0.7826452,
  "t_20" : 0.11310665
}