{
  "fy" : 712.62476,
  "angular_velocity" : 3.4028235e+38,
  "t_00" : 0.19076419,
  "blur_score" : 238.32475,
  "height" : 768,
  "manual_keyframe" : false,
  "width" : 1024,
  "fx" : 712.62476,
  "t_11" : 0.034834463,
  "t_13" : -1.3168259,
  "cy" : 385.00974,
  "cx" : 515.2182,
  "t_22" : 0.16915523,
  "t_23" : -3.629043,
  "t_02" : 0.9675754,
  "center_depth" : 5.1079555,
  "t_10" : -0.9816323,
  "t_01" : 0.16555081,
  "t_21" : -0.98558587,
  "t_20" : -0.0026516924,
  "timestamp" : 1251122376852,
  "t_12" : 0.18757547,
  "t_03" : 0.12843812
}