{
  "cx" : 514.475,
  "t_20" : 0.059941784,
  "width" : 1024,
  "t_11" : 0.0053345324,
  "manual_keyframe" : false,
  "t_22" : 0.24967481,
  "height" : 768,
  "fx" : 716.8177,
  "blur_score" : 36.13529,
  "fy" : 716.8177,
  "timestamp" : 1251257793893,
  "t_23" : -7.991215,
  "t_10" : -0.96747255,
  "t_00" : 0.24577197,
  "t_12" : 0.25291982,
  "cy" : 385.10672,
  "t_02" : 0.9347161,
  "t_13" : -1.3825307,
  "t_03" : 4.3613276,
  "t_01" : 0.256714,
  "t_21" : -0.96647274,
  "angular_velocity" : 3.4028235e+38,
  "center_depth" : 1.9124479
}