{
  "height" : 768,
  "t_00" : -0.13523673,
  "t_22" : -0.75392604,
  "t_01" : -0.97764724,
  "t_11" : 0.0017582575,
  "t_02" : -0.16098781,
  "t_12" : 0.636929,
  "cx" : 514.07587,
  "t_10" : -0.7709205,
  "blur_score" : 78.04922,
  "width" : 1024,
  "t_03" : -1.3219979,
  "timestamp" : 1251309674545,
  "t_20" : -0.62240875,
  "t_13" : -1.5202546,
  "t_21" : 0.210245,
  "fy" : 718.7585,
  "fx" : 718.7585,
  "t_23" : -10.555494,
  "angular_velocity" : 3.4028235e+38,
  "cy" : 385.24487,
  "center_depth" : 1.282056,
  "manual_keyframe" : false
}