{
  "t_03" : 0.15767032,
  "t_22" : -0.15185301,
  "t_23" : 0.3488406,
  "t_21" : -0.9883398,
  "height" : 768,
  "timestamp" : 1251062509395,
  "cx" : 514.5541,
  "cy" : 385.22925,
  "t_00" : 0.3925711,
  "t_01" : -0.1440104,
  "manual_keyframe" : false,
  "t_12" : 0.38960457,
  "fx" : 714.8657,
  "fy" : 714.8657,
  "t_11" : -0.049451843,
  "width" : 1024,
  "angular_velocity" : 3.4028235e+38,
  "blur_score" : 68.50798,
  "t_13" : -0.29212147,
  "center_depth" : 2.52815,
  "t_02" : 0.9083771,
  "t_20" : -0.011186172,
  "t_10" : -0.9196536
}