{
  "fx" : 713.7826,
  "t_22" : 0.49978185,
  "t_23" : -7.9141927,
  "fy" : 713.7826,
  "angular_velocity" : 3.4028235e+38,
  "blur_score" : 53.761898,
  "width" : 1024,
  "t_11" : 0.008079933,
  "t_12" : 0.27933913,
  "height" : 768,
  "center_depth" : 5.427315,
  "t_20" : 0.13820617,
  "timestamp" : 1251278086338,
  "t_01" : 0.5184761,
  "t_00" : 0.24288824,
  "cy" : 385.20718,
  "t_03" : -0.79322493,
  "t_21" : -0.85505396,
  "manual_keyframe" : false,
  "t_13" : -1.3414202,
  "t_02" : 0.8198707,
  "cx" : 514.8775,
  "t_10" : -0.9601585
}