{
  "t_23" : 2.9331465,
  "width" : 1024,
  "manual_keyframe" : false,
  "fy" : 714.3368,
  "t_01" : 0.6776016,
  "t_22" : 0.6697955,
  "t_11" : -0.00270595,
  "t_03" : -1.884516,
  "cy" : 385.2322,
  "t_00" : -0.11529251,
  "fx" : 714.3368,
  "t_10" : -0.9880194,
  "cx" : 515.0524,
  "t_12" : 0.15430559,
  "center_depth" : 2.5334857,
  "timestamp" : 1251178846644,
  "t_21" : 0.7354243,
  "t_13" : -1.2709322,
  "angular_velocity" : 3.4028235e+38,
  "height" : 768,
  "t_20" : 0.10259227,
  "blur_score" : 104.740234,
  "t_02" : -0.7263358
}