{
  "t_21" : -0.21498033,
  "blur_score" : 76.498,
  "t_02" : 0.21612342,
  "t_01" : 0.9762292,
  "timestamp" : 1251042126044,
  "t_03" : -0.10094774,
  "fy" : 713.1886,
  "cy" : 384.83517,
  "cx" : 515.26294,
  "t_22" : 0.95593536,
  "t_23" : 0.07545743,
  "angular_velocity" : 3.4028235e+38,
  "t_10" : -0.97967404,
  "t_11" : 0.02757373,
  "t_20" : -0.19992828,
  "width" : 1024,
  "manual_keyframe" : false,
  "t_00" : -0.016356178,
  "t_13" : 0.116148576,
  "t_12" : -0.19869204,
  "fx" : 713.1886,
  "height" : 768,
  "center_depth" : 2.5591328
}