{
  "t_00" : -0.216858,
  "t_20" : -0.45977965,
  "cx" : 514.5609,
  "t_22" : -0.77746403,
  "width" : 1024,
  "t_10" : -0.8611477,
  "t_13" : -1.3887916,
  "t_21" : 0.42913,
  "t_11" : -0.0016607401,
  "fy" : 717.64825,
  "angular_velocity" : 3.4028235e+38,
  "cy" : 384.97043,
  "t_23" : -10.318843,
  "t_12" : 0.50835216,
  "blur_score" : 72.81751,
  "t_01" : -0.9032413,
  "fx" : 717.64825,
  "center_depth" : 1.1764756,
  "height" : 768,
  "timestamp" : 1251316705251,
  "manual_keyframe" : false,
  "t_03" : -1.4675095,
  "t_02" : -0.3703079
}