{
  "cx" : 514.78345,
  "t_20" : 0.15343803,
  "width" : 1024,
  "t_11" : 0.024880117,
  "manual_keyframe" : false,
  "t_22" : 0.19300278,
  "height" : 768,
  "fx" : 714.0606,
  "blur_score" : 68.66731,
  "fy" : 714.0606,
  "timestamp" : 1251052084586,
  "t_23" : -0.057674058,
  "t_10" : -0.83963424,
  "t_00" : -0.5210288,
  "t_12" : 0.54258204,
  "cy" : 384.96564,
  "t_02" : -0.8175297,
  "t_13" : -0.047998745,
  "t_03" : -0.29744914,
  "t_01" : 0.2453045,
  "t_21" : 0.96912676,
  "angular_velocity" : 3.4028235e+38,
  "center_depth" : 2.0556796
}