{
  "t_22" : -0.9023448,
  "angular_velocity" : 3.4028235e+38,
  "fx" : 715.08813,
  "t_11" : -0.0038609684,
  "t_00" : -0.07812107,
  "t_10" : -0.9239169,
  "cy" : 384.3174,
  "t_03" : -5.099634,
  "t_13" : -1.0983367,
  "t_02" : 0.19852251,
  "t_12" : -0.38257354,
  "t_21" : -0.21330537,
  "t_23" : -11.938759,
  "width" : 1024,
  "height" : 768,
  "fy" : 715.08813,
  "t_01" : -0.97697794,
  "t_20" : 0.3745324,
  "center_depth" : 1.9607884,
  "blur_score" : 45.91558,
  "manual_keyframe" : false,
  "timestamp" : 1251289315487,
  "cx" : 513.7774
}