{
  "width" : 1024,
  "blur_score" : 42.40542,
  "t_22" : -0.10853937,
  "t_01" : 0.009585567,
  "t_03" : 0.27384466,
  "cy" : 385.1329,
  "t_02" : 0.8951529,
  "t_13" : 0.30006367,
  "height" : 768,
  "timestamp" : 1251083175787,
  "manual_keyframe" : false,
  "t_10" : -0.86277425,
  "t_12" : -0.4323428,
  "fy" : 720.0434,
  "t_11" : 0.26210707,
  "t_21" : -0.96499115,
  "t_23" : 1.7399882,
  "t_00" : -0.44565594,
  "t_20" : -0.23877017,
  "angular_velocity" : 3.4028235e+38,
  "center_depth" : 0.7002634,
  "fx" : 720.0434,
  "cx" : 513.2895
}