{
  "t_12" : 0.21760911,
  "t_21" : 0.0649928,
  "t_02" : -0.04330583,
  "t_00" : -0.105322815,
  "cx" : 515.2852,
  "cy" : 385.02353,
  "t_13" : -1.33552,
  "t_10" : -0.9715462,
  "t_20" : -0.21214394,
  "t_23" : -0.03366089,
  "angular_velocity" : 3.4028235e+38,
  "height" : 768,
  "fy" : 711.756,
  "t_03" : -4.134529,
  "t_22" : -0.97507477,
  "blur_score" : 245.58371,
  "width" : 1024,
  "t_01" : -0.99349463,
  "center_depth" : 2.6645103,
  "timestamp" : 1251158513602,
  "manual_keyframe" : false,
  "fx" : 711.756,
  "t_11" : 0.09351057
}