{
  "t_13" : -1.2475088,
  "t_00" : -0.011223076,
  "t_22" : -0.63847613,
  "width" : 1024,
  "fx" : 713.2092,
  "angular_velocity" : 3.4028235e+38,
  "blur_score" : 79.87671,
  "height" : 768,
  "cx" : 515.3627,
  "timestamp" : 1251117913864,
  "cy" : 385.34525,
  "t_11" : 0.057540584,
  "t_01" : -0.639244,
  "t_03" : 1.0027933,
  "t_10" : -0.9977885,
  "t_20" : -0.065513685,
  "fy" : 713.2092,
  "t_21" : -0.7668482,
  "t_23" : -2.9133554,
  "t_02" : 0.76892203,
  "center_depth" : 3.9018214,
  "t_12" : 0.033272833,
  "manual_keyframe" : false
}