{
  "t_02" : 0.8027705,
  "t_22" : 0.56899637,
  "t_23" : 1.1277412,
  "blur_score" : 140.6311,
  "cx" : 514.9881,
  "t_21" : -0.8188136,
  "t_03" : -2.2661166,
  "center_depth" : 3.805437,
  "angular_velocity" : 3.4028235e+38,
  "width" : 1024,
  "cy" : 385.0999,
  "timestamp" : 1251185357859,
  "fy" : 712.3754,
  "manual_keyframe" : false,
  "t_13" : -1.2902917,
  "fx" : 712.3754,
  "t_00" : 0.16454534,
  "t_10" : -0.98343146,
  "height" : 768,
  "t_12" : 0.17833248,
  "t_11" : 0.032556046,
  "t_01" : 0.5731354,
  "t_20" : 0.07607364
}