{
  "t_02" : 0.458298,
  "cx" : 514.69653,
  "blur_score" : 59.480457,
  "center_depth" : 1.748158,
  "cy" : 385.28006,
  "height" : 768,
  "t_01" : 0.7763952,
  "t_03" : 0.054198124,
  "timestamp" : 1251091802031,
  "fy" : 712.909,
  "manual_keyframe" : false,
  "t_20" : 0.45361608,
  "t_23" : 0.07852084,
  "t_22" : 0.6335661,
  "width" : 1024,
  "fx" : 712.909,
  "t_12" : 0.62334347,
  "t_13" : -0.1729109,
  "t_10" : -0.7791399,
  "t_21" : -0.6267587,
  "t_11" : 0.06621192,
  "t_00" : 0.4326356,
  "angular_velocity" : 3.4028235e+38
}