{
  "t_23" : -1.645925,
  "fx" : 712.8805,
  "t_03" : -1.1327102,
  "t_00" : -0.14863482,
  "t_20" : 0.1304453,
  "t_02" : -0.9693164,
  "t_01" : 0.19578898,
  "t_21" : 0.97552085,
  "t_13" : -1.2738485,
  "t_11" : 0.1001285,
  "angular_velocity" : 3.4028235e+38,
  "t_10" : -0.98025084,
  "blur_score" : 84.02101,
  "t_12" : 0.1705361,
  "height" : 768,
  "manual_keyframe" : false,
  "center_depth" : 3.2205973,
  "width" : 1024,
  "t_22" : 0.17703971,
  "timestamp" : 1251109637348,
  "cx" : 515.05743,
  "cy" : 384.85455,
  "fy" : 712.8805
}