{
  "width" : 1024,
  "fx" : 713.76355,
  "angular_velocity" : 3.4028235e+38,
  "cx" : 515.28406,
  "t_12" : 0.033800952,
  "t_11" : 0.02538694,
  "t_02" : 0.08611277,
  "t_23" : 0.023053788,
  "height" : 768,
  "manual_keyframe" : false,
  "t_10" : -0.9991061,
  "t_22" : 0.99571186,
  "t_20" : 0.031475753,
  "t_13" : 0.11090432,
  "t_01" : 0.9958857,
  "timestamp" : 1251047121971,
  "center_depth" : 2.9809356,
  "blur_score" : 79.79468,
  "fy" : 713.76355,
  "t_03" : 0.0553504,
  "cy" : 384.78024,
  "t_21" : -0.08698957,
  "t_00" : 0.028218407
}