{
  "t_22" : 0.9968732,
  "angular_velocity" : 3.4028235e+38,
  "fy" : 713.44434,
  "cx" : 515.3066,
  "t_02" : -0.045727678,
  "t_00" : 0.054550648,
  "t_20" : -0.06192313,
  "timestamp" : 1251047388420,
  "height" : 768,
  "blur_score" : 82.58356,
  "t_01" : 0.99746346,
  "center_depth" : 2.3860662,
  "t_21" : 0.049087174,
  "t_23" : 0.009394549,
  "width" : 1024,
  "t_13" : 0.13604696,
  "manual_keyframe" : false,
  "cy" : 384.97156,
  "fx" : 713.44434,
  "t_10" : -0.99658906,
  "t_12" : -0.06444379,
  "t_11" : 0.051548474,
  "t_03" : 0.0024354793
}