{
  "width" : 1024,
  "fx" : 715.48364,
  "angular_velocity" : 3.4028235e+38,
  "t_11" : 0.03903366,
  "t_12" : 0.017774025,
  "cx" : 515.0814,
  "t_02" : 0.578737,
  "t_23" : -6.2458506,
  "height" : 768,
  "manual_keyframe" : false,
  "t_10" : -0.99907976,
  "t_22" : 0.8153205,
  "t_20" : -0.008114594,
  "t_13" : -1.2688668,
  "t_01" : 0.81442595,
  "timestamp" : 1251195683794,
  "center_depth" : 1.7070191,
  "blur_score" : 55.300797,
  "cy" : 385.29376,
  "fy" : 715.48364,
  "t_03" : -0.8669423,
  "t_21" : -0.578953,
  "t_00" : 0.042115267
}