{
  "t_22" : -0.7087926,
  "blur_score" : 65.632416,
  "t_13" : -0.07331728,
  "center_depth" : 2.756871,
  "height" : 768,
  "t_01" : -0.897851,
  "cy" : 385.1852,
  "angular_velocity" : 3.4028235e+38,
  "fx" : 713.75867,
  "t_02" : 0.38863334,
  "width" : 1024,
  "manual_keyframe" : false,
  "t_23" : 1.8859545,
  "timestamp" : 1251085373982,
  "t_03" : 0.16697577,
  "t_20" : -0.55546045,
  "t_12" : 0.58870804,
  "t_11" : 0.06918671,
  "cx" : 514.4344,
  "t_00" : 0.20694868,
  "fy" : 713.75867,
  "t_10" : -0.80537945,
  "t_21" : -0.43482965
}