{
  "t_13" : -0.58104146,
  "t_00" : 0.13915697,
  "t_22" : 0.6913548,
  "width" : 1024,
  "fx" : 712.64386,
  "angular_velocity" : 3.4028235e+38,
  "blur_score" : 184.00548,
  "height" : 768,
  "cx" : 515.0464,
  "timestamp" : 1251100078553,
  "t_11" : 0.047312938,
  "cy" : 385.09875,
  "t_01" : 0.69319034,
  "t_03" : -0.9876157,
  "t_10" : -0.9878539,
  "t_20" : 0.06913793,
  "fy" : 712.64386,
  "t_21" : -0.71919996,
  "t_23" : -0.35698867,
  "t_02" : 0.70719343,
  "center_depth" : 3.6538143,
  "t_12" : 0.14800742,
  "manual_keyframe" : false
}