{
  "height" : 768,
  "t_13" : -1.335692,
  "angular_velocity" : 3.4028235e+38,
  "t_22" : -0.394614,
  "blur_score" : 90.12871,
  "width" : 1024,
  "fx" : 713.4729,
  "fy" : 713.4729,
  "cx" : 515.0385,
  "t_20" : -0.05909475,
  "t_10" : -0.97652316,
  "t_03" : 0.5217845,
  "t_01" : -0.39796412,
  "t_12" : 0.21346073,
  "t_00" : -0.20714785,
  "t_11" : 0.028929973,
  "t_02" : -0.89370817,
  "t_21" : 0.91694474,
  "cy" : 384.90646,
  "t_23" : -5.434173,
  "center_depth" : 3.213198,
  "timestamp" : 1251206579657,
  "manual_keyframe" : false
}