{
  "fy" : 711.7941,
  "t_13" : -1.3111069,
  "cx" : 515.2679,
  "t_01" : -0.93243223,
  "t_21" : -0.36098942,
  "t_22" : -0.91786295,
  "width" : 1024,
  "t_20" : -0.1649672,
  "timestamp" : 1251137614274,
  "t_23" : -5.835494,
  "blur_score" : 44.720093,
  "height" : 768,
  "center_depth" : 5.2965527,
  "t_02" : 0.3522047,
  "cy" : 385.04742,
  "t_00" : 0.08075853,
  "t_10" : -0.9829872,
  "t_11" : -0.016023042,
  "t_03" : -1.581085,
  "angular_velocity" : 3.4028235e+38,
  "fx" : 711.7941,
  "manual_keyframe" : false,
  "t_12" : 0.1829737
}