{
  "t_21" : -0.898149,
  "blur_score" : 76.65475,
  "t_01" : 0.43488595,
  "t_02" : 0.85126424,
  "timestamp" : 1251043574863,
  "fy" : 713.48395,
  "cy" : 385.09778,
  "cx" : 515.0185,
  "t_03" : -0.1755255,
  "t_22" : 0.3865736,
  "t_23" : 0.18608503,
  "angular_velocity" : 3.4028235e+38,
  "t_11" : 0.06482444,
  "t_10" : -0.93267775,
  "t_20" : -0.2094967,
  "width" : 1024,
  "manual_keyframe" : false,
  "t_00" : -0.2936378,
  "t_13" : 0.16027653,
  "t_12" : -0.35483775,
  "fx" : 713.48395,
  "height" : 768,
  "center_depth" : 2.144685
}