{
  "cy" : 385.03513,
  "t_00" : 0.11827132,
  "t_03" : -4.363822,
  "t_02" : -0.91000825,
  "cx" : 514.9292,
  "t_12" : -0.13642842,
  "t_20" : 0.07025166,
  "blur_score" : 52.959923,
  "height" : 768,
  "timestamp" : 1251299744924,
  "manual_keyframe" : false,
  "t_21" : 0.9174925,
  "fx" : 713.50146,
  "t_22" : -0.39150012,
  "t_11" : 0.017626354,
  "t_13" : -1.1932333,
  "t_01" : -0.3973624,
  "fy" : 713.50146,
  "width" : 1024,
  "angular_velocity" : 3.4028235e+38,
  "center_depth" : 4.1591573,
  "t_10" : -0.9904931,
  "t_23" : -9.951642
}