{
  "t_00" : 0.052740768,
  "t_21" : -0.11318684,
  "t_20" : -0.16021909,
  "cx" : 515.1375,
  "t_22" : 0.9805706,
  "t_01" : 0.9910033,
  "t_03" : -0.995239,
  "blur_score" : 86.57294,
  "center_depth" : 1.7267245,
  "width" : 1024,
  "manual_keyframe" : false,
  "height" : 768,
  "timestamp" : 1251182393675,
  "t_10" : -0.9856715,
  "fx" : 716.003,
  "cy" : 384.78763,
  "t_13" : -1.1699158,
  "t_23" : 2.0954027,
  "fy" : 716.003,
  "angular_velocity" : 3.4028235e+38,
  "t_02" : 0.123008616,
  "t_11" : 0.071424365,
  "t_12" : -0.15280806
}