{
  "timestamp" : 1251309141411,
  "t_22" : -0.5466979,
  "t_12" : 0.7309179,
  "t_02" : -0.40851018,
  "t_20" : -0.5390081,
  "t_00" : -0.49631324,
  "center_depth" : 0.9363155,
  "t_23" : -10.427411,
  "manual_keyframe" : false,
  "t_11" : 0.051143106,
  "cy" : 385.0783,
  "width" : 1024,
  "height" : 768,
  "t_13" : -1.6663902,
  "angular_velocity" : 3.4028235e+38,
  "t_10" : -0.6805464,
  "t_03" : -1.2888968,
  "blur_score" : 62.444054,
  "t_21" : 0.64077437,
  "fx" : 721.76337,
  "t_01" : -0.76602393,
  "cx" : 513.5871,
  "fy" : 721.76337
}