{
  "center_depth" : 4.230755,
  "manual_keyframe" : false,
  "t_01" : -0.31014305,
  "t_21" : -0.95058566,
  "t_00" : 0.18714574,
  "t_03" : -1.3356546,
  "timestamp" : 1251332232790,
  "t_20" : -0.07555969,
  "cy" : 385.00742,
  "t_22" : -0.30112705,
  "width" : 1024,
  "fy" : 713.43317,
  "height" : 768,
  "t_10" : -0.9794218,
  "t_12" : 0.20133238,
  "cx" : 515.1025,
  "t_23" : -6.629419,
  "t_11" : 0.0140736215,
  "t_13" : -1.2907537,
  "fx" : 713.43317,
  "t_02" : 0.9320878,
  "blur_score" : 240.12587,
  "angular_velocity" : 3.4028235e+38
}