{
  "t_22" : -0.95348054,
  "angular_velocity" : 3.4028235e+38,
  "t_02" : 0.16970599,
  "t_21" : -0.18321082,
  "t_03" : -5.087349,
  "t_23" : -11.94197,
  "timestamp" : 1251289482091,
  "t_20" : 0.23939198,
  "t_00" : -0.07604107,
  "cy" : 384.3779,
  "center_depth" : 1.9081366,
  "fy" : 715.46136,
  "cx" : 514.0767,
  "width" : 1024,
  "t_13" : -1.1575501,
  "t_10" : -0.9679406,
  "height" : 768,
  "t_01" : -0.9825567,
  "blur_score" : 49.660286,
  "manual_keyframe" : false,
  "t_11" : 0.03187742,
  "t_12" : -0.24914776,
  "fx" : 715.46136
}