{
  "t_11" : 0.07092451,
  "t_21" : -0.6358505,
  "t_13" : -1.1320622,
  "fx" : 716.15063,
  "t_10" : -0.993558,
  "t_12" : -0.08838717,
  "t_23" : -4.8301764,
  "angular_velocity" : 3.4028235e+38,
  "t_00" : -0.0020537018,
  "blur_score" : 52.350365,
  "t_01" : 0.7685467,
  "t_20" : -0.11330649,
  "width" : 1024,
  "center_depth" : 1.4879096,
  "height" : 768,
  "t_22" : 0.76345015,
  "timestamp" : 1251216142727,
  "t_02" : 0.63979053,
  "t_03" : 1.2923115,
  "fy" : 716.15063,
  "cx" : 515.4418,
  "cy" : 385.3739,
  "manual_keyframe" : false
}