{
  "t_01" : -0.86573,
  "fy" : 713.773,
  "t_12" : -0.29506278,
  "width" : 1024,
  "t_20" : 0.30457547,
  "height" : 768,
  "timestamp" : 1251294980038,
  "manual_keyframe" : false,
  "t_02" : -0.49640733,
  "t_11" : 0.09897275,
  "fx" : 713.773,
  "t_21" : 0.49062818,
  "blur_score" : 62.74062,
  "t_23" : -12.36737,
  "t_13" : -1.1421238,
  "t_10" : -0.950338,
  "t_00" : 0.06396425,
  "t_22" : -0.81640536,
  "cx" : 514.94183,
  "angular_velocity" : 3.4028235e+38,
  "t_03" : -4.0342426,
  "center_depth" : 3.721998,
  "cy" : 385.52615
}