{
  "t_11" : 0.009867086,
  "t_21" : -0.51226443,
  "t_13" : -1.3501971,
  "fx" : 716.6907,
  "t_10" : -0.9560144,
  "t_12" : 0.29315385,
  "t_23" : -4.513339,
  "angular_velocity" : 3.4028235e+38,
  "t_00" : 0.15828855,
  "blur_score" : 77.07309,
  "t_01" : 0.85877115,
  "t_20" : 0.24694388,
  "width" : 1024,
  "center_depth" : 2.0092754,
  "height" : 768,
  "t_22" : 0.8225595,
  "timestamp" : 1251212310832,
  "t_02" : 0.48729557,
  "t_03" : 2.4201279,
  "fy" : 716.6907,
  "cx" : 514.58,
  "cy" : 384.87726,
  "manual_keyframe" : false
}