{
  "t_02" : 0.510561,
  "cx" : 514.64044,
  "blur_score" : 92.79086,
  "center_depth" : 1.4044931,
  "cy" : 384.91452,
  "height" : 768,
  "t_01" : 0.8156978,
  "t_03" : -3.5303485,
  "timestamp" : 1251162726762,
  "fy" : 716.0045,
  "manual_keyframe" : false,
  "t_20" : -0.45811713,
  "t_23" : 2.0038285,
  "t_22" : 0.6767395,
  "width" : 1024,
  "fx" : 716.0045,
  "t_12" : -0.5304257,
  "t_10" : -0.8462647,
  "t_13" : -1.1293068,
  "t_21" : -0.57632685,
  "t_11" : 0.049847387,
  "t_00" : -0.27196482,
  "angular_velocity" : 3.4028235e+38
}