{
  "t_11" : -0.00988958,
  "t_13" : -1.4043075,
  "t_23" : -7.078957,
  "t_12" : 0.41606048,
  "height" : 768,
  "t_01" : -0.54335076,
  "t_03" : 0.8324127,
  "t_20" : -0.23363829,
  "angular_velocity" : 3.4028235e+38,
  "t_10" : -0.90928304,
  "fy" : 715.87427,
  "blur_score" : 32.915447,
  "t_02" : -0.765606,
  "timestamp" : 1251244698760,
  "cy" : 384.67358,
  "cx" : 514.9999,
  "center_depth" : 2.1219914,
  "t_21" : 0.83944744,
  "width" : 1024,
  "manual_keyframe" : false,
  "t_22" : -0.49065357,
  "t_00" : -0.34440863,
  "fx" : 715.87427
}