{
  "t_13" : -1.2796879,
  "t_21" : -0.7096854,
  "t_11" : 0.026577227,
  "cy" : 385.22577,
  "t_00" : 0.10294223,
  "width" : 1024,
  "timestamp" : 1251124391858,
  "manual_keyframe" : false,
  "t_20" : 0.064949185,
  "cx" : 515.26874,
  "t_01" : 0.70401734,
  "center_depth" : 4.7799788,
  "t_10" : -0.99256456,
  "t_03" : -1.0741439,
  "t_12" : 0.11878195,
  "t_23" : -4.607489,
  "blur_score" : 95.6575,
  "t_02" : 0.70268244,
  "fy" : 712.3834,
  "t_22" : 0.7015186,
  "fx" : 712.3834,
  "angular_velocity" : 3.4028235e+38,
  "height" : 768
}