{
  "timestamp" : 1251305742682,
  "manual_keyframe" : false,
  "fy" : 716.45874,
  "t_13" : -1.2981136,
  "t_12" : 0.1520404,
  "blur_score" : 79.700584,
  "t_20" : 0.1521018,
  "t_03" : -1.7286074,
  "angular_velocity" : 3.4028235e+38,
  "cx" : 515.1131,
  "height" : 768,
  "t_10" : -0.9868779,
  "t_02" : -0.62905467,
  "t_21" : 0.6290399,
  "t_00" : -0.05419383,
  "t_01" : 0.7754698,
  "t_11" : 0.054365795,
  "t_22" : 0.7623477,
  "fx" : 716.45874,
  "t_23" : -9.9900875,
  "width" : 1024,
  "cy" : 384.83487,
  "center_depth" : 1.6758301
}