{
  "cx" : 514.9659,
  "t_20" : 0.21689786,
  "width" : 1024,
  "t_11" : 0.042397156,
  "manual_keyframe" : false,
  "t_22" : -0.9445548,
  "height" : 768,
  "fx" : 712.02765,
  "blur_score" : 88.45772,
  "fy" : 712.02765,
  "timestamp" : 1251135965638,
  "t_23" : -6.4991097,
  "t_10" : -0.9761145,
  "t_00" : 0.012481774,
  "t_12" : -0.2130797,
  "cy" : 384.97565,
  "t_02" : -0.2498267,
  "t_13" : -1.1501317,
  "t_03" : -2.4432683,
  "t_01" : -0.9682101,
  "t_21" : 0.24651906,
  "angular_velocity" : 3.4028235e+38,
  "center_depth" : 3.6170745
}