{
  "timestamp" : 1251326368308,
  "t_22" : -0.22617896,
  "t_12" : 0.6224248,
  "t_02" : -0.7492867,
  "t_20" : -0.18759762,
  "t_00" : -0.5935148,
  "center_depth" : 2.255524,
  "t_23" : -9.070973,
  "manual_keyframe" : false,
  "t_11" : -0.0063238335,
  "cy" : 384.91782,
  "width" : 1024,
  "height" : 768,
  "t_13" : -1.3673042,
  "angular_velocity" : 3.4028235e+38,
  "t_03" : -2.8526306,
  "t_10" : -0.782654,
  "blur_score" : 71.2335,
  "t_21" : 0.9558506,
  "fx" : 715.1977,
  "t_01" : -0.2937853,
  "cx" : 514.3261,
  "fy" : 715.1977
}