{
  "cy" : 385.30145,
  "t_01" : 0.5102918,
  "cx" : 515.2039,
  "center_depth" : 3.873348,
  "t_12" : 0.34527668,
  "timestamp" : 1251119629117,
  "t_23" : -2.6601653,
  "t_20" : 0.1471141,
  "width" : 1024,
  "t_13" : -1.3416691,
  "height" : 768,
  "t_22" : 0.48997432,
  "t_10" : -0.93779767,
  "t_21" : -0.85923374,
  "fy" : 714.57355,
  "t_00" : 0.31447273,
  "fx" : 714.57355,
  "t_02" : 0.8004432,
  "angular_velocity" : 3.4028235e+38,
  "blur_score" : 78.112854,
  "t_11" : 0.036327098,
  "manual_keyframe" : false,
  "t_03" : 1.084903
}