{
  "cx" : 514.5925,
  "t_20" : 0.5266168,
  "width" : 1024,
  "t_11" : 0.081069134,
  "manual_keyframe" : false,
  "t_22" : 0.84774673,
  "height" : 768,
  "fx" : 717.3799,
  "blur_score" : 33.551205,
  "fy" : 717.3799,
  "timestamp" : 1251255628032,
  "t_23" : -7.0756845,
  "t_10" : -0.8493512,
  "t_00" : 0.035737857,
  "t_12" : 0.5215652,
  "cy" : 385.23605,
  "t_02" : -0.09641259,
  "t_13" : -1.4520285,
  "t_03" : 4.4865026,
  "t_01" : 0.9946997,
  "t_21" : 0.06324855,
  "angular_velocity" : 3.4028235e+38,
  "center_depth" : 1.3537422
}