{
  "height" : 768,
  "t_00" : -0.011552304,
  "t_22" : 0.9138223,
  "t_12" : 0.051495567,
  "t_01" : 0.9151991,
  "t_02" : 0.40283656,
  "t_11" : -0.035264544,
  "cx" : 514.9706,
  "t_10" : -0.9980504,
  "blur_score" : 50.91178,
  "width" : 1024,
  "t_03" : -4.1105633,
  "timestamp" : 1251283351043,
  "t_20" : 0.061334543,
  "t_13" : -1.2399054,
  "t_21" : -0.4014562,
  "fy" : 713.4856,
  "fx" : 713.4856,
  "t_23" : -10.394169,
  "angular_velocity" : 3.4028235e+38,
  "cy" : 385.02716,
  "center_depth" : 2.4977992,
  "manual_keyframe" : false
}