{
  "cy" : 384.7982,
  "t_03" : -1.8775011,
  "height" : 768,
  "angular_velocity" : 3.4028235e+38,
  "manual_keyframe" : false,
  "fx" : 717.1846,
  "fy" : 717.1846,
  "blur_score" : 50.63966,
  "center_depth" : 1.2820854,
  "t_12" : -0.059122097,
  "t_21" : 0.07399368,
  "cx" : 515.2126,
  "t_01" : -0.997149,
  "t_10" : -0.9981411,
  "t_11" : 0.014791142,
  "t_02" : -0.07474451,
  "t_20" : 0.060059108,
  "width" : 1024,
  "timestamp" : 1251174117265,
  "t_13" : -1.2606336,
  "t_22" : -0.9954485,
  "t_00" : -0.010349158,
  "t_23" : 2.6727166
}