{
  "t_21" : -0.94679165,
  "t_01" : -0.3033423,
  "cx" : 514.78217,
  "angular_velocity" : 3.4028235e+38,
  "t_23" : 2.8547697,
  "t_22" : -0.26673287,
  "t_20" : -0.18010862,
  "fy" : 714.888,
  "fx" : 714.888,
  "t_03" : -0.42298958,
  "t_11" : 0.10755925,
  "t_12" : 0.26520598,
  "manual_keyframe" : false,
  "t_00" : 0.2224052,
  "t_10" : -0.9581737,
  "blur_score" : 33.35962,
  "width" : 1024,
  "t_02" : 0.9265632,
  "t_13" : -0.94726706,
  "center_depth" : 1.5676606,
  "height" : 768,
  "cy" : 385.25253,
  "timestamp" : 1251088338213
}