{
  "t_22" : 0.16574615,
  "angular_velocity" : 3.4028235e+38,
  "fx" : 733.6401,
  "t_10" : -0.96656,
  "t_11" : -0.14146946,
  "t_00" : -0.23313652,
  "cy" : 385.38535,
  "t_03" : 0.17770875,
  "t_13" : 0.23698117,
  "t_12" : 0.21388778,
  "t_02" : -0.9626942,
  "t_21" : 0.9803668,
  "t_23" : -1.3580872,
  "width" : 1024,
  "height" : 768,
  "fy" : 733.6401,
  "t_01" : 0.13735773,
  "t_20" : -0.10681269,
  "center_depth" : 0.71759766,
  "blur_score" : 61.456966,
  "manual_keyframe" : false,
  "timestamp" : 1251072601130,
  "cx" : 515.1037
}