{
  "t_20" : 0.2843267,
  "cy" : 384.99033,
  "t_23" : -9.200598,
  "blur_score" : 83.09845,
  "t_10" : -0.94198906,
  "fy" : 714.94995,
  "width" : 1024,
  "t_00" : -0.17836724,
  "angular_velocity" : 3.4028235e+38,
  "height" : 768,
  "t_13" : -1.3790545,
  "timestamp" : 1251302677161,
  "t_03" : -2.3435256,
  "cx" : 514.7771,
  "fx" : 714.94995,
  "t_21" : 0.6006723,
  "t_11" : 0.03002582,
  "t_02" : -0.5743639,
  "t_22" : 0.74722904,
  "center_depth" : 2.7455757,
  "t_12" : 0.33429778,
  "manual_keyframe" : false,
  "t_01" : 0.79893136
}