{
  "fy" : 715.2088,
  "angular_velocity" : 3.4028235e+38,
  "t_00" : -0.086076096,
  "blur_score" : 67.00681,
  "height" : 768,
  "manual_keyframe" : false,
  "width" : 1024,
  "fx" : 715.2088,
  "t_11" : 0.1295331,
  "t_13" : -1.3035462,
  "cy" : 385.04172,
  "cx" : 515.14435,
  "t_22" : -0.9565324,
  "t_23" : -7.339911,
  "t_02" : 0.21942243,
  "center_depth" : 4.959688,
  "t_10" : -0.9727905,
  "t_01" : -0.9718255,
  "t_21" : -0.19691744,
  "t_20" : -0.2151036,
  "timestamp" : 1251132518487,
  "t_12" : 0.19209325,
  "t_03" : -4.2317495
}