{
  "height" : 768,
  "t_13" : -1.3294482,
  "angular_velocity" : 3.4028235e+38,
  "t_22" : 0.8648285,
  "blur_score" : 83.544754,
  "width" : 1024,
  "fx" : 712.3532,
  "fy" : 712.3532,
  "cx" : 515.254,
  "t_20" : 0.15398319,
  "t_10" : -0.9848093,
  "t_01" : 0.8784243,
  "t_12" : 0.17361149,
  "t_03" : -3.5312068,
  "t_00" : -0.0802495,
  "t_11" : 0.0031386965,
  "t_02" : -0.4710953,
  "t_21" : 0.47787127,
  "cy" : 385.2059,
  "t_23" : -0.27082777,
  "center_depth" : 6.9651136,
  "timestamp" : 1251187722544,
  "manual_keyframe" : false
}