{
  "cy" : 384.9132,
  "t_23" : -9.488321,
  "angular_velocity" : 3.4028235e+38,
  "height" : 768,
  "t_11" : -0.09008484,
  "t_03" : -0.1820662,
  "t_13" : -1.3817487,
  "t_20" : 0.034998417,
  "center_depth" : 1.721998,
  "manual_keyframe" : false,
  "t_10" : -0.89097357,
  "fy" : 717.62286,
  "t_02" : -0.8553713,
  "t_01" : 0.2517913,
  "t_21" : 0.9635797,
  "t_22" : 0.26512116,
  "blur_score" : 67.04309,
  "width" : 1024,
  "t_00" : -0.45270425,
  "t_12" : 0.44502893,
  "cx" : 514.8833,
  "fx" : 717.62286,
  "timestamp" : 1251227771720
}