{
  "t_12" : 0.3953739,
  "t_01" : -0.19346435,
  "fy" : 713.44434,
  "width" : 1024,
  "t_20" : -0.05610691,
  "height" : 768,
  "timestamp" : 1251300944475,
  "manual_keyframe" : false,
  "t_02" : -0.89938056,
  "t_11" : 0.022664322,
  "fx" : 713.44434,
  "t_21" : 0.9808456,
  "blur_score" : 52.362988,
  "t_23" : -9.401922,
  "t_13" : -1.3962421,
  "t_00" : -0.39202836,
  "t_10" : -0.9182406,
  "t_22" : -0.18653192,
  "cx" : 515.0937,
  "angular_velocity" : 3.4028235e+38,
  "t_03" : -3.391661,
  "center_depth" : 1.9698689,
  "cy" : 385.16525
}