{
  "cy" : 385.00174,
  "t_00" : -0.00044699453,
  "cx" : 515.0936,
  "t_12" : 0.0057253106,
  "t_02" : -0.437984,
  "t_03" : -2.1397657,
  "t_20" : 0.0061508827,
  "blur_score" : 91.91143,
  "height" : 768,
  "timestamp" : 1251303343579,
  "manual_keyframe" : false,
  "t_21" : 0.43797827,
  "fx" : 714.4448,
  "t_22" : 0.8989646,
  "t_13" : -1.2685778,
  "t_11" : 0.0022921555,
  "t_01" : 0.8989827,
  "fy" : 714.4448,
  "width" : 1024,
  "angular_velocity" : 3.4028235e+38,
  "center_depth" : 2.4531298,
  "t_10" : -0.999981,
  "t_23" : -9.293826
}