{
  "fy" : 714.0002,
  "t_01" : 0.83811045,
  "t_00" : 0.20243394,
  "t_21" : -0.54512334,
  "blur_score" : 290.31564,
  "fx" : 714.0002,
  "t_11" : 0.020284647,
  "t_22" : 0.7915255,
  "cy" : 385.4588,
  "center_depth" : 3.709586,
  "timestamp" : 1251183992336,
  "t_10" : -0.9395171,
  "cx" : 515.1582,
  "t_02" : 0.5065486,
  "t_20" : 0.27627552,
  "angular_velocity" : 3.4028235e+38,
  "t_12" : 0.34190086,
  "t_13" : -1.3277067,
  "width" : 1024,
  "t_23" : 1.9216707,
  "height" : 768,
  "manual_keyframe" : false,
  "t_03" : -1.6266057
}