{
  "t_21" : -0.93689287,
  "blur_score" : 48.773766,
  "t_01" : 0.34634894,
  "t_02" : 0.93713397,
  "timestamp" : 1251094649687,
  "fy" : 714.35754,
  "cy" : 385.13123,
  "cx" : 515.0748,
  "t_03" : -0.018333614,
  "t_22" : 0.34785607,
  "t_23" : 0.116769314,
  "angular_velocity" : 3.4028235e+38,
  "t_10" : -0.9984737,
  "t_11" : 0.04768759,
  "t_20" : -0.035040516,
  "width" : 1024,
  "manual_keyframe" : false,
  "t_00" : 0.042689875,
  "t_13" : 0.080025434,
  "t_12" : 0.027859595,
  "fx" : 714.35754,
  "height" : 768,
  "center_depth" : 2.036173
}