{
  "t_11" : 0.019162107,
  "cy" : 385.14902,
  "t_20" : 0.014019132,
  "angular_velocity" : 3.4028235e+38,
  "height" : 768,
  "t_12" : 0.21132223,
  "timestamp" : 1251333332380,
  "t_00" : 0.21172561,
  "t_01" : 0.1538565,
  "cx" : 515.19354,
  "t_23" : -6.3469796,
  "t_03" : -1.5104094,
  "blur_score" : 257.42517,
  "center_depth" : 3.7168179,
  "manual_keyframe" : false,
  "fx" : 713.1775,
  "fy" : 713.1775,
  "t_10" : -0.9772285,
  "t_21" : -0.9879074,
  "t_22" : 0.15441008,
  "t_02" : 0.9651428,
  "t_13" : -1.2674077,
  "width" : 1024
}