{
  "cy" : 385.26343,
  "t_02" : 0.7702922,
  "t_12" : 0.30068997,
  "t_03" : -0.24268398,
  "t_01" : -0.61346686,
  "fy" : 714.3416,
  "center_depth" : 1.5194362,
  "width" : 1024,
  "t_00" : 0.17409323,
  "blur_score" : 47.53428,
  "fx" : 714.3416,
  "t_22" : -0.56234837,
  "t_20" : -0.26816902,
  "t_11" : 0.10866747,
  "t_13" : -0.7672563,
  "cx" : 514.90076,
  "angular_velocity" : 3.4028235e+38,
  "t_21" : -0.7822084,
  "manual_keyframe" : false,
  "t_23" : 2.6986759,
  "timestamp" : 1251087488911,
  "height" : 768,
  "t_10" : -0.9475109
}