{
  "t_03" : 0.017509043,
  "t_22" : 0.55074304,
  "t_23" : 0.084472656,
  "t_21" : -0.8286326,
  "height" : 768,
  "timestamp" : 1251093783734,
  "cx" : 515.1919,
  "t_00" : -0.09860412,
  "cy" : 385.0791,
  "t_01" : 0.55908096,
  "manual_keyframe" : false,
  "t_12" : -0.1377547,
  "fx" : 713.4523,
  "fy" : 713.4523,
  "t_11" : 0.0282235,
  "width" : 1024,
  "angular_velocity" : 3.4028235e+38,
  "blur_score" : 52.479652,
  "t_13" : 0.11142659,
  "center_depth" : 3.109433,
  "t_02" : 0.82322884,
  "t_20" : -0.100250416,
  "t_10" : -0.99006414
}