{
  "t_01" : 0.9942295,
  "fy" : 714.367,
  "t_12" : 0.03780898,
  "width" : 1024,
  "t_20" : 0.03652467,
  "height" : 768,
  "timestamp" : 1251272588387,
  "manual_keyframe" : false,
  "t_02" : 0.10635751,
  "t_11" : 0.010024067,
  "fx" : 714.367,
  "t_21" : -0.106805354,
  "blur_score" : 63.709377,
  "t_23" : -7.4113393,
  "t_13" : -1.278555,
  "t_10" : -0.9992347,
  "t_00" : 0.013998204,
  "t_22" : 0.9936089,
  "cx" : 515.17377,
  "angular_velocity" : 3.4028235e+38,
  "t_03" : 0.122674525,
  "center_depth" : 3.090321,
  "cy" : 385.33902
}