{
  "fy" : 712.33093,
  "width" : 1024,
  "t_13" : -1.3081555,
  "t_12" : 0.15580837,
  "angular_velocity" : 3.4028235e+38,
  "timestamp" : 1251186839950,
  "t_10" : -0.98771167,
  "t_11" : 0.01222536,
  "t_23" : 0.24757767,
  "t_01" : 0.99985546,
  "t_03" : -3.145981,
  "t_02" : 0.009769188,
  "t_00" : 0.013916728,
  "t_20" : 0.15566643,
  "blur_score" : 107.179634,
  "height" : 768,
  "t_21" : -0.01181746,
  "cx" : 515.0711,
  "fx" : 712.33093,
  "center_depth" : 5.811606,
  "t_22" : 0.987739,
  "manual_keyframe" : false,
  "cy" : 385.277
}