{
  "cx" : 515.226,
  "t_21" : -0.9082841,
  "fx" : 713.7651,
  "t_10" : -0.9821204,
  "t_00" : 0.17921741,
  "angular_velocity" : 3.4028235e+38,
  "height" : 768,
  "fy" : 713.7651,
  "t_11" : 0.02293413,
  "width" : 1024,
  "t_02" : 0.8907229,
  "t_01" : 0.4177248,
  "t_13" : -1.3260791,
  "t_03" : -1.8113716,
  "center_depth" : 4.843254,
  "manual_keyframe" : false,
  "t_22" : 0.41436628,
  "t_23" : -8.7149105,
  "t_20" : 0.05762457,
  "t_12" : 0.18685153,
  "blur_score" : 75.49955,
  "timestamp" : 1251279752384,
  "cy" : 385.12833
}