{
  "t_02" : 0.64600235,
  "cx" : 515.02637,
  "blur_score" : 50.00323,
  "center_depth" : 1.5830144,
  "cy" : 385.21268,
  "height" : 768,
  "t_01" : -0.76305914,
  "t_03" : -1.6205359,
  "timestamp" : 1251171669308,
  "fy" : 715.52014,
  "manual_keyframe" : false,
  "t_20" : -0.0454324,
  "t_23" : 2.2139978,
  "t_22" : -0.76182866,
  "width" : 1024,
  "fx" : 715.52014,
  "t_12" : 0.047938958,
  "t_10" : -0.9987563,
  "t_13" : -1.2726648,
  "t_21" : -0.64618343,
  "t_11" : 0.013702956,
  "t_00" : 0.020538054,
  "angular_velocity" : 3.4028235e+38
}