{
  "t_13" : -1.3035015,
  "t_00" : -0.019066047,
  "t_22" : 0.9127663,
  "width" : 1024,
  "fx" : 714.05896,
  "angular_velocity" : 3.4028235e+38,
  "blur_score" : 65.00857,
  "height" : 768,
  "cx" : 515.26434,
  "timestamp" : 1251222940187,
  "cy" : 385.31952,
  "t_11" : 0.050617475,
  "t_01" : 0.9300141,
  "t_03" : -0.13463354,
  "t_10" : -0.98249185,
  "t_20" : 0.18532695,
  "fy" : 714.05896,
  "t_21" : 0.3640213,
  "t_23" : -6.6031227,
  "t_02" : -0.3670288,
  "center_depth" : 3.6906955,
  "t_12" : 0.17929713,
  "manual_keyframe" : false
}