{
  "blur_score" : 57.4841,
  "t_00" : -0.22469537,
  "manual_keyframe" : false,
  "fy" : 713.7556,
  "t_02" : -0.5096051,
  "t_10" : -0.9457096,
  "t_11" : -0.059839435,
  "angular_velocity" : 3.4028235e+38,
  "width" : 1024,
  "height" : 768,
  "t_13" : -1.3327146,
  "t_03" : -0.8608782,
  "cx" : 515.1594,
  "t_01" : 0.83055085,
  "t_12" : 0.3194569,
  "t_23" : -7.651479,
  "fx" : 713.7556,
  "cy" : 384.85547,
  "timestamp" : 1251225305972,
  "t_21" : 0.5537189,
  "center_depth" : 2.6522632,
  "t_22" : 0.79890555,
  "t_20" : 0.23483072
}