{
  "t_12" : -0.09096485,
  "fy" : 713.4872,
  "t_01" : 0.8545177,
  "width" : 1024,
  "t_20" : -0.06559307,
  "height" : 768,
  "timestamp" : 1251283084476,
  "manual_keyframe" : false,
  "t_02" : 0.51504576,
  "t_11" : -0.023566822,
  "fx" : 713.4872,
  "t_21" : -0.51888746,
  "blur_score" : 40.959904,
  "t_23" : -10.259235,
  "t_13" : -1.2011293,
  "t_00" : -0.06728705,
  "t_10" : -0.9955752,
  "t_22" : 0.8523224,
  "cx" : 514.9285,
  "angular_velocity" : 3.4028235e+38,
  "t_03" : -4.000153,
  "center_depth" : 2.4532714,
  "cy" : 385.3398
}