{
  "t_01" : -0.8397293,
  "t_23" : -3.7796648,
  "angular_velocity" : 3.4028235e+38,
  "t_10" : -0.98004854,
  "t_21" : 0.5261136,
  "timestamp" : 1251150120577,
  "t_22" : -0.84865534,
  "fx" : 719.05865,
  "t_11" : 0.1343847,
  "t_12" : 0.14644326,
  "fy" : 719.05865,
  "t_02" : -0.5082702,
  "center_depth" : 1.6854972,
  "cx" : 515.03577,
  "width" : 1024,
  "t_03" : -6.0417337,
  "t_00" : -0.19109209,
  "t_13" : -1.2802682,
  "t_20" : -0.05466894,
  "blur_score" : 39.13321,
  "cy" : 384.7702,
  "height" : 768,
  "manual_keyframe" : false
}