{
  "cx" : 515.07513,
  "t_21" : -0.5789784,
  "fx" : 712.64386,
  "t_10" : -0.96894467,
  "t_00" : 0.13537681,
  "angular_velocity" : 3.4028235e+38,
  "height" : 768,
  "fy" : 712.64386,
  "t_11" : 0.009738847,
  "width" : 1024,
  "t_02" : 0.5630134,
  "t_01" : -0.8152847,
  "t_03" : -0.9720566,
  "t_13" : -1.3031214,
  "center_depth" : 3.777761,
  "manual_keyframe" : false,
  "t_22" : -0.7886473,
  "t_23" : -7.2189584,
  "t_20" : -0.20692836,
  "t_12" : 0.24708577,
  "blur_score" : 69.05496,
  "timestamp" : 1251331033237,
  "cy" : 385.04404
}