{
  "t_13" : -0.6601537,
  "t_00" : 0.32104817,
  "t_22" : -0.64832795,
  "width" : 1024,
  "fx" : 714.0685,
  "angular_velocity" : 3.4028235e+38,
  "blur_score" : 42.333565,
  "height" : 768,
  "cx" : 515.0462,
  "timestamp" : 1251087022628,
  "cy" : 385.03745,
  "t_11" : 0.02488458,
  "t_01" : -0.7791141,
  "t_03" : -0.13934804,
  "t_10" : -0.842389,
  "t_20" : -0.43279192,
  "fy" : 714.0685,
  "t_21" : -0.6263881,
  "t_23" : 2.5459895,
  "t_02" : 0.5384323,
  "center_depth" : 1.8138165,
  "t_12" : 0.53829503,
  "manual_keyframe" : false
}