{
  "t_13" : -0.96063143,
  "t_00" : -0.1969712,
  "t_22" : 0.2824397,
  "width" : 1024,
  "fx" : 714.6021,
  "angular_velocity" : 3.4028235e+38,
  "blur_score" : 54.48695,
  "height" : 768,
  "cx" : 515.0036,
  "timestamp" : 1251240433676,
  "cy" : 385.31558,
  "t_11" : 0.09897151,
  "t_01" : 0.31249982,
  "t_03" : 0.40163332,
  "t_10" : -0.9661899,
  "t_20" : -0.1663711,
  "fy" : 714.6021,
  "t_21" : -0.944748,
  "t_23" : -7.4729147,
  "t_02" : 0.929272,
  "center_depth" : 2.1711686,
  "t_12" : -0.23807904,
  "manual_keyframe" : false
}