{
  "t_11" : -0.0007163793,
  "cy" : 384.95987,
  "t_20" : -0.019817444,
  "angular_velocity" : 3.4028235e+38,
  "height" : 768,
  "t_12" : 0.17964306,
  "timestamp" : 1251332532678,
  "t_00" : 0.17854808,
  "t_01" : -0.11421288,
  "cx" : 515.1679,
  "t_23" : -6.5167675,
  "t_03" : -1.3561366,
  "blur_score" : 309.12448,
  "center_depth" : 3.622442,
  "manual_keyframe" : false,
  "fx" : 713.16,
  "fy" : 713.16,
  "t_10" : -0.9837316,
  "t_21" : -0.9934561,
  "t_22" : -0.112482704,
  "t_02" : 0.97727996,
  "t_13" : -1.2678983,
  "width" : 1024
}