{
  "fy" : 717.57526,
  "cx" : 515.2992,
  "t_13" : 0.09499937,
  "t_01" : -0.85307914,
  "t_21" : -0.5215151,
  "t_22" : -0.8292864,
  "width" : 1024,
  "t_20" : -0.20076407,
  "timestamp" : 1251059611766,
  "t_23" : 0.25834233,
  "blur_score" : 58.45956,
  "height" : 768,
  "center_depth" : 0.8273941,
  "t_02" : 0.5113753,
  "cy" : 384.83554,
  "t_00" : 0.103688926,
  "t_10" : -0.97413677,
  "t_11" : 0.01667798,
  "t_03" : -0.24975803,
  "angular_velocity" : 3.4028235e+38,
  "fx" : 717.57526,
  "manual_keyframe" : false,
  "t_12" : 0.22534297
}