{
  "manual_keyframe" : false,
  "t_20" : 0.039106056,
  "timestamp" : 1251076148222,
  "t_01" : -0.4572099,
  "t_10" : -0.99878985,
  "t_12" : 0.008606186,
  "cy" : 384.93155,
  "fx" : 714.30194,
  "t_13" : 0.06457274,
  "t_00" : -0.02982509,
  "height" : 768,
  "t_11" : 0.04842265,
  "t_23" : 0.34994864,
  "blur_score" : 64.68723,
  "width" : 1024,
  "fy" : 714.30194,
  "angular_velocity" : 3.4028235e+38,
  "t_21" : 0.8880396,
  "t_22" : -0.45810083,
  "center_depth" : 1.5235099,
  "cx" : 515.3305,
  "t_03" : -0.10686279,
  "t_02" : -0.88885856
}