{
  "height" : 768,
  "t_13" : -1.3707242,
  "angular_velocity" : 3.4028235e+38,
  "t_22" : 0.89976925,
  "blur_score" : 50.989326,
  "width" : 1024,
  "fx" : 713.4427,
  "fy" : 713.4427,
  "cx" : 515.0939,
  "t_20" : 0.35676998,
  "t_10" : -0.92922765,
  "t_01" : 0.96791303,
  "t_03" : -0.9601915,
  "t_12" : 0.369489,
  "t_00" : 0.09618295,
  "t_11" : 0.00371864,
  "t_02" : 0.23214911,
  "t_21" : -0.2512579,
  "cy" : 384.8045,
  "t_23" : -5.936301,
  "center_depth" : 1.902958,
  "timestamp" : 1251194850780,
  "manual_keyframe" : false
}