{
  "cy" : 385.4575,
  "t_22" : -0.3132757,
  "t_12" : 0.22053322,
  "t_23" : -7.66963,
  "t_20" : -0.00050806743,
  "blur_score" : 54.54585,
  "t_01" : -0.30483577,
  "height" : 768,
  "t_02" : -0.92370105,
  "timestamp" : 1251275453986,
  "manual_keyframe" : false,
  "angular_velocity" : 3.4028235e+38,
  "fy" : 714.3099,
  "fx" : 714.3099,
  "t_11" : 0.07222938,
  "width" : 1024,
  "t_00" : -0.23205973,
  "t_10" : -0.9727014,
  "cx" : 514.72076,
  "t_13" : -1.2651886,
  "t_03" : -0.58288056,
  "center_depth" : 5.5901637,
  "t_21" : 0.94966215
}