{
  "t_23" : 2.279684,
  "fx" : 714.0685,
  "t_03" : -0.049443506,
  "t_00" : 0.1861598,
  "t_20" : -0.19588603,
  "t_02" : 0.7284802,
  "t_01" : -0.6592884,
  "t_21" : -0.7514606,
  "t_13" : -0.3281514,
  "t_11" : 0.025413137,
  "angular_velocity" : 3.4028235e+38,
  "t_10" : -0.9627945,
  "blur_score" : 53.65707,
  "t_12" : 0.26903713,
  "height" : 768,
  "manual_keyframe" : false,
  "center_depth" : 1.9616482,
  "width" : 1024,
  "t_22" : -0.6300283,
  "timestamp" : 1251086439773,
  "cx" : 514.783,
  "cy" : 385.21182,
  "fy" : 714.0685
}