{
  "cx" : 515.291,
  "t_21" : 0.44696063,
  "fx" : 714.07166,
  "t_10" : -0.88738376,
  "t_00" : -0.26961094,
  "angular_velocity" : 3.4028235e+38,
  "height" : 768,
  "fy" : 714.07166,
  "t_11" : 0.0822706,
  "width" : 1024,
  "t_02" : -0.36585817,
  "t_01" : -0.8907625,
  "t_13" : -1.3947093,
  "t_03" : -5.014332,
  "center_depth" : 2.9832253,
  "manual_keyframe" : false,
  "t_22" : -0.81262934,
  "t_23" : -11.836469,
  "t_20" : -0.37397853,
  "t_12" : 0.45363152,
  "blur_score" : 34.733208,
  "timestamp" : 1251290348434,
  "cy" : 385.08456
}