{
  "t_11" : 0.038090073,
  "t_13" : -1.4067657,
  "angular_velocity" : 3.4028235e+38,
  "t_23" : -9.179367,
  "t_20" : 0.4052994,
  "t_21" : 0.73955894,
  "blur_score" : 67.70928,
  "timestamp" : 1251324802225,
  "manual_keyframe" : false,
  "fx" : 714.8419,
  "width" : 1024,
  "t_12" : 0.56776726,
  "t_22" : 0.5373872,
  "height" : 768,
  "t_03" : -2.4209507,
  "t_01" : 0.67201316,
  "fy" : 714.8419,
  "t_00" : -0.39942828,
  "cy" : 385.093,
  "t_10" : -0.8223074,
  "cx" : 514.7383,
  "t_02" : -0.6235827,
  "center_depth" : 1.9258133
}