{
  "fy" : 716.8399,
  "width" : 1024,
  "t_00" : 0.033565264,
  "t_12" : -0.14966173,
  "t_03" : -1.9181015,
  "t_10" : -0.9887293,
  "t_21" : 0.2496222,
  "center_depth" : 1.2616963,
  "t_02" : -0.247387,
  "t_20" : 0.1459031,
  "fx" : 716.8399,
  "angular_velocity" : 3.4028235e+38,
  "blur_score" : 59.50601,
  "timestamp" : 1251174317098,
  "manual_keyframe" : false,
  "t_01" : -0.9683353,
  "cx" : 515.3105,
  "t_22" : -0.95728844,
  "t_23" : 2.7827904,
  "height" : 768,
  "t_11" : 0.003962892,
  "t_13" : -1.2333213,
  "cy" : 384.78485
}