{
  "t_13" : -1.3118607,
  "t_00" : 0.013667071,
  "t_22" : 0.98888177,
  "width" : 1024,
  "fx" : 712.9186,
  "angular_velocity" : 3.4028235e+38,
  "blur_score" : 60.26561,
  "height" : 768,
  "cx" : 515.11554,
  "timestamp" : 1251221907239,
  "cy" : 385.08862,
  "t_11" : 0.0055668773,
  "t_01" : 0.9982023,
  "t_03" : -0.12103301,
  "t_10" : -0.99058634,
  "t_20" : 0.13620496,
  "fy" : 712.9186,
  "t_21" : -0.059674982,
  "t_23" : -6.0798955,
  "t_02" : 0.058355007,
  "center_depth" : 4.0681934,
  "t_12" : 0.13677567,
  "manual_keyframe" : false
}