{
  "height" : 768,
  "t_11" : 0.011870421,
  "t_20" : 0.22688338,
  "fx" : 713.48395,
  "t_00" : 0.2842049,
  "t_10" : -0.9315318,
  "t_23" : -0.070424564,
  "angular_velocity" : 3.4028235e+38,
  "t_02" : -0.747981,
  "t_01" : -0.5997934,
  "cy" : 385.02942,
  "t_22" : -0.555353,
  "t_21" : 0.8000669,
  "blur_score" : 79.27574,
  "manual_keyframe" : false,
  "t_12" : -0.36346608,
  "width" : 1024,
  "timestamp" : 1251054199524,
  "t_13" : 0.25181344,
  "center_depth" : 2.0387788,
  "cx" : 515.1364,
  "fy" : 713.48395,
  "t_03" : -0.3200808
}