{
  "t_01" : -0.97280216,
  "t_23" : -2.1230693,
  "angular_velocity" : 3.4028235e+38,
  "t_10" : -0.990423,
  "t_21" : -0.2167695,
  "timestamp" : 1251155232997,
  "t_22" : -0.9679684,
  "fx" : 711.74335,
  "t_11" : 0.08165013,
  "fy" : 711.74335,
  "t_02" : 0.22503701,
  "t_12" : 0.11133436,
  "center_depth" : 4.890162,
  "cx" : 515.12036,
  "width" : 1024,
  "t_03" : -3.133375,
  "t_00" : -0.05490085,
  "t_13" : -1.2861739,
  "t_20" : -0.12668063,
  "blur_score" : 138.7523,
  "cy" : 385.3116,
  "height" : 768,
  "manual_keyframe" : false
}