{
  "fy" : 712.92816,
  "angular_velocity" : 3.4028235e+38,
  "t_00" : -0.02614003,
  "blur_score" : 89.98288,
  "height" : 768,
  "manual_keyframe" : false,
  "width" : 1024,
  "fx" : 712.92816,
  "t_11" : -0.022861604,
  "t_13" : -1.2236038,
  "cy" : 385.0117,
  "cx" : 515.24915,
  "t_22" : 0.9954425,
  "t_23" : -1.010049,
  "t_02" : 0.087317385,
  "center_depth" : 5.89753,
  "t_10" : -0.99900323,
  "t_01" : 0.99583745,
  "t_21" : -0.08823247,
  "t_20" : -0.03618175,
  "timestamp" : 1251103309226,
  "t_12" : -0.038337544,
  "t_03" : -1.6419846
}