{
  "center_depth" : 0.3056282,
  "timestamp" : 1251071951662,
  "t_00" : -0.13523209,
  "cy" : 385.39554,
  "fx" : 715.4422,
  "t_20" : 0.028535536,
  "t_01" : 0.034502264,
  "cx" : 515.4737,
  "t_13" : -0.07770589,
  "blur_score" : 25.239374,
  "height" : 768,
  "t_11" : 0.024075514,
  "t_10" : -0.990403,
  "width" : 1024,
  "t_22" : 0.03091534,
  "manual_keyframe" : false,
  "t_02" : -0.9902131,
  "t_12" : 0.1360969,
  "t_03" : 0.3239896,
  "t_21" : 0.99911463,
  "fy" : 715.4422,
  "t_23" : -1.7195579,
  "angular_velocity" : 3.4028235e+38
}