{
  "cy" : 384.92395,
  "t_23" : -7.2943606,
  "angular_velocity" : 3.4028235e+38,
  "height" : 768,
  "t_11" : 0.01893024,
  "t_03" : -0.41742885,
  "t_13" : -1.3168056,
  "t_20" : 0.2606793,
  "center_depth" : 3.4151032,
  "manual_keyframe" : false,
  "fy" : 713.77466,
  "t_10" : -0.96540105,
  "t_02" : -0.09792111,
  "t_01" : 0.99517053,
  "t_21" : 0.09631893,
  "t_22" : 0.96060866,
  "blur_score" : 65.292625,
  "width" : 1024,
  "t_00" : -0.0068662334,
  "t_12" : 0.26008168,
  "cx" : 515.02026,
  "fx" : 713.77466,
  "timestamp" : 1251224139740
}