{
  "cx" : 515.3234,
  "t_20" : 0.15536849,
  "width" : 1024,
  "t_11" : 0.035421427,
  "manual_keyframe" : false,
  "t_22" : 0.71439236,
  "height" : 768,
  "fx" : 714.06525,
  "blur_score" : 86.517265,
  "fy" : 714.06525,
  "timestamp" : 1251119878911,
  "t_23" : -2.602969,
  "t_10" : -0.9689851,
  "t_00" : 0.19216794,
  "t_12" : 0.24456738,
  "cy" : 384.96103,
  "t_02" : 0.6556147,
  "t_13" : -1.3031493,
  "t_03" : 1.1191754,
  "t_01" : 0.73023355,
  "t_21" : -0.68227875,
  "angular_velocity" : 3.4028235e+38,
  "center_depth" : 4.7804646
}