{
  "width" : 1024,
  "fx" : 731.97406,
  "angular_velocity" : 3.4028235e+38,
  "cx" : 515.4016,
  "t_12" : 0.21297348,
  "t_11" : -0.10068601,
  "t_02" : -0.9675414,
  "t_23" : -1.5290346,
  "height" : 768,
  "manual_keyframe" : false,
  "t_10" : -0.9718563,
  "t_22" : 0.13603698,
  "t_20" : -0.07255179,
  "t_13" : 0.16508326,
  "t_01" : 0.116756804,
  "timestamp" : 1251072384641,
  "center_depth" : 0.21190488,
  "blur_score" : 47.570724,
  "fy" : 731.97406,
  "t_03" : 0.20536461,
  "cy" : 385.4556,
  "t_21" : 0.98804367,
  "t_00" : -0.22412409
}