{
  "cx" : 515.53406,
  "t_20" : -0.07833596,
  "width" : 1024,
  "t_11" : 0.09022836,
  "manual_keyframe" : false,
  "t_22" : 0.9550825,
  "height" : 768,
  "fx" : 714.5973,
  "blur_score" : 65.50817,
  "fy" : 714.5973,
  "timestamp" : 1251048970462,
  "t_23" : -0.07207923,
  "t_10" : -0.99002576,
  "t_00" : 0.11709949,
  "t_12" : -0.10820192,
  "cy" : 385.12415,
  "t_02" : -0.27587995,
  "t_13" : 0.18789005,
  "t_03" : -0.38965908,
  "t_01" : 0.9540325,
  "t_21" : 0.28579867,
  "angular_velocity" : 3.4028235e+38,
  "center_depth" : 2.1554701
}