{
  "cx" : 515.197,
  "t_20" : -0.015837409,
  "width" : 1024,
  "t_11" : 0.0054122484,
  "manual_keyframe" : false,
  "t_22" : -0.1737368,
  "height" : 768,
  "fx" : 712.05615,
  "blur_score" : 172.74625,
  "fy" : 712.05615,
  "timestamp" : 1251139196298,
  "t_23" : -4.8960967,
  "t_10" : -0.9981646,
  "t_00" : 0.05845062,
  "t_12" : 0.06031589,
  "cy" : 384.9929,
  "t_02" : 0.9829431,
  "t_13" : -1.26024,
  "t_03" : -1.5939895,
  "t_01" : -0.17437321,
  "t_21" : -0.9846647,
  "angular_velocity" : 3.4028235e+38,
  "center_depth" : 5.3950386
}