{
  "t_02" : 0.9401005,
  "cx" : 513.49805,
  "blur_score" : 44.673626,
  "center_depth" : 0.65276504,
  "cy" : 385.3473,
  "height" : 768,
  "t_01" : -0.040500008,
  "t_03" : 0.26410615,
  "timestamp" : 1251083292358,
  "fy" : 720.8231,
  "manual_keyframe" : false,
  "t_20" : -0.24446866,
  "t_23" : 1.7230403,
  "t_22" : -0.12942055,
  "width" : 1024,
  "fx" : 720.8231,
  "t_12" : -0.3153752,
  "t_10" : -0.9086606,
  "t_13" : 0.27200067,
  "t_21" : -0.96098155,
  "t_11" : 0.2736318,
  "t_00" : -0.3384833,
  "angular_velocity" : 3.4028235e+38
}