{
  "timestamp" : 1251300011491,
  "t_22" : -0.38537484,
  "t_12" : 0.010267143,
  "t_02" : -0.922703,
  "t_20" : 0.0039043638,
  "t_00" : -0.0127569465,
  "center_depth" : 5.602295,
  "t_23" : -9.803922,
  "manual_keyframe" : false,
  "t_11" : 0.008518774,
  "cy" : 384.95084,
  "width" : 1024,
  "height" : 768,
  "t_13" : -1.2464964,
  "angular_velocity" : 3.4028235e+38,
  "t_10" : -0.99991095,
  "t_03" : -4.163459,
  "blur_score" : 63.332287,
  "t_21" : 0.92275184,
  "fx" : 713.46497,
  "fy" : 713.46497,
  "t_01" : -0.38530043,
  "cx" : 514.87726
}