{
  "fy" : 713.7651,
  "cx" : 515.2627,
  "t_13" : -1.2863493,
  "t_01" : 0.8021973,
  "t_21" : -0.5960184,
  "t_22" : 0.7928755,
  "width" : 1024,
  "t_20" : 0.1269277,
  "timestamp" : 1251119978829,
  "t_23" : -2.5656333,
  "blur_score" : 85.12486,
  "height" : 768,
  "center_depth" : 1.9759146,
  "t_02" : 0.5810212,
  "cy" : 384.826,
  "t_00" : 0.13745522,
  "t_10" : -0.9823418,
  "t_11" : 0.03523718,
  "t_03" : 1.117288,
  "angular_velocity" : 3.4028235e+38,
  "fx" : 713.7651,
  "manual_keyframe" : false,
  "t_12" : 0.18374692
}