{
  "t_00" : -0.027771527,
  "t_20" : 0.098231204,
  "cx" : 514.6184,
  "t_22" : -0.9642661,
  "width" : 1024,
  "t_10" : -0.99477595,
  "t_13" : -1.2152692,
  "t_21" : -0.24605165,
  "t_11" : 0.0027621149,
  "fy" : 715.7456,
  "angular_velocity" : 3.4028235e+38,
  "cy" : 385.00107,
  "t_23" : -11.669992,
  "t_12" : -0.1020441,
  "blur_score" : 52.819584,
  "t_01" : -0.96925277,
  "fx" : 715.7456,
  "center_depth" : 1.786111,
  "height" : 768,
  "timestamp" : 1251297045932,
  "manual_keyframe" : false,
  "t_03" : -4.761865,
  "t_02" : 0.24449492
}