{
  "cy" : 385.24973,
  "t_00" : 0.27080408,
  "t_11" : -0.016134093,
  "t_10" : -0.94291264,
  "t_01" : -0.6185458,
  "t_12" : 0.3326492,
  "fy" : 714.0398,
  "t_22" : -0.58760375,
  "center_depth" : 4.006761,
  "width" : 1024,
  "height" : 768,
  "t_02" : 0.7376086,
  "timestamp" : 1251126723268,
  "t_03" : -1.2800655,
  "fx" : 714.0398,
  "t_23" : -5.5810523,
  "manual_keyframe" : false,
  "angular_velocity" : 3.4028235e+38,
  "cx" : 515.12634,
  "t_13" : -1.3782697,
  "t_20" : -0.19385809,
  "blur_score" : 102.92648,
  "t_21" : -0.78558326
}