{
  "t_13" : -1.3059114,
  "t_00" : 0.17812045,
  "t_22" : 0.58611363,
  "width" : 1024,
  "fx" : 712.27545,
  "angular_velocity" : 3.4028235e+38,
  "blur_score" : 135.44475,
  "height" : 768,
  "cx" : 514.9553,
  "timestamp" : 1251121377676,
  "cy" : 385.13544,
  "t_11" : 0.05056486,
  "t_01" : 0.5879004,
  "t_03" : 0.6278946,
  "t_10" : -0.98164076,
  "t_20" : 0.068223745,
  "fy" : 712.27545,
  "t_21" : -0.8073514,
  "t_23" : -2.9829192,
  "t_02" : 0.7890794,
  "center_depth" : 4.0842624,
  "t_12" : 0.18391457,
  "manual_keyframe" : false
}