{
  "center_depth" : 3.4334252,
  "timestamp" : 1251041393307,
  "t_00" : 0.007103928,
  "cy" : 384.8754,
  "fx" : 714.0383,
  "t_20" : 0.18440403,
  "t_01" : 0.99860424,
  "cx" : 515.0916,
  "t_13" : 0.040211394,
  "blur_score" : 78.17988,
  "height" : 768,
  "t_11" : -0.0026790558,
  "t_10" : -0.9828248,
  "width" : 1024,
  "t_22" : 0.98143405,
  "manual_keyframe" : false,
  "t_02" : 0.052336667,
  "t_12" : 0.18452136,
  "t_03" : -0.07634862,
  "t_21" : -0.052748583,
  "fy" : 714.0383,
  "t_23" : 0.04228498,
  "angular_velocity" : 3.4028235e+38
}