{
  "height" : 768,
  "t_11" : -0.00077908265,
  "t_20" : -0.0049478994,
  "fx" : 711.7528,
  "t_00" : -0.005876631,
  "t_10" : -0.9999705,
  "t_23" : -7.093485,
  "angular_velocity" : 3.4028235e+38,
  "t_02" : -0.82631665,
  "cy" : 385.15955,
  "t_01" : -0.56317526,
  "t_22" : -0.56315404,
  "t_21" : 0.82633716,
  "blur_score" : 57.43689,
  "manual_keyframe" : false,
  "t_12" : 0.0076426133,
  "width" : 1024,
  "timestamp" : 1251134283695,
  "t_13" : -1.2494073,
  "center_depth" : 4.0182643,
  "cx" : 515.5082,
  "fy" : 711.7528,
  "t_03" : -3.565242
}