{
  "t_00" : -0.09947523,
  "t_21" : 0.18444026,
  "t_20" : -0.2913036,
  "cx" : 515.1474,
  "t_22" : -0.9386821,
  "t_01" : -0.9817585,
  "t_03" : -1.0903041,
  "blur_score" : 53.81326,
  "center_depth" : 2.9506464,
  "width" : 1024,
  "manual_keyframe" : false,
  "height" : 768,
  "timestamp" : 1251202647810,
  "t_10" : -0.9514446,
  "fx" : 712.63745,
  "cy" : 385.35837,
  "t_13" : -1.3352671,
  "t_23" : -6.235978,
  "fy" : 712.63745,
  "angular_velocity" : 3.4028235e+38,
  "t_12" : 0.30433702,
  "t_02" : -0.16203389,
  "t_11" : 0.04617455
}