{
  "t_03" : -0.15377943,
  "t_22" : 0.06467296,
  "t_23" : 0.37739542,
  "t_21" : -0.9915807,
  "height" : 768,
  "timestamp" : 1251044973723,
  "cx" : 515.2378,
  "t_00" : 0.22349025,
  "cy" : 384.75137,
  "t_01" : 0.08859401,
  "manual_keyframe" : false,
  "t_12" : 0.23154742,
  "fx" : 714.051,
  "fy" : 714.051,
  "t_11" : -0.09443965,
  "width" : 1024,
  "angular_velocity" : 3.4028235e+38,
  "blur_score" : 61.891407,
  "t_13" : 0.059698515,
  "center_depth" : 1.4954954,
  "t_02" : 0.97067153,
  "t_20" : 0.11218361,
  "t_10" : -0.9682287
}