{
  "center_depth" : 0.21185821,
  "timestamp" : 1251072134846,
  "t_00" : -0.20383352,
  "fx" : 723.6518,
  "cy" : 385.4568,
  "t_20" : -0.007076427,
  "t_01" : 0.01855934,
  "cx" : 515.5291,
  "t_13" : 0.026340187,
  "blur_score" : 18.085049,
  "height" : 768,
  "t_11" : -0.011090916,
  "t_10" : -0.97897995,
  "width" : 1024,
  "t_22" : 0.020429904,
  "manual_keyframe" : false,
  "t_02" : -0.9788297,
  "t_12" : 0.20365454,
  "t_03" : 0.2757145,
  "t_21" : 0.99976623,
  "fy" : 723.6518,
  "t_23" : -1.6679019,
  "angular_velocity" : 3.4028235e+38
}