{
  "t_22" : -0.5370927,
  "angular_velocity" : 3.4028235e+38,
  "t_10" : -0.93215334,
  "fx" : 716.8764,
  "t_11" : 0.075390756,
  "t_00" : -0.33525681,
  "cy" : 385.44293,
  "t_03" : 2.6470783,
  "t_02" : 0.76558816,
  "t_12" : -0.3541277,
  "t_13" : -1.201036,
  "t_21" : -0.8323692,
  "t_23" : -6.935038,
  "width" : 1024,
  "height" : 768,
  "fy" : 716.8764,
  "t_01" : -0.54907,
  "t_20" : 0.1367226,
  "center_depth" : 1.4284099,
  "blur_score" : 32.74099,
  "manual_keyframe" : false,
  "timestamp" : 1251268623197,
  "cx" : 514.8786
}