{
  "cx" : 515.14185,
  "t_01" : 0.84205306,
  "fx" : 717.5959,
  "t_23" : -4.913432,
  "cy" : 385.11298,
  "angular_velocity" : 3.4028235e+38,
  "t_11" : -0.035289437,
  "t_21" : -0.5382388,
  "width" : 1024,
  "timestamp" : 1251217142353,
  "t_10" : -0.98498833,
  "t_00" : -0.12036801,
  "fy" : 717.5959,
  "manual_keyframe" : false,
  "t_13" : -0.78984576,
  "blur_score" : 48.765793,
  "t_02" : 0.5257927,
  "t_03" : 1.1948582,
  "t_12" : -0.16897441,
  "center_depth" : 1.5170099,
  "height" : 768,
  "t_20" : -0.12373052,
  "t_22" : 0.83366024
}