{
  "fx" : 716.0109,
  "t_21" : -0.6670263,
  "t_00" : -0.0071388194,
  "height" : 768,
  "t_13" : -1.2430947,
  "angular_velocity" : 3.4028235e+38,
  "blur_score" : 61.351162,
  "cx" : 515.1425,
  "t_02" : 0.6704637,
  "manual_keyframe" : false,
  "center_depth" : 1.6835334,
  "width" : 1024,
  "t_23" : -6.326175,
  "t_11" : 0.06817949,
  "cy" : 385.13327,
  "t_22" : 0.736938,
  "timestamp" : 1251196017000,
  "fy" : 716.0109,
  "t_10" : -0.99395704,
  "t_03" : -0.7700126,
  "t_01" : 0.74190795,
  "t_20" : -0.109536655,
  "t_12" : -0.08602791
}