{
  "t_02" : 0.34612966,
  "cx" : 514.9756,
  "blur_score" : 34.394974,
  "center_depth" : 3.3758304,
  "cy" : 384.6081,
  "height" : 768,
  "t_01" : -0.93775344,
  "t_03" : 0.5635227,
  "timestamp" : 1251242932748,
  "fy" : 712.5279,
  "manual_keyframe" : false,
  "t_20" : 0.07891396,
  "t_23" : -7.382676,
  "t_22" : -0.9359861,
  "width" : 1024,
  "fx" : 712.5279,
  "t_12" : -0.06422096,
  "t_10" : -0.99647367,
  "t_13" : -1.2297597,
  "t_21" : -0.34307823,
  "t_11" : -0.053998627,
  "t_00" : 0.028509153,
  "angular_velocity" : 3.4028235e+38
}