{
  "t_03" : -0.30354068,
  "t_22" : 0.4197987,
  "t_23" : -0.06321334,
  "t_21" : 0.86852604,
  "height" : 768,
  "timestamp" : 1251051834790,
  "cx" : 514.9399,
  "cy" : 384.87604,
  "t_00" : -0.4530182,
  "t_01" : 0.4956177,
  "manual_keyframe" : false,
  "t_12" : 0.52405286,
  "fx" : 713.7905,
  "fy" : 713.7905,
  "t_11" : 0.005086517,
  "width" : 1024,
  "angular_velocity" : 3.4028235e+38,
  "blur_score" : 74.65793,
  "t_13" : -0.022949979,
  "center_depth" : 1.8146088,
  "t_02" : -0.74103826,
  "t_20" : 0.26349917,
  "t_10" : -0.85167056
}