{
  "t_20" : 0.01250942,
  "cy" : 385.10504,
  "t_23" : -6.8339286,
  "blur_score" : 30.858337,
  "t_10" : -0.9849811,
  "fy" : 715.8679,
  "width" : 1024,
  "t_00" : -0.17220828,
  "angular_velocity" : 3.4028235e+38,
  "height" : 768,
  "t_13" : -1.2204022,
  "timestamp" : 1251269123011,
  "t_03" : 2.5465732,
  "cx" : 514.819,
  "fx" : 715.8679,
  "t_21" : -0.999921,
  "t_11" : -0.01211539,
  "t_02" : 0.98505497,
  "t_22" : -0.001202465,
  "center_depth" : 4.3475413,
  "t_12" : -0.17223644,
  "manual_keyframe" : false,
  "t_01" : -0.0033390077
}