{
  "t_23" : -1.6541023,
  "fx" : 712.63904,
  "t_03" : -0.9378934,
  "t_00" : -0.024324153,
  "t_20" : 0.09420888,
  "t_02" : -0.94875705,
  "t_01" : 0.31506914,
  "t_21" : 0.94553685,
  "t_11" : 0.0818023,
  "t_13" : -1.2460253,
  "angular_velocity" : 3.4028235e+38,
  "t_10" : -0.99525523,
  "blur_score" : 72.99209,
  "t_12" : 0.05268169,
  "height" : 768,
  "manual_keyframe" : false,
  "center_depth" : 3.5372226,
  "width" : 1024,
  "t_22" : 0.3115844,
  "timestamp" : 1251109970408,
  "cx" : 515.0333,
  "fy" : 712.63904,
  "cy" : 385.1329
}