{
  "t_23" : 1.637507,
  "fx" : 722.55426,
  "t_03" : 0.21727815,
  "t_00" : 0.14377074,
  "t_20" : -0.3428867,
  "t_02" : 0.9016875,
  "t_01" : -0.4077866,
  "t_21" : -0.8752389,
  "t_13" : 0.08905578,
  "t_11" : 0.26012877,
  "angular_velocity" : 3.4028235e+38,
  "t_10" : -0.92830956,
  "blur_score" : 35.652363,
  "t_12" : 0.26565832,
  "height" : 768,
  "manual_keyframe" : false,
  "center_depth" : 0.68082994,
  "width" : 1024,
  "t_22" : -0.34115326,
  "timestamp" : 1251083858560,
  "cx" : 514.9126,
  "fy" : 722.55426,
  "cy" : 386.0587
}