{
  "t_13" : -1.1944516,
  "t_21" : 0.97775555,
  "cy" : 385.16876,
  "t_00" : 0.22189794,
  "t_11" : 0.008064205,
  "width" : 1024,
  "timestamp" : 1251161128093,
  "manual_keyframe" : false,
  "t_20" : -0.03953072,
  "cx" : 515.1323,
  "t_01" : 0.20959222,
  "center_depth" : 2.2160373,
  "t_10" : -0.9742682,
  "t_03" : -3.8049905,
  "t_12" : -0.2252473,
  "t_23" : 1.5910144,
  "blur_score" : 104.38984,
  "fy" : 713.77466,
  "t_02" : -0.95227736,
  "t_22" : 0.20598847,
  "fx" : 713.77466,
  "angular_velocity" : 3.4028235e+38,
  "height" : 768
}