{
  "manual_keyframe" : false,
  "t_20" : 0.11212277,
  "timestamp" : 1251076331405,
  "t_01" : -0.61804783,
  "t_10" : -0.99228346,
  "t_12" : -0.110806584,
  "cy" : 384.68674,
  "fx" : 714.6133,
  "t_13" : 0.112542495,
  "t_00" : 0.052934162,
  "height" : 768,
  "t_11" : 0.055636697,
  "t_23" : 0.34305406,
  "blur_score" : 63.172188,
  "width" : 1024,
  "fy" : 714.6133,
  "angular_velocity" : 3.4028235e+38,
  "t_21" : 0.7841693,
  "t_22" : -0.6103336,
  "center_depth" : 1.0675117,
  "t_03" : -0.08589115,
  "cx" : 515.2484,
  "t_02" : -0.78435636
}