{
  "t_03" : 0.3165764,
  "t_22" : 0.74426967,
  "t_23" : -0.51850295,
  "t_21" : 0.6431515,
  "height" : 768,
  "timestamp" : 1251067455346,
  "cx" : 515.4351,
  "cy" : 385.01315,
  "t_00" : -0.18752493,
  "t_01" : 0.76520175,
  "manual_keyframe" : false,
  "t_12" : 0.2583831,
  "fx" : 715.45496,
  "fy" : 715.45496,
  "t_11" : -0.02867975,
  "width" : 1024,
  "angular_velocity" : 3.4028235e+38,
  "blur_score" : 75.09213,
  "t_13" : -0.33101845,
  "center_depth" : 2.255384,
  "t_02" : -0.615874,
  "t_20" : 0.18005207,
  "t_10" : -0.9656167
}