{
  "t_11" : -0.02603041,
  "t_13" : -1.3792462,
  "angular_velocity" : 3.4028235e+38,
  "t_23" : -10.621294,
  "t_20" : -0.46858063,
  "t_21" : 0.15091279,
  "blur_score" : 77.848564,
  "timestamp" : 1251310174358,
  "manual_keyframe" : false,
  "fx" : 717.1146,
  "width" : 1024,
  "t_12" : 0.47034603,
  "t_22" : -0.8704353,
  "height" : 768,
  "t_03" : -1.3472514,
  "t_01" : -0.9882043,
  "fy" : 717.1146,
  "t_00" : -0.04832345,
  "cy" : 385.03574,
  "t_10" : -0.8820981,
  "cx" : 514.33,
  "t_02" : -0.14531724,
  "center_depth" : 1.3910437
}