{
  "t_01" : 0.41058567,
  "fy" : 715.1358,
  "t_12" : 0.5101143,
  "width" : 1024,
  "t_20" : 0.24687693,
  "height" : 768,
  "timestamp" : 1251301844139,
  "manual_keyframe" : false,
  "t_02" : -0.79367936,
  "t_11" : 0.047161758,
  "fx" : 715.1358,
  "t_21" : 0.91060156,
  "blur_score" : 47.773163,
  "t_23" : -9.226913,
  "t_13" : -1.4348025,
  "t_00" : -0.4488793,
  "t_10" : -0.8588127,
  "t_22" : 0.3314462,
  "cx" : 514.6879,
  "angular_velocity" : 3.4028235e+38,
  "t_03" : -2.7620966,
  "center_depth" : 1.9795632,
  "cy" : 384.95618
}