{
  "t_22" : 0.499323,
  "angular_velocity" : 3.4028235e+38,
  "fy" : 716.003,
  "cx" : 514.57654,
  "t_02" : 0.6745552,
  "t_00" : -0.3884499,
  "t_20" : -0.38625464,
  "timestamp" : 1251162993207,
  "height" : 768,
  "blur_score" : 74.656815,
  "t_01" : 0.62775964,
  "center_depth" : 1.413266,
  "t_21" : -0.77555394,
  "t_23" : 2.0856304,
  "width" : 1024,
  "t_13" : -1.1257286,
  "manual_keyframe" : false,
  "cy" : 385.09604,
  "fx" : 716.003,
  "t_10" : -0.83660865,
  "t_03" : -3.521757,
  "t_12" : -0.54373896,
  "t_11" : 0.06658808
}