{
  "t_13" : -1.4339108,
  "t_00" : 0.069893435,
  "t_22" : -0.8467574,
  "width" : 1024,
  "fx" : 716.25543,
  "angular_velocity" : 3.4028235e+38,
  "blur_score" : 76.54707,
  "height" : 768,
  "cx" : 515.0273,
  "timestamp" : 1251170936586,
  "t_11" : 0.044877887,
  "cy" : 384.9917,
  "t_01" : -0.9740652,
  "t_03" : -1.6373513,
  "t_10" : -0.8725228,
  "t_20" : -0.4835482,
  "fy" : 716.25543,
  "t_21" : -0.22177263,
  "t_23" : 1.9931517,
  "t_02" : 0.21520227,
  "center_depth" : 1.8491817,
  "t_12" : 0.48650792,
  "manual_keyframe" : false
}