{
  "t_03" : 0.11758944,
  "t_22" : -0.3346809,
  "t_23" : 0.3438037,
  "t_21" : -0.940459,
  "height" : 768,
  "timestamp" : 1251060727520,
  "cx" : 515.1207,
  "cy" : 385.3079,
  "t_00" : 0.11515299,
  "t_01" : -0.33948714,
  "manual_keyframe" : false,
  "t_12" : 0.12845382,
  "fx" : 716.8494,
  "fy" : 716.8494,
  "t_11" : 0.016889416,
  "width" : 1024,
  "angular_velocity" : 3.4028235e+38,
  "blur_score" : 50.23181,
  "t_13" : 0.15076898,
  "center_depth" : 2.6141694,
  "t_02" : 0.93353534,
  "t_20" : -0.059375282,
  "t_10" : -0.9915716
}