{
  "t_22" : 0.46839836,
  "angular_velocity" : 3.4028235e+38,
  "fy" : 719.4208,
  "cx" : 513.8681,
  "t_02" : 0.5748057,
  "t_00" : 0.5787368,
  "t_20" : 0.3469819,
  "timestamp" : 1251257160796,
  "height" : 768,
  "blur_score" : 43.445564,
  "t_01" : 0.57850003,
  "center_depth" : 1.8884344,
  "t_21" : -0.81253105,
  "t_23" : -7.9037724,
  "width" : 1024,
  "t_13" : -1.5352739,
  "manual_keyframe" : false,
  "cy" : 385.3822,
  "fx" : 719.4208,
  "t_12" : 0.67097056,
  "t_03" : 4.447845,
  "t_10" : -0.7380159,
  "t_11" : 0.07163218
}