{
  "t_01" : -0.980852,
  "t_00" : 0.16691047,
  "blur_score" : 28.160992,
  "cy" : 384.6931,
  "width" : 1024,
  "fy" : 715.97906,
  "angular_velocity" : 3.4028235e+38,
  "timestamp" : 1251079578740,
  "height" : 768,
  "t_12" : -0.62555295,
  "cx" : 514.91034,
  "manual_keyframe" : false,
  "fx" : 715.97906,
  "t_20" : 0.6067255,
  "t_11" : -0.06825336,
  "t_10" : -0.7771904,
  "t_02" : -0.10035084,
  "t_13" : 0.2350855,
  "t_21" : 0.18240303,
  "t_23" : 1.4787353,
  "t_22" : -0.77370095,
  "center_depth" : 1.2663512,
  "t_03" : 0.23541582
}