{
  "center_depth" : 1.7357332,
  "timestamp" : 1251049470054,
  "t_00" : 0.1272435,
  "fx" : 714.2988,
  "cy" : 385.4964,
  "t_20" : -0.44119444,
  "t_01" : 0.9813858,
  "cx" : 515.1761,
  "t_13" : 0.30055696,
  "blur_score" : 71.67235,
  "height" : 768,
  "t_11" : 0.04825027,
  "t_10" : -0.88834476,
  "width" : 1024,
  "t_22" : 0.8779486,
  "manual_keyframe" : false,
  "t_02" : -0.14384353,
  "t_03" : -0.46771508,
  "t_12" : -0.45663482,
  "t_21" : 0.18588649,
  "fy" : 714.2988,
  "t_23" : 0.06798561,
  "angular_velocity" : 3.4028235e+38
}