{
  "cx" : 515.19745,
  "t_20" : 0.00086421455,
  "width" : 1024,
  "t_11" : -0.04510518,
  "manual_keyframe" : false,
  "t_22" : -0.32588434,
  "height" : 768,
  "fx" : 712.0372,
  "blur_score" : 148.7588,
  "fy" : 712.0372,
  "timestamp" : 1251138946505,
  "t_23" : -5.021939,
  "t_10" : -0.9907187,
  "t_00" : 0.1359246,
  "t_12" : 0.12822545,
  "cy" : 385.0859,
  "t_02" : 0.9366736,
  "t_13" : -1.2834402,
  "t_03" : -1.5507647,
  "t_01" : -0.32274893,
  "t_21" : -0.9454092,
  "angular_velocity" : 3.4028235e+38,
  "center_depth" : 5.905142
}