{
  "t_13" : -1.3775818,
  "t_21" : 0.09501122,
  "t_11" : 0.0030271031,
  "t_00" : -0.03890935,
  "cy" : 385.10083,
  "width" : 1024,
  "timestamp" : 1251112035374,
  "manual_keyframe" : false,
  "t_20" : 0.43631053,
  "cx" : 515.09607,
  "t_01" : 0.9954716,
  "center_depth" : 2.0446696,
  "t_10" : -0.8989545,
  "t_12" : 0.43803155,
  "t_03" : 0.06594211,
  "t_23" : -2.1779642,
  "blur_score" : 85.387146,
  "fy" : 714.8674,
  "t_02" : -0.0867315,
  "t_22" : 0.894766,
  "fx" : 714.8674,
  "angular_velocity" : 3.4028235e+38,
  "height" : 768
}