{
  "fy" : 712.3357,
  "cx" : 515.0344,
  "t_13" : -1.2283101,
  "t_01" : -0.002570551,
  "t_21" : -0.9985353,
  "t_22" : -0.0020729306,
  "width" : 1024,
  "t_20" : -0.054064978,
  "timestamp" : 1251127655833,
  "t_23" : -6.076519,
  "blur_score" : 206.81036,
  "height" : 768,
  "center_depth" : 4.3249574,
  "t_02" : 0.99995506,
  "cy" : 385.07062,
  "t_00" : 0.009135794,
  "t_10" : -0.99849564,
  "t_11" : 0.054043602,
  "t_03" : -1.2518404,
  "angular_velocity" : 3.4028235e+38,
  "fx" : 712.3357,
  "manual_keyframe" : false,
  "t_12" : 0.009261389
}