{
  "height" : 768,
  "t_13" : -1.3589863,
  "angular_velocity" : 3.4028235e+38,
  "t_22" : 0.94318247,
  "blur_score" : 44.29416,
  "width" : 1024,
  "fx" : 712.9377,
  "fy" : 712.9377,
  "cx" : 515.1042,
  "t_20" : 0.31796256,
  "t_10" : -0.9480068,
  "t_01" : 0.9951701,
  "t_12" : 0.31773147,
  "t_03" : -0.9111406,
  "t_00" : -0.013523905,
  "t_11" : 0.01815985,
  "t_02" : -0.09722957,
  "t_21" : 0.09647127,
  "cy" : 384.90805,
  "t_23" : -5.6522617,
  "center_depth" : 4.218237,
  "timestamp" : 1251194417613,
  "manual_keyframe" : false
}