{
  "t_13" : -0.1112429,
  "t_00" : 0.21215852,
  "t_22" : -0.68942136,
  "width" : 1024,
  "fx" : 714.3194,
  "angular_velocity" : 3.4028235e+38,
  "blur_score" : 63.175495,
  "height" : 768,
  "cx" : 514.42535,
  "timestamp" : 1251085040922,
  "t_11" : 0.020204563,
  "cy" : 385.35614,
  "t_01" : -0.9422775,
  "t_03" : 0.19767293,
  "t_10" : -0.7362034,
  "t_20" : -0.64264554,
  "fy" : 714.3194,
  "t_21" : -0.33422294,
  "t_23" : 1.7009085,
  "t_02" : 0.25904045,
  "center_depth" : 3.146521,
  "t_12" : 0.67645866,
  "manual_keyframe" : false
}