{
  "cy" : 385.00293,
  "t_23" : -7.1561947,
  "angular_velocity" : 3.4028235e+38,
  "height" : 768,
  "t_03" : -0.29368395,
  "t_11" : 0.015077436,
  "t_13" : -1.2699188,
  "t_20" : 0.13039385,
  "center_depth" : 3.6392083,
  "manual_keyframe" : false,
  "t_10" : -0.9914372,
  "fy" : 713.4188,
  "t_02" : -0.1684956,
  "t_01" : 0.9856772,
  "t_21" : 0.16796789,
  "t_22" : 0.9771307,
  "blur_score" : 76.706566,
  "width" : 1024,
  "t_00" : -0.0070546884,
  "t_12" : 0.12971121,
  "cx" : 515.11523,
  "fx" : 713.4188,
  "timestamp" : 1251223806530
}