{
  "height" : 768,
  "t_13" : -1.4166062,
  "angular_velocity" : 3.4028235e+38,
  "t_22" : -0.36705127,
  "blur_score" : 74.363235,
  "width" : 1024,
  "fx" : 714.8578,
  "fy" : 714.8578,
  "cx" : 514.9098,
  "t_20" : -0.17344864,
  "t_10" : -0.8936628,
  "t_01" : -0.4058316,
  "t_03" : 1.4593618,
  "t_12" : 0.44861454,
  "t_00" : -0.41386265,
  "t_11" : 0.01057016,
  "t_02" : -0.8148732,
  "t_21" : 0.9138867,
  "cy" : 385.04224,
  "t_23" : -4.8032417,
  "center_depth" : 2.2020276,
  "timestamp" : 1251208445620,
  "manual_keyframe" : false
}