{
  "cy" : 384.90372,
  "t_00" : -0.0072529046,
  "t_11" : -0.011132246,
  "t_10" : -0.99993074,
  "t_01" : 0.8377433,
  "t_12" : -0.0037976212,
  "fy" : 712.63745,
  "t_22" : 0.83776605,
  "center_depth" : 3.3833957,
  "width" : 1024,
  "height" : 768,
  "t_02" : -0.546016,
  "timestamp" : 1251104225138,
  "t_03" : -1.6876096,
  "fx" : 712.63745,
  "t_23" : -1.1385263,
  "manual_keyframe" : false,
  "angular_velocity" : 3.4028235e+38,
  "cx" : 514.9326,
  "t_13" : -1.2122878,
  "t_20" : -0.009259818,
  "blur_score" : 86.876595,
  "t_21" : 0.54595065
}