{
  "timestamp" : 1251314239506,
  "manual_keyframe" : false,
  "t_13" : -1.0936908,
  "fy" : 717.15753,
  "t_12" : -0.030784212,
  "blur_score" : 81.51664,
  "t_20" : -0.05428509,
  "t_03" : -1.4815435,
  "angular_velocity" : 3.4028235e+38,
  "cx" : 514.8947,
  "height" : 768,
  "t_02" : 0.6255355,
  "t_10" : -0.99171084,
  "t_21" : -0.62393546,
  "t_00" : -0.11645869,
  "t_01" : -0.77145493,
  "t_11" : 0.12474707,
  "t_22" : -0.77958816,
  "fx" : 717.15753,
  "t_23" : -10.662264,
  "width" : 1024,
  "cy" : 385.11212,
  "center_depth" : 2.3865063
}