{
  "fy" : 713.76196,
  "angular_velocity" : 3.4028235e+38,
  "t_00" : 0.09111267,
  "blur_score" : 85.43497,
  "height" : 768,
  "manual_keyframe" : false,
  "width" : 1024,
  "fx" : 713.76196,
  "t_11" : 0.016784193,
  "t_13" : -1.2940062,
  "cy" : 385.1011,
  "cx" : 515.4223,
  "t_22" : -0.74551684,
  "t_23" : -2.8662696,
  "t_02" : 0.6473495,
  "center_depth" : 2.5477881,
  "t_10" : -0.9872056,
  "t_01" : -0.756728,
  "t_21" : -0.6535145,
  "t_20" : -0.13085702,
  "timestamp" : 1251117547499,
  "t_12" : 0.15856661,
  "t_03" : 1.1585157
}