{
  "t_00" : -0.054979693,
  "t_21" : 0.3434436,
  "t_20" : 0.22580397,
  "cx" : 515.07587,
  "t_22" : 0.91162443,
  "t_01" : 0.9387947,
  "t_03" : -2.5530791,
  "blur_score" : 78.795815,
  "center_depth" : 6.2024207,
  "width" : 1024,
  "manual_keyframe" : false,
  "height" : 768,
  "timestamp" : 1251190070576,
  "fx" : 712.6311,
  "t_10" : -0.9726201,
  "cy" : 385.2146,
  "t_13" : -1.2949369,
  "t_23" : -2.2023077,
  "fy" : 712.6311,
  "angular_velocity" : 3.4028235e+38,
  "t_02" : -0.3400615,
  "t_12" : 0.230866,
  "t_11" : 0.026666412
}