{
  "width" : 1024,
  "fx" : 716.2777,
  "angular_velocity" : 3.4028235e+38,
  "t_11" : 0.024037246,
  "cx" : 515.0596,
  "t_12" : 0.21185623,
  "t_02" : -0.9687328,
  "t_23" : -1.9142119,
  "height" : 768,
  "manual_keyframe" : false,
  "t_10" : -0.9770052,
  "t_22" : 0.12912728,
  "t_20" : 0.05236325,
  "t_13" : -0.21413171,
  "t_01" : 0.13725153,
  "timestamp" : 1251070702686,
  "center_depth" : 1.6632522,
  "blur_score" : 29.99553,
  "cy" : 385.51266,
  "fy" : 716.2777,
  "t_03" : 0.19055733,
  "t_21" : 0.99024445,
  "t_00" : -0.20668562
}