{
  "blur_score" : 78.23419,
  "center_depth" : 2.0552258,
  "timestamp" : 1251212577399,
  "manual_keyframe" : false,
  "t_12" : 0.16662405,
  "angular_velocity" : 3.4028235e+38,
  "t_03" : 2.411024,
  "t_01" : 0.765288,
  "t_11" : 0.005958702,
  "t_20" : 0.12373807,
  "height" : 768,
  "t_13" : -1.3041117,
  "fx" : 715.65985,
  "fy" : 715.65985,
  "width" : 1024,
  "cx" : 514.8092,
  "t_23" : -4.5293775,
  "t_10" : -0.98600245,
  "t_00" : 0.11174959,
  "t_02" : 0.6339136,
  "cy" : 384.9847,
  "t_21" : -0.6436606,
  "t_22" : 0.7552418
}