{
  "blur_score" : 88.608,
  "center_depth" : 1.986157,
  "timestamp" : 1251075498755,
  "manual_keyframe" : false,
  "t_12" : 0.232519,
  "angular_velocity" : 3.4028235e+38,
  "t_01" : 0.051093616,
  "t_03" : -0.102851205,
  "t_11" : 0.044112958,
  "t_20" : 0.054748766,
  "height" : 768,
  "t_13" : -0.112976946,
  "fx" : 714.0367,
  "fy" : 714.0367,
  "width" : 1024,
  "cx" : 515.3166,
  "t_23" : 0.10665008,
  "t_10" : -0.97159094,
  "t_00" : -0.23024687,
  "t_02" : -0.97179,
  "cy" : 385.36505,
  "t_21" : 0.9977192,
  "t_22" : 0.039485198
}