{
  "cx" : 515.16394,
  "t_20" : -0.11671012,
  "width" : 1024,
  "t_11" : 0.050345384,
  "manual_keyframe" : false,
  "t_22" : -0.41617355,
  "height" : 768,
  "fx" : 713.4157,
  "blur_score" : 81.49545,
  "fy" : 713.4157,
  "timestamp" : 1251127139592,
  "t_23" : -5.837957,
  "t_10" : -0.9846627,
  "t_00" : 0.12968431,
  "t_12" : 0.16704676,
  "cy" : 385.40903,
  "t_02" : 0.8938093,
  "t_13" : -1.2933218,
  "t_03" : -1.2252336,
  "t_01" : -0.4292867,
  "t_21" : -0.90176404,
  "angular_velocity" : 3.4028235e+38,
  "center_depth" : 6.3687572
}