{
  "t_13" : -1.3516626,
  "t_00" : 0.13056667,
  "t_22" : -0.7641361,
  "width" : 1024,
  "fx" : 715.73773,
  "angular_velocity" : 3.4028235e+38,
  "blur_score" : 30.590302,
  "height" : 768,
  "cx" : 515.18097,
  "timestamp" : 1251263058601,
  "cy" : 385.12778,
  "t_11" : 0.013472299,
  "t_01" : -0.78673583,
  "t_03" : 4.4192786,
  "t_10" : -0.97350985,
  "t_20" : -0.18769872,
  "fy" : 715.73773,
  "t_21" : -0.61714286,
  "t_23" : -7.1531496,
  "t_02" : 0.60332334,
  "center_depth" : 1.7610564,
  "t_12" : 0.22824758,
  "manual_keyframe" : false
}