{
  "cy" : 385.5731,
  "t_23" : -9.486456,
  "angular_velocity" : 3.4028235e+38,
  "height" : 768,
  "t_03" : 1.3762276,
  "t_11" : 0.08718526,
  "t_13" : -1.2720342,
  "t_20" : -0.12976342,
  "center_depth" : 5.024171,
  "manual_keyframe" : false,
  "fy" : 713.7937,
  "t_10" : -0.99053806,
  "t_02" : 0.35166386,
  "t_01" : -0.9350597,
  "t_21" : -0.34360155,
  "t_22" : -0.93010724,
  "blur_score" : 61.313435,
  "width" : 1024,
  "t_00" : -0.044674587,
  "t_12" : 0.1059863,
  "cx" : 515.1401,
  "fx" : 713.7937,
  "timestamp" : 1251232103441
}