{
  "height" : 768,
  "t_00" : 0.09787465,
  "t_22" : 0.27010468,
  "t_12" : -0.09845717,
  "t_11" : 0.011438379,
  "t_02" : -0.95778376,
  "t_01" : 0.2703163,
  "cx" : 515.1466,
  "t_10" : -0.9950756,
  "blur_score" : 52.28278,
  "width" : 1024,
  "t_03" : -4.910162,
  "timestamp" : 1251286083359,
  "t_20" : -0.015659085,
  "t_13" : -1.2088809,
  "t_21" : 0.96270365,
  "fy" : 714.07635,
  "fx" : 714.07635,
  "t_23" : -11.685427,
  "angular_velocity" : 3.4028235e+38,
  "cy" : 385.1039,
  "center_depth" : 2.3653507,
  "manual_keyframe" : false
}