{
  "cx" : 515.4211,
  "t_20" : -0.04759952,
  "width" : 1024,
  "t_11" : -0.06824281,
  "manual_keyframe" : false,
  "t_22" : 0.0958907,
  "height" : 768,
  "fx" : 730.7559,
  "blur_score" : 51.49954,
  "fy" : 730.7559,
  "timestamp" : 1251072301376,
  "t_23" : -1.5842781,
  "t_10" : -0.9719384,
  "t_00" : -0.23036908,
  "t_12" : 0.22511895,
  "cy" : 385.46255,
  "t_02" : -0.96960115,
  "t_13" : 0.123030126,
  "t_03" : 0.22639796,
  "t_01" : 0.082484335,
  "t_21" : 0.9942531,
  "angular_velocity" : 3.4028235e+38,
  "center_depth" : 0.27692196
}