{
  "cy" : 385.2849,
  "t_00" : -0.31563464,
  "t_11" : 0.07595166,
  "t_10" : -0.92715406,
  "t_01" : 0.3693233,
  "t_12" : -0.36690146,
  "fy" : 715.73926,
  "t_22" : 0.31844667,
  "center_depth" : 2.2173262,
  "width" : 1024,
  "height" : 768,
  "t_02" : 0.87405664,
  "timestamp" : 1251163392874,
  "t_03" : -3.5374124,
  "fx" : 715.73926,
  "t_23" : 2.1693351,
  "manual_keyframe" : false,
  "angular_velocity" : 3.4028235e+38,
  "cx" : 514.37177,
  "t_13" : -1.1639227,
  "t_20" : -0.2018913,
  "blur_score" : 93.03813,
  "t_21" : -0.92619205
}