{
  "t_00" : -0.04987904,
  "t_10" : -0.9565526,
  "fx" : 714.2654,
  "center_depth" : 1.9673221,
  "timestamp" : 1251077480462,
  "t_12" : 0.29147735,
  "cx" : 515.03516,
  "t_23" : 0.52855927,
  "manual_keyframe" : false,
  "t_03" : 0.12854657,
  "cy" : 384.8932,
  "t_21" : 0.14863658,
  "fy" : 714.2654,
  "blur_score" : 49.144867,
  "t_01" : -0.9888677,
  "t_22" : -0.9462495,
  "t_20" : -0.28726146,
  "t_11" : 0.006927174,
  "angular_velocity" : 3.4028235e+38,
  "width" : 1024,
  "t_02" : -0.14018881,
  "height" : 768,
  "t_13" : -0.049175892
}