{
  "height" : 768,
  "t_00" : -0.021691613,
  "t_22" : 0.9788944,
  "t_12" : 0.12279683,
  "t_11" : -0.04214441,
  "t_02" : 0.16336074,
  "t_01" : 0.9863279,
  "t_10" : -0.99153656,
  "cx" : 515.1495,
  "blur_score" : 37.82801,
  "width" : 1024,
  "t_03" : -4.282438,
  "timestamp" : 1251283684252,
  "t_20" : 0.12800269,
  "t_13" : -1.2893583,
  "t_21" : -0.15931447,
  "fy" : 713.4745,
  "fx" : 713.4745,
  "t_23" : -10.509437,
  "angular_velocity" : 3.4028235e+38,
  "cy" : 384.66324,
  "center_depth" : 2.541247,
  "manual_keyframe" : false
}