{
  "t_21" : -0.5495421,
  "blur_score" : 72.11765,
  "t_02" : 0.5127294,
  "t_01" : 0.83524346,
  "timestamp" : 1251066139757,
  "fy" : 714.87213,
  "t_03" : 0.4673685,
  "cx" : 514.8636,
  "cy" : 384.81964,
  "t_22" : 0.79100674,
  "t_23" : -0.56376445,
  "angular_velocity" : 3.4028235e+38,
  "t_10" : -0.94244945,
  "t_11" : 0.01928644,
  "t_20" : 0.26890883,
  "width" : 1024,
  "manual_keyframe" : false,
  "t_00" : 0.19868846,
  "t_13" : -0.20223737,
  "t_12" : 0.33379197,
  "fx" : 714.87213,
  "height" : 768,
  "center_depth" : 2.0995395
}