{
  "t_11" : 0.031120047,
  "t_21" : 0.784791,
  "t_02" : -0.75091094,
  "t_00" : -0.23021327,
  "cx" : 515.15656,
  "cy" : 385.40128,
  "t_13" : -1.3352063,
  "t_10" : -0.9625158,
  "t_20" : -0.14340578,
  "t_23" : -3.820296,
  "angular_velocity" : 3.4028235e+38,
  "height" : 768,
  "fy" : 712.8836,
  "t_03" : -5.4833813,
  "t_22" : -0.6029411,
  "blur_score" : 107.27485,
  "width" : 1024,
  "t_01" : -0.6189787,
  "center_depth" : 4.1493864,
  "timestamp" : 1251151369540,
  "manual_keyframe" : false,
  "fx" : 712.8836,
  "t_12" : 0.26943442
}