{
  "t_01" : -0.99990165,
  "t_00" : -0.0017207465,
  "blur_score" : 43.635033,
  "cy" : 385.13074,
  "width" : 1024,
  "fy" : 714.33844,
  "angular_velocity" : 3.4028235e+38,
  "timestamp" : 1251079062497,
  "height" : 768,
  "t_12" : -0.3513778,
  "cx" : 515.28894,
  "manual_keyframe" : false,
  "fx" : 714.33844,
  "t_20" : 0.35138893,
  "t_11" : -0.0032803828,
  "t_10" : -0.93622786,
  "t_02" : 0.013919692,
  "t_13" : 0.15201944,
  "t_21" : -0.013636661,
  "t_23" : 1.2718477,
  "t_22" : -0.9361302,
  "center_depth" : 1.4448974,
  "t_03" : 0.28891948
}