{
  "cx" : 515.222,
  "t_03" : -1.7705069,
  "cy" : 384.72397,
  "width" : 1024,
  "center_depth" : 6.652383,
  "t_01" : 0.96380436,
  "timestamp" : 1251191852415,
  "t_21" : 0.26513815,
  "t_13" : -1.304918,
  "t_11" : 0.02798115,
  "manual_keyframe" : false,
  "t_23" : -3.8391135,
  "fy" : 712.00854,
  "height" : 768,
  "t_20" : 0.19876942,
  "t_02" : -0.26531634,
  "angular_velocity" : 3.4028235e+38,
  "t_00" : -0.026238065,
  "blur_score" : 72.65835,
  "t_22" : 0.94350016,
  "t_10" : -0.97969496,
  "fx" : 712.00854,
  "t_12" : 0.19853155
}