{
  "width" : 1024,
  "t_13" : -1.1314763,
  "t_23" : -6.771267,
  "timestamp" : 1251200915133,
  "height" : 768,
  "cy" : 385.23004,
  "manual_keyframe" : false,
  "t_00" : -0.3124331,
  "t_12" : -0.30346122,
  "t_10" : -0.94596386,
  "t_02" : 0.94730586,
  "angular_velocity" : 3.4028235e+38,
  "t_11" : 0.11429626,
  "fx" : 714.75616,
  "t_03" : -0.84540164,
  "t_20" : -0.086821176,
  "t_21" : -0.9909284,
  "t_01" : -0.0706922,
  "center_depth" : 4.844704,
  "t_22" : -0.10258218,
  "cx" : 514.9975,
  "fy" : 714.75616,
  "blur_score" : 98.563614
}