{
  "manual_keyframe" : false,
  "t_20" : -0.12368149,
  "timestamp" : 1251213743627,
  "t_01" : 0.45665962,
  "t_10" : -0.99160373,
  "t_12" : -0.08987886,
  "cy" : 385.14868,
  "fx" : 713.781,
  "t_13" : -1.2146626,
  "t_00" : -0.03774825,
  "height" : 768,
  "t_11" : 0.09297221,
  "t_23" : -4.419588,
  "blur_score" : 64.71451,
  "width" : 1024,
  "fy" : 713.781,
  "angular_velocity" : 3.4028235e+38,
  "t_21" : -0.88477015,
  "t_22" : 0.44931588,
  "center_depth" : 5.6514287,
  "t_03" : 2.1726003,
  "cx" : 515.1585,
  "t_02" : 0.8888403
}