{
  "t_03" : 0.2261487,
  "t_00" : -0.06773267,
  "blur_score" : 49.19614,
  "cy" : 384.82187,
  "width" : 1024,
  "fy" : 714.0144,
  "angular_velocity" : 3.4028235e+38,
  "timestamp" : 1251077780216,
  "height" : 768,
  "t_12" : 0.27516848,
  "cx" : 515.42615,
  "manual_keyframe" : false,
  "fx" : 714.0144,
  "t_20" : -0.27228546,
  "t_11" : 0.05485812,
  "t_10" : -0.9598296,
  "t_02" : -0.037498303,
  "t_13" : -0.05142494,
  "t_21" : 0.054629855,
  "t_23" : 0.6675424,
  "t_22" : -0.96066445,
  "center_depth" : 1.9618442,
  "t_01" : -0.99699867
}