{
  "cx" : 514.6589,
  "t_21" : 0.04569341,
  "fx" : 716.92096,
  "t_10" : -0.9145707,
  "t_00" : -0.09941834,
  "angular_velocity" : 3.4028235e+38,
  "height" : 768,
  "fy" : 716.92096,
  "t_11" : 0.12729192,
  "width" : 1024,
  "t_02" : -0.091690324,
  "t_01" : -0.99081224,
  "t_03" : -1.5519316,
  "t_13" : -0.99802405,
  "center_depth" : 1.5685557,
  "manual_keyframe" : false,
  "t_22" : -0.918823,
  "t_23" : -10.532071,
  "t_20" : 0.39201587,
  "t_12" : -0.38387135,
  "blur_score" : 64.36112,
  "timestamp" : 1251313073275,
  "cy" : 385.50256
}