{
  "t_02" : 0.46187282,
  "t_22" : 0.87974834,
  "t_23" : 0.70550895,
  "blur_score" : 104.40495,
  "cx" : 515.075,
  "t_21" : -0.47012216,
  "t_03" : -2.7267377,
  "center_depth" : 2.2848353,
  "angular_velocity" : 3.4028235e+38,
  "width" : 1024,
  "cy" : 384.87595,
  "timestamp" : 1251186090578,
  "fy" : 712.6359,
  "manual_keyframe" : false,
  "t_13" : -1.2836032,
  "fx" : 712.6359,
  "t_00" : 0.10706713,
  "t_10" : -0.99172,
  "height" : 768,
  "t_12" : 0.11276704,
  "t_11" : 0.061441265,
  "t_01" : 0.88046026,
  "t_20" : 0.07090885
}