{
  "cy" : 385.00116,
  "t_23" : -9.797614,
  "angular_velocity" : 3.4028235e+38,
  "height" : 768,
  "t_11" : 0.104829505,
  "t_03" : 0.97999686,
  "t_13" : -1.2949262,
  "t_20" : -0.16081284,
  "center_depth" : 2.5120118,
  "manual_keyframe" : false,
  "fy" : 714.38617,
  "t_10" : -0.97553337,
  "t_02" : -0.23593514,
  "t_01" : -0.9601358,
  "t_21" : 0.25913316,
  "t_22" : -0.95235986,
  "blur_score" : 49.612778,
  "width" : 1024,
  "t_00" : -0.14991277,
  "t_12" : 0.19324954,
  "cx" : 514.94275,
  "fx" : 714.38617,
  "timestamp" : 1251230737283
}