{
  "fy" : 714.0271,
  "t_13" : -1.2699046,
  "cx" : 514.8156,
  "t_01" : 0.9950363,
  "t_21" : -0.09951119,
  "t_22" : 0.99203265,
  "width" : 1024,
  "t_20" : 0.07725776,
  "timestamp" : 1251103026125,
  "t_23" : -0.94923496,
  "blur_score" : 91.40711,
  "height" : 768,
  "center_depth" : 5.952383,
  "t_02" : 0.099260435,
  "cy" : 384.96588,
  "t_00" : 0.0070889015,
  "t_10" : -0.996986,
  "t_11" : -0.00063621864,
  "t_03" : -1.5698392,
  "angular_velocity" : 3.4028235e+38,
  "fx" : 714.0271,
  "manual_keyframe" : false,
  "t_12" : 0.07757971
}