{
  "angular_velocity" : 3.4028235e+38,
  "cy" : 385.22003,
  "center_depth" : 2.384651,
  "width" : 1024,
  "t_23" : -11.98232,
  "t_03" : -5.087061,
  "t_22" : -0.62417614,
  "timestamp" : 1251288715710,
  "manual_keyframe" : false,
  "t_00" : 0.010057509,
  "fx" : 715.4645,
  "t_12" : -0.7785963,
  "fy" : 715.4645,
  "t_20" : 0.7806019,
  "t_21" : -0.032632183,
  "t_10" : -0.6249476,
  "t_13" : -0.99286914,
  "t_01" : -0.99785113,
  "height" : 768,
  "t_11" : -0.05681856,
  "cx" : 513.29315,
  "t_02" : 0.06474607,
  "blur_score" : 40.410435
}