{
  "timestamp" : 1251311307268,
  "manual_keyframe" : false,
  "fy" : 718.66797,
  "t_13" : -1.0906496,
  "t_12" : -0.11805689,
  "blur_score" : 73.36126,
  "t_20" : 0.12833683,
  "t_03" : -1.3909843,
  "angular_velocity" : 3.4028235e+38,
  "cx" : 515.09393,
  "height" : 768,
  "t_10" : -0.9914281,
  "t_02" : -0.5887511,
  "t_21" : 0.5865961,
  "t_00" : 0.024493894,
  "t_01" : -0.8079433,
  "t_11" : 0.055971976,
  "t_22" : -0.79964674,
  "fx" : 718.66797,
  "t_23" : -10.640358,
  "width" : 1024,
  "cy" : 385.4754,
  "center_depth" : 1.0476391
}