{
  "t_02" : 0.16711278,
  "cx" : 514.75964,
  "blur_score" : 97.42244,
  "center_depth" : 1.4269578,
  "cy" : 384.93552,
  "height" : 768,
  "t_01" : 0.9851479,
  "t_03" : -3.5018384,
  "timestamp" : 1251162327095,
  "fy" : 715.2168,
  "manual_keyframe" : false,
  "t_20" : -0.5261852,
  "t_23" : 1.8690012,
  "t_22" : 0.83466774,
  "width" : 1024,
  "fx" : 715.2168,
  "t_12" : -0.5247885,
  "t_10" : -0.84945405,
  "t_13" : -1.1282572,
  "t_21" : -0.1626616,
  "t_11" : 0.05499812,
  "t_00" : -0.0394578,
  "angular_velocity" : 3.4028235e+38
}