{
  "t_22" : 0.16046287,
  "angular_velocity" : 3.4028235e+38,
  "fy" : 717.5037,
  "cx" : 513.6703,
  "t_00" : -0.6857449,
  "t_02" : -0.6511434,
  "t_20" : 0.29443097,
  "timestamp" : 1251249496977,
  "height" : 768,
  "blur_score" : 33.254696,
  "t_01" : 0.3252173,
  "center_depth" : 1.5786254,
  "t_21" : 0.9421052,
  "t_23" : -6.703951,
  "width" : 1024,
  "t_13" : -1.5910769,
  "manual_keyframe" : false,
  "cy" : 385.46585,
  "fx" : 717.5037,
  "t_12" : 0.7417978,
  "t_03" : 1.9734005,
  "t_10" : -0.6656308,
  "t_11" : 0.08168016
}