{
  "t_13" : -1.354286,
  "t_21" : -0.28097907,
  "t_11" : 0.13057132,
  "t_00" : -0.039089907,
  "cy" : 385.0249,
  "width" : 1024,
  "timestamp" : 1251132318652,
  "manual_keyframe" : false,
  "t_20" : -0.30927104,
  "cx" : 515.1274,
  "t_01" : -0.9507902,
  "center_depth" : 2.95817,
  "t_10" : -0.95017016,
  "t_12" : 0.28306842,
  "t_03" : -4.1683245,
  "t_23" : -7.3576517,
  "blur_score" : 97.528175,
  "fy" : 715.2279,
  "t_02" : 0.3073598,
  "t_22" : -0.9085166,
  "fx" : 715.2279,
  "angular_velocity" : 3.4028235e+38,
  "height" : 768
}