{
  "t_11" : 0.061721273,
  "t_21" : 0.6289916,
  "t_02" : -0.5461029,
  "t_00" : -0.31813762,
  "cx" : 515.0801,
  "t_10" : -0.89803505,
  "cy" : 385.33136,
  "t_13" : -1.4053564,
  "t_20" : -0.30384427,
  "t_23" : -3.0056953,
  "angular_velocity" : 3.4028235e+38,
  "height" : 768,
  "fy" : 712.91705,
  "t_03" : -3.8615158,
  "t_22" : -0.7155755,
  "blur_score" : 63.245197,
  "width" : 1024,
  "t_01" : -0.7749581,
  "center_depth" : 2.527556,
  "timestamp" : 1251153301269,
  "manual_keyframe" : false,
  "fx" : 712.91705,
  "t_12" : 0.43557245
}