{
  "t_03" : -0.43634805,
  "t_22" : -0.9976458,
  "t_23" : -0.1636152,
  "t_21" : 0.06609616,
  "height" : 768,
  "timestamp" : 1251057030543,
  "cx" : 515.3098,
  "cy" : 385.08386,
  "t_00" : -0.049039282,
  "t_01" : -0.9966709,
  "manual_keyframe" : false,
  "t_12" : 0.021461835,
  "fx" : 714.3274,
  "fy" : 714.3274,
  "t_11" : 0.047733113,
  "width" : 1024,
  "angular_velocity" : 3.4028235e+38,
  "blur_score" : 78.21531,
  "t_13" : 0.14725867,
  "center_depth" : 1.6239305,
  "t_02" : -0.06513297,
  "t_20" : -0.018281387,
  "t_10" : -0.9986295
}