{
  "t_22" : 0.09879603,
  "blur_score" : 70.13958,
  "t_13" : -1.3306812,
  "center_depth" : 2.9408169,
  "height" : 768,
  "t_01" : 0.12453856,
  "cy" : 385.13528,
  "angular_velocity" : 3.4028235e+38,
  "fx" : 713.781,
  "t_02" : -0.9414233,
  "width" : 1024,
  "manual_keyframe" : false,
  "t_23" : -1.649996,
  "timestamp" : 1251109304290,
  "t_03" : -1.3424176,
  "t_20" : 0.09678965,
  "t_00" : -0.3133887,
  "t_11" : 0.06015847,
  "cx" : 514.94867,
  "t_12" : 0.3224309,
  "fy" : 713.781,
  "t_10" : -0.9446795,
  "t_21" : 0.9903894
}