{
  "t_00" : 0.30349016,
  "fy" : 713.47125,
  "t_01" : 0.58390766,
  "t_21" : -0.81020933,
  "blur_score" : 29.117516,
  "fx" : 713.47125,
  "t_11" : 0.051115528,
  "t_22" : 0.56403446,
  "cy" : 385.23312,
  "center_depth" : 4.3136024,
  "timestamp" : 1251090902770,
  "t_10" : -0.9393975,
  "cx" : 514.85297,
  "t_02" : 0.75295794,
  "t_20" : 0.15945561,
  "angular_velocity" : 3.4028235e+38,
  "t_13" : -0.028361917,
  "t_12" : 0.33899787,
  "width" : 1024,
  "t_23" : 0.013017416,
  "height" : 768,
  "manual_keyframe" : false,
  "t_03" : 0.00055348873
}