{
  "t_02" : 0.94070935,
  "cx" : 515.4509,
  "blur_score" : 77.87779,
  "center_depth" : 5.625301,
  "cy" : 384.8424,
  "height" : 768,
  "t_01" : -0.33899996,
  "t_03" : 0.6482035,
  "timestamp" : 1251241766514,
  "fy" : 714.0494,
  "manual_keyframe" : false,
  "t_20" : 0.016201854,
  "t_23" : -7.699158,
  "t_22" : -0.3387965,
  "width" : 1024,
  "fx" : 714.0494,
  "t_12" : -0.01681797,
  "t_10" : -0.9997963,
  "t_13" : -1.2561438,
  "t_21" : -0.94072014,
  "t_11" : -0.011162389,
  "t_00" : -0.0120392265,
  "angular_velocity" : 3.4028235e+38
}