{
  "t_03" : 2.598041,
  "cy" : 385.05283,
  "t_01" : 0.8716739,
  "t_02" : -0.3955647,
  "t_13" : -1.4685427,
  "fx" : 721.1535,
  "t_21" : 0.48951045,
  "t_22" : 0.6741192,
  "angular_velocity" : 3.4028235e+38,
  "center_depth" : 0.57863146,
  "manual_keyframe" : false,
  "t_12" : 0.62377226,
  "t_00" : -0.28933227,
  "t_10" : -0.7812451,
  "fy" : 721.1535,
  "timestamp" : 1251211211246,
  "t_23" : -4.331836,
  "blur_score" : 62.687782,
  "cx" : 514.84766,
  "t_11" : 0.023750681,
  "height" : 768,
  "width" : 1024,
  "t_20" : 0.553121
}