{
  "cy" : 384.92404,
  "t_00" : -0.027523572,
  "t_11" : 0.013219512,
  "t_10" : -0.9689732,
  "t_01" : 0.9865871,
  "fy" : 713.2998,
  "t_12" : 0.246812,
  "t_22" : 0.95561266,
  "center_depth" : 3.01669,
  "width" : 1024,
  "height" : 768,
  "t_02" : -0.16089901,
  "timestamp" : 1251222207127,
  "t_03" : -0.18446743,
  "fx" : 713.2998,
  "t_23" : -6.198251,
  "manual_keyframe" : false,
  "angular_velocity" : 3.4028235e+38,
  "cx" : 515.226,
  "t_13" : -1.3280125,
  "t_20" : 0.24562852,
  "blur_score" : 52.89762,
  "t_21" : 0.1627
}