{
  "timestamp" : 1251328134317,
  "manual_keyframe" : false,
  "t_03" : -2.1210072,
  "t_01" : -0.60083723,
  "blur_score" : 68.73175,
  "height" : 768,
  "fx" : 713.7826,
  "center_depth" : 3.1189587,
  "cx" : 514.79736,
  "t_02" : -0.70615554,
  "angular_velocity" : 3.4028235e+38,
  "t_11" : 0.013286458,
  "t_00" : -0.37461826,
  "t_10" : -0.8879466,
  "t_20" : -0.2668552,
  "cy" : 385.1366,
  "t_21" : 0.7992608,
  "fy" : 713.7826,
  "t_22" : -0.5384888,
  "t_12" : 0.45975426,
  "t_13" : -1.340219,
  "t_23" : -8.758561,
  "width" : 1024
}