{
  "fy" : 724.53,
  "width" : 1024,
  "t_00" : -0.2915144,
  "t_12" : 0.35178387,
  "t_10" : -0.9354103,
  "t_03" : -0.05765999,
  "t_21" : 0.7673033,
  "center_depth" : 1.7616987,
  "t_02" : -0.71065414,
  "t_20" : 0.20006718,
  "fx" : 724.53,
  "angular_velocity" : 3.4028235e+38,
  "blur_score" : 39.235725,
  "timestamp" : 1251069387097,
  "manual_keyframe" : false,
  "t_01" : 0.6403048,
  "cx" : 514.89526,
  "t_22" : 0.60927737,
  "t_23" : -1.2873836,
  "height" : 768,
  "t_11" : -0.035434578,
  "t_13" : -0.060077034,
  "cy" : 384.86823
}