{
  "center_depth" : 0.17601144,
  "timestamp" : 1251071801785,
  "t_00" : -0.13050704,
  "cy" : 385.40833,
  "fx" : 715.4709,
  "t_20" : 0.053418864,
  "t_01" : -0.002028587,
  "cx" : 515.43494,
  "t_13" : -0.15166543,
  "blur_score" : 27.02866,
  "height" : 768,
  "t_11" : 0.054146204,
  "t_10" : -0.9900072,
  "width" : 1024,
  "t_22" : -0.009074792,
  "manual_keyframe" : false,
  "t_02" : -0.99144536,
  "t_03" : 0.36200052,
  "t_12" : 0.13020696,
  "t_21" : 0.99853104,
  "fy" : 715.4709,
  "t_23" : -1.747121,
  "angular_velocity" : 3.4028235e+38
}