{
  "fy" : 712.04034,
  "cx" : 514.8914,
  "t_13" : -1.0498625,
  "t_01" : -0.039137147,
  "t_21" : -0.9960302,
  "t_22" : -0.06800431,
  "width" : 1024,
  "t_20" : -0.05743761,
  "timestamp" : 1251128971414,
  "t_23" : -6.254816,
  "blur_score" : 147.97899,
  "height" : 768,
  "center_depth" : 3.865072,
  "t_02" : 0.9141029,
  "cy" : 384.98914,
  "t_00" : -0.40358886,
  "t_10" : -0.91313565,
  "t_11" : 0.07994967,
  "t_03" : -2.0875335,
  "angular_velocity" : 3.4028235e+38,
  "fx" : 712.04034,
  "manual_keyframe" : false,
  "t_12" : -0.39973876
}