{
  "t_03" : -1.50431,
  "cx" : 515.10724,
  "t_12" : 0.039919093,
  "width" : 1024,
  "center_depth" : 4.8856397,
  "t_01" : 0.98804533,
  "timestamp" : 1251192668398,
  "t_21" : 0.1469726,
  "t_13" : -1.2485582,
  "t_11" : 0.04653656,
  "manual_keyframe" : false,
  "t_23" : -4.556051,
  "fy" : 712.3516,
  "height" : 768,
  "t_20" : 0.046369024,
  "t_02" : -0.1488539,
  "angular_velocity" : 3.4028235e+38,
  "t_00" : 0.040113587,
  "blur_score" : 71.85756,
  "t_22" : 0.9880532,
  "t_10" : -0.99811864,
  "fx" : 712.3516,
  "cy" : 385.17905
}