{
  "cx" : 514.8936,
  "t_20" : 0.1359083,
  "width" : 1024,
  "t_11" : -0.020311879,
  "manual_keyframe" : false,
  "t_22" : 0.40067306,
  "height" : 768,
  "fx" : 714.88007,
  "blur_score" : 49.041656,
  "fy" : 714.88007,
  "timestamp" : 1251251929407,
  "t_23" : -6.8099723,
  "t_10" : -0.9319385,
  "t_00" : -0.33618373,
  "t_12" : 0.362047,
  "cy" : 385.41125,
  "t_02" : -0.841655,
  "t_13" : -1.4011617,
  "t_03" : 2.8262186,
  "t_01" : 0.42260787,
  "t_21" : 0.9060851,
  "angular_velocity" : 3.4028235e+38,
  "center_depth" : 2.1794693
}