{
  "blur_score" : 62.42037,
  "t_00" : -0.24872805,
  "manual_keyframe" : false,
  "fy" : 714.09546,
  "t_02" : -0.41545185,
  "t_10" : -0.92412233,
  "t_11" : -0.08592283,
  "angular_velocity" : 3.4028235e+38,
  "width" : 1024,
  "height" : 768,
  "t_03" : -0.84142387,
  "t_13" : -1.3682089,
  "cx" : 515.1061,
  "t_01" : 0.8749481,
  "t_12" : 0.3723106,
  "t_23" : -7.537849,
  "fx" : 714.09546,
  "cy" : 384.9211,
  "timestamp" : 1251225039404,
  "t_21" : 0.47653243,
  "center_depth" : 3.183794,
  "t_22" : 0.8299304,
  "t_20" : 0.29005566
}