{
  "t_02" : 0.7029141,
  "cx" : 514.6686,
  "blur_score" : 32.850243,
  "center_depth" : 1.4446495,
  "cy" : 384.66714,
  "height" : 768,
  "t_01" : -0.58506894,
  "t_03" : 2.882516,
  "timestamp" : 1251266723904,
  "fy" : 716.014,
  "manual_keyframe" : false,
  "t_20" : -0.26220033,
  "t_23" : -6.6378126,
  "t_22" : -0.5237512,
  "width" : 1024,
  "fx" : 716.014,
  "t_12" : 0.48124483,
  "t_13" : -1.4474707,
  "t_10" : -0.87615335,
  "t_21" : -0.81051576,
  "t_11" : -0.027544027,
  "t_00" : 0.40448272,
  "angular_velocity" : 3.4028235e+38
}