{
  "cy" : 384.97186,
  "t_23" : -7.9810176,
  "angular_velocity" : 3.4028235e+38,
  "height" : 768,
  "t_03" : 4.3505473,
  "t_11" : -0.00018601157,
  "t_13" : -1.3388283,
  "t_20" : 0.022956107,
  "center_depth" : 2.112113,
  "manual_keyframe" : false,
  "fy" : 715.86633,
  "t_10" : -0.99114615,
  "t_02" : 0.97646123,
  "t_01" : 0.1715264,
  "t_21" : -0.9851795,
  "t_22" : 0.16998345,
  "blur_score" : 39.354332,
  "width" : 1024,
  "t_00" : 0.1307759,
  "t_12" : 0.1327753,
  "cx" : 514.7282,
  "fx" : 715.86633,
  "timestamp" : 1251257960498
}