{
  "fx" : 714.17957,
  "t_22" : 0.56953865,
  "t_23" : -7.79362,
  "fy" : 714.17957,
  "angular_velocity" : 3.4028235e+38,
  "blur_score" : 49.26244,
  "width" : 1024,
  "t_11" : -0.021006102,
  "t_12" : 0.37212682,
  "height" : 768,
  "center_depth" : 3.7883172,
  "t_20" : 0.2461511,
  "timestamp" : 1251277819771,
  "t_01" : 0.6200995,
  "t_00" : 0.2798737,
  "cy" : 385.0824,
  "t_03" : -0.71941847,
  "t_21" : -0.7842419,
  "manual_keyframe" : false,
  "t_13" : -1.3588606,
  "t_02" : 0.7329034,
  "cx" : 514.82117,
  "t_10" : -0.9279442
}