{
  "t_22" : 0.14992814,
  "angular_velocity" : 3.4028235e+38,
  "t_10" : -0.9717553,
  "t_11" : -0.1264417,
  "fx" : 733.63214,
  "t_00" : -0.21500783,
  "cy" : 385.41702,
  "t_03" : 0.18149433,
  "t_02" : -0.9684098,
  "t_12" : 0.19925882,
  "t_13" : 0.21911944,
  "t_21" : 0.9838996,
  "t_23" : -1.4152681,
  "width" : 1024,
  "height" : 768,
  "fy" : 733.63214,
  "t_01" : 0.12630977,
  "t_20" : -0.09727905,
  "center_depth" : 0.54429024,
  "blur_score" : 57.898476,
  "manual_keyframe" : false,
  "timestamp" : 1251072534518,
  "cx" : 515.0927
}