{
  "timestamp" : 1251301644214,
  "t_22" : 0.20061828,
  "t_12" : 0.50724804,
  "t_02" : -0.8381238,
  "t_20" : 0.19659708,
  "t_00" : -0.47279918,
  "center_depth" : 1.7967746,
  "t_23" : -9.252451,
  "manual_keyframe" : false,
  "t_11" : 0.069920555,
  "cy" : 384.86658,
  "width" : 1024,
  "height" : 768,
  "t_13" : -1.4347956,
  "angular_velocity" : 3.4028235e+38,
  "t_10" : -0.8589589,
  "t_03" : -2.8833632,
  "blur_score" : 46.329792,
  "t_21" : 0.95974046,
  "fx" : 714.8895,
  "t_01" : 0.2720464,
  "cx" : 514.78284,
  "fy" : 714.8895
}