{
  "angular_velocity" : 3.4028235e+38,
  "t_23" : -10.575558,
  "cx" : 514.90857,
  "t_00" : -0.16274342,
  "t_11" : 0.044010133,
  "fy" : 716.7764,
  "t_22" : -0.86410964,
  "t_21" : -0.44738808,
  "fx" : 716.7764,
  "center_depth" : 1.3354264,
  "width" : 1024,
  "t_13" : -0.9908338,
  "blur_score" : 63.70064,
  "cy" : 385.32098,
  "t_03" : -1.5371411,
  "t_02" : 0.41905552,
  "height" : 768,
  "t_12" : -0.27875987,
  "timestamp" : 1251313539768,
  "t_01" : -0.8932565,
  "t_10" : -0.9593519,
  "t_20" : 0.23056138,
  "manual_keyframe" : false
}