{
  "t_13" : -1.1899025,
  "t_00" : -0.010309921,
  "t_22" : 0.9899306,
  "width" : 1024,
  "fx" : 712.628,
  "angular_velocity" : 3.4028235e+38,
  "blur_score" : 76.54753,
  "height" : 768,
  "cx" : 515.3572,
  "timestamp" : 1251103509061,
  "t_11" : -0.011390618,
  "cy" : 385.0754,
  "t_01" : 0.9999118,
  "t_03" : -1.6574893,
  "t_10" : -0.9899004,
  "t_20" : -0.14138895,
  "fy" : 712.628,
  "t_21" : 0.006836248,
  "t_23" : -1.0503507,
  "t_02" : -0.008377687,
  "center_depth" : 5.9789586,
  "t_12" : -0.141306,
  "manual_keyframe" : false
}