{
  "t_20" : 0.0715633,
  "blur_score" : 46.57286,
  "center_depth" : 3.4735901,
  "width" : 1024,
  "height" : 768,
  "timestamp" : 1251258960126,
  "manual_keyframe" : false,
  "t_10" : -0.97278166,
  "t_11" : 0.03789494,
  "cx" : 515.0711,
  "t_22" : -0.45192105,
  "fy" : 713.77783,
  "cy" : 384.858,
  "t_01" : -0.4559802,
  "t_03" : 4.2837954,
  "angular_velocity" : 3.4028235e+38,
  "t_00" : -0.22039631,
  "t_13" : -1.1846135,
  "fx" : 713.77783,
  "t_02" : 0.86226887,
  "t_12" : -0.22860406,
  "t_21" : -0.88918287,
  "t_23" : -7.8121605
}