{
  "t_11" : 0.019967295,
  "cy" : 385.08627,
  "t_20" : -0.29375026,
  "angular_velocity" : 3.4028235e+38,
  "height" : 768,
  "t_12" : 0.31177044,
  "timestamp" : 1251329767042,
  "t_00" : -0.10634985,
  "t_01" : -0.95902,
  "cx" : 514.947,
  "t_23" : -7.9709806,
  "t_03" : -1.0878348,
  "blur_score" : 46.297874,
  "center_depth" : 3.3297937,
  "manual_keyframe" : false,
  "fx" : 713.2807,
  "fy" : 713.2807,
  "t_10" : -0.9499476,
  "t_21" : 0.28263378,
  "t_22" : -0.9131423,
  "t_02" : -0.2626219,
  "t_13" : -1.3329911,
  "width" : 1024
}