{
  "t_11" : -0.05906103,
  "t_21" : -0.014087218,
  "t_13" : -1.4749563,
  "fx" : 719.4128,
  "t_12" : 0.5952795,
  "t_10" : -0.8013452,
  "t_23" : -4.4363728,
  "angular_velocity" : 3.4028235e+38,
  "t_00" : -0.038991116,
  "blur_score" : 75.04408,
  "t_01" : 0.9981551,
  "t_20" : 0.5969301,
  "width" : 1024,
  "center_depth" : 0.9606018,
  "height" : 768,
  "t_22" : 0.80216956,
  "timestamp" : 1251211744379,
  "t_03" : 2.4876273,
  "t_02" : 0.046544045,
  "fy" : 719.4128,
  "cx" : 514.3553,
  "cy" : 384.68774,
  "manual_keyframe" : false
}