{
  "t_00" : 0.068865746,
  "t_20" : -0.31979465,
  "cx" : 515.0579,
  "t_22" : -0.789509,
  "width" : 1024,
  "t_10" : -0.944981,
  "t_13" : -1.2590975,
  "t_21" : -0.523839,
  "t_11" : 0.11577396,
  "fy" : 721.3917,
  "angular_velocity" : 3.4028235e+38,
  "cy" : 385.4082,
  "t_23" : -10.694499,
  "t_12" : 0.3059534,
  "blur_score" : 75.29683,
  "t_01" : -0.84391314,
  "fx" : 721.3917,
  "center_depth" : 2.6388988,
  "height" : 768,
  "timestamp" : 1251314705998,
  "manual_keyframe" : false,
  "t_03" : -1.474188,
  "t_02" : 0.53204167
}