{
  "fy" : 713.4538,
  "angular_velocity" : 3.4028235e+38,
  "t_00" : 0.22422844,
  "blur_score" : 73.35502,
  "height" : 768,
  "manual_keyframe" : false,
  "width" : 1024,
  "fx" : 713.4538,
  "t_11" : 0.034241397,
  "t_13" : -0.12297571,
  "cy" : 385.2318,
  "cx" : 514.89685,
  "t_22" : 0.46831095,
  "t_23" : -0.081739664,
  "t_02" : 0.85127455,
  "center_depth" : 2.4597878,
  "t_10" : -0.97098446,
  "t_01" : 0.47439793,
  "t_21" : -0.87964433,
  "t_20" : 0.083130926,
  "timestamp" : 1251098346645,
  "t_12" : 0.23667842,
  "t_03" : -0.5551381
}