{
  "t_11" : -0.00018511331,
  "t_13" : -1.2930214,
  "t_23" : -6.728509,
  "t_12" : 0.11421359,
  "height" : 768,
  "t_01" : 0.9649031,
  "t_03" : 2.0471559,
  "t_20" : 0.11015676,
  "angular_velocity" : 3.4028235e+38,
  "t_10" : -0.9934562,
  "fy" : 714.47986,
  "blur_score" : 33.996727,
  "t_02" : -0.26086745,
  "timestamp" : 1251247597683,
  "cy" : 384.9538,
  "cx" : 515.2199,
  "center_depth" : 2.3455746,
  "t_21" : 0.26260632,
  "width" : 1024,
  "manual_keyframe" : false,
  "t_22" : 0.9585947,
  "t_00" : -0.030170657,
  "fx" : 714.47986
}