{
  "t_22" : 0.6387097,
  "blur_score" : 95.458885,
  "t_13" : -1.2243373,
  "center_depth" : 3.089862,
  "height" : 768,
  "t_01" : 0.63858193,
  "cy" : 385.2404,
  "angular_velocity" : 3.4028235e+38,
  "fx" : 712.6518,
  "t_02" : -0.7690916,
  "width" : 1024,
  "manual_keyframe" : false,
  "t_23" : -1.6955512,
  "timestamp" : 1251110386731,
  "t_03" : -0.69628656,
  "t_20" : 0.06867175,
  "t_12" : 0.023412623,
  "t_11" : 0.069849774,
  "cx" : 515.1093,
  "t_00" : 0.02667083,
  "fy" : 712.6518,
  "t_10" : -0.9972827,
  "t_21" : 0.76637733
}