{
  "fy" : 727.13947,
  "width" : 1024,
  "t_00" : -0.25126913,
  "t_12" : 0.31901374,
  "t_03" : -0.055728104,
  "t_10" : -0.9474313,
  "t_21" : 0.7379467,
  "center_depth" : 1.5370743,
  "t_02" : -0.694286,
  "t_20" : 0.19808461,
  "fx" : 727.13947,
  "angular_velocity" : 3.4028235e+38,
  "blur_score" : 46.39458,
  "timestamp" : 1251069187261,
  "manual_keyframe" : false,
  "t_01" : 0.67441136,
  "cx" : 514.9148,
  "t_22" : 0.6451335,
  "t_23" : -1.1244427,
  "height" : 768,
  "t_11" : -0.024574747,
  "t_13" : -0.032766733,
  "cy" : 384.82236
}