{
  "angular_velocity" : 3.4028235e+38,
  "t_23" : -6.9172554,
  "cx" : 515.20197,
  "fy" : 718.63306,
  "t_11" : 0.15956166,
  "t_00" : -0.26033193,
  "t_22" : -0.87634295,
  "t_21" : -0.45022267,
  "fx" : 718.63306,
  "center_depth" : 1.3541456,
  "width" : 1024,
  "t_13" : -1.2181101,
  "blur_score" : 21.549667,
  "cy" : 385.12433,
  "t_03" : 2.6603172,
  "t_02" : 0.40048426,
  "height" : 768,
  "t_12" : -0.26764798,
  "timestamp" : 1251268123383,
  "t_01" : -0.8785441,
  "t_10" : -0.9502129,
  "t_20" : 0.17123863,
  "manual_keyframe" : false
}