{
  "t_13" : -0.6840181,
  "t_00" : 0.061365657,
  "t_22" : 0.56966674,
  "width" : 1024,
  "fx" : 713.17267,
  "angular_velocity" : 3.4028235e+38,
  "blur_score" : 84.218376,
  "height" : 768,
  "cx" : 515.0211,
  "timestamp" : 1251100428264,
  "t_11" : 0.03586426,
  "cy" : 385.21802,
  "t_01" : 0.5685378,
  "t_03" : -1.0891246,
  "t_10" : -0.99811465,
  "t_20" : -0.0011047338,
  "fy" : 713.17267,
  "t_21" : -0.8218749,
  "t_23" : -0.41874754,
  "t_02" : 0.82036513,
  "center_depth" : 1.6315669,
  "t_12" : 0.049806815,
  "manual_keyframe" : false
}