{
  "fy" : 712.3357,
  "angular_velocity" : 3.4028235e+38,
  "t_00" : 0.13288607,
  "blur_score" : 83.74443,
  "height" : 768,
  "manual_keyframe" : false,
  "width" : 1024,
  "fx" : 712.3357,
  "t_11" : 0.01877236,
  "t_13" : -1.2918726,
  "cy" : 385.09647,
  "cx" : 515.2391,
  "t_22" : 0.70126534,
  "t_23" : -4.4202843,
  "t_02" : 0.6923646,
  "center_depth" : 5.015702,
  "t_10" : -0.9852863,
  "t_01" : 0.7092057,
  "t_21" : -0.70475173,
  "t_20" : 0.10748098,
  "timestamp" : 1251124125411,
  "t_12" : 0.16987778,
  "t_03" : -0.96634626
}