{
  "fx" : 715.05634,
  "t_21" : 0.68942887,
  "t_00" : -0.27729037,
  "height" : 768,
  "t_13" : -1.3662478,
  "angular_velocity" : 3.4028235e+38,
  "blur_score" : 57.44048,
  "cx" : 515.1293,
  "t_02" : -0.6312983,
  "manual_keyframe" : false,
  "center_depth" : 1.3428057,
  "width" : 1024,
  "t_23" : -6.2089734,
  "t_11" : 0.0107411165,
  "cy" : 384.72125,
  "t_22" : -0.669309,
  "timestamp" : 1251203214262,
  "t_01" : -0.7242739,
  "fy" : 715.05634,
  "t_03" : -1.0155215,
  "t_10" : -0.91999817,
  "t_20" : -0.2769718,
  "t_12" : 0.3917754
}