{
  "t_13" : -1.1316918,
  "t_00" : -0.20630223,
  "t_22" : -0.7884559,
  "width" : 1024,
  "fx" : 715.212,
  "angular_velocity" : 3.4028235e+38,
  "blur_score" : 31.737873,
  "height" : 768,
  "cx" : 515.1836,
  "timestamp" : 1251259959754,
  "cy" : 385.06186,
  "t_11" : 0.06061329,
  "t_01" : -0.8075228,
  "t_03" : 4.295287,
  "t_10" : -0.9609032,
  "t_20" : 0.18467315,
  "fy" : 715.212,
  "t_21" : -0.5867136,
  "t_23" : -7.7289624,
  "t_02" : 0.5525814,
  "center_depth" : 2.1765199,
  "t_12" : -0.27016813,
  "manual_keyframe" : false
}