{
  "t_13" : -1.3555577,
  "t_21" : -0.8668413,
  "cy" : 385.181,
  "t_11" : 0.055043776,
  "t_00" : 0.2988463,
  "width" : 1024,
  "timestamp" : 1251142210468,
  "manual_keyframe" : false,
  "t_20" : -0.22965434,
  "cx" : 515.0011,
  "t_01" : -0.4955365,
  "center_depth" : 3.4553187,
  "t_10" : -0.92625576,
  "t_12" : 0.3728544,
  "t_03" : -3.5711458,
  "t_23" : -4.672438,
  "blur_score" : 70.095,
  "t_02" : 0.8155579,
  "fy" : 712.3087,
  "t_22" : -0.44254392,
  "fx" : 712.3087,
  "angular_velocity" : 3.4028235e+38,
  "height" : 768
}