{
  "fy" : 717.24963,
  "angular_velocity" : 3.4028235e+38,
  "t_00" : -0.60129815,
  "blur_score" : 27.50916,
  "height" : 768,
  "manual_keyframe" : false,
  "width" : 1024,
  "fx" : 717.24963,
  "t_11" : 0.14367361,
  "t_13" : 0.31636697,
  "cy" : 384.98697,
  "cx" : 515.22,
  "t_22" : -0.35998955,
  "t_23" : 1.7118291,
  "t_02" : 0.7206161,
  "center_depth" : 1.0645012,
  "t_10" : -0.7926146,
  "t_01" : -0.34518525,
  "t_21" : -0.92747235,
  "t_20" : 0.10100726,
  "timestamp" : 1251081943466,
  "t_12" : -0.5925536,
  "t_03" : 0.24109793
}