{
  "t_11" : 0.05502113,
  "t_21" : -0.17897496,
  "t_02" : 0.18633778,
  "t_00" : -0.018373385,
  "cx" : 515.1554,
  "t_10" : -0.9795628,
  "t_13" : -1.3498071,
  "cy" : 384.9266,
  "t_20" : -0.20029745,
  "t_23" : -0.17634262,
  "angular_velocity" : 3.4028235e+38,
  "height" : 768,
  "fy" : 711.77026,
  "t_03" : -4.0388026,
  "t_22" : -0.96324927,
  "blur_score" : 288.78003,
  "width" : 1024,
  "t_01" : -0.98231405,
  "center_depth" : 2.7181985,
  "timestamp" : 1251158280462,
  "manual_keyframe" : false,
  "fx" : 711.77026,
  "t_12" : 0.1934666
}