{
  "cy" : 384.71494,
  "t_03" : -1.5921037,
  "height" : 768,
  "angular_velocity" : 3.4028235e+38,
  "manual_keyframe" : false,
  "fx" : 713.7762,
  "fy" : 713.7762,
  "blur_score" : 76.461525,
  "center_depth" : 2.070484,
  "t_12" : 0.1703852,
  "t_21" : 0.7633674,
  "t_10" : -0.9850283,
  "cx" : 515.05853,
  "t_01" : 0.6454318,
  "t_11" : -0.026231656,
  "t_02" : -0.7495696,
  "t_20" : 0.09030957,
  "width" : 1024,
  "timestamp" : 1251179596017,
  "t_13" : -1.273777,
  "t_22" : 0.6396206,
  "t_00" : -0.14684479,
  "t_23" : 2.579002
}