{
  "fy" : 718.47253,
  "t_01" : -0.7799672,
  "t_00" : -0.23547836,
  "t_21" : 0.61357,
  "blur_score" : 32.836174,
  "fx" : 718.47253,
  "t_11" : 0.12321922,
  "t_22" : -0.7825862,
  "cy" : 384.90634,
  "center_depth" : 2.210732,
  "timestamp" : 1251150220494,
  "t_10" : -0.9661569,
  "cx" : 515.0536,
  "t_02" : -0.57982844,
  "t_20" : -0.10531201,
  "angular_velocity" : 3.4028235e+38,
  "t_12" : 0.22662237,
  "t_13" : -1.2980428,
  "width" : 1024,
  "t_23" : -3.8000884,
  "height" : 768,
  "manual_keyframe" : false,
  "t_03" : -6.02596
}