{
  "t_00" : 0.09217334,
  "fy" : 715.7329,
  "t_01" : -0.86901337,
  "t_21" : -0.49478847,
  "blur_score" : 38.1235,
  "fx" : 715.7329,
  "t_11" : -0.00039113814,
  "t_22" : -0.8539483,
  "cy" : 385.34775,
  "center_depth" : 1.6437888,
  "timestamp" : 1251148455292,
  "t_10" : -0.9826228,
  "cx" : 515.2371,
  "t_02" : 0.48612747,
  "t_20" : -0.16111028,
  "angular_velocity" : 3.4028235e+38,
  "t_12" : 0.1856133,
  "t_13" : -1.3376803,
  "width" : 1024,
  "t_23" : -3.8945432,
  "height" : 768,
  "manual_keyframe" : false,
  "t_03" : -5.540867
}