{
  "t_22" : 0.65932286,
  "blur_score" : 203.7278,
  "t_13" : -0.47043428,
  "center_depth" : 5.079767,
  "height" : 768,
  "t_01" : 0.69192344,
  "cy" : 385.2566,
  "angular_velocity" : 3.4028235e+38,
  "fx" : 712.9313,
  "t_02" : 0.6453532,
  "width" : 1024,
  "manual_keyframe" : false,
  "t_23" : -0.29343158,
  "timestamp" : 1251099345822,
  "t_03" : -0.7998684,
  "t_20" : 0.22141236,
  "t_00" : 0.32366854,
  "t_11" : 0.0705129,
  "cx" : 514.8997,
  "t_12" : 0.3857625,
  "fy" : 712.9313,
  "t_10" : -0.9198996,
  "t_21" : -0.7185193
}