{
  "t_13" : -0.558158,
  "t_00" : 0.31698522,
  "t_22" : -0.606682,
  "width" : 1024,
  "fx" : 714.0923,
  "angular_velocity" : 3.4028235e+38,
  "blur_score" : 48.365223,
  "height" : 768,
  "cx" : 515.0178,
  "timestamp" : 1251086856098,
  "cy" : 384.9325,
  "t_11" : 0.024576869,
  "t_01" : -0.6924126,
  "t_03" : -0.09800019,
  "t_10" : -0.88743687,
  "t_20" : -0.3346285,
  "fy" : 714.0923,
  "t_21" : -0.7210831,
  "t_23" : 2.464639,
  "t_02" : 0.64813983,
  "center_depth" : 1.8793254,
  "t_12" : 0.46027365,
  "manual_keyframe" : false
}