{
  "center_depth" : 2.3986304,
  "timestamp" : 1251048870543,
  "t_00" : 0.076234825,
  "cy" : 385.05777,
  "fx" : 714.80695,
  "t_20" : 0.028107405,
  "t_01" : 0.9398009,
  "cx" : 515.451,
  "t_13" : 0.15941943,
  "blur_score" : 65.63437,
  "height" : 768,
  "t_11" : 0.08124371,
  "t_10" : -0.9966937,
  "width" : 1024,
  "t_22" : 0.94288725,
  "manual_keyframe" : false,
  "t_02" : -0.33311042,
  "t_03" : -0.35707462,
  "t_12" : 0.0011111706,
  "t_21" : 0.33192438,
  "fy" : 714.80695,
  "t_23" : -0.096958265,
  "angular_velocity" : 3.4028235e+38
}