{
  "t_13" : -1.2608826,
  "t_00" : 0.37680793,
  "t_22" : 0.65585566,
  "width" : 1024,
  "fx" : 714.33844,
  "angular_velocity" : 3.4028235e+38,
  "blur_score" : 49.45583,
  "height" : 768,
  "cx" : 514.09143,
  "timestamp" : 1251102076907,
  "t_11" : 0.08765259,
  "cy" : 385.50305,
  "t_01" : 0.88799757,
  "t_03" : -1.4015191,
  "t_10" : -0.7013841,
  "t_20" : 0.60504216,
  "fy" : 714.33844,
  "t_21" : -0.45141712,
  "t_23" : -0.71153975,
  "t_02" : 0.26358333,
  "center_depth" : 2.1557589,
  "t_12" : 0.70737356,
  "manual_keyframe" : false
}