{
  "fy" : 715.4645,
  "cx" : 515.08545,
  "t_13" : 0.18932377,
  "t_01" : -0.99232495,
  "t_21" : 0.095545724,
  "t_22" : -0.8663498,
  "width" : 1024,
  "t_20" : 0.49021333,
  "timestamp" : 1251079362252,
  "t_23" : 1.3860579,
  "blur_score" : 36.25739,
  "height" : 768,
  "center_depth" : 1.3413248,
  "t_02" : -0.04406106,
  "cy" : 384.8638,
  "t_00" : 0.1155418,
  "t_10" : -0.86391026,
  "t_11" : -0.07850029,
  "t_03" : 0.25193003,
  "angular_velocity" : 3.4028235e+38,
  "fx" : 715.4645,
  "manual_keyframe" : false,
  "t_12" : -0.49749044
}