{
  "cx" : 515.32043,
  "t_01" : -0.8013241,
  "fx" : 716.02673,
  "t_23" : -3.8726099,
  "cy" : 385.06384,
  "angular_velocity" : 3.4028235e+38,
  "t_11" : -0.020429142,
  "t_21" : -0.5978815,
  "width" : 1024,
  "timestamp" : 1251148638473,
  "t_10" : -0.99439996,
  "t_00" : 0.07830494,
  "fy" : 716.02673,
  "manual_keyframe" : false,
  "t_13" : -1.3120756,
  "blur_score" : 32.973934,
  "t_02" : 0.5930834,
  "t_03" : -5.6386414,
  "t_12" : 0.10368874,
  "center_depth" : 1.8037403,
  "height" : 768,
  "t_20" : -0.070972115,
  "t_22" : -0.7984364
}