{
  "cy" : 384.8844,
  "t_23" : -9.749376,
  "angular_velocity" : 3.4028235e+38,
  "height" : 768,
  "t_11" : -0.06995077,
  "t_03" : 0.09793872,
  "t_13" : -1.3518884,
  "t_20" : -0.13549304,
  "center_depth" : 2.6958473,
  "manual_keyframe" : false,
  "fy" : 716.2602,
  "t_10" : -0.9286305,
  "t_02" : -0.9178398,
  "t_01" : -0.19566096,
  "t_21" : 0.97817373,
  "t_22" : -0.1575372,
  "blur_score" : 67.84911,
  "width" : 1024,
  "t_00" : -0.34537956,
  "t_12" : 0.3643519,
  "cx" : 514.74646,
  "fx" : 716.2602,
  "timestamp" : 1251228338176
}