{
  "t_22" : -0.52463824,
  "angular_velocity" : 3.4028235e+38,
  "fy" : 711.75446,
  "cx" : 515.456,
  "t_02" : -0.84645677,
  "t_00" : 0.036932904,
  "t_20" : 0.11248497,
  "timestamp" : 1251134516836,
  "height" : 768,
  "blur_score" : 61.582466,
  "t_01" : -0.531175,
  "center_depth" : 3.7238975,
  "t_21" : 0.84386134,
  "t_23" : -7.0315857,
  "width" : 1024,
  "t_13" : -1.2162654,
  "manual_keyframe" : false,
  "cy" : 385.03625,
  "fx" : 711.75446,
  "t_12" : -0.09091545,
  "t_10" : -0.9929668,
  "t_11" : 0.07583725,
  "t_03" : -3.401234
}