{
  "height" : 768,
  "cx" : 515.09717,
  "timestamp" : 1251173501113,
  "width" : 1024,
  "fy" : 716.63025,
  "t_03" : -1.7096992,
  "t_23" : 2.3902855,
  "t_21" : -0.2925966,
  "t_22" : -0.907532,
  "fx" : 716.63025,
  "blur_score" : 43.60806,
  "manual_keyframe" : false,
  "t_11" : 0.015098339,
  "cy" : 385.168,
  "t_13" : -1.3558917,
  "angular_velocity" : 3.4028235e+38,
  "t_00" : 0.07719312,
  "t_12" : 0.31065074,
  "t_10" : -0.95040417,
  "center_depth" : 1.4475642,
  "t_02" : 0.2826339,
  "t_20" : -0.30128568,
  "t_01" : -0.95611686
}