{
  "height" : 768,
  "t_13" : -1.288274,
  "angular_velocity" : 3.4028235e+38,
  "t_22" : -0.34435567,
  "blur_score" : 95.21602,
  "width" : 1024,
  "fx" : 713.47766,
  "fy" : 713.47766,
  "cx" : 515.1299,
  "t_20" : -0.0063093132,
  "t_10" : -0.9945944,
  "t_01" : -0.34312177,
  "t_03" : 0.7279335,
  "t_12" : 0.0994684,
  "t_00" : -0.10364472,
  "t_11" : 0.029800551,
  "t_02" : -0.93355525,
  "t_21" : 0.9388181,
  "cy" : 384.99606,
  "t_23" : -5.389456,
  "center_depth" : 2.8181064,
  "timestamp" : 1251206946186,
  "manual_keyframe" : false
}