{
  "t_21" : 0.18634582,
  "blur_score" : 28.469738,
  "t_02" : -0.15281494,
  "t_01" : 0.9819607,
  "timestamp" : 1251248064176,
  "t_03" : 1.9917253,
  "cy" : 384.85684,
  "fy" : 717.823,
  "cx" : 514.96356,
  "t_22" : 0.88199043,
  "t_23" : -6.6964684,
  "angular_velocity" : 3.4028235e+38,
  "t_10" : -0.8945563,
  "t_11" : -0.032070037,
  "t_20" : 0.4328605,
  "width" : 1024,
  "manual_keyframe" : false,
  "t_00" : -0.11135902,
  "t_13" : -1.4210278,
  "t_12" : 0.44580328,
  "fx" : 717.823,
  "height" : 768,
  "center_depth" : 1.1503278
}