{
  "blur_score" : 45.955357,
  "t_00" : -0.44667473,
  "manual_keyframe" : false,
  "fy" : 713.7667,
  "t_02" : -0.8929788,
  "t_10" : -0.8946885,
  "t_11" : 0.023496816,
  "angular_velocity" : 3.4028235e+38,
  "width" : 1024,
  "height" : 768,
  "t_13" : -1.4104174,
  "t_03" : -3.212014,
  "cx" : 515.0507,
  "t_01" : -0.05541172,
  "t_12" : 0.44607192,
  "t_23" : -9.323646,
  "fx" : 713.7667,
  "cy" : 385.1182,
  "timestamp" : 1251301177721,
  "t_21" : 0.998187,
  "center_depth" : 1.5840744,
  "t_22" : -0.060071703,
  "t_20" : -0.0037354683
}