{
  "t_03" : 0.13840215,
  "t_22" : -0.35509652,
  "t_23" : 0.3294776,
  "t_21" : -0.92613703,
  "height" : 768,
  "timestamp" : 1251060877397,
  "cx" : 514.9219,
  "t_00" : 0.25334656,
  "cy" : 385.22855,
  "t_01" : -0.37646195,
  "manual_keyframe" : false,
  "t_12" : 0.28251472,
  "fx" : 716.1617,
  "fy" : 716.1617,
  "t_11" : 0.023376169,
  "width" : 1024,
  "angular_velocity" : 3.4028235e+38,
  "blur_score" : 55.131474,
  "t_13" : 0.098042674,
  "center_depth" : 1.2049023,
  "t_02" : 0.89111835,
  "t_20" : -0.12718697,
  "t_10" : -0.958978
}