{
  "t_11" : 0.017264642,
  "cy" : 385.3176,
  "t_20" : -0.30416694,
  "angular_velocity" : 3.4028235e+38,
  "height" : 768,
  "t_12" : 0.3642967,
  "timestamp" : 1251329367191,
  "t_00" : -0.20122793,
  "t_01" : -0.85739195,
  "cx" : 514.96576,
  "t_23" : -8.177186,
  "t_03" : -1.3182142,
  "blur_score" : 55.087513,
  "center_depth" : 3.7481298,
  "manual_keyframe" : false,
  "fx" : 713.4523,
  "fy" : 713.4523,
  "t_10" : -0.93112284,
  "t_21" : 0.51437443,
  "t_22" : -0.8018114,
  "t_02" : -0.47369453,
  "t_13" : -1.3335054,
  "width" : 1024
}