{
  "t_12" : -0.21547242,
  "fy" : 713.4157,
  "t_01" : 0.49737614,
  "width" : 1024,
  "t_20" : -0.16966759,
  "height" : 768,
  "timestamp" : 1251281684997,
  "manual_keyframe" : false,
  "t_02" : 0.85417944,
  "t_11" : 0.07316582,
  "fx" : 713.4157,
  "t_21" : -0.8644442,
  "blur_score" : 75.79808,
  "t_23" : -9.624145,
  "t_13" : -1.2200894,
  "t_10" : -0.9737651,
  "t_00" : -0.15163942,
  "t_22" : 0.47323272,
  "cx" : 515.1014,
  "angular_velocity" : 3.4028235e+38,
  "t_03" : -3.2538965,
  "center_depth" : 3.2070975,
  "cy" : 385.18475
}