{
  "t_22" : -0.9299346,
  "angular_velocity" : 3.4028235e+38,
  "fy" : 712.628,
  "cx" : 515.10223,
  "t_02" : 0.017170917,
  "t_00" : -0.018163236,
  "t_20" : -0.36760753,
  "timestamp" : 1251145624307,
  "height" : 768,
  "blur_score" : 45.374886,
  "t_01" : -0.9996876,
  "center_depth" : 2.6250613,
  "t_21" : -0.009293816,
  "t_23" : -4.8226147,
  "width" : 1024,
  "t_13" : -1.3423338,
  "manual_keyframe" : false,
  "cy" : 385.2216,
  "fx" : 712.628,
  "t_10" : -0.9298036,
  "t_12" : 0.36732388,
  "t_11" : 0.02320278,
  "t_03" : -4.641039
}