{
  "t_22" : -0.049626,
  "angular_velocity" : 3.4028235e+38,
  "fy" : 713.1775,
  "cx" : 515.1883,
  "t_00" : 0.056449275,
  "t_02" : 0.99727356,
  "t_20" : 0.036349885,
  "timestamp" : 1251044624008,
  "height" : 768,
  "blur_score" : 62.857407,
  "t_01" : -0.047528803,
  "center_depth" : 2.5431886,
  "t_21" : -0.99810624,
  "t_23" : 0.31814235,
  "width" : 1024,
  "t_13" : 0.10769391,
  "manual_keyframe" : false,
  "cy" : 384.83856,
  "fx" : 713.1775,
  "t_10" : -0.99774355,
  "t_03" : -0.17681754,
  "t_11" : -0.03905213,
  "t_12" : 0.054614704
}