{
  "height" : 768,
  "t_00" : -0.30245867,
  "t_22" : 0.63292366,
  "t_01" : 0.75857395,
  "t_11" : 0.05173023,
  "t_02" : -0.5771346,
  "t_12" : 0.5160653,
  "t_10" : -0.8549858,
  "cx" : 514.9492,
  "blur_score" : 52.3863,
  "width" : 1024,
  "t_03" : -0.51832485,
  "timestamp" : 1251276486934,
  "t_20" : 0.42132896,
  "t_13" : -1.3992238,
  "t_21" : 0.64953035,
  "fy" : 717.42126,
  "fx" : 717.42126,
  "t_23" : -7.6490965,
  "angular_velocity" : 3.4028235e+38,
  "cy" : 384.95676,
  "center_depth" : 1.2198977,
  "manual_keyframe" : false
}