{
  "t_00" : 0.03846418,
  "t_20" : -0.6862056,
  "cx" : 514.6037,
  "t_22" : -0.72622156,
  "width" : 1024,
  "t_10" : -0.72638994,
  "t_13" : -1.4859011,
  "t_21" : -0.041522384,
  "fy" : 715.69476,
  "t_11" : -0.01367658,
  "angular_velocity" : 3.4028235e+38,
  "cy" : 385.30505,
  "t_23" : -10.592049,
  "t_12" : 0.68714666,
  "blur_score" : 68.79703,
  "t_01" : -0.999044,
  "fx" : 715.69476,
  "center_depth" : 1.6493826,
  "height" : 768,
  "timestamp" : 1251315672304,
  "manual_keyframe" : false,
  "t_03" : -1.5301919,
  "t_02" : 0.02077647
}