{
  "t_11" : 0.06057171,
  "t_13" : -1.3468392,
  "angular_velocity" : 3.4028235e+38,
  "t_23" : -9.953104,
  "t_20" : 0.25932643,
  "t_21" : 0.5411152,
  "blur_score" : 75.64652,
  "timestamp" : 1251305609398,
  "manual_keyframe" : false,
  "fx" : 715.97754,
  "width" : 1024,
  "t_12" : 0.27049688,
  "t_22" : 0.79996514,
  "height" : 768,
  "t_03" : -1.7264879,
  "t_01" : 0.83876425,
  "fy" : 715.97754,
  "t_00" : -0.097914726,
  "cx" : 515.03973,
  "t_10" : -0.96081346,
  "cy" : 384.7441,
  "t_02" : -0.5356186,
  "center_depth" : 1.7253941
}