{
  "t_21" : -0.99924994,
  "blur_score" : 73.54037,
  "t_01" : 0.035403922,
  "t_02" : 0.9895102,
  "timestamp" : 1251044240987,
  "t_03" : -0.1760425,
  "cy" : 385.13498,
  "fy" : 713.1854,
  "cx" : 515.0071,
  "t_22" : 0.03725047,
  "t_23" : 0.24153689,
  "angular_velocity" : 3.4028235e+38,
  "t_10" : -0.99008673,
  "t_11" : -0.015689889,
  "t_20" : 0.010583686,
  "width" : 1024,
  "manual_keyframe" : false,
  "t_00" : -0.14005798,
  "t_13" : 0.13592114,
  "t_12" : -0.13957821,
  "fx" : 713.1854,
  "height" : 768,
  "center_depth" : 2.3627825
}