{
  "center_depth" : 1.6569513,
  "timestamp" : 1251049619932,
  "t_00" : 0.16005832,
  "fx" : 714.31616,
  "cy" : 385.40305,
  "t_20" : -0.5362423,
  "t_01" : 0.97081554,
  "cx" : 514.95526,
  "t_13" : 0.3123452,
  "blur_score" : 84.66147,
  "height" : 768,
  "t_11" : 0.033870872,
  "t_10" : -0.82874936,
  "width" : 1024,
  "t_22" : 0.80998415,
  "manual_keyframe" : false,
  "t_02" : -0.17860171,
  "t_03" : -0.47584558,
  "t_12" : -0.55859405,
  "t_21" : 0.23742364,
  "fy" : 714.31616,
  "t_23" : 0.11380736,
  "angular_velocity" : 3.4028235e+38
}