{
  "height" : 768,
  "t_00" : -0.49579692,
  "t_22" : -0.3875333,
  "t_01" : -0.4494948,
  "t_11" : 0.02211981,
  "t_02" : -0.74306107,
  "t_12" : 0.5455989,
  "cx" : 514.47766,
  "t_10" : -0.8377544,
  "blur_score" : 69.18621,
  "width" : 1024,
  "t_03" : -2.770678,
  "timestamp" : 1251326834801,
  "t_20" : -0.22880757,
  "t_13" : -1.3540598,
  "t_21" : 0.893009,
  "fy" : 714.3416,
  "fx" : 714.3416,
  "t_23" : -9.050654,
  "angular_velocity" : 3.4028235e+38,
  "cy" : 384.8171,
  "center_depth" : 2.6058788,
  "manual_keyframe" : false
}