{
  "cx" : 515.2814,
  "t_21" : 0.9936135,
  "t_10" : -0.96515256,
  "fx" : 713.2743,
  "t_00" : 0.2361105,
  "angular_velocity" : 3.4028235e+38,
  "height" : 768,
  "fy" : 713.2743,
  "t_11" : 0.10965349,
  "width" : 1024,
  "t_02" : -0.97136164,
  "t_01" : -0.026616259,
  "t_03" : -0.35851765,
  "t_13" : -1.1391737,
  "center_depth" : 2.0746086,
  "manual_keyframe" : false,
  "t_22" : 0.00020156594,
  "t_23" : -7.5531764,
  "t_20" : 0.11283739,
  "t_12" : -0.23760588,
  "blur_score" : 31.621264,
  "timestamp" : 1251274087828,
  "cy" : 385.3488
}