{
  "cy" : 385.14725,
  "t_23" : -6.725465,
  "angular_velocity" : 3.4028235e+38,
  "height" : 768,
  "t_03" : -0.15559345,
  "t_11" : 0.052307438,
  "t_13" : -1.2901558,
  "t_20" : 0.1321155,
  "center_depth" : 3.7869742,
  "manual_keyframe" : false,
  "t_10" : -0.9911659,
  "fy" : 713.754,
  "t_02" : -0.31289586,
  "t_01" : 0.9497161,
  "t_21" : 0.30871242,
  "t_22" : 0.9419354,
  "blur_score" : 47.07052,
  "width" : 1024,
  "t_00" : 0.011645229,
  "t_12" : 0.12187718,
  "cx" : 515.2301,
  "fx" : 713.754,
  "timestamp" : 1251223140112
}