{
  "t_00" : -0.0889673,
  "t_20" : -0.0023205432,
  "cx" : 514.9434,
  "t_22" : -0.2869888,
  "width" : 1024,
  "t_10" : -0.9960318,
  "t_13" : -1.2634683,
  "t_21" : 0.95793116,
  "fy" : 721.5203,
  "t_11" : 0.02331864,
  "angular_velocity" : 3.4028235e+38,
  "cy" : 385.01825,
  "t_23" : -10.109533,
  "t_12" : 0.08588834,
  "blur_score" : 96.35444,
  "t_01" : -0.28604925,
  "fx" : 721.5203,
  "center_depth" : 0.7492516,
  "height" : 768,
  "timestamp" : 1251317538273,
  "manual_keyframe" : false,
  "t_03" : -1.4874887,
  "t_02" : -0.9540759
}