{
  "t_12" : 0.008764929,
  "t_21" : -0.3295715,
  "t_00" : 0.06758129,
  "height" : 768,
  "t_13" : -1.207733,
  "angular_velocity" : 3.4028235e+38,
  "blur_score" : 363.21753,
  "cx" : 514.9191,
  "t_02" : 0.32976708,
  "manual_keyframe" : false,
  "center_depth" : 2.2281644,
  "width" : 1024,
  "t_23" : 2.1705687,
  "t_11" : 0.06852874,
  "cy" : 385.50308,
  "t_22" : 0.94402164,
  "timestamp" : 1251183259616,
  "fy" : 715.46136,
  "t_10" : -0.9976106,
  "t_03" : -1.4193988,
  "t_01" : 0.94164026,
  "t_20" : -0.014345109,
  "fx" : 715.46136
}