{
  "cy" : 385.09653,
  "t_22" : 0.48583686,
  "t_12" : 0.25194255,
  "t_23" : -8.44566,
  "t_20" : 0.095664226,
  "blur_score" : 67.30818,
  "t_01" : 0.49396965,
  "height" : 768,
  "t_02" : 0.8369513,
  "timestamp" : 1251279252571,
  "manual_keyframe" : false,
  "angular_velocity" : 3.4028235e+38,
  "fy" : 713.8049,
  "t_11" : 0.034395963,
  "fx" : 713.8049,
  "width" : 1024,
  "t_00" : 0.23559815,
  "t_10" : -0.9671307,
  "cx" : 515.0989,
  "t_13" : -1.344291,
  "t_03" : -1.4268107,
  "center_depth" : 5.4372783,
  "t_21" : -0.8687986
}