{
  "width" : 1024,
  "blur_score" : 39.116367,
  "t_22" : -0.6504273,
  "t_01" : -0.6583075,
  "t_03" : 0.19319522,
  "cy" : 384.49377,
  "t_02" : 0.68918055,
  "t_13" : 0.20721722,
  "height" : 768,
  "timestamp" : 1251081560447,
  "manual_keyframe" : false,
  "fy" : 715.46765,
  "t_10" : -0.94244397,
  "t_12" : -0.3193346,
  "t_11" : 0.099120624,
  "t_21" : -0.74619466,
  "t_23" : 1.7369825,
  "t_00" : -0.30275652,
  "t_20" : 0.14190835,
  "angular_velocity" : 3.4028235e+38,
  "center_depth" : 1.3531357,
  "fx" : 715.46765,
  "cx" : 515.7913
}