{
  "fy" : 714.0367,
  "t_13" : -0.0010389574,
  "cx" : 514.8647,
  "t_01" : 0.9994694,
  "t_21" : -0.0036947725,
  "t_22" : 0.9279158,
  "width" : 1024,
  "t_20" : 0.3727717,
  "timestamp" : 1251040394120,
  "t_23" : 0.01917626,
  "blur_score" : 87.695694,
  "height" : 768,
  "center_depth" : 2.2922513,
  "t_02" : 0.015491023,
  "cy" : 384.5203,
  "t_00" : -0.028654346,
  "t_10" : -0.9274805,
  "t_11" : -0.03236343,
  "t_03" : -0.030808156,
  "angular_velocity" : 3.4028235e+38,
  "fx" : 714.0367,
  "manual_keyframe" : false,
  "t_12" : 0.37246802
}