{
  "t_01" : 0.92873204,
  "fy" : 714.6863,
  "t_12" : 0.11273849,
  "width" : 1024,
  "t_20" : 0.09394829,
  "height" : 768,
  "timestamp" : 1251272288499,
  "manual_keyframe" : false,
  "t_02" : 0.36428213,
  "t_11" : 0.029525332,
  "fx" : 714.6863,
  "t_21" : -0.36957428,
  "blur_score" : 67.56468,
  "t_23" : -7.295814,
  "t_13" : -1.3084614,
  "t_00" : 0.06895963,
  "t_10" : -0.99318594,
  "t_22" : 0.9244396,
  "cx" : 515.06415,
  "angular_velocity" : 3.4028235e+38,
  "t_03" : 0.25498617,
  "center_depth" : 2.5699809,
  "cy" : 385.22305
}