{
  "t_13" : -0.757,
  "t_00" : 0.25228027,
  "t_22" : -0.58765733,
  "width" : 1024,
  "fx" : 714.3448,
  "angular_velocity" : 3.4028235e+38,
  "blur_score" : 42.17117,
  "height" : 768,
  "cx" : 514.9052,
  "timestamp" : 1251087388993,
  "t_11" : 0.094341554,
  "cy" : 385.22852,
  "t_01" : -0.6782222,
  "t_03" : -0.22915731,
  "t_10" : -0.90155977,
  "t_20" : -0.3514889,
  "fy" : 714.3448,
  "t_21" : -0.7287759,
  "t_23" : 2.6711297,
  "t_02" : 0.69019514,
  "center_depth" : 1.5841805,
  "t_12" : 0.42224333,
  "manual_keyframe" : false
}