{
  "cx" : 515.10156,
  "t_21" : -0.7617462,
  "t_10" : -0.96734667,
  "fx" : 713.0298,
  "t_00" : 0.19386166,
  "angular_velocity" : 3.4028235e+38,
  "height" : 768,
  "fy" : 713.0298,
  "t_11" : -0.0012667764,
  "width" : 1024,
  "t_02" : 0.7366658,
  "t_01" : -0.64787436,
  "t_03" : -1.0491166,
  "t_13" : -1.302151,
  "center_depth" : 3.6219604,
  "manual_keyframe" : false,
  "t_22" : -0.6269646,
  "t_23" : -7.0074353,
  "t_20" : -0.163273,
  "t_12" : 0.2534538,
  "blur_score" : 113.98008,
  "timestamp" : 1251331433088,
  "cy" : 385.2066
}