{
  "fy" : 712.3548,
  "cx" : 514.631,
  "t_13" : -1.0122399,
  "t_01" : 0.055989385,
  "t_21" : -0.9952275,
  "t_22" : 0.01640928,
  "width" : 1024,
  "t_20" : -0.09619202,
  "timestamp" : 1251129903978,
  "t_23" : -6.502963,
  "blur_score" : 86.04863,
  "height" : 768,
  "center_depth" : 2.7576075,
  "t_02" : 0.9033779,
  "cy" : 385.47873,
  "t_00" : -0.42517474,
  "t_10" : -0.8999854,
  "t_11" : 0.07992093,
  "t_03" : -2.797751,
  "angular_velocity" : 3.4028235e+38,
  "fx" : 712.3548,
  "manual_keyframe" : false,
  "t_12" : -0.4285313
}