{
  "cx" : 514.83704,
  "t_20" : 0.15669563,
  "width" : 1024,
  "t_11" : -0.057195824,
  "manual_keyframe" : false,
  "t_22" : 0.49102902,
  "height" : 768,
  "fx" : 713.03455,
  "blur_score" : 163.16154,
  "fy" : 713.03455,
  "timestamp" : 1251163975722,
  "t_23" : 2.234593,
  "t_10" : -0.97569364,
  "t_00" : 0.15319392,
  "t_12" : 0.21154322,
  "cy" : 385.1249,
  "t_02" : 0.8450681,
  "t_13" : -1.3493803,
  "t_03" : -3.6547954,
  "t_01" : 0.5122418,
  "t_21" : -0.8569347,
  "angular_velocity" : 3.4028235e+38,
  "center_depth" : 4.8466806
}