{
  "manual_keyframe" : false,
  "t_20" : 0.46397,
  "timestamp" : 1251212010945,
  "t_01" : 0.95987725,
  "t_10" : -0.88159484,
  "t_12" : 0.46927467,
  "cy" : 384.74597,
  "fx" : 718.34393,
  "t_13" : -1.4199,
  "t_00" : 0.08673223,
  "height" : 768,
  "t_11" : -0.050713837,
  "t_23" : -4.471512,
  "blur_score" : 82.14692,
  "width" : 1024,
  "fy" : 718.34393,
  "angular_velocity" : 3.4028235e+38,
  "t_21" : -0.27579662,
  "t_22" : 0.84182435,
  "center_depth" : 1.3115475,
  "cx" : 514.3595,
  "t_03" : 2.4393399,
  "t_02" : 0.26667055
}