{
  "t_21" : -0.9793369,
  "blur_score" : 82.96417,
  "t_02" : 0.94174093,
  "t_01" : 0.19760354,
  "timestamp" : 1251043957885,
  "fy" : 713.4554,
  "cy" : 385.15952,
  "cx" : 514.9839,
  "t_03" : -0.16409548,
  "t_22" : 0.17746255,
  "t_23" : 0.21582851,
  "angular_velocity" : 3.4028235e+38,
  "t_10" : -0.9573489,
  "t_11" : 0.043035604,
  "t_20" : -0.09698601,
  "width" : 1024,
  "manual_keyframe" : false,
  "t_00" : -0.2721706,
  "t_13" : 0.15451543,
  "t_12" : -0.28571147,
  "fx" : 713.4554,
  "height" : 768,
  "center_depth" : 2.2667158
}