{
  "t_03" : -0.5383655,
  "cx" : 515.16406,
  "cy" : 385.15652,
  "width" : 1024,
  "center_depth" : 1.5380446,
  "t_01" : 0.119435385,
  "timestamp" : 1251198682649,
  "t_21" : -0.99255866,
  "t_13" : -1.3754568,
  "t_11" : 0.023720942,
  "manual_keyframe" : false,
  "t_23" : -7.1079445,
  "fy" : 716.0188,
  "height" : 768,
  "t_20" : 0.018444983,
  "t_02" : 0.93280137,
  "angular_velocity" : 3.4028235e+38,
  "t_00" : 0.34002474,
  "blur_score" : 60.89662,
  "t_22" : 0.12036317,
  "t_10" : -0.94023556,
  "fx" : 716.0188,
  "t_12" : 0.33969745
}