{
  "t_22" : 0.5836169,
  "blur_score" : 57.03019,
  "t_13" : -0.8852334,
  "center_depth" : 1.4880044,
  "height" : 768,
  "t_01" : 0.61536276,
  "cy" : 385.18805,
  "angular_velocity" : 3.4028235e+38,
  "fx" : 713.7556,
  "t_02" : 0.73376876,
  "width" : 1024,
  "manual_keyframe" : false,
  "t_23" : -0.5361235,
  "timestamp" : 1251100927853,
  "t_03" : -1.2189779,
  "t_20" : 0.19654655,
  "t_12" : 0.34781456,
  "t_11" : 0.023829842,
  "t_00" : 0.28794494,
  "cx" : 515.08234,
  "fy" : 713.7556,
  "t_10" : -0.93726045,
  "t_21" : -0.7878838
}