{
  "t_21" : -0.4290838,
  "blur_score" : 73.27295,
  "t_02" : 0.40746465,
  "t_01" : 0.9032567,
  "timestamp" : 1251066356246,
  "fy" : 715.7488,
  "cy" : 384.70218,
  "cx" : 514.9652,
  "t_03" : 0.4718596,
  "t_22" : 0.85491097,
  "t_23" : -0.5856434,
  "angular_velocity" : 3.4028235e+38,
  "t_11" : -0.0037894314,
  "t_10" : -0.9470405,
  "t_20" : 0.2915724,
  "width" : 1024,
  "manual_keyframe" : false,
  "t_00" : 0.13453567,
  "t_13" : -0.21308996,
  "t_12" : 0.3210918,
  "fx" : 715.7488,
  "height" : 768,
  "center_depth" : 1.317246
}