{
  "t_22" : 0.4121545,
  "blur_score" : 44.844334,
  "t_13" : -0.029962745,
  "center_depth" : 3.3279002,
  "height" : 768,
  "t_01" : 0.43941402,
  "cy" : 385.24255,
  "angular_velocity" : 3.4028235e+38,
  "fx" : 714.0335,
  "t_02" : 0.84605527,
  "width" : 1024,
  "manual_keyframe" : false,
  "t_23" : 0.009203027,
  "timestamp" : 1251095349112,
  "t_03" : -0.019948503,
  "t_20" : 0.15242754,
  "t_12" : 0.3381113,
  "t_11" : -0.0045584138,
  "cx" : 515.1503,
  "t_00" : 0.30183756,
  "fy" : 714.0335,
  "t_10" : -0.9410951,
  "t_21" : -0.8982731
}