{
  "height" : 768,
  "t_13" : -1.3167689,
  "angular_velocity" : 3.4028235e+38,
  "t_22" : 0.25168368,
  "blur_score" : 41.53559,
  "width" : 1024,
  "fx" : 716.3206,
  "fy" : 716.3206,
  "cx" : 515.0844,
  "t_20" : 0.031517114,
  "t_10" : -0.97131705,
  "t_03" : -0.51346374,
  "t_01" : 0.25190017,
  "t_12" : 0.23592123,
  "t_00" : 0.23569003,
  "t_11" : 0.029736916,
  "t_02" : 0.93861425,
  "t_21" : -0.9672963,
  "cy" : 385.05002,
  "t_23" : -6.9510984,
  "center_depth" : 1.579078,
  "timestamp" : 1251198082877,
  "manual_keyframe" : false
}