{
  "t_22" : -0.3003912,
  "angular_velocity" : 3.4028235e+38,
  "t_02" : 0.9154385,
  "t_21" : -0.9526536,
  "t_03" : 1.6824896,
  "t_23" : -8.604226,
  "timestamp" : 1251234635832,
  "t_20" : 0.04707706,
  "cy" : 385.26392,
  "t_00" : -0.2662355,
  "center_depth" : 3.150406,
  "fy" : 713.2299,
  "cx" : 514.9114,
  "width" : 1024,
  "t_10" : -0.96275777,
  "t_13" : -1.0977452,
  "height" : 768,
  "t_01" : -0.30181304,
  "blur_score" : 57.088135,
  "manual_keyframe" : false,
  "t_11" : 0.03687864,
  "t_12" : -0.26783866,
  "fx" : 713.2299
}