{
  "cy" : 385.48746,
  "t_23" : -9.624435,
  "angular_velocity" : 3.4028235e+38,
  "height" : 768,
  "t_03" : 1.1533579,
  "t_11" : 0.09952179,
  "t_13" : -1.344301,
  "t_20" : -0.23355287,
  "center_depth" : 3.2404974,
  "manual_keyframe" : false,
  "fy" : 715.7774,
  "t_10" : -0.9654857,
  "t_02" : -0.052281875,
  "t_01" : -0.9919559,
  "t_21" : 0.078225344,
  "t_22" : -0.9691924,
  "blur_score" : 65.379745,
  "width" : 1024,
  "t_00" : -0.115284,
  "t_12" : 0.24069224,
  "cx" : 515.2698,
  "fx" : 715.7774,
  "timestamp" : 1251231270417
}