{
  "fy" : 715.7345,
  "t_13" : -1.192834,
  "cx" : 515.328,
  "t_01" : 0.36856046,
  "t_21" : -0.92896456,
  "t_22" : 0.3542257,
  "width" : 1024,
  "t_20" : -0.10746633,
  "timestamp" : 1251090153387,
  "t_23" : 3.1747582,
  "blur_score" : 48.321037,
  "height" : 768,
  "center_depth" : 3.1295538,
  "t_02" : 0.9121248,
  "cy" : 384.96414,
  "t_00" : -0.17942004,
  "t_10" : -0.97788525,
  "t_11" : 0.034467522,
  "t_03" : -0.74025774,
  "angular_velocity" : 3.4028235e+38,
  "fx" : 715.7345,
  "manual_keyframe" : false,
  "t_12" : -0.20628269
}