{
  "t_03" : 0.089994416,
  "t_22" : -0.025323102,
  "t_23" : 0.2714994,
  "t_21" : -0.998874,
  "height" : 768,
  "timestamp" : 1251062742538,
  "cx" : 514.9635,
  "t_00" : 0.33027264,
  "cy" : 385.06906,
  "t_01" : -0.010663418,
  "manual_keyframe" : false,
  "t_12" : 0.329473,
  "fx" : 715.1564,
  "fy" : 715.1564,
  "t_11" : -0.046225954,
  "width" : 1024,
  "angular_velocity" : 3.4028235e+38,
  "blur_score" : 58.560993,
  "t_13" : -0.31094658,
  "center_depth" : 2.2503057,
  "t_02" : 0.9438253,
  "t_20" : 0.04011592,
  "t_10" : -0.94303256
}