{
  "t_22" : 0.16068035,
  "angular_velocity" : 3.4028235e+38,
  "fy" : 732.9174,
  "cx" : 515.04297,
  "t_00" : -0.21944621,
  "t_02" : -0.96643573,
  "t_20" : -0.11057834,
  "timestamp" : 1251072651089,
  "height" : 768,
  "blur_score" : 62.234833,
  "t_01" : 0.13358709,
  "center_depth" : 0.8166283,
  "t_21" : 0.98079264,
  "t_23" : -1.3124737,
  "width" : 1024,
  "t_13" : 0.24808131,
  "manual_keyframe" : false,
  "cy" : 385.3328,
  "fx" : 732.9174,
  "t_10" : -0.9693378,
  "t_12" : 0.2004594,
  "t_11" : -0.14212754,
  "t_03" : 0.17425352
}