{
  "cy" : 385.20654,
  "cx" : 515.0961,
  "t_01" : 0.427252,
  "center_depth" : 3.2679648,
  "t_12" : -0.06929218,
  "timestamp" : 1251218575150,
  "t_23" : -5.0067987,
  "t_20" : -0.062303036,
  "width" : 1024,
  "t_13" : -0.876354,
  "height" : 768,
  "t_22" : 0.4242336,
  "t_10" : -0.9969389,
  "t_21" : -0.903407,
  "fx" : 716.85583,
  "fy" : 716.85583,
  "t_00" : -0.047235724,
  "t_02" : 0.90289783,
  "angular_velocity" : 3.4028235e+38,
  "blur_score" : 48.90755,
  "t_11" : 0.036214307,
  "manual_keyframe" : false,
  "t_03" : 1.1698709
}