{
  "width" : 1024,
  "t_13" : -1.1617761,
  "t_23" : -6.859276,
  "timestamp" : 1251200382002,
  "height" : 768,
  "cy" : 384.97144,
  "manual_keyframe" : false,
  "t_00" : -0.20635949,
  "t_12" : -0.22009997,
  "t_10" : -0.97506183,
  "t_02" : 0.9463509,
  "angular_velocity" : 3.4028235e+38,
  "t_11" : 0.028465679,
  "t_03" : -0.70943356,
  "fx" : 716.8955,
  "t_20" : -0.08167037,
  "t_21" : -0.9681704,
  "t_01" : 0.24866812,
  "center_depth" : 1.0854805,
  "t_22" : 0.23659265,
  "cx" : 515.22595,
  "fy" : 716.8955,
  "blur_score" : 50.277016
}