{
  "cy" : 385.2406,
  "t_22" : -0.41056868,
  "t_12" : 0.7516728,
  "t_23" : -10.370764,
  "t_20" : -0.4210113,
  "blur_score" : 50.759064,
  "t_01" : -0.58677745,
  "height" : 768,
  "t_02" : -0.5161602,
  "timestamp" : 1251308974807,
  "manual_keyframe" : false,
  "angular_velocity" : 3.4028235e+38,
  "fy" : 723.61993,
  "t_11" : 0.038851015,
  "fx" : 723.61993,
  "width" : 1024,
  "t_00" : -0.6239158,
  "t_10" : -0.6583909,
  "cx" : 513.5905,
  "t_13" : -1.6896644,
  "t_03" : -1.2938397,
  "center_depth" : 0.9587748,
  "t_21" : 0.8088157
}