{
  "t_11" : 0.048522912,
  "t_21" : -0.57537216,
  "t_13" : -0.9266357,
  "fx" : 717.43866,
  "t_10" : -0.98606527,
  "t_12" : -0.15912452,
  "t_23" : -4.881591,
  "angular_velocity" : 3.4028235e+38,
  "t_00" : -0.052615173,
  "blur_score" : 53.742268,
  "t_01" : 0.81645095,
  "t_20" : -0.15781866,
  "width" : 1024,
  "center_depth" : 1.3731852,
  "height" : 768,
  "t_22" : 0.802521,
  "timestamp" : 1251216709182,
  "t_03" : 1.2020422,
  "t_02" : 0.57501245,
  "fy" : 717.43866,
  "cx" : 515.3617,
  "cy" : 385.2958,
  "manual_keyframe" : false
}