{
  "manual_keyframe" : false,
  "t_20" : 0.06537814,
  "timestamp" : 1251075282265,
  "t_01" : 0.2257051,
  "t_10" : -0.9788793,
  "t_12" : 0.20341985,
  "cy" : 384.94586,
  "fx" : 714.2829,
  "t_13" : -0.11885442,
  "t_00" : -0.19370338,
  "height" : 768,
  "t_11" : 0.020387921,
  "t_23" : -0.001013476,
  "blur_score" : 86.71641,
  "width" : 1024,
  "fy" : 714.2829,
  "angular_velocity" : 3.4028235e+38,
  "t_21" : 0.9739823,
  "t_22" : 0.21698882,
  "center_depth" : 2.0890124,
  "t_03" : -0.08725346,
  "cx" : 515.0781,
  "t_02" : -0.95474404
}