{
  "t_11" : -0.018601423,
  "t_21" : 0.31160834,
  "t_13" : 0.089564845,
  "fx" : 715.47876,
  "t_12" : 0.017938877,
  "t_10" : -0.99966604,
  "t_23" : 0.33962548,
  "angular_velocity" : 3.4028235e+38,
  "t_00" : 0.012080256,
  "blur_score" : 44.9394,
  "t_01" : -0.9500286,
  "t_20" : -0.02284477,
  "width" : 1024,
  "center_depth" : 1.8302772,
  "height" : 768,
  "t_22" : -0.949936,
  "timestamp" : 1251077030831,
  "t_02" : -0.3119292,
  "t_03" : 0.009613674,
  "fy" : 715.47876,
  "cx" : 514.7753,
  "cy" : 385.03436,
  "manual_keyframe" : false
}