{
  "t_21" : 0.98263144,
  "blur_score" : 103.032074,
  "t_02" : -0.95840204,
  "t_01" : -0.181921,
  "timestamp" : 1251053649973,
  "fy" : 713.4856,
  "cy" : 385.09872,
  "t_03" : -0.32077828,
  "cx" : 515.1629,
  "t_22" : -0.16886196,
  "t_23" : -0.003969267,
  "angular_velocity" : 3.4028235e+38,
  "t_10" : -0.97247535,
  "t_11" : 0.03661001,
  "t_20" : 0.07694925,
  "width" : 1024,
  "manual_keyframe" : false,
  "t_00" : 0.21993287,
  "t_13" : 0.195064,
  "t_12" : -0.23011163,
  "fx" : 713.4856,
  "height" : 768,
  "center_depth" : 2.0469556
}