{
  "height" : 768,
  "cx" : 515.0436,
  "timestamp" : 1251175899109,
  "width" : 1024,
  "fy" : 716.265,
  "t_03" : -1.9570134,
  "t_23" : 3.1481318,
  "t_21" : 0.723228,
  "t_22" : 0.68391454,
  "fx" : 716.265,
  "blur_score" : 88.377426,
  "manual_keyframe" : false,
  "t_11" : 0.0038100006,
  "cy" : 385.0821,
  "t_13" : -1.1733515,
  "angular_velocity" : 3.4028235e+38,
  "t_00" : 0.10592128,
  "t_12" : -0.14285338,
  "t_10" : -0.9897365,
  "center_depth" : 3.0404034,
  "t_02" : -0.7154398,
  "t_20" : -0.09592856,
  "t_01" : 0.6905989
}