{
  "cx" : 514.52966,
  "t_20" : 0.5713575,
  "width" : 1024,
  "t_11" : 0.09649027,
  "manual_keyframe" : false,
  "t_22" : 0.76288825,
  "height" : 768,
  "fx" : 717.70074,
  "blur_score" : 35.193813,
  "fy" : 717.70074,
  "timestamp" : 1251256127846,
  "t_23" : -7.3988347,
  "t_10" : -0.77793276,
  "t_00" : 0.2614791,
  "t_12" : 0.62089473,
  "cy" : 385.12476,
  "t_02" : 0.18025328,
  "t_13" : -1.4842978,
  "t_03" : 4.5652256,
  "t_01" : 0.9482286,
  "t_21" : -0.3025759,
  "angular_velocity" : 3.4028235e+38,
  "center_depth" : 1.3157555
}