{
  "height" : 768,
  "t_13" : -1.2111677,
  "angular_velocity" : 3.4028235e+38,
  "t_22" : 0.6409609,
  "blur_score" : 64.277306,
  "width" : 1024,
  "fx" : 716.0172,
  "fy" : 716.0172,
  "cx" : 515.1699,
  "t_20" : -0.12994662,
  "t_10" : -0.99016166,
  "t_01" : 0.65074545,
  "t_12" : -0.12382531,
  "t_03" : -0.62626624,
  "t_00" : -0.051901456,
  "t_11" : 0.06517037,
  "t_02" : 0.75752,
  "t_21" : -0.75649405,
  "cy" : 385.10696,
  "t_23" : -6.39979,
  "center_depth" : 1.728125,
  "timestamp" : 1251196516809,
  "manual_keyframe" : false
}