{
  "cy" : 385.24365,
  "cx" : 514.97687,
  "t_01" : 0.15256839,
  "center_depth" : 1.5972378,
  "t_12" : 0.27813226,
  "timestamp" : 1251119279405,
  "t_23" : -2.6613512,
  "t_20" : 0.029759547,
  "width" : 1024,
  "t_13" : -1.3302736,
  "height" : 768,
  "t_22" : 0.15023306,
  "t_10" : -0.9604499,
  "t_21" : -0.9882027,
  "fy" : 714.3734,
  "t_00" : 0.2768581,
  "fx" : 714.3734,
  "t_02" : 0.9487215,
  "angular_velocity" : 3.4028235e+38,
  "blur_score" : 82.13222,
  "t_11" : 0.0133597115,
  "manual_keyframe" : false,
  "t_03" : 0.9720615
}