{
  "t_10" : -0.9892332,
  "t_11" : -0.017007878,
  "t_23" : -10.173414,
  "blur_score" : 73.632805,
  "center_depth" : 0.7592131,
  "height" : 768,
  "t_01" : -0.494119,
  "t_13" : -1.2979054,
  "t_00" : -0.11806823,
  "t_20" : -0.086472735,
  "t_22" : -0.4867909,
  "fx" : 720.67224,
  "width" : 1024,
  "cx" : 514.7136,
  "fy" : 720.67224,
  "t_21" : 0.8692279,
  "t_02" : -0.8613399,
  "timestamp" : 1251317338347,
  "cy" : 384.9542,
  "t_12" : 0.14535603,
  "t_03" : -1.4604955,
  "angular_velocity" : 3.4028235e+38,
  "manual_keyframe" : false
}