{
  "height" : 768,
  "t_13" : -1.286646,
  "angular_velocity" : 3.4028235e+38,
  "t_22" : -0.22341023,
  "blur_score" : 89.4451,
  "width" : 1024,
  "fx" : 713.77466,
  "fy" : 713.77466,
  "cx" : 515.037,
  "t_20" : 0.010268421,
  "t_10" : -0.9974409,
  "t_01" : -0.22215381,
  "t_12" : 0.0666803,
  "t_03" : 0.8163993,
  "t_00" : -0.07075361,
  "t_11" : 0.025792515,
  "t_02" : -0.972441,
  "t_21" : 0.97467035,
  "cy" : 385.14587,
  "t_23" : -5.339048,
  "center_depth" : 2.1188378,
  "timestamp" : 1251207112789,
  "manual_keyframe" : false
}