{
  "t_03" : -1.9608424,
  "t_00" : 0.031653833,
  "blur_score" : 87.127655,
  "cy" : 385.08914,
  "width" : 1024,
  "fy" : 714.89276,
  "angular_velocity" : 3.4028235e+38,
  "timestamp" : 1251176098942,
  "height" : 768,
  "t_12" : -0.07859453,
  "cx" : 515.0593,
  "manual_keyframe" : false,
  "fx" : 714.89276,
  "t_20" : -0.07295291,
  "t_11" : -0.01212407,
  "t_10" : -0.9968329,
  "t_02" : -0.53200126,
  "t_13" : -1.1909378,
  "t_21" : 0.5328042,
  "t_23" : 3.155654,
  "t_22" : 0.84308815,
  "center_depth" : 2.655328,
  "t_01" : 0.84615177
}