{
  "t_22" : 0.76052547,
  "t_21" : -0.527445,
  "t_13" : -1.3909539,
  "t_10" : -0.8899359,
  "center_depth" : 1.4056518,
  "fy" : 716.15857,
  "cy" : 385.1095,
  "fx" : 716.15857,
  "t_00" : 0.25418735,
  "t_01" : 0.84939486,
  "width" : 1024,
  "height" : 768,
  "timestamp" : 1251277286636,
  "t_11" : 0.018169345,
  "t_12" : 0.45572352,
  "t_02" : 0.46251178,
  "manual_keyframe" : false,
  "blur_score" : 42.292492,
  "t_23" : -7.706135,
  "t_03" : -0.5720534,
  "angular_velocity" : 3.4028235e+38,
  "t_20" : 0.3786857,
  "cx" : 514.5851
}