{
  "t_22" : -0.15885133,
  "angular_velocity" : 3.4028235e+38,
  "fx" : 712.8836,
  "t_11" : 0.008260521,
  "t_00" : -0.03988068,
  "t_10" : -0.9992025,
  "cy" : 384.95813,
  "t_03" : 1.2769575,
  "t_02" : -0.98652935,
  "t_12" : 0.039064586,
  "t_13" : -1.2849839,
  "t_21" : 0.9873006,
  "t_23" : -6.8020506,
  "width" : 1024,
  "height" : 768,
  "fy" : 712.8836,
  "t_01" : -0.15864837,
  "t_20" : 0.0019517132,
  "center_depth" : 3.4915307,
  "blur_score" : 65.5738,
  "manual_keyframe" : false,
  "timestamp" : 1251245698388,
  "cx" : 515.19086
}