{
  "fy" : 717.47363,
  "angular_velocity" : 3.4028235e+38,
  "t_00" : 0.070701346,
  "blur_score" : 53.65513,
  "height" : 768,
  "manual_keyframe" : false,
  "width" : 1024,
  "fx" : 717.47363,
  "t_11" : -0.107189015,
  "t_13" : 0.16148429,
  "cy" : 384.5534,
  "cx" : 514.3022,
  "t_22" : -0.9634443,
  "t_23" : 1.8263147,
  "t_02" : 0.203258,
  "center_depth" : 1.4782146,
  "t_10" : -0.9787998,
  "t_01" : -0.97656935,
  "t_21" : -0.18660925,
  "t_20" : 0.19222973,
  "timestamp" : 1251080861021,
  "t_12" : -0.17453212,
  "t_03" : 0.114495814
}