{
  "t_20" : 0.43954176,
  "cy" : 384.4814,
  "t_23" : 3.146562,
  "blur_score" : 99.639496,
  "t_10" : -0.88798136,
  "fy" : 715.18976,
  "width" : 1024,
  "t_00" : -0.1352478,
  "angular_velocity" : 3.4028235e+38,
  "height" : 768,
  "t_13" : -1.3460687,
  "timestamp" : 1251177680952,
  "t_03" : -2.1172237,
  "cx" : 515.0001,
  "fx" : 715.18976,
  "t_21" : 0.13589801,
  "t_11" : -0.08309643,
  "t_02" : -0.08415054,
  "t_22" : 0.8878821,
  "center_depth" : 2.160396,
  "t_12" : 0.45230952,
  "manual_keyframe" : false,
  "t_01" : 0.9872318
}