{
  "fy" : 718.2121,
  "width" : 1024,
  "t_00" : -0.2831633,
  "t_12" : 0.33703864,
  "t_03" : -0.025476938,
  "t_10" : -0.9414855,
  "t_21" : 0.83526933,
  "center_depth" : 1.3205055,
  "t_02" : -0.78581387,
  "t_20" : 0.18282133,
  "fx" : 718.2121,
  "angular_velocity" : 3.4028235e+38,
  "blur_score" : 48.674522,
  "timestamp" : 1251069786769,
  "manual_keyframe" : false,
  "t_01" : 0.549832,
  "cx" : 514.92957,
  "t_22" : 0.5185573,
  "t_23" : -1.6381079,
  "height" : 768,
  "t_11" : -0.0031729017,
  "t_13" : -0.12122753,
  "cy" : 384.84534
}