{
  "t_22" : 0.89053667,
  "angular_velocity" : 3.4028235e+38,
  "fy" : 715.7234,
  "cx" : 515.15625,
  "t_02" : 0.41727778,
  "t_00" : 0.09881962,
  "t_20" : 0.15371396,
  "timestamp" : 1251046522460,
  "height" : 768,
  "blur_score" : 63.79107,
  "t_01" : 0.90339035,
  "center_depth" : 2.0900397,
  "t_21" : -0.428155,
  "t_23" : 0.06958539,
  "width" : 1024,
  "t_13" : 0.05920086,
  "manual_keyframe" : false,
  "cy" : 384.68494,
  "fx" : 715.7234,
  "t_10" : -0.98316157,
  "t_12" : 0.18117382,
  "t_03" : 0.17333049,
  "t_11" : 0.023861073
}