{
  "t_02" : 0.71171266,
  "cx" : 515.21484,
  "blur_score" : 82.54241,
  "center_depth" : 2.8879075,
  "cy" : 385.35544,
  "height" : 768,
  "t_01" : -0.70003,
  "t_03" : -4.8724155,
  "timestamp" : 1251146906577,
  "fy" : 713.16956,
  "manual_keyframe" : false,
  "t_20" : -0.07125718,
  "t_23" : -4.638484,
  "t_22" : -0.70241994,
  "width" : 1024,
  "fx" : 713.16956,
  "t_12" : 0.008447885,
  "t_13" : -1.2038374,
  "t_10" : -0.99574053,
  "t_21" : -0.70818686,
  "t_11" : 0.0918115,
  "t_00" : -0.05850755,
  "angular_velocity" : 3.4028235e+38
}