{
  "cy" : 385.00732,
  "t_22" : -0.46614283,
  "t_12" : -0.36226428,
  "t_23" : -7.730047,
  "t_20" : 0.2441849,
  "blur_score" : 46.790833,
  "t_01" : -0.52177,
  "height" : 768,
  "t_02" : -0.8071403,
  "timestamp" : 1251274654284,
  "manual_keyframe" : false,
  "angular_velocity" : 3.4028235e+38,
  "fy" : 714.70856,
  "fx" : 714.70856,
  "t_11" : 0.06834779,
  "width" : 1024,
  "t_10" : -0.9295661,
  "t_00" : 0.2761894,
  "cx" : 515.0154,
  "t_13" : -1.0836396,
  "t_03" : -0.4869784,
  "center_depth" : 2.0720298,
  "t_21" : 0.8503438
}