{
  "t_01" : 0.7391427,
  "fy" : 715.51056,
  "t_12" : 0.24775429,
  "width" : 1024,
  "t_20" : 0.1651947,
  "height" : 768,
  "timestamp" : 1251271822006,
  "manual_keyframe" : false,
  "t_02" : 0.6471535,
  "t_11" : 0.027707543,
  "fx" : 715.51056,
  "t_21" : -0.6729788,
  "blur_score" : 64.67752,
  "t_23" : -7.1553273,
  "t_13" : -1.35882,
  "t_10" : -0.9684266,
  "t_00" : 0.18670993,
  "t_22" : 0.7209787,
  "cx" : 514.90546,
  "angular_velocity" : 3.4028235e+38,
  "t_03" : 0.55216384,
  "center_depth" : 2.5167615,
  "cy" : 385.04553
}