{
  "timestamp" : 1251288482464,
  "t_22" : -0.5832787,
  "t_12" : -0.8062338,
  "t_02" : -0.098857954,
  "t_20" : 0.7947312,
  "t_00" : 0.13570426,
  "center_depth" : 2.0697393,
  "t_23" : -12.019168,
  "manual_keyframe" : false,
  "t_11" : -0.0005879138,
  "cy" : 385.45303,
  "width" : 1024,
  "height" : 768,
  "t_13" : -0.99658084,
  "angular_velocity" : 3.4028235e+38,
  "t_03" : -5.0361805,
  "t_10" : -0.59159666,
  "blur_score" : 37.526993,
  "t_21" : 0.16789338,
  "fx" : 715.474,
  "fy" : 715.474,
  "t_01" : -0.985805,
  "cx" : 513.32214
}