{
  "t_21" : -0.668446,
  "t_01" : -0.7427062,
  "cx" : 515.2068,
  "angular_velocity" : 3.4028235e+38,
  "t_23" : -0.6657884,
  "t_22" : -0.7384666,
  "t_20" : -0.0885844,
  "fy" : 711.4241,
  "t_11" : 0.039594255,
  "fx" : 711.4241,
  "t_03" : -3.6709344,
  "t_12" : 0.083602905,
  "manual_keyframe" : false,
  "t_00" : 0.026644986,
  "t_10" : -0.9957123,
  "blur_score" : 208.7161,
  "width" : 1024,
  "t_02" : 0.66908723,
  "t_13" : -1.2696891,
  "center_depth" : 4.364218,
  "height" : 768,
  "cy" : 385.24365,
  "timestamp" : 1251157581044
}