{
  "t_01" : -0.7346249,
  "t_23" : -1.2901838,
  "angular_velocity" : 3.4028235e+38,
  "t_10" : -0.97581875,
  "t_21" : -0.6771832,
  "timestamp" : 1251156465305,
  "t_22" : -0.71202976,
  "fx" : 711.74817,
  "t_11" : 0.041824654,
  "t_12" : 0.21454254,
  "fy" : 711.74817,
  "t_02" : 0.6685695,
  "center_depth" : 4.2295027,
  "cx" : 515.25385,
  "width" : 1024,
  "t_03" : -3.0400486,
  "t_00" : 0.1155042,
  "t_13" : -1.333375,
  "t_20" : -0.185571,
  "blur_score" : 179.24445,
  "cy" : 385.43723,
  "height" : 768,
  "manual_keyframe" : false
}