{
  "fx" : 712.92017,
  "t_21" : 0.96302944,
  "t_00" : -0.07299155,
  "height" : 768,
  "t_13" : -1.2567966,
  "angular_velocity" : 3.4028235e+38,
  "blur_score" : 80.33528,
  "cx" : 515.0965,
  "t_02" : -0.9616964,
  "manual_keyframe" : false,
  "center_depth" : 3.6687665,
  "width" : 1024,
  "t_23" : -5.8171453,
  "t_11" : 0.052553825,
  "cy" : 385.23956,
  "t_22" : -0.26719484,
  "timestamp" : 1251204846978,
  "t_01" : -0.26422012,
  "fy" : 712.92017,
  "t_03" : -0.4882251,
  "t_10" : -0.99674016,
  "t_20" : 0.03436725,
  "t_12" : 0.0612125
}