{
  "cx" : 515.13776,
  "t_20" : -0.06639703,
  "width" : 1024,
  "t_11" : 0.019623011,
  "manual_keyframe" : false,
  "t_22" : -0.20258453,
  "height" : 768,
  "fx" : 713.79846,
  "blur_score" : 105.680084,
  "fy" : 713.79846,
  "timestamp" : 1251167472808,
  "t_23" : 1.0408468,
  "t_10" : -0.9182205,
  "t_00" : -0.39046448,
  "t_12" : 0.39558312,
  "cy" : 384.7834,
  "t_02" : -0.8958089,
  "t_13" : -1.4006622,
  "t_03" : -3.193672,
  "t_01" : -0.21228279,
  "t_21" : 0.97701126,
  "angular_velocity" : 3.4028235e+38,
  "center_depth" : 2.0406275
}