{
  "t_21" : -0.9988765,
  "blur_score" : 42.92227,
  "t_02" : 0.9988927,
  "t_01" : -0.043702524,
  "timestamp" : 1251264824610,
  "t_03" : 3.8287683,
  "fy" : 713.74133,
  "cy" : 385.0881,
  "cx" : 515.09827,
  "t_22" : -0.04400822,
  "t_23" : -6.596952,
  "angular_velocity" : 3.4028235e+38,
  "t_10" : -0.99969375,
  "t_11" : 0.01832188,
  "t_20" : -0.017574888,
  "width" : 1024,
  "manual_keyframe" : false,
  "t_00" : -0.017416077,
  "t_13" : -1.276867,
  "t_12" : -0.016628442,
  "fx" : 713.74133,
  "height" : 768,
  "center_depth" : 2.9119437
}