{
  "t_01" : -0.04167054,
  "fy" : 715.2072,
  "t_12" : -0.5730339,
  "width" : 1024,
  "t_20" : 0.15559027,
  "height" : 768,
  "timestamp" : 1251287116307,
  "manual_keyframe" : false,
  "t_02" : -0.817398,
  "t_11" : 0.16113527,
  "fx" : 715.2072,
  "t_21" : 0.98605233,
  "blur_score" : 36.05679,
  "t_23" : -11.963947,
  "t_13" : -1.0592935,
  "t_10" : -0.8035344,
  "t_00" : 0.5745643,
  "t_22" : 0.059098855,
  "cx" : 514.9339,
  "angular_velocity" : 3.4028235e+38,
  "t_03" : -4.9127417,
  "center_depth" : 1.7477384,
  "cy" : 385.3379
}