{
  "t_22" : -0.80084205,
  "blur_score" : 85.378685,
  "t_13" : -1.3334911,
  "center_depth" : 1.9450548,
  "height" : 768,
  "t_01" : -0.82080054,
  "cy" : 385.35385,
  "angular_velocity" : 3.4028235e+38,
  "fx" : 714.5926,
  "t_02" : -0.53198856,
  "width" : 1024,
  "manual_keyframe" : false,
  "t_23" : -3.0693223,
  "timestamp" : 1251115216087,
  "t_03" : 0.75935304,
  "t_20" : -0.19123857,
  "t_12" : 0.27502787,
  "t_11" : 0.06485933,
  "t_00" : -0.20802613,
  "cx" : 515.3186,
  "fy" : 714.5926,
  "t_10" : -0.95924604,
  "t_21" : 0.56752086
}