{
  "timestamp" : 1251307208800,
  "manual_keyframe" : false,
  "t_13" : -1.3071482,
  "fy" : 723.13556,
  "t_12" : 0.27258328,
  "blur_score" : 53.251663,
  "t_20" : 0.12241856,
  "t_03" : -1.5117886,
  "angular_velocity" : 3.4028235e+38,
  "cx" : 514.92487,
  "height" : 768,
  "t_02" : -0.8601311,
  "t_10" : -0.96213216,
  "t_21" : 0.89394677,
  "t_00" : -0.24354759,
  "t_01" : 0.4481731,
  "t_11" : 0.0002953805,
  "t_22" : 0.4311298,
  "fx" : 723.13556,
  "t_23" : -10.273144,
  "width" : 1024,
  "cy" : 384.79285,
  "center_depth" : 1.0173562
}