{
  "t_21" : -0.30148,
  "blur_score" : 86.43759,
  "t_02" : 0.29970247,
  "t_01" : 0.9526954,
  "timestamp" : 1251042325881,
  "t_03" : -0.11438266,
  "fy" : 713.1934,
  "cy" : 384.86703,
  "cx" : 515.2536,
  "t_22" : 0.9108484,
  "t_23" : 0.088383116,
  "angular_velocity" : 3.4028235e+38,
  "t_10" : -0.95811534,
  "t_11" : 0.038488828,
  "t_20" : -0.28189537,
  "width" : 1024,
  "manual_keyframe" : false,
  "t_00" : -0.050497867,
  "t_13" : 0.13306105,
  "t_12" : -0.28378448,
  "fx" : 713.1934,
  "height" : 768,
  "center_depth" : 2.4802241
}