{
  "t_11" : 0.023147892,
  "t_13" : -1.2077503,
  "angular_velocity" : 3.4028235e+38,
  "t_23" : -10.063745,
  "t_20" : -0.017637884,
  "t_21" : 0.79076326,
  "blur_score" : 66.86567,
  "timestamp" : 1251306042569,
  "manual_keyframe" : false,
  "fx" : 717.0337,
  "width" : 1024,
  "t_12" : -0.05868464,
  "t_22" : 0.6118681,
  "height" : 768,
  "t_03" : -1.7160678,
  "t_01" : 0.61168444,
  "t_00" : 0.060569104,
  "fy" : 717.0337,
  "cx" : 515.14246,
  "t_10" : -0.99800813,
  "cy" : 385.06662,
  "t_02" : -0.78877985,
  "center_depth" : 1.6272887
}