{
  "t_02" : 0.5616388,
  "cx" : 514.5538,
  "blur_score" : 23.29421,
  "center_depth" : 1.1289148,
  "cy" : 384.50992,
  "height" : 768,
  "t_01" : -0.784517,
  "t_03" : 2.8052287,
  "timestamp" : 1251266990471,
  "fy" : 715.72815,
  "manual_keyframe" : false,
  "t_20" : -0.29800916,
  "t_23" : -6.661421,
  "t_22" : -0.72609174,
  "width" : 1024,
  "fx" : 715.72815,
  "t_12" : 0.39667717,
  "t_13" : -1.4209545,
  "t_10" : -0.9176577,
  "t_21" : -0.61966234,
  "t_11" : -0.023486357,
  "t_00" : 0.2628592,
  "angular_velocity" : 3.4028235e+38
}