{
  "t_22" : -0.04565728,
  "angular_velocity" : 3.4028235e+38,
  "fy" : 716.02515,
  "cx" : 515.34796,
  "t_02" : -0.98948956,
  "t_00" : -0.14046758,
  "t_20" : 0.07815358,
  "timestamp" : 1251071651908,
  "height" : 768,
  "blur_score" : 33.427143,
  "t_01" : -0.034340285,
  "center_depth" : 1.1788567,
  "t_21" : 0.9958953,
  "t_23" : -1.7651235,
  "width" : 1024,
  "t_13" : -0.2077037,
  "manual_keyframe" : false,
  "cy" : 385.35364,
  "fx" : 716.02515,
  "t_10" : -0.98699594,
  "t_03" : 0.39204422,
  "t_11" : 0.08374552,
  "t_12" : 0.1372072
}