{
  "fy" : 713.14886,
  "cx" : 515.151,
  "t_13" : -1.2605112,
  "t_01" : -0.32454294,
  "t_21" : -0.94450784,
  "t_22" : -0.31782112,
  "width" : 1024,
  "t_20" : -0.08303353,
  "timestamp" : 1251127272815,
  "t_23" : -5.9034367,
  "blur_score" : 108.5699,
  "height" : 768,
  "center_depth" : 5.9212995,
  "t_02" : 0.94191957,
  "cy" : 385.29755,
  "t_00" : 0.08636781,
  "t_10" : -0.9927971,
  "t_11" : 0.050761387,
  "t_03" : -1.2162745,
  "angular_velocity" : 3.4028235e+38,
  "fx" : 713.14886,
  "manual_keyframe" : false,
  "t_12" : 0.10852302
}