{
  "fy" : 713.19495,
  "angular_velocity" : 3.4028235e+38,
  "t_00" : -0.019352002,
  "blur_score" : 137.62657,
  "height" : 768,
  "manual_keyframe" : false,
  "width" : 1024,
  "fx" : 713.19495,
  "t_11" : 0.14158118,
  "t_13" : -1.2438745,
  "cy" : 385.55215,
  "cx" : 514.9444,
  "t_22" : -0.3126087,
  "t_23" : -6.856035,
  "t_02" : 0.94951165,
  "center_depth" : 2.5330346,
  "t_10" : -0.9895713,
  "t_01" : -0.3131344,
  "t_21" : -0.93909615,
  "t_20" : -0.1427382,
  "timestamp" : 1251130686666,
  "t_12" : 0.02652285,
  "t_03" : -3.1775448
}