{
  "fy" : 727.0458,
  "width" : 1024,
  "t_00" : -0.27372158,
  "t_12" : 0.33663175,
  "t_10" : -0.9410593,
  "t_03" : -0.060701784,
  "t_21" : 0.75152326,
  "center_depth" : 1.9104168,
  "t_02" : -0.7006784,
  "t_20" : 0.19870548,
  "fx" : 727.0458,
  "angular_velocity" : 3.4028235e+38,
  "blur_score" : 34.057156,
  "timestamp" : 1251069287179,
  "manual_keyframe" : false,
  "t_01" : 0.6588828,
  "cx" : 514.9043,
  "t_22" : 0.6290699,
  "t_23" : -1.1992093,
  "height" : 768,
  "t_11" : -0.032961387,
  "t_13" : -0.04348512,
  "cy" : 384.87747
}