{
  "t_13" : -1.395293,
  "t_00" : -0.31059438,
  "t_22" : -0.49197227,
  "width" : 1024,
  "fx" : 713.7365,
  "angular_velocity" : 3.4028235e+38,
  "blur_score" : 100.80134,
  "height" : 768,
  "cx" : 515.1577,
  "timestamp" : 1251168072308,
  "t_11" : 0.0333979,
  "cy" : 385.29654,
  "t_01" : -0.51301765,
  "t_03" : -2.7608929,
  "t_10" : -0.9387573,
  "t_20" : -0.1492173,
  "fy" : 713.7365,
  "t_21" : 0.8577282,
  "t_23" : 0.9434519,
  "t_02" : -0.80021507,
  "center_depth" : 2.2800324,
  "t_12" : 0.34295663,
  "manual_keyframe" : false
}