{
  "t_13" : -1.1795306,
  "t_00" : -0.1382514,
  "t_22" : -0.18229634,
  "width" : 1024,
  "fx" : 713.16956,
  "angular_velocity" : 3.4028235e+38,
  "blur_score" : 102.57347,
  "height" : 768,
  "cx" : 514.78485,
  "timestamp" : 1251130503484,
  "cy" : 385.36118,
  "t_11" : 0.14294715,
  "t_01" : -0.16533957,
  "t_03" : -3.0976307,
  "t_10" : -0.9830297,
  "t_20" : -0.1205782,
  "fy" : 713.16956,
  "t_21" : -0.9758222,
  "t_23" : -6.7568445,
  "t_02" : 0.97649854,
  "center_depth" : 2.3861277,
  "t_12" : -0.11497244,
  "manual_keyframe" : false
}