{
  "t_13" : -1.1888796,
  "t_21" : -0.99687654,
  "t_11" : 0.06031296,
  "cy" : 385.48035,
  "t_00" : -0.0878056,
  "width" : 1024,
  "timestamp" : 1251141144684,
  "manual_keyframe" : false,
  "t_20" : -0.0646322,
  "cx" : 515.1303,
  "t_01" : 0.050986554,
  "center_depth" : 3.8349051,
  "t_10" : -0.99403864,
  "t_03" : -2.652651,
  "t_12" : -0.09082671,
  "t_23" : -4.3786006,
  "blur_score" : 305.0659,
  "fy" : 712.0419,
  "t_02" : 0.994832,
  "t_22" : 0.04538681,
  "fx" : 712.0419,
  "angular_velocity" : 3.4028235e+38,
  "height" : 768
}