{
  "t_23" : -0.082628965,
  "fx" : 713.2092,
  "t_00" : 0.42133608,
  "t_03" : -0.044953704,
  "t_20" : 0.23051135,
  "t_02" : 0.770407,
  "t_01" : 0.47848615,
  "t_21" : -0.8780947,
  "t_11" : -0.0009204191,
  "t_13" : -0.10085547,
  "angular_velocity" : 3.4028235e+38,
  "t_10" : -0.87712055,
  "blur_score" : 47.480953,
  "t_12" : 0.4802694,
  "height" : 768,
  "manual_keyframe" : false,
  "center_depth" : 3.46137,
  "width" : 1024,
  "t_22" : 0.41930223,
  "timestamp" : 1251095782089,
  "cx" : 515.0582,
  "fy" : 713.2092,
  "cy" : 384.9916
}