{
  "cy" : 385.3332,
  "t_00" : -0.44502565,
  "t_11" : 0.068657465,
  "t_10" : -0.87968516,
  "t_01" : -0.46768776,
  "t_12" : 0.47057426,
  "fy" : 715.4709,
  "t_22" : -0.44197237,
  "center_depth" : 2.3947105,
  "width" : 1024,
  "height" : 768,
  "t_02" : -0.7636887,
  "timestamp" : 1251108454989,
  "t_03" : -1.7569563,
  "fx" : 715.4709,
  "t_23" : -1.8920656,
  "manual_keyframe" : false,
  "angular_velocity" : 3.4028235e+38,
  "cx" : 515.22986,
  "t_13" : -1.3703685,
  "t_20" : -0.16764891,
  "blur_score" : 69.32175,
  "t_21" : 0.8812232
}