{
  "t_00" : 0.016413141,
  "center_depth" : 2.6919909,
  "t_03" : -0.11676973,
  "t_23" : -7.5588956,
  "angular_velocity" : 3.4028235e+38,
  "timestamp" : 1251273221485,
  "cx" : 515.197,
  "fy" : 714.87683,
  "blur_score" : 56.463467,
  "manual_keyframe" : false,
  "t_02" : -0.6386703,
  "t_10" : -0.9998336,
  "t_11" : 0.01771203,
  "t_13" : -1.2420253,
  "t_12" : -0.00435976,
  "fx" : 714.87683,
  "t_22" : 0.7694682,
  "width" : 1024,
  "height" : 768,
  "cy" : 385.0181,
  "t_21" : 0.63863564,
  "t_01" : 0.76930547,
  "t_20" : 0.00795816
}