{
  "timestamp" : 1251307941859,
  "manual_keyframe" : false,
  "t_03" : -1.4224243,
  "t_01" : 0.22498521,
  "blur_score" : 60.06856,
  "height" : 768,
  "fx" : 723.87726,
  "center_depth" : 0.5929287,
  "cx" : 514.70386,
  "t_02" : -0.7162887,
  "angular_velocity" : 3.4028235e+38,
  "t_11" : 0.021828866,
  "t_00" : -0.6605394,
  "t_10" : -0.7315344,
  "t_20" : 0.16895302,
  "cy" : 385.25525,
  "t_21" : 0.97411764,
  "fy" : 723.87726,
  "t_22" : 0.1501656,
  "t_13" : -1.5615268,
  "t_12" : 0.68145496,
  "t_23" : -10.348572,
  "width" : 1024
}