{
  "t_12" : 0.19920513,
  "t_01" : -0.99793124,
  "fy" : 715.2374,
  "width" : 1024,
  "t_20" : -0.19715083,
  "height" : 768,
  "timestamp" : 1251289948584,
  "manual_keyframe" : false,
  "t_02" : -0.043569345,
  "t_11" : 0.03769185,
  "fx" : 715.2374,
  "t_21" : 0.0520819,
  "blur_score" : 45.943928,
  "t_23" : -11.917966,
  "t_13" : -1.3087122,
  "t_00" : -0.047274884,
  "t_10" : -0.97923267,
  "t_22" : -0.9789889,
  "cx" : 515.10297,
  "angular_velocity" : 3.4028235e+38,
  "t_03" : -5.065714,
  "center_depth" : 2.096274,
  "cy" : 385.04996
}