{
  "cy" : 384.77975,
  "t_00" : 0.27098235,
  "t_11" : 0.06720655,
  "t_10" : -0.9571947,
  "t_01" : -0.13375065,
  "fy" : 718.8458,
  "t_12" : -0.28153446,
  "t_22" : -0.109813645,
  "center_depth" : 1.1929152,
  "width" : 1024,
  "height" : 768,
  "t_02" : -0.9532468,
  "timestamp" : 1251175183041,
  "t_03" : -1.9921923,
  "fx" : 718.8458,
  "t_23" : 3.130052,
  "manual_keyframe" : false,
  "angular_velocity" : 3.4028235e+38,
  "cx" : 515.0658,
  "t_13" : -1.1699903,
  "t_20" : 0.10171984,
  "blur_score" : 120.24127,
  "t_21" : 0.98873365
}