{
  "t_01" : -0.07400342,
  "fy" : 715.98224,
  "t_12" : 0.6260639,
  "width" : 1024,
  "t_20" : -0.05354854,
  "height" : 768,
  "timestamp" : 1251325835173,
  "manual_keyframe" : false,
  "t_02" : -0.77804166,
  "t_11" : -0.009276697,
  "fx" : 715.98224,
  "t_21" : 0.99721473,
  "blur_score" : 52.469803,
  "t_23" : -9.120374,
  "t_13" : -1.3953344,
  "t_00" : -0.6238386,
  "t_10" : -0.7797165,
  "t_22" : -0.051914558,
  "cx" : 514.4333,
  "angular_velocity" : 3.4028235e+38,
  "t_03" : -2.7490158,
  "center_depth" : 1.3878347,
  "cy" : 385.21454
}