{
  "fy" : 714.57666,
  "angular_velocity" : 3.4028235e+38,
  "t_00" : -0.07092832,
  "blur_score" : 60.62619,
  "height" : 768,
  "manual_keyframe" : false,
  "width" : 1024,
  "fx" : 714.57666,
  "t_11" : 0.06548153,
  "t_13" : -1.2406428,
  "cy" : 385.1091,
  "cx" : 515.36615,
  "t_22" : -0.96837467,
  "t_23" : -3.0134041,
  "t_02" : -0.2476692,
  "center_depth" : 1.6722455,
  "t_10" : -0.9973975,
  "t_01" : -0.96624476,
  "t_21" : 0.24916466,
  "t_20" : -0.012935289,
  "timestamp" : 1251115782287,
  "t_12" : 0.030171487,
  "t_03" : 0.85576814
}