{
  "fy" : 712.61847,
  "angular_velocity" : 3.4028235e+38,
  "t_00" : 0.27351582,
  "blur_score" : 113.57262,
  "height" : 768,
  "manual_keyframe" : false,
  "width" : 1024,
  "fx" : 712.61847,
  "t_11" : 0.06665404,
  "t_13" : -1.3872087,
  "cy" : 385.14673,
  "cx" : 515.06976,
  "t_22" : -0.26897216,
  "t_23" : -5.4102793,
  "t_02" : 0.9130727,
  "center_depth" : 3.4414854,
  "t_10" : -0.94952875,
  "t_01" : -0.3024691,
  "t_21" : -0.95082575,
  "t_20" : -0.1535718,
  "timestamp" : 1251126123763,
  "t_12" : 0.30651662,
  "t_03" : -1.5205283
}