{
  "t_20" : 0.07505466,
  "cy" : 384.72202,
  "t_23" : -7.8519526,
  "blur_score" : 42.376675,
  "fy" : 713.8969,
  "t_10" : -0.9802874,
  "width" : 1024,
  "t_00" : -0.18276568,
  "angular_velocity" : 3.4028235e+38,
  "height" : 768,
  "t_13" : -1.2103404,
  "timestamp" : 1251258626917,
  "t_03" : 4.3346233,
  "cx" : 515.1276,
  "fx" : 713.8969,
  "t_21" : -0.9665526,
  "t_11" : -0.026441699,
  "t_02" : 0.94948393,
  "t_22" : -0.24524023,
  "center_depth" : 2.9321625,
  "t_12" : -0.1957992,
  "manual_keyframe" : false,
  "t_01" : -0.2551016
}