{
  "center_depth" : 3.1139886,
  "timestamp" : 1251041659757,
  "t_00" : -0.00042158048,
  "fx" : 714.0209,
  "cy" : 384.85953,
  "t_20" : 0.041491583,
  "t_01" : 0.9952204,
  "cx" : 515.16785,
  "t_13" : 0.066502996,
  "blur_score" : 72.30019,
  "height" : 768,
  "t_11" : -0.0044710203,
  "t_10" : -0.99913883,
  "width" : 1024,
  "t_22" : 0.99436516,
  "manual_keyframe" : false,
  "t_02" : 0.09765392,
  "t_12" : 0.041252144,
  "t_03" : -0.0821516,
  "t_21" : -0.0975524,
  "fy" : 714.0209,
  "t_23" : 0.049039204,
  "angular_velocity" : 3.4028235e+38
}