{
  "t_22" : 0.8053223,
  "angular_velocity" : 3.4028235e+38,
  "fy" : 716.32214,
  "cx" : 514.4434,
  "t_02" : -0.33450043,
  "t_00" : -0.11555593,
  "t_20" : 0.48040274,
  "timestamp" : 1251255061576,
  "height" : 768,
  "blur_score" : 34.481384,
  "t_01" : 0.9352841,
  "center_depth" : 1.7284373,
  "t_21" : 0.34737474,
  "t_23" : -6.7110763,
  "width" : 1024,
  "t_13" : -1.4519359,
  "manual_keyframe" : false,
  "cy" : 385.11652,
  "fx" : 716.32214,
  "t_10" : -0.8694021,
  "t_12" : 0.48945424,
  "t_03" : 4.259749,
  "t_11" : 0.06763514
}