{
  "center_depth" : 1.9731407,
  "timestamp" : 1251053999688,
  "t_00" : 0.27350056,
  "cy" : 385.0532,
  "fx" : 713.4665,
  "t_20" : 0.17672107,
  "t_01" : -0.48056337,
  "cx" : 515.1782,
  "t_13" : 0.23748691,
  "blur_score" : 82.44733,
  "height" : 768,
  "t_11" : 0.024834322,
  "t_10" : -0.94549835,
  "width" : 1024,
  "t_22" : -0.4475797,
  "manual_keyframe" : false,
  "t_02" : -0.8332204,
  "t_03" : -0.3044809,
  "t_12" : -0.3246785,
  "t_21" : 0.87660825,
  "fy" : 713.4665,
  "t_23" : -0.043205544,
  "angular_velocity" : 3.4028235e+38
}