{
  "width" : 1024,
  "fx" : 714.3114,
  "angular_velocity" : 3.4028235e+38,
  "t_11" : 0.02401762,
  "t_12" : 0.30721268,
  "cx" : 515.01465,
  "t_02" : 0.32792756,
  "t_23" : -6.054196,
  "height" : 768,
  "manual_keyframe" : false,
  "t_10" : -0.95133764,
  "t_22" : 0.8933553,
  "t_20" : 0.279608,
  "t_13" : -1.3510612,
  "t_01" : 0.9357817,
  "timestamp" : 1251195084023,
  "center_depth" : 1.8752093,
  "blur_score" : 54.11603,
  "fy" : 714.3114,
  "t_03" : -0.9862305,
  "cy" : 384.87653,
  "t_21" : -0.3517605,
  "t_00" : 0.12952158
}