{
  "cy" : 384.57706,
  "t_03" : 0.1427071,
  "height" : 768,
  "angular_velocity" : 3.4028235e+38,
  "manual_keyframe" : false,
  "fx" : 717.45294,
  "fy" : 717.45294,
  "blur_score" : 32.227768,
  "center_depth" : 1.1275975,
  "t_12" : -0.61592126,
  "t_21" : 0.19451515,
  "t_11" : -0.049730323,
  "cx" : 514.0019,
  "t_10" : -0.7862366,
  "t_01" : -0.9796381,
  "t_02" : -0.123233445,
  "t_20" : 0.59725153,
  "width" : 1024,
  "timestamp" : 1251080294819,
  "t_13" : 0.28149226,
  "t_22" : -0.7781097,
  "t_00" : 0.15850168,
  "t_23" : 1.7093847
}