{
  "t_23" : -1.8891262,
  "fx" : 715.22314,
  "t_00" : -0.33665255,
  "t_03" : -1.7922643,
  "t_20" : -0.09258019,
  "t_02" : -0.77922046,
  "t_01" : -0.5286592,
  "t_21" : 0.84209764,
  "t_11" : 0.10672976,
  "t_13" : -1.3106788,
  "angular_velocity" : 3.4028235e+38,
  "t_10" : -0.9370667,
  "blur_score" : 89.0571,
  "t_12" : 0.3324376,
  "height" : 768,
  "manual_keyframe" : false,
  "center_depth" : 1.6123428,
  "width" : 1024,
  "t_22" : -0.53131974,
  "timestamp" : 1251108121930,
  "cx" : 515.14014,
  "cy" : 385.35907,
  "fy" : 715.22314
}