{
  "t_00" : -0.01811124,
  "center_depth" : 2.0132036,
  "t_03" : -1.9316268,
  "t_23" : -9.675451,
  "angular_velocity" : 3.4028235e+38,
  "timestamp" : 1251304376525,
  "fy" : 714.8753,
  "cx" : 515.014,
  "blur_score" : 71.58563,
  "manual_keyframe" : false,
  "t_02" : -0.43442255,
  "t_10" : -0.99758554,
  "t_11" : 0.012859624,
  "t_13" : -1.2669861,
  "t_12" : 0.06824681,
  "fx" : 714.8753,
  "t_22" : 0.89812005,
  "width" : 1024,
  "height" : 768,
  "cy" : 384.89212,
  "t_21" : 0.4346097,
  "t_01" : 0.9005271,
  "t_20" : 0.067044616
}