{
  "t_13" : -1.2545688,
  "t_00" : -0.033542577,
  "t_22" : -0.5337319,
  "width" : 1024,
  "fx" : 716.3189,
  "angular_velocity" : 3.4028235e+38,
  "blur_score" : 42.183334,
  "height" : 768,
  "cx" : 515.13696,
  "timestamp" : 1251263858303,
  "t_11" : 0.019557279,
  "cy" : 385.17233,
  "t_01" : -0.533377,
  "t_03" : 4.135927,
  "t_10" : -0.99943537,
  "t_20" : -0.0019575441,
  "fy" : 716.3189,
  "t_21" : -0.8456516,
  "t_23" : -6.829852,
  "t_02" : 0.8452123,
  "center_depth" : 1.4031329,
  "t_12" : -0.02732122,
  "manual_keyframe" : false
}