{
  "cy" : 384.89792,
  "cx" : 514.9846,
  "t_03" : -2.2482224,
  "t_02" : -0.5428769,
  "t_00" : -0.072134905,
  "t_12" : 0.15601699,
  "t_20" : 0.13927126,
  "blur_score" : 83.98527,
  "height" : 768,
  "timestamp" : 1251302977049,
  "manual_keyframe" : false,
  "t_21" : 0.54741216,
  "fx" : 714.87366,
  "t_22" : 0.82519287,
  "t_11" : 0.016081925,
  "t_13" : -1.3183212,
  "t_01" : 0.83670866,
  "fy" : 714.87366,
  "width" : 1024,
  "angular_velocity" : 3.4028235e+38,
  "center_depth" : 2.5830326,
  "t_10" : -0.9876234,
  "t_23" : -9.245123
}