{
  "angular_velocity" : 3.4028235e+38,
  "cy" : 384.6721,
  "center_depth" : 1.3393325,
  "width" : 1024,
  "t_23" : -4.9137278,
  "t_03" : 1.1380298,
  "t_22" : 0.72291845,
  "timestamp" : 1251217975374,
  "manual_keyframe" : false,
  "t_00" : -0.09484409,
  "fx" : 718.03894,
  "t_12" : -0.14048763,
  "fy" : 718.03894,
  "t_20" : -0.10365229,
  "t_21" : -0.68311423,
  "t_10" : -0.99008113,
  "t_13" : -0.7620623,
  "t_01" : 0.73030984,
  "height" : 768,
  "t_11" : 0.0015562274,
  "cx" : 514.96765,
  "t_02" : 0.67649996,
  "blur_score" : 41.994534
}