{
  "height" : 768,
  "cx" : 515.1976,
  "timestamp" : 1251246531412,
  "width" : 1024,
  "fy" : 712.8566,
  "t_03" : 1.8821272,
  "t_23" : -6.719092,
  "t_21" : 0.927737,
  "t_22" : 0.37249556,
  "fx" : 712.8566,
  "blur_score" : 59.073997,
  "manual_keyframe" : false,
  "t_11" : 0.026622213,
  "cy" : 384.89664,
  "t_13" : -1.2723588,
  "angular_velocity" : 3.4028235e+38,
  "t_12" : -0.003302081,
  "t_00" : 0.012980121,
  "t_10" : -0.99964005,
  "center_depth" : 3.4242904,
  "t_02" : -0.9280281,
  "t_20" : 0.02347685,
  "t_01" : 0.37228402
}