{
  "cy" : 385.02463,
  "height" : 768,
  "t_13" : -1.3016181,
  "timestamp" : 1251251063062,
  "manual_keyframe" : false,
  "angular_velocity" : 3.4028235e+38,
  "t_01" : 0.40781775,
  "t_02" : -0.91303974,
  "t_11" : 0.030725937,
  "blur_score" : 71.11819,
  "t_10" : -0.9995065,
  "center_depth" : 2.9144866,
  "t_03" : 2.4432356,
  "width" : 1024,
  "cx" : 515.0817,
  "t_12" : 0.006530394,
  "t_20" : 0.03071721,
  "fx" : 714.4544,
  "fy" : 714.4544,
  "t_21" : 0.9125463,
  "t_22" : 0.4078184,
  "t_23" : -6.7662067,
  "t_00" : 0.006571318
}