{
  "timestamp" : 1251291581308,
  "t_22" : -0.08977507,
  "t_12" : 0.55329454,
  "t_02" : -0.8281339,
  "t_20" : -0.024176659,
  "t_00" : -0.553562,
  "center_depth" : 1.1514683,
  "t_23" : -12.075142,
  "manual_keyframe" : false,
  "t_11" : 0.02967455,
  "cy" : 385.2668,
  "width" : 1024,
  "height" : 768,
  "t_13" : -1.4397402,
  "angular_velocity" : 3.4028235e+38,
  "t_03" : -4.4316616,
  "t_10" : -0.832457,
  "blur_score" : 56.787292,
  "t_21" : 0.9956687,
  "fx" : 716.8034,
  "t_01" : -0.08811068,
  "cx" : 514.6438,
  "fy" : 716.8034
}