{
  "t_22" : 0.96958303,
  "angular_velocity" : 3.4028235e+38,
  "fy" : 714.63385,
  "cx" : 515.2072,
  "t_02" : 0.22177085,
  "t_00" : 0.050590917,
  "t_20" : 0.09462975,
  "timestamp" : 1251046872174,
  "height" : 768,
  "blur_score" : 83.582664,
  "t_01" : 0.9737855,
  "center_depth" : 3.0655973,
  "t_21" : -0.22573002,
  "t_23" : 0.03487058,
  "width" : 1024,
  "t_13" : 0.08741464,
  "manual_keyframe" : false,
  "cy" : 384.6758,
  "fx" : 714.63385,
  "t_12" : 0.10356897,
  "t_03" : 0.11644114,
  "t_10" : -0.9942262,
  "t_11" : 0.028065974
}