{
  "t_10" : -0.67557496,
  "t_11" : 0.0762614,
  "t_23" : -10.345575,
  "blur_score" : 63.468525,
  "center_depth" : 0.5868806,
  "height" : 768,
  "t_01" : 0.08708132,
  "t_13" : -1.6321585,
  "t_00" : -0.7281554,
  "t_20" : 0.115706794,
  "t_22" : 0.0032997925,
  "fx" : 724.26794,
  "width" : 1024,
  "cx" : 514.46643,
  "fy" : 724.26794,
  "t_21" : 0.99327785,
  "t_02" : -0.6798577,
  "timestamp" : 1251308141785,
  "cy" : 385.27844,
  "t_12" : 0.7333366,
  "t_03" : -1.364543,
  "angular_velocity" : 3.4028235e+38,
  "manual_keyframe" : false
}