{
  "t_11" : 0.021652045,
  "t_13" : -1.3497283,
  "angular_velocity" : 3.4028235e+38,
  "t_23" : -8.975756,
  "t_20" : -0.26726225,
  "t_21" : 0.7982001,
  "blur_score" : 62.02698,
  "timestamp" : 1251327567861,
  "manual_keyframe" : false,
  "fx" : 714.63226,
  "width" : 1024,
  "t_12" : 0.46909302,
  "t_22" : -0.53985876,
  "height" : 768,
  "t_03" : -2.431861,
  "t_00" : -0.38611916,
  "fy" : 714.63226,
  "t_01" : -0.6020032,
  "cx" : 514.67975,
  "t_10" : -0.8828833,
  "cy" : 385.21472,
  "t_02" : -0.6989308,
  "center_depth" : 3.0417874
}