{
  "t_21" : 0.5812759,
  "blur_score" : 65.79309,
  "t_01" : 0.8126927,
  "t_02" : -0.5220354,
  "timestamp" : 1251050119524,
  "fy" : 714.3432,
  "cy" : 384.92978,
  "cx" : 514.263,
  "t_03" : -0.48563817,
  "t_22" : 0.6953621,
  "t_23" : 0.16396925,
  "angular_velocity" : 3.4028235e+38,
  "t_10" : -0.8685622,
  "t_11" : -0.040608767,
  "t_20" : -0.42259908,
  "width" : 1024,
  "manual_keyframe" : false,
  "t_00" : 0.25886214,
  "t_13" : 0.30605367,
  "t_12" : -0.4939135,
  "fx" : 714.3432,
  "height" : 768,
  "center_depth" : 1.6983085
}