{
  "t_12" : 0.516076,
  "t_21" : 0.2833145,
  "t_00" : -0.15015392,
  "height" : 768,
  "t_13" : -1.4173194,
  "angular_velocity" : 3.4028235e+38,
  "blur_score" : 64.19504,
  "cx" : 514.56537,
  "t_02" : -0.24029957,
  "manual_keyframe" : false,
  "center_depth" : 1.7071244,
  "width" : 1024,
  "t_23" : 2.023162,
  "t_11" : -0.0047949497,
  "cy" : 384.89697,
  "t_22" : 0.8221446,
  "timestamp" : 1251180894929,
  "t_01" : 0.9590152,
  "t_10" : -0.8565294,
  "fy" : 715.1945,
  "t_03" : -0.9934466,
  "t_20" : 0.49377245,
  "fx" : 715.1945
}