{
  "t_01" : 0.7688556,
  "fy" : 714.4591,
  "t_12" : 0.19108577,
  "width" : 1024,
  "t_20" : 0.15858924,
  "height" : 768,
  "timestamp" : 1251285217015,
  "manual_keyframe" : false,
  "t_02" : -0.6302023,
  "t_11" : 0.018520895,
  "fx" : 714.4591,
  "t_21" : 0.63915426,
  "blur_score" : 37.32451,
  "t_23" : -11.274202,
  "t_13" : -1.2878118,
  "t_00" : -0.10819538,
  "t_10" : -0.9813985,
  "t_22" : 0.75254995,
  "cx" : 515.1025,
  "angular_velocity" : 3.4028235e+38,
  "t_03" : -4.969926,
  "center_depth" : 2.1569848,
  "cy" : 385.0241
}