{
  "fy" : 724.6952,
  "width" : 1024,
  "t_00" : -0.23492149,
  "t_12" : 0.31174144,
  "t_03" : -0.035479587,
  "t_10" : -0.94999135,
  "t_21" : 0.7143824,
  "center_depth" : 0.5942414,
  "t_02" : -0.67489845,
  "t_20" : 0.20573863,
  "fx" : 724.6952,
  "angular_velocity" : 3.4028235e+38,
  "blur_score" : 50.507133,
  "timestamp" : 1251069054036,
  "manual_keyframe" : false,
  "t_01" : 0.699517,
  "cx" : 514.91565,
  "t_22" : 0.66882694,
  "t_23" : -1.0360239,
  "height" : 768,
  "t_11" : -0.018269138,
  "t_13" : -0.03427451,
  "cy" : 384.74054
}