{
  "manual_keyframe" : false,
  "t_20" : 0.54407895,
  "timestamp" : 1251211877662,
  "t_01" : 0.9882491,
  "t_10" : -0.83873063,
  "t_12" : 0.54082155,
  "cy" : 384.7046,
  "fx" : 718.99036,
  "t_13" : -1.4492321,
  "t_00" : 0.02256161,
  "height" : 768,
  "t_11" : -0.063584134,
  "t_23" : -4.454288,
  "blur_score" : 77.90466,
  "width" : 1024,
  "fy" : 718.99036,
  "angular_velocity" : 3.4028235e+38,
  "t_21" : -0.13899903,
  "t_22" : 0.8274403,
  "center_depth" : 1.2923784,
  "cx" : 514.3176,
  "t_03" : 2.4607816,
  "t_02" : 0.15117754
}