{
  "t_22" : -0.79399526,
  "angular_velocity" : 3.4028235e+38,
  "fy" : 713.1536,
  "cx" : 514.95886,
  "t_02" : 0.54672706,
  "t_00" : 0.09131385,
  "t_20" : -0.25903687,
  "timestamp" : 1251146073934,
  "height" : 768,
  "blur_score" : 46.987617,
  "t_01" : -0.8323167,
  "center_depth" : 2.4024284,
  "t_21" : -0.5499738,
  "t_23" : -4.7707515,
  "width" : 1024,
  "t_13" : -1.3077873,
  "manual_keyframe" : false,
  "cy" : 385.1036,
  "fx" : 713.1536,
  "t_12" : 0.26582098,
  "t_03" : -4.669652,
  "t_10" : -0.96154124,
  "t_11" : 0.06911971
}