{
  "t_23" : -1.2359629,
  "fx" : 712.3754,
  "t_03" : -1.6681213,
  "t_00" : -0.0622951,
  "t_20" : 0.09001541,
  "t_02" : -0.9195453,
  "t_01" : 0.38801527,
  "t_21" : 0.9197641,
  "t_11" : 0.058975924,
  "t_13" : -1.2482309,
  "angular_velocity" : 3.4028235e+38,
  "t_10" : -0.9939901,
  "blur_score" : 72.93577,
  "t_12" : 0.09222415,
  "height" : 768,
  "manual_keyframe" : false,
  "center_depth" : 4.3613844,
  "width" : 1024,
  "t_22" : 0.3820094,
  "timestamp" : 1251105790516,
  "cx" : 515.2545,
  "fy" : 712.3754,
  "cy" : 384.85272
}