{
  "t_22" : 0.6345983,
  "angular_velocity" : 3.4028235e+38,
  "fy" : 719.99725,
  "cx" : 514.82745,
  "t_02" : -0.30747557,
  "t_00" : -0.34938678,
  "t_20" : 0.6178037,
  "timestamp" : 1251248630632,
  "height" : 768,
  "blur_score" : 18.389399,
  "t_01" : 0.885092,
  "center_depth" : 0.9727203,
  "t_21" : 0.4643314,
  "t_23" : -6.769582,
  "width" : 1024,
  "t_13" : -1.5648224,
  "manual_keyframe" : false,
  "cy" : 384.628,
  "fx" : 719.99725,
  "t_12" : 0.7090443,
  "t_03" : 1.8408887,
  "t_11" : -0.031760756,
  "t_10" : -0.70444834
}