{
  "cy" : 385.10287,
  "height" : 768,
  "t_13" : -1.4419515,
  "timestamp" : 1251255328144,
  "manual_keyframe" : false,
  "angular_velocity" : 3.4028235e+38,
  "t_01" : 0.96933275,
  "t_02" : -0.2302223,
  "t_11" : 0.047242954,
  "blur_score" : 40.237785,
  "t_10" : -0.85414195,
  "center_depth" : 1.5527078,
  "t_03" : 4.3594418,
  "width" : 1024,
  "cx" : 514.6814,
  "t_12" : 0.51788956,
  "t_20" : 0.51288366,
  "fx" : 716.57306,
  "fy" : 716.57306,
  "t_21" : 0.24116853,
  "t_22" : 0.8238861,
  "t_23" : -6.8957443,
  "t_00" : -0.08597585
}