{
  "timestamp" : 1251307808576,
  "t_22" : 0.24966134,
  "t_12" : 0.6269114,
  "t_02" : -0.738005,
  "t_20" : 0.22140072,
  "t_00" : -0.5867583,
  "center_depth" : 0.6805249,
  "t_23" : -10.353178,
  "manual_keyframe" : false,
  "t_11" : 0.016903969,
  "cy" : 385.16144,
  "width" : 1024,
  "height" : 768,
  "t_13" : -1.5098474,
  "angular_velocity" : 3.4028235e+38,
  "t_10" : -0.7789072,
  "t_03" : -1.457865,
  "blur_score" : 61.77022,
  "t_21" : 0.9426829,
  "fx" : 723.0578,
  "fy" : 723.0578,
  "cx" : 514.8568,
  "t_01" : 0.33326167
}