{
  "height" : 768,
  "t_13" : -1.4008708,
  "angular_velocity" : 3.4028235e+38,
  "t_22" : -0.22538269,
  "blur_score" : 90.891914,
  "width" : 1024,
  "fx" : 714.3226,
  "fy" : 714.3226,
  "cx" : 515.00385,
  "t_20" : -0.11931557,
  "t_10" : -0.9115752,
  "t_01" : -0.2544672,
  "t_03" : 0.19176733,
  "t_12" : 0.41079283,
  "t_00" : -0.39343938,
  "t_11" : -0.016732767,
  "t_02" : -0.883432,
  "t_21" : 0.9669367,
  "cy" : 385.16025,
  "t_23" : -5.538906,
  "center_depth" : 2.2949638,
  "timestamp" : 1251205946563,
  "manual_keyframe" : false
}