{
  "cy" : 385.34784,
  "t_22" : -0.48974964,
  "t_12" : -0.20191056,
  "t_23" : -7.7562456,
  "t_20" : 0.17532666,
  "blur_score" : 51.9152,
  "t_01" : -0.5132733,
  "height" : 768,
  "t_02" : -0.8481612,
  "timestamp" : 1251274987493,
  "manual_keyframe" : false,
  "angular_velocity" : 3.4028235e+38,
  "fy" : 715.4899,
  "t_11" : 0.08452563,
  "fx" : 715.4899,
  "width" : 1024,
  "t_00" : 0.13104585,
  "t_10" : -0.97574973,
  "cx" : 514.7075,
  "t_13" : -1.1107597,
  "t_03" : -0.5422182,
  "center_depth" : 2.3256693,
  "t_21" : 0.8540526
}