{
  "t_12" : 0.22189783,
  "fy" : 715.17706,
  "t_01" : 0.8122171,
  "width" : 1024,
  "t_20" : 0.16377121,
  "height" : 768,
  "timestamp" : 1251271955290,
  "manual_keyframe" : false,
  "t_02" : 0.56305546,
  "t_11" : 0.029229766,
  "fx" : 715.17706,
  "t_21" : -0.58262265,
  "blur_score" : 62.98503,
  "t_23" : -7.188306,
  "t_13" : -1.3346512,
  "t_10" : -0.97463167,
  "t_00" : 0.15255168,
  "t_22" : 0.79607165,
  "cx" : 514.9746,
  "angular_velocity" : 3.4028235e+38,
  "t_03" : 0.45312673,
  "center_depth" : 2.506751,
  "cy" : 385.03204
}