{
  "timestamp" : 1251297345821,
  "t_22" : -0.9956272,
  "t_12" : 0.07205067,
  "t_02" : 0.059457004,
  "t_20" : -0.073565364,
  "t_00" : -0.023689736,
  "center_depth" : 1.6860585,
  "t_23" : -11.496964,
  "manual_keyframe" : false,
  "t_11" : 0.02796012,
  "cy" : 384.87125,
  "width" : 1024,
  "height" : 768,
  "t_13" : -1.2586904,
  "angular_velocity" : 3.4028235e+38,
  "t_03" : -4.874895,
  "t_10" : -0.99700904,
  "blur_score" : 54.32744,
  "t_21" : -0.05757233,
  "fx" : 715.7694,
  "fy" : 715.7694,
  "t_01" : -0.9979497,
  "cx" : 515.0589
}