{
  "t_22" : 0.059725404,
  "angular_velocity" : 3.4028235e+38,
  "t_02" : -0.875975,
  "t_21" : 0.9943487,
  "t_03" : -3.042693,
  "t_23" : -9.276706,
  "timestamp" : 1251301410967,
  "t_20" : 0.087770574,
  "cy" : 384.90405,
  "t_00" : -0.47303507,
  "center_depth" : 1.6657822,
  "fy" : 714.186,
  "cx" : 514.8157,
  "width" : 1024,
  "t_13" : -1.4390458,
  "t_10" : -0.8766608,
  "height" : 768,
  "t_01" : 0.09436986,
  "blur_score" : 48.649593,
  "manual_keyframe" : false,
  "t_11" : 0.048632625,
  "t_12" : 0.47864467,
  "fx" : 714.186
}