{
  "t_22" : 0.078700945,
  "angular_velocity" : 3.4028235e+38,
  "fy" : 729.344,
  "cx" : 515.4727,
  "t_00" : -0.24134667,
  "t_02" : -0.96815586,
  "t_20" : -0.04113494,
  "timestamp" : 1251072268070,
  "height" : 768,
  "blur_score" : 49.720757,
  "t_01" : 0.066529855,
  "center_depth" : 0.31305638,
  "t_21" : 0.9960492,
  "t_23" : -1.6052614,
  "width" : 1024,
  "t_13" : 0.10421848,
  "manual_keyframe" : false,
  "cy" : 385.39178,
  "fx" : 729.344,
  "t_12" : 0.23765646,
  "t_03" : 0.23596615,
  "t_10" : -0.96956676,
  "t_11" : -0.058819234
}