{
  "cy" : 384.94128,
  "t_22" : 0.9231503,
  "t_12" : 0.16428292,
  "t_23" : -9.723589,
  "t_20" : 0.1514136,
  "blur_score" : 67.24671,
  "t_01" : 0.9354625,
  "height" : 768,
  "t_02" : -0.34756938,
  "timestamp" : 1251304509809,
  "manual_keyframe" : false,
  "angular_velocity" : 3.4028235e+38,
  "fy" : 715.2088,
  "fx" : 715.2088,
  "t_11" : -0.006522211,
  "width" : 1024,
  "t_10" : -0.98639166,
  "t_00" : -0.06407292,
  "cx" : 514.9243,
  "t_13" : -1.2993165,
  "t_03" : -1.8998588,
  "center_depth" : 1.9600754,
  "t_21" : 0.3533656
}