{
  "t_22" : 0.060693387,
  "angular_velocity" : 3.4028235e+38,
  "fx" : 716.59845,
  "t_11" : 0.08391339,
  "t_00" : -0.16275094,
  "t_10" : -0.98205006,
  "cy" : 385.401,
  "t_03" : 0.32436606,
  "t_13" : -0.25919276,
  "t_02" : -0.9837582,
  "t_12" : 0.1689263,
  "t_21" : 0.9935928,
  "t_23" : -1.8516113,
  "width" : 1024,
  "height" : 768,
  "fy" : 716.59845,
  "t_01" : 0.07570937,
  "t_20" : 0.0953398,
  "center_depth" : 1.8013675,
  "blur_score" : 29.336617,
  "manual_keyframe" : false,
  "timestamp" : 1251071102358,
  "cx" : 515.0864
}