{
  "t_03" : -0.0652422,
  "t_22" : -0.5886499,
  "t_23" : 0.41886386,
  "t_21" : -0.80256224,
  "height" : 768,
  "timestamp" : 1251060128010,
  "cx" : 515.092,
  "cy" : 385.04773,
  "t_00" : 0.11463037,
  "t_01" : -0.5964932,
  "manual_keyframe" : false,
  "t_12" : 0.14978495,
  "fx" : 718.54724,
  "fy" : 718.54724,
  "t_11" : 0.009481639,
  "width" : 1024,
  "angular_velocity" : 3.4028235e+38,
  "blur_score" : 55.7767,
  "t_13" : 0.13159232,
  "center_depth" : 0.87843597,
  "t_02" : 0.7943902,
  "t_20" : -0.09687781,
  "t_10" : -0.9886731
}