{
  "t_22" : 0.9647079,
  "blur_score" : 78.71156,
  "t_13" : -1.2360537,
  "center_depth" : 2.1236298,
  "height" : 768,
  "t_01" : 0.96747714,
  "cy" : 385.06415,
  "angular_velocity" : 3.4028235e+38,
  "fx" : 712.8836,
  "t_02" : -0.2529313,
  "width" : 1024,
  "manual_keyframe" : false,
  "t_23" : -2.0166922,
  "timestamp" : 1251111219379,
  "t_03" : -0.34487283,
  "t_20" : 0.07667548,
  "t_12" : 0.07324363,
  "t_00" : 0.0037241015,
  "t_11" : 0.022986297,
  "cx" : 515.2144,
  "fy" : 712.8836,
  "t_10" : -0.99704915,
  "t_21" : 0.25191218
}