{
  "cy" : 384.99487,
  "t_03" : -3.3464034,
  "height" : 768,
  "angular_velocity" : 3.4028235e+38,
  "manual_keyframe" : false,
  "fx" : 713.781,
  "fy" : 713.781,
  "blur_score" : 108.13423,
  "center_depth" : 1.932833,
  "t_12" : 0.29709053,
  "t_21" : 0.9997566,
  "t_11" : -0.019288328,
  "cx" : 514.9991,
  "t_10" : -0.95465446,
  "t_01" : 0.010715362,
  "t_02" : -0.95471585,
  "t_20" : -0.015231447,
  "width" : 1024,
  "timestamp" : 1251167156405,
  "t_13" : -1.3674126,
  "t_22" : 0.01596437,
  "t_00" : -0.29732618,
  "t_23" : 1.1800475
}