{
  "center_depth" : 1.8362595,
  "timestamp" : 1251252662468,
  "t_00" : -0.60261554,
  "fx" : 718.3805,
  "cy" : 385.0088,
  "t_20" : -0.09888688,
  "t_01" : -0.16405848,
  "cx" : 514.7702,
  "t_13" : -1.5116978,
  "blur_score" : 43.733433,
  "height" : 768,
  "t_11" : 0.0016635286,
  "t_10" : -0.7918812,
  "width" : 1024,
  "t_22" : -0.13091731,
  "manual_keyframe" : false,
  "t_02" : -0.78098625,
  "t_03" : 3.175066,
  "t_12" : 0.6106729,
  "t_21" : 0.98644924,
  "fy" : 718.3805,
  "t_23" : -6.4606543,
  "angular_velocity" : 3.4028235e+38
}