{
  "fy" : 716.21893,
  "t_01" : -0.90946746,
  "t_00" : 0.12499798,
  "t_21" : -0.4137249,
  "blur_score" : 67.73486,
  "fx" : 716.21893,
  "t_11" : 0.041239362,
  "t_22" : -0.8332973,
  "cy" : 385.1251,
  "center_depth" : 1.8224771,
  "timestamp" : 1251171153072,
  "t_10" : -0.9219155,
  "cx" : 515.09424,
  "t_02" : 0.3965406,
  "t_20" : -0.36667073,
  "angular_velocity" : 3.4028235e+38,
  "t_12" : 0.38518986,
  "t_13" : -1.3930619,
  "width" : 1024,
  "t_23" : 2.073032,
  "height" : 768,
  "manual_keyframe" : false,
  "t_03" : -1.6307244
}