{
  "t_13" : -1.3024261,
  "t_00" : 0.2073309,
  "t_22" : 0.8052571,
  "width" : 1024,
  "fx" : 714.32886,
  "angular_velocity" : 3.4028235e+38,
  "blur_score" : 72.449234,
  "height" : 768,
  "cx" : 513.913,
  "timestamp" : 1251102326701,
  "t_11" : 0.0808967,
  "cy" : 385.51825,
  "t_01" : 0.96510905,
  "t_03" : -1.4029675,
  "t_10" : -0.81699026,
  "t_20" : 0.53809,
  "fy" : 714.32886,
  "t_21" : -0.24903847,
  "t_23" : -0.8010328,
  "t_02" : 0.15993232,
  "center_depth" : 2.230431,
  "t_12" : 0.5709489,
  "manual_keyframe" : false
}