{
  "t_02" : 0.40669468,
  "cx" : 514.7775,
  "blur_score" : 12.5617285,
  "center_depth" : 1.0793338,
  "cy" : 384.70514,
  "height" : 768,
  "t_01" : -0.9126609,
  "t_03" : 2.7292886,
  "timestamp" : 1251267290360,
  "fy" : 717.2163,
  "manual_keyframe" : false,
  "t_20" : -0.25095084,
  "t_23" : -6.7303786,
  "t_22" : -0.8799838,
  "width" : 1024,
  "fx" : 717.2163,
  "t_12" : 0.24541397,
  "t_10" : -0.9671473,
  "t_13" : -1.3684396,
  "t_21" : -0.40330166,
  "t_11" : 0.06631795,
  "t_00" : 0.04061713,
  "angular_velocity" : 3.4028235e+38
}