{
  "t_01" : -0.8811219,
  "t_23" : -2.8694634,
  "angular_velocity" : 3.4028235e+38,
  "t_10" : -0.91799253,
  "t_21" : 0.46867096,
  "timestamp" : 1251153551061,
  "t_22" : -0.82370067,
  "fx" : 713.5285,
  "t_11" : 0.06302372,
  "t_12" : 0.39155802,
  "fy" : 713.5285,
  "t_02" : -0.41012165,
  "center_depth" : 2.3718996,
  "cx" : 514.95197,
  "width" : 1024,
  "t_03" : -3.737953,
  "t_00" : -0.23542455,
  "t_13" : -1.4089335,
  "t_20" : -0.31916294,
  "blur_score" : 78.57448,
  "cy" : 385.4836,
  "height" : 768,
  "manual_keyframe" : false
}