{
  "t_21" : -0.15472467,
  "t_01" : -0.98679054,
  "cx" : 514.9959,
  "angular_velocity" : 3.4028235e+38,
  "t_23" : -4.3058815,
  "t_22" : -0.98353034,
  "t_20" : -0.09342659,
  "fy" : 714.13043,
  "t_11" : 0.048008412,
  "t_03" : -5.0631447,
  "fx" : 714.13043,
  "t_12" : 0.08696872,
  "manual_keyframe" : false,
  "t_00" : -0.03376152,
  "t_10" : -0.9950536,
  "blur_score" : 56.588898,
  "width" : 1024,
  "t_02" : 0.15844458,
  "t_13" : -1.2478802,
  "center_depth" : 1.8497385,
  "height" : 768,
  "cy" : 384.9303,
  "timestamp" : 1251147522732
}