{
  "t_03" : 0.057698436,
  "t_22" : 0.07589251,
  "t_23" : 0.24001482,
  "t_21" : -0.9950668,
  "height" : 768,
  "timestamp" : 1251062925721,
  "cx" : 515.3535,
  "cy" : 384.8275,
  "t_00" : 0.25247398,
  "t_01" : 0.089692,
  "manual_keyframe" : false,
  "t_12" : 0.25695932,
  "fx" : 715.22473,
  "fy" : 715.22473,
  "t_11" : -0.04239806,
  "width" : 1024,
  "angular_velocity" : 3.4028235e+38,
  "blur_score" : 69.09556,
  "t_13" : -0.29069775,
  "center_depth" : 1.7940964,
  "t_02" : 0.96343774,
  "t_20" : 0.0638951,
  "t_10" : -0.9654917
}