{
  "center_depth" : 1.2936302,
  "timestamp" : 1251173950737,
  "t_00" : 0.009608347,
  "cy" : 384.87234,
  "fx" : 717.1719,
  "t_20" : -0.038025655,
  "t_01" : -0.9983771,
  "cx" : 515.02264,
  "t_13" : -1.3008019,
  "blur_score" : 41.538433,
  "height" : 768,
  "t_11" : -0.0074515855,
  "t_10" : -0.99923056,
  "width" : 1024,
  "t_22" : -0.9976806,
  "manual_keyframe" : false,
  "t_02" : 0.05613249,
  "t_12" : 0.038506422,
  "t_03" : -1.8405659,
  "t_21" : -0.056459308,
  "fy" : 717.1719,
  "t_23" : 2.5712597,
  "angular_velocity" : 3.4028235e+38
}