{
  "angular_velocity" : 3.4028235e+38,
  "cy" : 386.05328,
  "center_depth" : 0.6367246,
  "width" : 1024,
  "t_23" : 1.6523702,
  "t_03" : 0.22714043,
  "t_22" : -0.28705272,
  "timestamp" : 1251083741989,
  "manual_keyframe" : false,
  "t_00" : 0.07955429,
  "fx" : 722.26044,
  "t_12" : 0.17073026,
  "fy" : 722.26044,
  "t_20" : -0.3035076,
  "t_21" : -0.90856147,
  "t_10" : -0.94950217,
  "t_13" : 0.12715144,
  "t_01" : -0.32437512,
  "height" : 768,
  "t_11" : 0.2632431,
  "cx" : 514.6834,
  "t_02" : 0.9425773,
  "blur_score" : 42.72255
}