{
  "height" : 768,
  "t_00" : -0.11627964,
  "t_22" : 0.89507174,
  "t_01" : 0.97526085,
  "t_11" : -0.03103637,
  "t_02" : -0.18800382,
  "t_12" : 0.4043529,
  "cx" : 515.12695,
  "t_10" : -0.91407627,
  "blur_score" : 38.998077,
  "width" : 1024,
  "t_03" : -4.6575336,
  "timestamp" : 1251284417313,
  "t_20" : 0.38851458,
  "t_13" : -1.4087608,
  "t_21" : 0.21886787,
  "fy" : 714.0398,
  "fx" : 714.0398,
  "t_23" : -10.856852,
  "angular_velocity" : 3.4028235e+38,
  "cy" : 384.95422,
  "center_depth" : 2.3503227,
  "manual_keyframe" : false
}