{
  "height" : 768,
  "t_00" : -0.32159498,
  "t_22" : -0.6814418,
  "t_12" : -0.34799173,
  "t_11" : 0.1086158,
  "t_01" : -0.6942895,
  "t_02" : 0.6438469,
  "cx" : 514.9775,
  "t_10" : -0.93118435,
  "blur_score" : 24.832571,
  "width" : 1024,
  "t_03" : 2.6593168,
  "timestamp" : 1251268456592,
  "t_20" : 0.17167507,
  "t_13" : -1.201978,
  "t_21" : -0.7114526,
  "fy" : 717.1846,
  "fx" : 717.1846,
  "t_23" : -6.941826,
  "angular_velocity" : 3.4028235e+38,
  "cy" : 385.33267,
  "center_depth" : 1.3350737,
  "manual_keyframe" : false
}