{
  "width" : 1024,
  "t_13" : -1.1375973,
  "t_23" : -6.5844784,
  "timestamp" : 1251201514906,
  "height" : 768,
  "cy" : 385.12848,
  "manual_keyframe" : false,
  "t_00" : -0.2628128,
  "t_12" : -0.26623908,
  "t_10" : -0.9586242,
  "t_02" : 0.69164044,
  "angular_velocity" : 3.4028235e+38,
  "t_11" : 0.100779206,
  "fx" : 711.7655,
  "t_03" : -0.96848404,
  "t_20" : 0.1094035,
  "t_21" : -0.7329942,
  "t_01" : -0.67272806,
  "center_depth" : 5.4740057,
  "t_22" : -0.67137945,
  "cx" : 515.00354,
  "fy" : 711.7655,
  "blur_score" : 83.99387
}