{
  "t_02" : 0.04736327,
  "cx" : 515.0395,
  "blur_score" : 34.8923,
  "center_depth" : 0.54418343,
  "cy" : 384.34067,
  "height" : 768,
  "t_01" : -0.99853176,
  "t_03" : 0.5825172,
  "timestamp" : 1251243365921,
  "fy" : 719.3604,
  "manual_keyframe" : false,
  "t_20" : -0.19086601,
  "t_23" : -7.1721053,
  "t_22" : -0.9802631,
  "width" : 1024,
  "fx" : 719.3604,
  "t_12" : 0.19194023,
  "t_10" : -0.981264,
  "t_13" : -1.3088826,
  "t_21" : -0.051521912,
  "t_11" : -0.016730607,
  "t_00" : 0.02628952,
  "angular_velocity" : 3.4028235e+38
}