{
  "cy" : 384.92664,
  "t_01" : -0.68514794,
  "cx" : 515.221,
  "center_depth" : 1.5496225,
  "t_12" : 0.04665481,
  "timestamp" : 1251263458452,
  "t_23" : -6.970331,
  "t_20" : -0.052000795,
  "width" : 1024,
  "t_13" : -1.2899076,
  "height" : 768,
  "t_22" : -0.6837255,
  "t_10" : -0.9985321,
  "t_21" : -0.7278843,
  "fy" : 715.7345,
  "t_00" : 0.015148805,
  "fx" : 715.7345,
  "t_02" : 0.7282465,
  "angular_velocity" : 3.4028235e+38,
  "blur_score" : 31.366873,
  "t_11" : 0.027511764,
  "manual_keyframe" : false,
  "t_03" : 4.306064
}