{
  "t_22" : 0.9761382,
  "blur_score" : 82.68173,
  "t_13" : -1.287157,
  "center_depth" : 2.0397918,
  "height" : 768,
  "t_01" : 0.9953059,
  "cy" : 385.26904,
  "angular_velocity" : 3.4028235e+38,
  "fx" : 713.76196,
  "t_02" : -0.09633204,
  "width" : 1024,
  "manual_keyframe" : false,
  "t_23" : -2.080119,
  "timestamp" : 1251111469173,
  "t_03" : -0.2061013,
  "t_20" : 0.19639592,
  "t_00" : 0.009287069,
  "t_12" : 0.19461364,
  "cx" : 515.04065,
  "t_11" : 0.027984684,
  "fy" : 713.76196,
  "t_10" : -0.9804806,
  "t_21" : 0.09264434
}