{
  "width" : 1024,
  "fx" : 714.31464,
  "angular_velocity" : 3.4028235e+38,
  "cx" : 515.4967,
  "t_12" : -0.33982787,
  "t_11" : 0.06383078,
  "t_02" : -0.16446956,
  "t_23" : 0.0072743446,
  "height" : 768,
  "manual_keyframe" : false,
  "t_10" : -0.938319,
  "t_22" : 0.92599505,
  "t_20" : -0.32195082,
  "t_13" : 0.26474977,
  "t_01" : 0.97828674,
  "timestamp" : 1251049253565,
  "center_depth" : 1.8315808,
  "blur_score" : 68.42563,
  "cy" : 385.45685,
  "t_03" : -0.4422765,
  "fy" : 714.31464,
  "t_21" : 0.19718233,
  "t_00" : 0.12611502
}