{
  "fy" : 713.1648,
  "t_00" : -0.075277105,
  "t_01" : -0.84106255,
  "t_21" : -0.533711,
  "blur_score" : 48.674984,
  "fx" : 713.1648,
  "t_11" : 0.08812695,
  "t_22" : -0.84442306,
  "cy" : 385.3053,
  "center_depth" : 2.0373178,
  "timestamp" : 1251147123064,
  "t_10" : -0.99610794,
  "cx" : 515.21985,
  "t_02" : 0.5356745,
  "t_20" : -0.045851037,
  "angular_velocity" : 3.4028235e+38,
  "t_12" : -0.0016126328,
  "t_13" : -1.1951708,
  "width" : 1024,
  "t_23" : -4.553952,
  "height" : 768,
  "manual_keyframe" : false,
  "t_03" : -4.965302
}