{
  "t_22" : -0.66521263,
  "angular_velocity" : 3.4028235e+38,
  "t_02" : -0.6276504,
  "t_21" : 0.6764141,
  "t_03" : 0.6356728,
  "t_23" : -7.0651264,
  "timestamp" : 1251244132303,
  "t_20" : -0.31615844,
  "cy" : 384.92557,
  "t_00" : -0.25389707,
  "center_depth" : 0.9410403,
  "fy" : 722.64484,
  "cx" : 515.1134,
  "width" : 1024,
  "t_10" : -0.9141007,
  "t_13" : -1.396159,
  "height" : 768,
  "t_01" : -0.7359289,
  "blur_score" : 31.540325,
  "manual_keyframe" : false,
  "t_11" : -0.029541409,
  "t_12" : 0.40440968,
  "fx" : 722.64484
}