{
  "fy" : 712.5216,
  "width" : 1024,
  "t_00" : 0.0408931,
  "t_12" : 0.026754389,
  "t_03" : -1.2416097,
  "t_10" : -0.9986568,
  "t_21" : 0.11766826,
  "center_depth" : 4.6350455,
  "t_02" : -0.118922055,
  "t_20" : 0.03181881,
  "fx" : 712.5216,
  "angular_velocity" : 3.4028235e+38,
  "blur_score" : 59.531708,
  "timestamp" : 1251193218073,
  "manual_keyframe" : false,
  "t_01" : 0.99206126,
  "cx" : 515.1211,
  "t_22" : 0.9925432,
  "t_23" : -4.932001,
  "height" : 768,
  "t_11" : 0.044372123,
  "t_13" : -1.2416662,
  "cy" : 385.2927
}