{
  "fy" : 721.09155,
  "width" : 1024,
  "t_00" : -0.24803324,
  "t_12" : 0.3173137,
  "t_03" : 0.0017532688,
  "t_10" : -0.94751656,
  "t_21" : 0.69700396,
  "center_depth" : 0.39695552,
  "t_02" : -0.65254754,
  "t_20" : 0.20172173,
  "fx" : 721.09155,
  "angular_velocity" : 3.4028235e+38,
  "blur_score" : 53.57485,
  "timestamp" : 1251068904159,
  "manual_keyframe" : false,
  "t_01" : 0.71600354,
  "cx" : 514.9442,
  "t_22" : 0.68810874,
  "t_23" : -0.9484043,
  "height" : 768,
  "t_11" : -0.039040837,
  "t_13" : -0.045452006,
  "cy" : 384.66223
}