{
  "t_13" : -1.3428744,
  "t_00" : 0.18131459,
  "t_22" : 0.0435798,
  "width" : 1024,
  "fx" : 713.2775,
  "angular_velocity" : 3.4028235e+38,
  "blur_score" : 62.081493,
  "height" : 768,
  "cx" : 515.10046,
  "timestamp" : 1251265157820,
  "cy" : 385.10327,
  "t_11" : 0.02309177,
  "t_01" : 0.040061787,
  "t_03" : 3.6889465,
  "t_10" : -0.9833036,
  "t_20" : -0.015458969,
  "fy" : 713.2775,
  "t_21" : -0.9989304,
  "t_23" : -6.5425296,
  "t_02" : 0.98260885,
  "center_depth" : 4.622179,
  "t_12" : 0.18050133,
  "manual_keyframe" : false
}