{
  "t_03" : 0.28424054,
  "t_13" : 0.3249079,
  "t_01" : 0.075068496,
  "t_02" : 0.83960015,
  "cy" : 385.0686,
  "fx" : 719.44617,
  "t_21" : -0.9700573,
  "t_22" : -0.06348519,
  "angular_velocity" : 3.4028235e+38,
  "center_depth" : 0.7479741,
  "manual_keyframe" : false,
  "t_12" : -0.5394824,
  "t_00" : -0.5379929,
  "t_10" : -0.8096944,
  "fy" : 719.44617,
  "timestamp" : 1251083075869,
  "t_23" : 1.7513928,
  "blur_score" : 37.38942,
  "t_11" : 0.23098399,
  "cx" : 513.22687,
  "height" : 768,
  "width" : 1024,
  "t_20" : -0.23443234
}