{
  "t_22" : 0.015149949,
  "angular_velocity" : 3.4028235e+38,
  "fy" : 717.08136,
  "cx" : 513.7606,
  "t_02" : -0.7815213,
  "t_00" : -0.6155103,
  "t_20" : 0.14446689,
  "timestamp" : 1251249763545,
  "height" : 768,
  "blur_score" : 35.479473,
  "t_01" : 0.10184104,
  "center_depth" : 1.6631634,
  "t_21" : 0.9893937,
  "t_23" : -6.7443457,
  "width" : 1024,
  "t_13" : -1.542198,
  "manual_keyframe" : false,
  "cy" : 385.10992,
  "fx" : 717.08136,
  "t_10" : -0.7747751,
  "t_03" : 2.0073624,
  "t_11" : 0.10357899,
  "t_12" : 0.62369466
}