{
  "cy" : 385.08377,
  "t_00" : 0.18142268,
  "t_11" : 0.044618323,
  "t_10" : -0.97778654,
  "t_01" : 0.66949624,
  "t_12" : 0.20479913,
  "fy" : 713.1441,
  "t_22" : 0.66271913,
  "center_depth" : 3.1215398,
  "width" : 1024,
  "height" : 768,
  "t_02" : 0.7203198,
  "timestamp" : 1251220607724,
  "t_03" : 0.35928214,
  "fx" : 713.1441,
  "t_23" : -5.573887,
  "manual_keyframe" : false,
  "angular_velocity" : 3.4028235e+38,
  "cx" : 515.1406,
  "t_13" : -1.3449843,
  "t_20" : 0.10497277,
  "blur_score" : 50.93006,
  "t_21" : -0.7414743
}