{
  "center_depth" : 1.864484,
  "manual_keyframe" : false,
  "t_01" : -0.97677857,
  "t_21" : -0.2114909,
  "t_00" : 0.11867421,
  "t_03" : -1.5263815,
  "timestamp" : 1251315439058,
  "t_20" : -0.6672964,
  "cy" : 385.4507,
  "t_22" : -0.7141339,
  "width" : 1024,
  "fy" : 715.7075,
  "height" : 768,
  "t_10" : -0.7352768,
  "t_12" : 0.67689925,
  "cx" : 514.89355,
  "t_23" : -10.624435,
  "t_02" : 0.17838237,
  "t_13" : -1.47807,
  "fx" : 715.7075,
  "t_11" : 0.034284618,
  "blur_score" : 75.15539,
  "angular_velocity" : 3.4028235e+38
}