{
  "t_13" : -1.4430517,
  "t_00" : 0.49730167,
  "t_22" : 0.0062989295,
  "width" : 1024,
  "fx" : 713.62054,
  "angular_velocity" : 3.4028235e+38,
  "blur_score" : 43.175835,
  "height" : 768,
  "cx" : 515.1592,
  "timestamp" : 1251265924201,
  "cy" : 385.15573,
  "t_11" : -0.03228264,
  "t_01" : 0.025793571,
  "t_03" : 3.3339531,
  "t_10" : -0.86661583,
  "t_20" : 0.04083873,
  "fy" : 713.62054,
  "t_21" : -0.9991458,
  "t_23" : -6.4692297,
  "t_02" : 0.8671941,
  "center_depth" : 2.587773,
  "t_12" : 0.4979303,
  "manual_keyframe" : false
}