{
  "cx" : 515.1044,
  "t_20" : -0.045474246,
  "width" : 1024,
  "t_11" : 0.024266228,
  "manual_keyframe" : false,
  "t_22" : 0.6232326,
  "height" : 768,
  "fx" : 714.04144,
  "blur_score" : 44.351128,
  "fy" : 714.04144,
  "timestamp" : 1251093467327,
  "t_23" : 0.06253433,
  "t_10" : -0.9988026,
  "t_00" : -0.01804108,
  "t_12" : -0.04247985,
  "cy" : 385.13095,
  "t_02" : 0.780882,
  "t_13" : 0.08264601,
  "t_03" : 0.008676231,
  "t_01" : 0.62441814,
  "t_21" : -0.7807133,
  "angular_velocity" : 3.4028235e+38,
  "center_depth" : 3.0207696
}