{
  "height" : 768,
  "t_00" : -0.07175256,
  "t_22" : -0.9630733,
  "t_01" : -0.9862906,
  "t_11" : 0.037014272,
  "t_02" : -0.14860183,
  "t_12" : 0.2245158,
  "cx" : 515.25073,
  "t_10" : -0.9737672,
  "blur_score" : 50.833084,
  "width" : 1024,
  "t_03" : -4.892823,
  "timestamp" : 1251297645708,
  "t_20" : -0.2159374,
  "t_13" : -1.3116428,
  "t_21" : 0.16081318,
  "fy" : 714.76575,
  "fx" : 714.76575,
  "t_23" : -11.298969,
  "angular_velocity" : 3.4028235e+38,
  "cy" : 384.6499,
  "center_depth" : 1.765135,
  "manual_keyframe" : false
}