{
  "t_21" : -0.96428365,
  "t_01" : -0.25722483,
  "cx" : 515.0078,
  "angular_velocity" : 3.4028235e+38,
  "t_23" : 2.7811224,
  "t_22" : -0.25230542,
  "t_20" : -0.080617525,
  "fy" : 714.9022,
  "fx" : 714.9022,
  "t_11" : 0.063186966,
  "t_03" : -0.33506978,
  "t_12" : 0.076454304,
  "manual_keyframe" : false,
  "t_00" : 0.05778122,
  "t_10" : -0.99506897,
  "blur_score" : 59.636284,
  "width" : 1024,
  "t_02" : 0.9646227,
  "t_13" : -0.7862383,
  "center_depth" : 1.7134175,
  "height" : 768,
  "cy" : 385.40793,
  "timestamp" : 1251087971847
}