{
  "cy" : 384.83548,
  "t_23" : -9.617631,
  "angular_velocity" : 3.4028235e+38,
  "height" : 768,
  "t_03" : -1.9558326,
  "t_11" : 0.0013255707,
  "t_13" : -1.2354399,
  "t_20" : -0.034000672,
  "center_depth" : 2.0756567,
  "manual_keyframe" : false,
  "fy" : 714.7673,
  "t_10" : -0.9991969,
  "t_02" : -0.500302,
  "t_01" : 0.8655912,
  "t_21" : 0.50074923,
  "t_22" : 0.8649244,
  "blur_score" : 77.367935,
  "width" : 1024,
  "t_00" : 0.021199744,
  "t_12" : -0.040046442,
  "cx" : 515.0895,
  "fx" : 714.7673,
  "timestamp" : 1251304243242
}