{
  "t_12" : 0.15124656,
  "t_01" : -0.99836355,
  "fy" : 715.7615,
  "width" : 1024,
  "t_20" : -0.1500587,
  "height" : 768,
  "timestamp" : 1251297512425,
  "manual_keyframe" : false,
  "t_02" : -0.050677605,
  "t_11" : 0.018555382,
  "fx" : 715.7615,
  "t_21" : 0.054093692,
  "blur_score" : 52.353,
  "t_23" : -11.3910885,
  "t_13" : -1.290191,
  "t_00" : -0.026499292,
  "t_10" : -0.98832196,
  "t_22" : -0.9871963,
  "cx" : 515.218,
  "angular_velocity" : 3.4028235e+38,
  "t_03" : -4.8999443,
  "center_depth" : 1.7072064,
  "cy" : 384.75107
}