{
  "t_22" : 0.062089555,
  "angular_velocity" : 3.4028235e+38,
  "fy" : 716.16016,
  "cx" : 514.5022,
  "t_00" : -0.35871696,
  "t_02" : -0.9287214,
  "t_20" : 0.09895161,
  "timestamp" : 1251250330001,
  "height" : 768,
  "blur_score" : 37.700527,
  "t_01" : 0.09380177,
  "center_depth" : 1.984383,
  "t_21" : 0.99315333,
  "t_23" : -6.7694793,
  "width" : 1024,
  "t_13" : -1.4366536,
  "manual_keyframe" : false,
  "cy" : 385.5045,
  "fx" : 716.16016,
  "t_10" : -0.9281867,
  "t_03" : 2.1631694,
  "t_11" : 0.06962591,
  "t_12" : 0.36554277
}