{
  "cx" : 514.999,
  "t_20" : -0.32125363,
  "width" : 1024,
  "t_11" : 0.02030526,
  "manual_keyframe" : false,
  "t_22" : -0.5846397,
  "height" : 768,
  "fx" : 715.4518,
  "blur_score" : 73.48383,
  "fy" : 715.4518,
  "timestamp" : 1251172868308,
  "t_23" : 2.3013558,
  "t_10" : -0.8869187,
  "t_00" : 0.33192044,
  "t_12" : 0.4614789,
  "cy" : 385.31226,
  "t_02" : 0.66725826,
  "t_13" : -1.3915176,
  "t_03" : -1.4649544,
  "t_01" : -0.66677964,
  "t_21" : -0.74497825,
  "angular_velocity" : 3.4028235e+38,
  "center_depth" : 1.8419625
}