{
  "fy" : 714.04626,
  "width" : 1024,
  "t_00" : -0.028901305,
  "t_12" : -0.04266847,
  "t_03" : -1.9802928,
  "t_10" : -0.9980973,
  "t_21" : 0.31206915,
  "center_depth" : 1.8997426,
  "t_02" : -0.31389958,
  "t_20" : -0.05446448,
  "fx" : 714.04626,
  "angular_velocity" : 3.4028235e+38,
  "blur_score" : 105.43249,
  "timestamp" : 1251176332081,
  "manual_keyframe" : false,
  "t_01" : 0.94901615,
  "cx" : 515.1414,
  "t_22" : 0.94849694,
  "t_23" : 3.168982,
  "height" : 768,
  "t_11" : -0.044509176,
  "t_13" : -1.2015183,
  "cy" : 384.9798
}