{
  "width" : 1024,
  "fx" : 714.0669,
  "angular_velocity" : 3.4028235e+38,
  "t_11" : 0.050098408,
  "t_12" : -0.11234764,
  "cx" : 514.8917,
  "t_02" : -0.4563543,
  "t_23" : -0.120243415,
  "height" : 768,
  "manual_keyframe" : false,
  "t_10" : -0.99240524,
  "t_22" : -0.8826771,
  "t_20" : 0.122826464,
  "t_13" : 0.18205811,
  "t_01" : -0.88977265,
  "timestamp" : 1251055565075,
  "center_depth" : 2.0740552,
  "blur_score" : 72.945366,
  "fy" : 714.0669,
  "t_03" : -0.29313257,
  "cy" : 384.50027,
  "t_21" : 0.45364618,
  "t_00" : 0.0067453645
}