{
  "t_02" : 0.384809,
  "cx" : 515.1291,
  "blur_score" : 56.94972,
  "center_depth" : 1.5971411,
  "cy" : 385.29544,
  "height" : 768,
  "t_01" : -0.9027104,
  "t_03" : -1.6242344,
  "timestamp" : 1251173284627,
  "fy" : 715.447,
  "manual_keyframe" : false,
  "t_20" : -0.41573942,
  "t_23" : 2.3567216,
  "t_22" : -0.80129904,
  "width" : 1024,
  "fx" : 715.447,
  "t_12" : 0.4580851,
  "t_10" : -0.8888896,
  "t_13" : -1.4015268,
  "t_21" : -0.43021,
  "t_11" : 0.0057723764,
  "t_00" : 0.19244735,
  "angular_velocity" : 3.4028235e+38
}