{
  "t_21" : 0.75485736,
  "t_01" : -0.6536689,
  "cx" : 514.9359,
  "angular_velocity" : 3.4028235e+38,
  "t_23" : 0.7679192,
  "t_22" : -0.61610985,
  "t_20" : -0.22494239,
  "fy" : 712.9646,
  "fx" : 712.9646,
  "t_11" : 0.053920045,
  "t_03" : -4.256149,
  "t_12" : 0.4000896,
  "manual_keyframe" : false,
  "t_00" : -0.33523124,
  "t_10" : -0.9148885,
  "blur_score" : 200.01749,
  "width" : 1024,
  "t_02" : -0.6784815,
  "t_13" : -1.3599111,
  "center_depth" : 2.3646345,
  "height" : 768,
  "cy" : 385.26624,
  "timestamp" : 1251159645993
}