{
  "cy" : 385.3094,
  "t_01" : 0.9338726,
  "cx" : 515.1386,
  "center_depth" : 3.2682874,
  "t_12" : 0.005024379,
  "timestamp" : 1251221374104,
  "t_23" : -5.845233,
  "t_20" : 0.009925281,
  "width" : 1024,
  "t_13" : -1.2762098,
  "height" : 768,
  "t_22" : 0.9339347,
  "t_10" : -0.9998802,
  "t_21" : -0.3573061,
  "fx" : 713.4396,
  "t_00" : -0.01187936,
  "fy" : 713.4396,
  "t_02" : 0.35740864,
  "angular_velocity" : 3.4028235e+38,
  "blur_score" : 57.908375,
  "t_11" : -0.014641928,
  "manual_keyframe" : false,
  "t_03" : 0.013057053
}