{
  "width" : 1024,
  "fx" : 713.7429,
  "angular_velocity" : 3.4028235e+38,
  "t_11" : 0.031455815,
  "t_12" : 0.1358075,
  "cx" : 515.36053,
  "t_02" : 0.2223169,
  "t_23" : 0.90968305,
  "height" : 768,
  "manual_keyframe" : false,
  "t_10" : -0.99023575,
  "t_22" : -0.96546966,
  "t_20" : -0.13940199,
  "t_13" : 0.02337971,
  "t_01" : -0.97497433,
  "timestamp" : 1251078263153,
  "center_depth" : 2.634431,
  "blur_score" : 48.652294,
  "fy" : 713.7429,
  "t_03" : 0.36262596,
  "cy" : 385.16797,
  "t_21" : -0.22008085,
  "t_00" : -0.000481012
}