{
  "t_13" : -1.2372596,
  "t_21" : 0.18257472,
  "cy" : 385.1695,
  "t_00" : -0.12371535,
  "t_11" : 0.10445686,
  "width" : 1024,
  "timestamp" : 1251144158854,
  "manual_keyframe" : false,
  "t_20" : -0.09746298,
  "cx" : 515.0824,
  "t_01" : -0.9776274,
  "center_depth" : 3.5972214,
  "t_10" : -0.98751986,
  "t_03" : -4.715111,
  "t_12" : 0.11786977,
  "t_23" : -5.2134337,
  "blur_score" : 98.12444,
  "t_02" : -0.1701155,
  "fy" : 712.65967,
  "t_22" : -0.9783494,
  "fx" : 712.65967,
  "angular_velocity" : 3.4028235e+38,
  "height" : 768
}