{
  "height" : 768,
  "t_00" : -0.4124463,
  "t_22" : 0.27542314,
  "t_12" : 0.46234366,
  "t_01" : 0.34569883,
  "t_02" : -0.8428407,
  "t_11" : 0.072907254,
  "cx" : 515.25385,
  "t_10" : -0.88369834,
  "blur_score" : 64.71193,
  "width" : 1024,
  "t_03" : -0.55499446,
  "timestamp" : 1251276153725,
  "t_20" : 0.22128084,
  "t_13" : -1.3849883,
  "t_21" : 0.9355089,
  "fy" : 716.1459,
  "fx" : 716.1459,
  "t_23" : -7.5667458,
  "angular_velocity" : 3.4028235e+38,
  "cy" : 385.07095,
  "center_depth" : 1.453392,
  "manual_keyframe" : false
}