{
  "angular_velocity" : 3.4028235e+38,
  "t_23" : -6.7339377,
  "cx" : 515.32855,
  "fy" : 712.5914,
  "t_11" : 0.04159401,
  "t_00" : 0.24373035,
  "t_22" : 0.24270833,
  "t_21" : -0.9699193,
  "fx" : 712.5914,
  "center_depth" : 3.667291,
  "width" : 1024,
  "t_13" : -1.3576409,
  "blur_score" : 61.345375,
  "cy" : 385.17664,
  "t_03" : 2.0158246,
  "t_02" : 0.9397176,
  "height" : 768,
  "t_12" : 0.24088103,
  "timestamp" : 1251270089318,
  "t_01" : 0.23984686,
  "t_10" : -0.96966296,
  "t_20" : 0.018687945,
  "manual_keyframe" : false
}