{
  "cx" : 515.15594,
  "t_21" : 0.6788985,
  "fx" : 714.3416,
  "t_10" : -0.8646445,
  "t_00" : -0.3905191,
  "angular_velocity" : 3.4028235e+38,
  "height" : 768,
  "fy" : 714.3416,
  "t_11" : 0.081421345,
  "width" : 1024,
  "t_02" : -0.5612731,
  "t_01" : -0.7297036,
  "t_03" : -4.9484425,
  "t_13" : -1.4100296,
  "center_depth" : 1.3513713,
  "manual_keyframe" : false,
  "t_22" : -0.66273093,
  "t_23" : -11.841296,
  "t_20" : -0.31604534,
  "t_12" : 0.49574223,
  "blur_score" : 50.43371,
  "timestamp" : 1251290581681,
  "cy" : 385.01138
}