{
  "angular_velocity" : 3.4028235e+38,
  "t_23" : -6.764491,
  "cx" : 515.18054,
  "fy" : 713.403,
  "t_11" : 0.07064783,
  "t_00" : 0.37884036,
  "t_22" : 0.37458518,
  "t_21" : -0.92334956,
  "fx" : 713.403,
  "center_depth" : 2.5002346,
  "width" : 1024,
  "t_13" : -1.4040244,
  "blur_score" : 87.681274,
  "cy" : 385.10318,
  "t_03" : 1.6229241,
  "t_02" : 0.84501207,
  "height" : 768,
  "t_12" : 0.38162872,
  "timestamp" : 1251270555811,
  "t_01" : 0.377405,
  "t_10" : -0.92161185,
  "t_20" : 0.08433033,
  "manual_keyframe" : false
}