{
  "t_22" : -0.91284,
  "angular_velocity" : 3.4028235e+38,
  "fy" : 712.9583,
  "cx" : 515.12585,
  "t_00" : 0.041583993,
  "t_02" : 0.24356703,
  "t_20" : -0.32775342,
  "timestamp" : 1251145790835,
  "height" : 768,
  "blur_score" : 50.148113,
  "t_01" : -0.96899223,
  "center_depth" : 2.686433,
  "t_21" : -0.24351795,
  "t_23" : -4.7847624,
  "width" : 1024,
  "t_13" : -1.3307819,
  "manual_keyframe" : false,
  "cy" : 385.2362,
  "fx" : 712.9583,
  "t_10" : -0.9438477,
  "t_03" : -4.666194,
  "t_11" : 0.041870393,
  "t_12" : 0.327717
}