{
  "center_depth" : 0.30416802,
  "timestamp" : 1251072234764,
  "t_00" : -0.23742741,
  "fx" : 727.9241,
  "cy" : 385.43674,
  "t_20" : -0.0298268,
  "t_01" : 0.041706793,
  "cx" : 515.4252,
  "t_13" : 0.08522412,
  "blur_score" : 43.330578,
  "height" : 768,
  "t_11" : -0.040865492,
  "t_10" : -0.97094727,
  "width" : 1024,
  "t_22" : 0.050197665,
  "manual_keyframe" : false,
  "t_02" : -0.9705096,
  "t_12" : 0.23577833,
  "t_03" : 0.24584901,
  "t_21" : 0.9982938,
  "fy" : 727.9241,
  "t_23" : -1.6237819,
  "angular_velocity" : 3.4028235e+38
}