{
  "t_21" : -0.39410627,
  "t_01" : -0.9182751,
  "cx" : 515.1261,
  "angular_velocity" : 3.4028235e+38,
  "t_23" : -0.31526363,
  "t_22" : -0.8996717,
  "t_20" : -0.18780664,
  "fy" : 711.45905,
  "t_11" : 0.038093362,
  "t_03" : -3.9450758,
  "fx" : 711.45905,
  "t_12" : 0.18817952,
  "manual_keyframe" : false,
  "t_00" : 0.039891195,
  "t_10" : -0.98139566,
  "blur_score" : 287.87164,
  "width" : 1024,
  "t_02" : 0.39392832,
  "t_13" : -1.3276161,
  "center_depth" : 2.7754126,
  "height" : 768,
  "cy" : 384.89706,
  "timestamp" : 1251158063976
}