{
  "t_13" : -1.3092301,
  "t_21" : -0.99042034,
  "cy" : 385.29614,
  "t_11" : 0.07149171,
  "t_00" : 0.16258742,
  "width" : 1024,
  "timestamp" : 1251125624175,
  "manual_keyframe" : false,
  "t_20" : -0.051731266,
  "cx" : 514.9696,
  "t_01" : 0.11813793,
  "center_depth" : 4.220936,
  "t_10" : -0.9853371,
  "t_12" : 0.15491846,
  "t_03" : -1.6243804,
  "t_23" : -5.225312,
  "blur_score" : 248.65515,
  "fy" : 712.0372,
  "t_02" : 0.9795963,
  "t_22" : 0.12802936,
  "fx" : 712.0372,
  "angular_velocity" : 3.4028235e+38,
  "height" : 768
}