{
  "t_00" : -0.20971693,
  "t_20" : -0.3530751,
  "cx" : 514.54175,
  "t_22" : -0.72581285,
  "width" : 1024,
  "t_10" : -0.9117877,
  "t_13" : -1.354635,
  "t_21" : 0.5903675,
  "t_11" : -0.043230727,
  "fy" : 717.8071,
  "angular_velocity" : 3.4028235e+38,
  "cy" : 384.99924,
  "t_23" : -10.272707,
  "t_12" : 0.4083801,
  "blur_score" : 77.24324,
  "t_01" : -0.805976,
  "fx" : 717.8071,
  "center_depth" : 1.0576288,
  "height" : 768,
  "timestamp" : 1251316938497,
  "manual_keyframe" : false,
  "t_03" : -1.4495821,
  "t_02" : -0.5535535
}