{
  "cy" : 385.33188,
  "height" : 768,
  "t_13" : -1.3149384,
  "timestamp" : 1251261659122,
  "manual_keyframe" : false,
  "angular_velocity" : 3.4028235e+38,
  "t_01" : -0.9927926,
  "t_02" : 0.11230347,
  "t_11" : 0.060241997,
  "blur_score" : 39.516056,
  "t_10" : -0.98431706,
  "center_depth" : 2.1853259,
  "t_03" : 4.5005794,
  "width" : 1024,
  "cx" : 515.0726,
  "t_12" : 0.16580349,
  "t_20" : -0.17137386,
  "fx" : 715.1866,
  "fy" : 715.1866,
  "t_21" : -0.10360441,
  "t_22" : -0.9797435,
  "t_23" : -7.6161656,
  "t_00" : -0.04184374
}