{
  "t_00" : -0.39170885,
  "center_depth" : 2.5226498,
  "t_03" : -0.5873139,
  "t_23" : -7.579857,
  "angular_velocity" : 3.4028235e+38,
  "timestamp" : 1251275720553,
  "cx" : 515.1006,
  "fy" : 714.35596,
  "blur_score" : 47.849964,
  "manual_keyframe" : false,
  "t_02" : -0.9114213,
  "t_11" : 0.088313326,
  "t_10" : -0.9195244,
  "t_13" : -1.3371366,
  "t_12" : 0.38298264,
  "fx" : 714.35596,
  "t_22" : -0.15045184,
  "width" : 1024,
  "height" : 768,
  "cy" : 385.49133,
  "t_21" : 0.9880917,
  "t_01" : -0.12599847,
  "t_20" : 0.032235403
}