{
  "t_11" : -0.011185016,
  "t_03" : -5.2208347,
  "t_02" : 0.06885814,
  "angular_velocity" : 3.4028235e+38,
  "height" : 768,
  "center_depth" : 1.7109762,
  "timestamp" : 1251147989012,
  "t_22" : -0.9549877,
  "blur_score" : 34.58974,
  "cx" : 515.0433,
  "t_00" : 0.032401375,
  "t_13" : -1.3456814,
  "t_10" : -0.9574016,
  "t_01" : -0.9971002,
  "t_12" : 0.28854316,
  "cy" : 385.23688,
  "t_20" : -0.28693625,
  "t_23" : -4.018626,
  "width" : 1024,
  "manual_keyframe" : false,
  "fx" : 714.5879,
  "t_21" : -0.07527411,
  "fy" : 714.5879
}