{
  "fy" : 715.2468,
  "t_03" : -5.4814262,
  "t_02" : 0.40352398,
  "angular_velocity" : 3.4028235e+38,
  "height" : 768,
  "center_depth" : 1.2013687,
  "timestamp" : 1251148355375,
  "t_22" : -0.8857754,
  "blur_score" : 32.23506,
  "cx" : 515.16077,
  "t_13" : -1.3488531,
  "t_00" : 0.09571718,
  "t_10" : -0.9733597,
  "t_12" : 0.22928232,
  "t_01" : -0.90994865,
  "cy" : 385.48026,
  "t_20" : -0.20834853,
  "t_23" : -3.9155107,
  "width" : 1024,
  "manual_keyframe" : false,
  "fx" : 715.2468,
  "t_21" : -0.41472027,
  "t_11" : -0.0007102933
}