{
  "t_02" : 0.2451527,
  "cx" : 515.1068,
  "blur_score" : 46.224796,
  "center_depth" : 3.47154,
  "cy" : 385.32492,
  "height" : 768,
  "t_01" : 0.9694671,
  "t_03" : -0.043300632,
  "timestamp" : 1251221574030,
  "fy" : 713.43317,
  "manual_keyframe" : false,
  "t_20" : 0.057922814,
  "t_23" : -5.9405684,
  "t_22" : 0.96793836,
  "width" : 1024,
  "fx" : 713.43317,
  "t_12" : 0.054732043,
  "t_10" : -0.9983041,
  "t_13" : -1.2820491,
  "t_21" : -0.24441844,
  "t_11" : -0.01983214,
  "t_00" : -0.0058187684,
  "angular_velocity" : 3.4028235e+38
}