{
  "t_22" : -0.9825012,
  "angular_velocity" : 3.4028235e+38,
  "fy" : 714.3368,
  "cx" : 515.31366,
  "t_00" : -0.06461927,
  "t_02" : -0.07525998,
  "t_20" : -0.16569406,
  "timestamp" : 1251056764095,
  "height" : 768,
  "blur_score" : 77.34169,
  "t_01" : -0.995068,
  "center_depth" : 1.5808847,
  "t_21" : 0.0850696,
  "t_23" : -0.15263766,
  "width" : 1024,
  "t_13" : 0.10292506,
  "manual_keyframe" : false,
  "cy" : 385.37018,
  "fx" : 714.3368,
  "t_10" : -0.98405784,
  "t_03" : -0.41371977,
  "t_11" : 0.05101838,
  "t_12" : 0.17037399
}