{
  "t_01" : -0.9579054,
  "t_23" : -3.7573168,
  "angular_velocity" : 3.4028235e+38,
  "t_10" : -0.9950949,
  "t_21" : 0.27054888,
  "timestamp" : 1251149887437,
  "t_22" : -0.9614539,
  "fx" : 718.31696,
  "t_11" : 0.09602233,
  "t_02" : -0.27393523,
  "t_12" : -0.023783436,
  "fy" : 718.31696,
  "center_depth" : 0.827369,
  "cx" : 514.98706,
  "width" : 1024,
  "t_03" : -6.075479,
  "t_00" : -0.085886486,
  "t_13" : -1.2342483,
  "t_20" : 0.04908618,
  "blur_score" : 50.737324,
  "cy" : 384.6646,
  "height" : 768,
  "manual_keyframe" : false
}