{
  "t_21" : 0.8965636,
  "t_01" : -0.4379844,
  "cx" : 514.977,
  "angular_velocity" : 3.4028235e+38,
  "t_23" : 0.9745507,
  "t_22" : -0.41768464,
  "t_20" : -0.14735441,
  "fy" : 713.14886,
  "t_11" : 0.06590468,
  "t_03" : -4.205575,
  "fx" : 713.14886,
  "t_12" : 0.45479563,
  "manual_keyframe" : false,
  "t_00" : -0.43528056,
  "t_10" : -0.888154,
  "blur_score" : 304.25897,
  "width" : 1024,
  "t_02" : -0.78657526,
  "t_13" : -1.4014163,
  "center_depth" : 2.1770053,
  "height" : 768,
  "cy" : 384.98795,
  "timestamp" : 1251159979049
}