{
  "t_13" : -1.2767285,
  "t_21" : -0.1315499,
  "cy" : 385.2145,
  "t_00" : 0.09229991,
  "t_11" : 0.055473644,
  "width" : 1024,
  "timestamp" : 1251102693066,
  "manual_keyframe" : false,
  "t_20" : 0.29316565,
  "cx" : 514.4135,
  "t_01" : 0.9897561,
  "center_depth" : 2.36968,
  "t_10" : -0.9515958,
  "t_12" : 0.30230454,
  "t_03" : -1.455077,
  "t_23" : -0.88263595,
  "blur_score" : 72.32245,
  "t_02" : 0.10891938,
  "fy" : 714.5561,
  "t_22" : 0.94696796,
  "fx" : 714.5561,
  "angular_velocity" : 3.4028235e+38,
  "height" : 768
}