{
  "t_20" : 0.20878677,
  "blur_score" : 33.216244,
  "center_depth" : 1.610356,
  "width" : 1024,
  "height" : 768,
  "timestamp" : 1251247764288,
  "manual_keyframe" : false,
  "t_10" : -0.9758042,
  "t_11" : -0.022028338,
  "cx" : 515.1113,
  "t_22" : 0.9569741,
  "cy" : 384.9746,
  "t_03" : 2.0349357,
  "t_01" : 0.9792375,
  "fy" : 715.46136,
  "angular_velocity" : 3.4028235e+38,
  "t_00" : -0.0649171,
  "t_13" : -1.3301599,
  "fx" : 715.46136,
  "t_12" : 0.2175337,
  "t_02" : -0.1920411,
  "t_21" : 0.20151618,
  "t_23" : -6.706682
}