{
  "cx" : 514.5047,
  "t_20" : 0.569559,
  "width" : 1024,
  "t_11" : 0.13290313,
  "manual_keyframe" : false,
  "t_22" : 0.6849433,
  "height" : 768,
  "fx" : 718.17883,
  "blur_score" : 36.20879,
  "fy" : 718.17883,
  "timestamp" : 1251256361093,
  "t_23" : -7.551607,
  "t_10" : -0.7169501,
  "t_00" : 0.4019764,
  "t_12" : 0.6843385,
  "cy" : 385.0409,
  "t_02" : 0.25006706,
  "t_13" : -1.5104702,
  "t_03" : 4.5435376,
  "t_01" : 0.8808412,
  "t_21" : -0.4543735,
  "angular_velocity" : 3.4028235e+38,
  "center_depth" : 1.3501787
}