{
  "fy" : 716.3047,
  "width" : 1024,
  "t_13" : -1.1428076,
  "t_12" : -0.28849468,
  "angular_velocity" : 3.4028235e+38,
  "timestamp" : 1251200748530,
  "t_10" : -0.9530154,
  "t_11" : 0.09237144,
  "t_23" : -6.7923617,
  "t_01" : 0.047998924,
  "t_00" : -0.28513482,
  "t_03" : -0.7976226,
  "t_02" : 0.9572848,
  "t_20" : -0.10227322,
  "blur_score" : 74.85147,
  "height" : 768,
  "t_21" : -0.99456704,
  "cx" : 515.0245,
  "fx" : 716.3047,
  "center_depth" : 4.4754834,
  "t_22" : 0.019405425,
  "manual_keyframe" : false,
  "cy" : 385.21307
}