{
  "t_23" : -1.7476878,
  "fx" : 714.5926,
  "t_03" : -1.5406587,
  "t_00" : -0.46780413,
  "t_20" : -0.030114036,
  "t_02" : -0.88020504,
  "t_01" : -0.079991296,
  "t_21" : 0.9967603,
  "t_11" : 0.008381781,
  "t_13" : -1.3813782,
  "angular_velocity" : 3.4028235e+38,
  "t_10" : -0.883319,
  "blur_score" : 78.41009,
  "t_12" : 0.46869743,
  "height" : 768,
  "manual_keyframe" : false,
  "center_depth" : 2.5654306,
  "width" : 1024,
  "t_22" : -0.07457889,
  "timestamp" : 1251108954577,
  "cx" : 515.07745,
  "fy" : 714.5926,
  "cy" : 385.39517
}