{
  "cy" : 384.85583,
  "t_23" : -6.9308333,
  "angular_velocity" : 3.4028235e+38,
  "height" : 768,
  "t_03" : -0.22622848,
  "t_11" : 0.013327861,
  "t_13" : -1.2529074,
  "t_20" : 0.044704247,
  "center_depth" : 3.6884756,
  "manual_keyframe" : false,
  "fy" : 713.43475,
  "t_10" : -0.9989968,
  "t_02" : -0.24162701,
  "t_01" : 0.9703656,
  "t_21" : 0.24127327,
  "t_22" : 0.96942693,
  "blur_score" : 65.81523,
  "width" : 1024,
  "t_00" : 0.0026057756,
  "t_12" : 0.04275076,
  "cx" : 515.24615,
  "fx" : 713.43475,
  "timestamp" : 1251223440000
}