{
  "t_22" : -0.88571084,
  "angular_velocity" : 3.4028235e+38,
  "t_10" : -0.88501626,
  "fx" : 717.7611,
  "t_00" : 0.07679375,
  "t_11" : -0.051008426,
  "cy" : 384.5666,
  "t_03" : 0.12000608,
  "t_02" : -0.03704105,
  "t_12" : -0.46275756,
  "t_13" : 0.24604021,
  "t_21" : 0.06831879,
  "t_23" : 1.780836,
  "width" : 1024,
  "height" : 768,
  "fy" : 717.7611,
  "t_01" : -0.9963589,
  "t_20" : 0.4591831,
  "center_depth" : 1.1491151,
  "blur_score" : 43.45833,
  "manual_keyframe" : false,
  "timestamp" : 1251080544614,
  "cx" : 513.9037
}