{
  "t_13" : -1.3316002,
  "t_00" : 0.2605215,
  "t_22" : 0.5199189,
  "width" : 1024,
  "fx" : 712.3373,
  "angular_velocity" : 3.4028235e+38,
  "blur_score" : 130.57072,
  "height" : 768,
  "cx" : 515.1006,
  "timestamp" : 1251121577511,
  "cy" : 385.20612,
  "t_11" : 0.048347533,
  "t_01" : 0.528777,
  "t_03" : 0.5225643,
  "t_10" : -0.9594278,
  "t_20" : 0.10782829,
  "fy" : 712.3373,
  "t_21" : -0.8473826,
  "t_23" : -3.1223092,
  "t_02" : 0.8077892,
  "center_depth" : 3.2929444,
  "t_12" : 0.2777785,
  "manual_keyframe" : false
}