{
  "t_11" : -0.019266644,
  "blur_score" : 72.39775,
  "fy" : 717.1211,
  "t_20" : 0.19822186,
  "t_12" : 0.38776067,
  "height" : 768,
  "t_22" : 0.5126074,
  "center_depth" : 1.3510239,
  "t_10" : -0.9215587,
  "t_02" : -0.766078,
  "t_01" : 0.5492605,
  "cy" : 384.91916,
  "angular_velocity" : 3.4028235e+38,
  "fx" : 717.1211,
  "t_03" : -1.8698449,
  "t_21" : 0.8354292,
  "width" : 1024,
  "manual_keyframe" : false,
  "t_23" : -9.565373,
  "cx" : 515.222,
  "t_13" : -1.3020134,
  "timestamp" : 1251320303905,
  "t_00" : -0.33382282
}