{
  "height" : 768,
  "cx" : 515.19226,
  "timestamp" : 1251246098240,
  "width" : 1024,
  "fy" : 712.8693,
  "t_03" : 1.5626681,
  "t_23" : -6.76175,
  "t_21" : 0.99990803,
  "t_22" : 0.010630851,
  "fx" : 712.8693,
  "blur_score" : 92.78527,
  "manual_keyframe" : false,
  "t_11" : 0.008244287,
  "cy" : 384.73495,
  "t_13" : -1.2686672,
  "angular_velocity" : 3.4028235e+38,
  "t_12" : 0.017623523,
  "t_00" : -0.017534256,
  "t_10" : -0.9998107,
  "center_depth" : 3.4890282,
  "t_02" : -0.9997882,
  "t_20" : 0.008432478,
  "t_01" : 0.010777472
}