{
  "cy" : 385.042,
  "t_23" : -4.297444,
  "angular_velocity" : 3.4028235e+38,
  "height" : 768,
  "t_11" : 0.053996876,
  "t_03" : 2.5766656,
  "t_13" : -1.4364936,
  "t_20" : 0.41591543,
  "center_depth" : 0.6873674,
  "manual_keyframe" : false,
  "t_10" : -0.8324893,
  "fy" : 717.67847,
  "t_02" : -0.62052846,
  "t_01" : 0.69351894,
  "t_21" : 0.71841204,
  "t_22" : 0.5575828,
  "blur_score" : 47.665787,
  "width" : 1024,
  "t_00" : -0.36602727,
  "t_12" : 0.55140364,
  "cx" : 514.8571,
  "fx" : 717.67847,
  "timestamp" : 1251210978000
}