{
  "t_13" : -1.1326588,
  "t_00" : 0.21233536,
  "t_22" : 0.857226,
  "width" : 1024,
  "fx" : 714.63544,
  "angular_velocity" : 3.4028235e+38,
  "blur_score" : 120.6048,
  "height" : 768,
  "cx" : 514.77826,
  "timestamp" : 1251161960733,
  "cy" : 384.89874,
  "t_11" : 0.08433453,
  "t_01" : 0.9483125,
  "t_03" : -3.5185483,
  "t_10" : -0.88506544,
  "t_20" : -0.41421327,
  "fy" : 714.63544,
  "t_21" : 0.30592623,
  "t_23" : 1.753282,
  "t_02" : -0.23583229,
  "center_depth" : 1.6657428,
  "t_12" : -0.45776266,
  "manual_keyframe" : false
}