{
  "t_13" : -1.3288237,
  "t_00" : 0.033354,
  "t_22" : -0.97209746,
  "width" : 1024,
  "fx" : 717.1512,
  "angular_velocity" : 3.4028235e+38,
  "blur_score" : 43.418858,
  "height" : 768,
  "cx" : 515.0194,
  "timestamp" : 1251173750904,
  "t_11" : -0.0055254204,
  "cy" : 384.98322,
  "t_01" : -0.9848415,
  "t_03" : -1.7882643,
  "t_10" : -0.9868726,
  "t_20" : -0.15801887,
  "fy" : 717.1512,
  "t_21" : -0.17336868,
  "t_23" : 2.466552,
  "t_02" : 0.17021967,
  "center_depth" : 1.3694549,
  "t_12" : 0.16140608,
  "manual_keyframe" : false
}