{
  "fx" : 712.32776,
  "t_21" : 0.40073225,
  "t_00" : -0.094830744,
  "height" : 768,
  "t_13" : -1.3356751,
  "angular_velocity" : 3.4028235e+38,
  "blur_score" : 93.87988,
  "cx" : 515.2388,
  "t_02" : -0.38935193,
  "manual_keyframe" : false,
  "center_depth" : 5.2679734,
  "width" : 1024,
  "t_23" : -0.09586363,
  "t_11" : -0.0012156168,
  "cy" : 385.09323,
  "t_22" : 0.8908853,
  "timestamp" : 1251187456100,
  "fy" : 712.32776,
  "t_01" : 0.91619444,
  "t_03" : -3.469065,
  "t_10" : -0.97225,
  "t_20" : 0.2138623,
  "t_12" : 0.23394118
}