{
  "cy" : 384.95074,
  "t_00" : 0.31649056,
  "t_11" : -0.030159676,
  "t_10" : -0.88110495,
  "t_01" : 0.7039426,
  "fy" : 712.6645,
  "t_12" : 0.47195804,
  "t_22" : 0.61070204,
  "center_depth" : 2.886651,
  "width" : 1024,
  "height" : 768,
  "t_02" : 0.63584495,
  "timestamp" : 1251164325431,
  "t_03" : -3.6304185,
  "fx" : 712.6645,
  "t_23" : 2.2726417,
  "manual_keyframe" : false,
  "angular_velocity" : 3.4028235e+38,
  "cx" : 515.2843,
  "t_13" : -1.426826,
  "t_20" : 0.35140818,
  "blur_score" : 212.46423,
  "t_21" : -0.7096163
}