{
  "cy" : 385.7615,
  "cx" : 514.1575,
  "t_01" : -0.18144034,
  "center_depth" : 0.6113746,
  "t_12" : -0.050347693,
  "timestamp" : 1251083525500,
  "t_23" : 1.6844102,
  "t_20" : -0.25689438,
  "width" : 1024,
  "t_13" : 0.20315298,
  "height" : 768,
  "t_22" : -0.20226721,
  "t_10" : -0.9609781,
  "t_21" : -0.9450362,
  "fy" : 722.01276,
  "fx" : 722.01276,
  "t_00" : -0.10259788,
  "t_02" : 0.9780354,
  "angular_velocity" : 3.4028235e+38,
  "blur_score" : 44.817886,
  "t_11" : 0.27200395,
  "manual_keyframe" : false,
  "t_03" : 0.24741003
}