{
  "t_01" : -0.3790743,
  "t_23" : 3.1072955,
  "angular_velocity" : 3.4028235e+38,
  "t_10" : -0.9738643,
  "t_21" : -0.9245962,
  "timestamp" : 1251089470615,
  "t_22" : -0.3618669,
  "fx" : 717.1528,
  "t_11" : 0.037740484,
  "t_02" : 0.90492463,
  "fy" : 717.1528,
  "t_12" : 0.22397307,
  "center_depth" : 1.0429736,
  "cx" : 514.89874,
  "width" : 1024,
  "t_03" : -0.59134734,
  "t_00" : 0.19342764,
  "t_13" : -1.262901,
  "t_20" : -0.119054735,
  "blur_score" : 43.760036,
  "cy" : 385.48605,
  "height" : 768,
  "manual_keyframe" : false
}