{
  "t_00" : -0.05280934,
  "t_21" : 0.90428364,
  "t_20" : 0.021750502,
  "cx" : 515.0764,
  "t_22" : -0.42637792,
  "t_01" : -0.42484418,
  "t_03" : -0.7178775,
  "blur_score" : 54.869396,
  "center_depth" : 4.6005754,
  "width" : 1024,
  "manual_keyframe" : false,
  "height" : 768,
  "timestamp" : 1251204213884,
  "fx" : 713.03296,
  "t_10" : -0.9983677,
  "cy" : 385.30936,
  "t_13" : -1.2453759,
  "t_23" : -6.1150026,
  "fy" : 713.03296,
  "angular_velocity" : 3.4028235e+38,
  "t_02" : -0.90372485,
  "t_11" : 0.042173203,
  "t_12" : 0.038514044
}