{
  "t_02" : -0.73342127,
  "t_22" : 0.599477,
  "t_23" : 2.460538,
  "blur_score" : 78.229,
  "cx" : 514.9956,
  "t_21" : 0.77549064,
  "t_03" : -1.471282,
  "center_depth" : 1.8404843,
  "angular_velocity" : 3.4028235e+38,
  "width" : 1024,
  "cy" : 384.8805,
  "timestamp" : 1251179829155,
  "fy" : 714.3274,
  "manual_keyframe" : false,
  "t_13" : -1.3242979,
  "fx" : 714.3274,
  "t_00" : -0.25201687,
  "t_10" : -0.9472306,
  "height" : 768,
  "t_12" : 0.3205006,
  "t_11" : -0.0057911044,
  "t_01" : 0.6313326,
  "t_20" : 0.19809516
}