{
  "t_22" : 0.11377545,
  "angular_velocity" : 3.4028235e+38,
  "fy" : 711.7639,
  "cx" : 514.9699,
  "t_00" : 0.29103822,
  "t_02" : 0.94858325,
  "t_20" : 0.05337196,
  "timestamp" : 1251139978983,
  "height" : 768,
  "blur_score" : 320.38428,
  "t_01" : 0.12444535,
  "center_depth" : 3.403346,
  "t_21" : -0.9920719,
  "t_23" : -4.5160346,
  "width" : 1024,
  "t_13" : -1.3428576,
  "manual_keyframe" : false,
  "cy" : 385.01956,
  "fx" : 711.7639,
  "t_12" : 0.2953727,
  "t_03" : -1.8493879,
  "t_11" : -0.01751474,
  "t_10" : -0.95522153
}