{
  "fy" : 714.051,
  "width" : 1024,
  "t_00" : -0.013652734,
  "t_12" : 0.22884648,
  "t_03" : 0.31436592,
  "t_10" : -0.9725826,
  "t_21" : -0.1149916,
  "center_depth" : 2.3159966,
  "t_02" : 0.12144568,
  "t_20" : -0.23215663,
  "fx" : 714.051,
  "angular_velocity" : 3.4028235e+38,
  "blur_score" : 48.183037,
  "timestamp" : 1251078030011,
  "manual_keyframe" : false,
  "t_01" : -0.99250424,
  "cx" : 515.43286,
  "t_22" : -0.9658573,
  "t_23" : 0.7879279,
  "height" : 768,
  "t_11" : 0.041381005,
  "t_13" : -0.023830578,
  "cy" : 384.97046
}