{
  "fy" : 712.02124,
  "t_13" : -1.1407782,
  "cx" : 515.0504,
  "t_01" : -0.8177085,
  "t_21" : 0.5681862,
  "t_22" : -0.7778819,
  "width" : 1024,
  "t_20" : 0.26844808,
  "timestamp" : 1251135199605,
  "t_23" : -6.8057766,
  "blur_score" : 83.577126,
  "height" : 768,
  "center_depth" : 3.5054595,
  "t_02" : -0.57030046,
  "cy" : 385.36853,
  "t_00" : 0.078169055,
  "t_10" : -0.96011734,
  "t_11" : 0.09228978,
  "t_03" : -2.9529543,
  "angular_velocity" : 3.4028235e+38,
  "fx" : 712.02124,
  "manual_keyframe" : false,
  "t_12" : -0.2639268
}