{
  "t_00" : -0.11307542,
  "center_depth" : 1.0122591,
  "t_03" : 2.653042,
  "t_23" : -6.838113,
  "angular_velocity" : 3.4028235e+38,
  "timestamp" : 1251267723532,
  "cx" : 515.17725,
  "fy" : 719.4414,
  "blur_score" : 15.564594,
  "manual_keyframe" : false,
  "t_02" : 0.35634744,
  "t_10" : -0.9932385,
  "t_11" : 0.11500573,
  "t_13" : -1.2784754,
  "t_12" : -0.015840288,
  "fx" : 719.4414,
  "t_22" : -0.93421936,
  "width" : 1024,
  "height" : 768,
  "cy" : 385.1102,
  "t_21" : -0.3557292,
  "t_01" : -0.9274862,
  "t_20" : -0.026290353
}