{
  "cy" : 384.8857,
  "t_00" : -0.3828088,
  "t_11" : 0.09905993,
  "t_10" : -0.9235072,
  "t_01" : -0.17673986,
  "fy" : 713.43475,
  "t_12" : 0.37056932,
  "t_22" : -0.20114158,
  "center_depth" : 2.6673007,
  "width" : 1024,
  "height" : 768,
  "t_02" : -0.9067638,
  "timestamp" : 1251160328758,
  "t_03" : -4.0794954,
  "fx" : 713.43475,
  "t_23" : 1.1341348,
  "manual_keyframe" : false,
  "angular_velocity" : 3.4028235e+38,
  "cx" : 515.1207,
  "t_13" : -1.367296,
  "t_20" : 0.024329584,
  "blur_score" : 185.57237,
  "t_21" : 0.9792601
}