{
  "t_11" : 0.0053006345,
  "t_21" : 0.61409485,
  "t_13" : 0.15718885,
  "fx" : 715.447,
  "t_10" : -0.9808692,
  "t_12" : -0.19459575,
  "t_23" : 0.30426183,
  "angular_velocity" : 3.4028235e+38,
  "t_00" : 0.11540018,
  "blur_score" : 65.62484,
  "t_01" : -0.7892145,
  "t_20" : 0.156775,
  "width" : 1024,
  "center_depth" : 1.2801487,
  "height" : 768,
  "t_22" : -0.7735045,
  "timestamp" : 1251076581200,
  "t_03" : -0.05225178,
  "t_02" : -0.6031778,
  "fy" : 715.447,
  "cx" : 515.1556,
  "cy" : 384.63495,
  "manual_keyframe" : false
}