{
  "t_13" : -1.4196581,
  "t_21" : -0.6870919,
  "t_11" : 0.088830024,
  "cy" : 385.41025,
  "t_00" : 0.29408032,
  "width" : 1024,
  "timestamp" : 1251142676749,
  "manual_keyframe" : false,
  "t_20" : -0.41966334,
  "cx" : 515.06964,
  "t_01" : -0.72111994,
  "center_depth" : 2.6544101,
  "t_10" : -0.8587195,
  "t_03" : -3.9564426,
  "t_12" : 0.5046878,
  "t_23" : -4.8869557,
  "blur_score" : 65.8657,
  "fy" : 713.16797,
  "t_02" : 0.627298,
  "t_22" : -0.59311664,
  "fx" : 713.16797,
  "angular_velocity" : 3.4028235e+38,
  "height" : 768
}