{
  "t_22" : 0.29670838,
  "angular_velocity" : 3.4028235e+38,
  "fy" : 715.6646,
  "cx" : 514.92566,
  "t_00" : -0.4366364,
  "t_02" : -0.83663666,
  "t_20" : 0.14629756,
  "timestamp" : 1251252129333,
  "height" : 768,
  "blur_score" : 46.61051,
  "t_01" : 0.33073804,
  "center_depth" : 1.6255306,
  "t_21" : 0.94369537,
  "t_23" : -6.720464,
  "width" : 1024,
  "t_13" : -1.4477011,
  "manual_keyframe" : false,
  "cy" : 385.54282,
  "fx" : 715.6646,
  "t_10" : -0.8876629,
  "t_03" : 2.9339635,
  "t_12" : 0.46043795,
  "t_11" : -0.0071557728
}