{
  "cy" : 385.49747,
  "t_22" : -0.50035644,
  "t_12" : -0.8111888,
  "t_23" : -12.059444,
  "t_20" : 0.7597442,
  "blur_score" : 39.289326,
  "t_01" : -0.9060106,
  "height" : 768,
  "t_02" : -0.30268177,
  "timestamp" : 1251288182576,
  "manual_keyframe" : false,
  "angular_velocity" : 3.4028235e+38,
  "fy" : 716.31415,
  "fx" : 716.31415,
  "t_11" : 0.081929184,
  "width" : 1024,
  "t_10" : -0.5790167,
  "t_00" : 0.29585215,
  "cx" : 513.57983,
  "t_13" : -0.99755174,
  "t_03" : -4.9753914,
  "center_depth" : 1.8207674,
  "t_21" : 0.41524976
}