{
  "fy" : 713.77783,
  "angular_velocity" : 3.4028235e+38,
  "t_00" : 0.023992151,
  "blur_score" : 74.679146,
  "height" : 768,
  "manual_keyframe" : false,
  "width" : 1024,
  "fx" : 713.77783,
  "t_11" : 0.042886484,
  "t_13" : -1.2029642,
  "cy" : 385.087,
  "cx" : 515.0986,
  "t_22" : 0.824213,
  "t_23" : -2.5656128,
  "t_02" : 0.56592304,
  "center_depth" : 2.0547233,
  "t_10" : -0.99887764,
  "t_01" : 0.82410896,
  "t_21" : -0.56480545,
  "t_20" : -0.040839203,
  "timestamp" : 1251120711558,
  "t_12" : -0.020105055,
  "t_03" : 0.96839166
}