{
  "t_01" : -0.5492778,
  "t_23" : -3.1800232,
  "angular_velocity" : 3.4028235e+38,
  "t_10" : -0.9301037,
  "t_21" : 0.8334953,
  "timestamp" : 1251152951559,
  "t_22" : -0.5308566,
  "fx" : 712.6724,
  "t_11" : 0.059827954,
  "t_12" : 0.36239165,
  "fy" : 712.6724,
  "t_02" : -0.76607025,
  "center_depth" : 3.8473902,
  "cx" : 515.0551,
  "width" : 1024,
  "t_03" : -4.120456,
  "t_00" : -0.33381182,
  "t_13" : -1.3800794,
  "t_20" : -0.15322131,
  "blur_score" : 70.97717,
  "cy" : 385.20718,
  "height" : 768,
  "manual_keyframe" : false
}