{
  "cy" : 384.98886,
  "t_00" : 0.24843332,
  "t_11" : 0.031137705,
  "t_10" : -0.96864873,
  "t_01" : 0.124269865,
  "t_12" : 0.2464753,
  "fy" : 712.061,
  "t_22" : 0.1281095,
  "center_depth" : 3.4705613,
  "width" : 1024,
  "height" : 768,
  "t_02" : 0.96064454,
  "timestamp" : 1251140295388,
  "t_03" : -2.050019,
  "fx" : 712.061,
  "t_23" : -4.417951,
  "manual_keyframe" : false,
  "angular_velocity" : 3.4028235e+38,
  "cx" : 515.2057,
  "t_13" : -1.3492706,
  "t_20" : 0.00071718957,
  "blur_score" : 305.60797,
  "t_21" : -0.9917598
}