{
  "cy" : 384.97394,
  "t_01" : -0.6072614,
  "cx" : 515.266,
  "center_depth" : 4.3920937,
  "t_12" : 0.115884505,
  "timestamp" : 1251134033902,
  "t_23" : -7.1908164,
  "t_20" : -0.0781466,
  "width" : 1024,
  "t_13" : -1.297619,
  "height" : 768,
  "t_22" : -0.6022928,
  "t_10" : -0.99321383,
  "t_21" : 0.794441,
  "fx" : 711.9498,
  "t_00" : -0.0861349,
  "fy" : 711.9498,
  "t_02" : -0.789819,
  "angular_velocity" : 3.4028235e+38,
  "blur_score" : 45.021065,
  "t_11" : -0.009843251,
  "manual_keyframe" : false,
  "t_03" : -3.7243793
}