{
  "height" : 768,
  "t_00" : -0.17152065,
  "t_22" : -0.5649662,
  "t_12" : 0.15771538,
  "t_11" : 0.07339905,
  "t_02" : -0.8099007,
  "t_01" : -0.56092924,
  "t_10" : -0.98475295,
  "cx" : 514.62775,
  "blur_score" : 40.47396,
  "width" : 1024,
  "t_03" : -3.7968285,
  "timestamp" : 1251293913769,
  "t_20" : -0.029021224,
  "t_13" : -1.2908225,
  "t_21" : 0.82460356,
  "fy" : 715.77264,
  "fx" : 715.77264,
  "t_23" : -12.55609,
  "angular_velocity" : 3.4028235e+38,
  "cy" : 385.20242,
  "center_depth" : 2.4166207,
  "manual_keyframe" : false
}