{
  "cy" : 385.01627,
  "t_22" : -0.6992978,
  "t_12" : 0.67546064,
  "t_23" : -10.524511,
  "t_20" : -0.62820065,
  "blur_score" : 77.51361,
  "t_01" : -0.93962073,
  "height" : 768,
  "t_02" : -0.23395637,
  "timestamp" : 1251309441299,
  "manual_keyframe" : false,
  "angular_velocity" : 3.4028235e+38,
  "fy" : 719.7972,
  "t_11" : 0.027681308,
  "fx" : 719.7972,
  "width" : 1024,
  "t_00" : -0.24975462,
  "t_10" : -0.7368763,
  "cx" : 513.7818,
  "t_13" : -1.5896713,
  "t_03" : -1.2980466,
  "center_depth" : 1.353724,
  "t_21" : 0.34109628
}