{
  "t_13" : -1.1733272,
  "manual_keyframe" : false,
  "fx" : 713.47125,
  "cy" : 384.74356,
  "t_01" : 0.99968857,
  "t_03" : -2.0394025,
  "t_23" : 3.2047338,
  "fy" : 713.47125,
  "t_02" : 0.0043567773,
  "cx" : 515.3452,
  "t_21" : -0.0082161855,
  "t_10" : -0.9869365,
  "t_22" : 0.9872081,
  "angular_velocity" : 3.4028235e+38,
  "t_00" : -0.024572773,
  "blur_score" : 88.75091,
  "center_depth" : 1.594805,
  "width" : 1024,
  "t_12" : -0.15937732,
  "height" : 768,
  "t_11" : -0.023564732,
  "timestamp" : 1251176698441,
  "t_20" : -0.15922503
}