{
  "t_02" : -0.679755,
  "cx" : 515.12396,
  "blur_score" : 69.51043,
  "center_depth" : 6.1069446,
  "cy" : 384.79175,
  "height" : 768,
  "t_01" : -0.7240243,
  "t_03" : -3.866318,
  "timestamp" : 1251133817414,
  "fy" : 712.03076,
  "manual_keyframe" : false,
  "t_20" : -0.14104477,
  "t_23" : -7.24868,
  "t_22" : -0.71026635,
  "width" : 1024,
  "fx" : 712.03076,
  "t_12" : 0.1829073,
  "t_10" : -0.9830484,
  "t_13" : -1.3010267,
  "t_21" : 0.68965805,
  "t_11" : -0.01267434,
  "t_00" : -0.117141314,
  "angular_velocity" : 3.4028235e+38
}