{
  "t_12" : 0.77515745,
  "t_01" : -0.110569246,
  "fy" : 724.7651,
  "width" : 1024,
  "t_20" : -0.039345957,
  "height" : 768,
  "timestamp" : 1251308474993,
  "manual_keyframe" : false,
  "t_02" : -0.6187399,
  "t_11" : 0.07493071,
  "fx" : 724.7651,
  "t_21" : 0.9910398,
  "blur_score" : 62.243492,
  "t_23" : -10.343115,
  "t_13" : -1.683404,
  "t_10" : -0.62730885,
  "t_00" : -0.777776,
  "t_22" : -0.12764038,
  "cx" : 514.0708,
  "angular_velocity" : 3.4028235e+38,
  "t_03" : -1.3106985,
  "center_depth" : 0.6477672,
  "cy" : 385.27893
}