{
  "t_11" : 0.05020579,
  "cy" : 385.0989,
  "t_20" : -0.28901917,
  "angular_velocity" : 3.4028235e+38,
  "height" : 768,
  "t_12" : 0.415671,
  "timestamp" : 1251328800735,
  "t_00" : -0.30293715,
  "t_01" : -0.76409864,
  "cx" : 514.8875,
  "t_23" : -8.496621,
  "t_03" : -1.6661427,
  "blur_score" : 49.319477,
  "center_depth" : 3.3236175,
  "manual_keyframe" : false,
  "fx" : 714.05896,
  "fy" : 714.05896,
  "t_10" : -0.90812826,
  "t_21" : 0.64314276,
  "t_22" : -0.70910895,
  "t_02" : -0.56954575,
  "t_13" : -1.3363013,
  "width" : 1024
}