{
  "fy" : 716.2698,
  "width" : 1024,
  "t_00" : -0.29589054,
  "t_12" : 0.31535903,
  "t_03" : 0.083295204,
  "t_10" : -0.9481701,
  "t_21" : 0.9665658,
  "center_depth" : 1.3130889,
  "t_02" : -0.9209888,
  "t_20" : 0.11585439,
  "fx" : 716.2698,
  "angular_velocity" : 3.4028235e+38,
  "blur_score" : 37.332138,
  "timestamp" : 1251070319666,
  "manual_keyframe" : false,
  "t_01" : 0.2534335,
  "cx" : 514.9726,
  "t_22" : 0.22875404,
  "t_23" : -1.8788629,
  "height" : 768,
  "t_11" : 0.039014433,
  "t_13" : -0.19296665,
  "cy" : 385.36725
}