{
  "t_13" : -1.2728033,
  "t_21" : -0.81047523,
  "cy" : 385.1503,
  "t_00" : 0.10488901,
  "t_11" : 0.019386815,
  "width" : 1024,
  "timestamp" : 1251123775699,
  "manual_keyframe" : false,
  "t_20" : 0.052011456,
  "cx" : 515.0827,
  "t_01" : 0.585452,
  "center_depth" : 5.0277367,
  "t_10" : -0.99312294,
  "t_12" : 0.115460165,
  "t_03" : -0.7984004,
  "t_23" : -4.228122,
  "blur_score" : 146.26483,
  "t_02" : 0.80389315,
  "fy" : 711.70044,
  "t_22" : 0.5834594,
  "fx" : 711.70044,
  "angular_velocity" : 3.4028235e+38,
  "height" : 768
}