{
  "cx" : 515.2433,
  "t_20" : -0.092098914,
  "width" : 1024,
  "t_11" : -0.12398482,
  "manual_keyframe" : false,
  "t_22" : 0.15766937,
  "height" : 768,
  "fx" : 733.32086,
  "blur_score" : 55.689102,
  "fy" : 733.32086,
  "timestamp" : 1251072484559,
  "t_23" : -1.4550655,
  "t_10" : -0.97062993,
  "t_00" : -0.22225061,
  "t_12" : 0.20616816,
  "cy" : 385.39368,
  "t_02" : -0.96573037,
  "t_13" : 0.20376949,
  "t_03" : 0.18760538,
  "t_01" : 0.13405076,
  "t_21" : 0.98318785,
  "angular_velocity" : 3.4028235e+38,
  "center_depth" : 0.20307685
}