{
  "cx" : 514.98004,
  "t_20" : 0.10541489,
  "width" : 1024,
  "t_11" : -0.00605867,
  "manual_keyframe" : false,
  "t_22" : 0.18379119,
  "height" : 768,
  "fx" : 716.9797,
  "blur_score" : 50.043037,
  "fy" : 716.9797,
  "timestamp" : 1251252329258,
  "t_23" : -6.615468,
  "t_10" : -0.8531875,
  "t_00" : -0.51084113,
  "t_12" : 0.521569,
  "cy" : 385.45486,
  "t_02" : -0.8331784,
  "t_13" : -1.4711663,
  "t_03" : 3.0331473,
  "t_01" : 0.2117895,
  "t_21" : 0.9772965,
  "angular_velocity" : 3.4028235e+38,
  "center_depth" : 1.6807781
}