{
  "center_depth" : 1.7163444,
  "timestamp" : 1251253695417,
  "t_00" : -0.6176973,
  "cy" : 384.84378,
  "fx" : 716.5318,
  "t_20" : 0.28725666,
  "t_01" : 0.3734512,
  "cx" : 514.1802,
  "t_13" : -1.5306107,
  "blur_score" : 45.720604,
  "height" : 768,
  "t_11" : 0.048397902,
  "t_10" : -0.7320748,
  "width" : 1024,
  "t_22" : 0.24349897,
  "manual_keyframe" : false,
  "t_02" : -0.6920869,
  "t_12" : 0.67950284,
  "t_03" : 3.6847553,
  "t_21" : 0.92638636,
  "fy" : 716.5318,
  "t_23" : -6.260029,
  "angular_velocity" : 3.4028235e+38
}