{
  "t_01" : -0.97262514,
  "fy" : 713.7794,
  "t_12" : -0.2788793,
  "width" : 1024,
  "t_20" : 0.2893636,
  "height" : 768,
  "timestamp" : 1251295546493,
  "manual_keyframe" : false,
  "t_02" : -0.2320845,
  "t_11" : 0.07806858,
  "fx" : 713.7794,
  "t_21" : 0.21887356,
  "blur_score" : 48.326366,
  "t_23" : -12.182275,
  "t_13" : -1.1524589,
  "t_00" : -0.011709674,
  "t_10" : -0.95714766,
  "t_22" : -0.93186,
  "cx" : 515.03577,
  "angular_velocity" : 3.4028235e+38,
  "t_03" : -4.293092,
  "center_depth" : 3.4352186,
  "cy" : 385.3021
}