{
  "height" : 768,
  "t_00" : -0.38195813,
  "t_22" : -0.4533342,
  "t_01" : -0.5053943,
  "t_11" : 0.0002927693,
  "t_02" : -0.773747,
  "t_12" : 0.44249678,
  "t_10" : -0.89676994,
  "cx" : 514.2495,
  "blur_score" : 36.09223,
  "width" : 1024,
  "t_03" : -3.7511027,
  "timestamp" : 1251293480598,
  "t_20" : -0.22340879,
  "t_13" : -1.3793147,
  "t_21" : 0.8628884,
  "fy" : 718.49646,
  "fx" : 718.49646,
  "t_23" : -12.582835,
  "angular_velocity" : 3.4028235e+38,
  "cy" : 385.2195,
  "center_depth" : 1.8713317,
  "manual_keyframe" : false
}