{
  "t_12" : -0.12557982,
  "fy" : 714.3528,
  "t_01" : 0.9174873,
  "width" : 1024,
  "t_20" : -0.11642249,
  "height" : 768,
  "timestamp" : 1251303810071,
  "manual_keyframe" : false,
  "t_02" : -0.39495784,
  "t_11" : -0.003049949,
  "fx" : 714.3528,
  "t_21" : 0.39775345,
  "blur_score" : 87.09893,
  "t_23" : -9.419128,
  "t_13" : -1.2330446,
  "t_10" : -0.99207884,
  "t_00" : 0.047174115,
  "t_22" : 0.91007584,
  "cx" : 515.1279,
  "angular_velocity" : 3.4028235e+38,
  "t_03" : -2.0435526,
  "center_depth" : 2.3341079,
  "cy" : 384.80505
}