{
  "manual_keyframe" : false,
  "t_20" : -0.073325776,
  "timestamp" : 1251213310457,
  "t_01" : 0.60976756,
  "t_10" : -0.9972952,
  "t_12" : -0.048714444,
  "cy" : 384.7648,
  "fx" : 714.6085,
  "t_13" : -1.2266427,
  "t_00" : -0.005062522,
  "height" : 768,
  "t_11" : 0.055038176,
  "t_23" : -4.4667935,
  "blur_score" : 73.02292,
  "width" : 1024,
  "fy" : 714.6085,
  "angular_velocity" : 3.4028235e+38,
  "t_21" : -0.790667,
  "t_22" : 0.60783964,
  "center_depth" : 3.2559626,
  "t_03" : 2.255629,
  "cx" : 515.2069,
  "t_02" : 0.7925642
}