{
  "angular_velocity" : 3.4028235e+38,
  "t_23" : -10.458324,
  "cx" : 514.2505,
  "fy" : 717.3894,
  "t_11" : 0.02701488,
  "t_00" : -0.13456094,
  "t_22" : -0.79395634,
  "t_21" : 0.19105613,
  "fx" : 717.3894,
  "center_depth" : 0.9867575,
  "width" : 1024,
  "t_13" : -1.4491329,
  "blur_score" : 66.18606,
  "cy" : 384.862,
  "t_03" : -1.5022166,
  "t_02" : -0.1382954,
  "height" : 768,
  "t_12" : 0.592037,
  "timestamp" : 1251316338721,
  "t_01" : -0.9812073,
  "t_10" : -0.8054579,
  "t_20" : -0.57717496,
  "manual_keyframe" : false
}