{
  "t_22" : -0.73754674,
  "blur_score" : 59.11807,
  "t_13" : -0.07186174,
  "center_depth" : 2.3489819,
  "height" : 768,
  "t_01" : -0.85243714,
  "cy" : 385.31238,
  "angular_velocity" : 3.4028235e+38,
  "fx" : 713.4396,
  "t_02" : 0.498051,
  "width" : 1024,
  "manual_keyframe" : false,
  "t_23" : 2.0243247,
  "timestamp" : 1251085673736,
  "t_03" : 0.10588475,
  "t_20" : -0.43928623,
  "t_00" : 0.15904757,
  "t_12" : 0.4560372,
  "cx" : 514.27344,
  "t_11" : 0.1014819,
  "fy" : 713.4396,
  "t_10" : -0.8841558,
  "t_21" : -0.5128863
}