{
  "timestamp" : 1251306242495,
  "manual_keyframe" : false,
  "fy" : 718.66797,
  "t_13" : -1.175352,
  "t_12" : -0.19179323,
  "blur_score" : 55.10927,
  "t_20" : -0.08653231,
  "t_03" : -1.692047,
  "angular_velocity" : 3.4028235e+38,
  "cx" : 515.0571,
  "height" : 768,
  "t_10" : -0.98138773,
  "t_02" : -0.85234016,
  "t_21" : 0.86935633,
  "t_00" : 0.1714353,
  "t_01" : 0.4940912,
  "t_11" : 0.009657002,
  "t_22" : 0.48655063,
  "fx" : 718.66797,
  "t_23" : -10.084632,
  "width" : 1024,
  "cy" : 385.20392,
  "center_depth" : 1.232405
}