{
  "t_21" : 0.26281643,
  "t_01" : -0.96188545,
  "cx" : 514.9635,
  "angular_velocity" : 3.4028235e+38,
  "t_23" : -2.6592908,
  "t_22" : -0.9377314,
  "t_20" : -0.22712857,
  "fy" : 712.909,
  "t_11" : 0.075524464,
  "t_03" : -3.5143974,
  "fx" : 712.909,
  "t_12" : 0.25467584,
  "manual_keyframe" : false,
  "t_00" : -0.13775466,
  "t_10" : -0.9640727,
  "blur_score" : 152.8282,
  "width" : 1024,
  "t_02" : -0.23622043,
  "t_13" : -1.3539846,
  "center_depth" : 4.734221,
  "height" : 768,
  "cy" : 385.2654,
  "timestamp" : 1251154017340
}