{
  "cy" : 385.16818,
  "cx" : 515.0295,
  "t_01" : 0.34334782,
  "center_depth" : 2.14983,
  "t_12" : 0.05070256,
  "timestamp" : 1251166640169,
  "t_23" : 1.3629178,
  "t_20" : -0.007854857,
  "width" : 1024,
  "t_13" : -1.2734412,
  "height" : 768,
  "t_22" : 0.34431413,
  "t_10" : -0.9983501,
  "t_21" : 0.93882155,
  "fy" : 713.46814,
  "t_00" : -0.05687929,
  "fx" : 713.46814,
  "t_02" : -0.9374843,
  "angular_velocity" : 3.4028235e+38,
  "blur_score" : 178.0424,
  "t_11" : -0.026948148,
  "manual_keyframe" : false,
  "t_03" : -3.5500877
}