{
  "height" : 768,
  "t_13" : -1.2719868,
  "angular_velocity" : 3.4028235e+38,
  "t_22" : 0.9537975,
  "blur_score" : 121.90842,
  "width" : 1024,
  "fx" : 712.8901,
  "fy" : 712.8901,
  "cx" : 515.23364,
  "t_20" : 0.054319106,
  "t_10" : -0.9941646,
  "t_03" : -2.8665226,
  "t_12" : 0.07928155,
  "t_01" : 0.9525382,
  "t_00" : 0.09320001,
  "t_11" : 0.0731522,
  "t_02" : 0.2898013,
  "t_21" : -0.29549924,
  "cy" : 385.02884,
  "t_23" : 0.5822686,
  "center_depth" : 6.756579,
  "timestamp" : 1251186323716,
  "manual_keyframe" : false
}