{
  "cx" : 514.89996,
  "t_20" : 0.13677838,
  "width" : 1024,
  "t_11" : -0.007932232,
  "manual_keyframe" : false,
  "t_22" : 0.470487,
  "height" : 768,
  "fx" : 714.49255,
  "blur_score" : 44.702297,
  "fy" : 714.49255,
  "timestamp" : 1251251796123,
  "t_23" : -6.852457,
  "t_10" : -0.95617926,
  "t_00" : -0.25886852,
  "t_12" : 0.29267442,
  "cy" : 385.22195,
  "t_02" : -0.8324565,
  "t_13" : -1.361903,
  "t_03" : 2.7544098,
  "t_01" : 0.48990145,
  "t_21" : 0.87174183,
  "angular_velocity" : 3.4028235e+38,
  "center_depth" : 2.5888724
}