{
  "t_22" : -0.65797085,
  "angular_velocity" : 3.4028235e+38,
  "fy" : 711.7227,
  "cx" : 515.2487,
  "t_00" : 0.09687536,
  "t_02" : -0.7274435,
  "t_20" : 0.18239692,
  "timestamp" : 1251134849894,
  "height" : 768,
  "blur_score" : 60.183228,
  "t_01" : -0.67929465,
  "center_depth" : 3.5198405,
  "t_21" : 0.73062015,
  "t_23" : -6.9373026,
  "width" : 1024,
  "t_13" : -1.164227,
  "manual_keyframe" : false,
  "cy" : 385.02228,
  "fx" : 711.7227,
  "t_10" : -0.9784408,
  "t_03" : -3.1551406,
  "t_11" : 0.06894228,
  "t_12" : -0.19468033
}