{
  "t_11" : -0.0025525368,
  "t_13" : -1.2855339,
  "angular_velocity" : 3.4028235e+38,
  "t_23" : -10.694834,
  "t_20" : -0.24349532,
  "t_21" : 0.20365502,
  "blur_score" : 77.9326,
  "timestamp" : 1251310507567,
  "manual_keyframe" : false,
  "fx" : 716.56836,
  "width" : 1024,
  "t_12" : 0.24819241,
  "t_22" : -0.94828,
  "height" : 768,
  "t_03" : -1.3108656,
  "t_00" : -0.048125114,
  "t_01" : -0.9790394,
  "fy" : 716.56836,
  "cx" : 514.5348,
  "t_10" : -0.96870744,
  "cy" : 384.66287,
  "t_02" : -0.19790368,
  "center_depth" : 1.5824215
}