{
  "t_20" : -0.08743991,
  "cy" : 385.29248,
  "t_23" : -10.763366,
  "blur_score" : 50.58366,
  "t_10" : -0.98067933,
  "fy" : 713.7762,
  "width" : 1024,
  "t_00" : -0.1749918,
  "angular_velocity" : 3.4028235e+38,
  "height" : 768,
  "t_13" : -1.2866786,
  "timestamp" : 1251298412088,
  "t_03" : -4.8460426,
  "cx" : 515.1653,
  "fx" : 713.7762,
  "t_21" : 0.73835653,
  "t_11" : 0.0541195,
  "t_02" : -0.7193589,
  "t_22" : -0.6687181,
  "center_depth" : 4.0621824,
  "t_12" : 0.18798655,
  "manual_keyframe" : false,
  "t_01" : -0.67223555
}