{
  "cx" : 514.9602,
  "t_20" : 0.5739273,
  "width" : 1024,
  "t_11" : -0.06477611,
  "manual_keyframe" : false,
  "t_22" : 0.74092966,
  "height" : 768,
  "fx" : 719.0872,
  "blur_score" : 20.33337,
  "fy" : 719.0872,
  "timestamp" : 1251248497349,
  "t_23" : -6.7478185,
  "t_10" : -0.77391493,
  "t_00" : -0.26769957,
  "t_12" : 0.629968,
  "cy" : 384.6351,
  "t_02" : -0.23273061,
  "t_13" : -1.5262853,
  "t_03" : 1.87017,
  "t_01" : 0.93497235,
  "t_21" : 0.34875584,
  "angular_velocity" : 3.4028235e+38,
  "center_depth" : 1.014754
}