{
  "height" : 768,
  "cx" : 515.1648,
  "timestamp" : 1251245465141,
  "width" : 1024,
  "fy" : 713.15845,
  "t_03" : 1.1316171,
  "t_23" : -6.857257,
  "t_21" : 0.975142,
  "t_22" : -0.22158003,
  "fx" : 713.15845,
  "blur_score" : 39.716743,
  "manual_keyframe" : false,
  "t_11" : 0.025002556,
  "cy" : 385.19,
  "t_13" : -1.3049476,
  "angular_velocity" : 3.4028235e+38,
  "t_12" : 0.113314815,
  "t_00" : -0.11603809,
  "t_10" : -0.99324447,
  "center_depth" : 3.5745275,
  "t_02" : -0.9685362,
  "t_20" : -0.0007322,
  "t_01" : -0.22016607
}