{
  "timestamp" : 1251300211416,
  "t_22" : -0.4024563,
  "t_12" : 0.12819307,
  "t_02" : -0.90641904,
  "t_20" : -0.04116289,
  "t_00" : -0.12197465,
  "center_depth" : 5.6262465,
  "t_23" : -9.7066765,
  "manual_keyframe" : false,
  "t_11" : 0.011778638,
  "cy" : 384.86386,
  "width" : 1024,
  "height" : 768,
  "t_13" : -1.2991703,
  "angular_velocity" : 3.4028235e+38,
  "t_03" : -3.992768,
  "t_10" : -0.99167925,
  "blur_score" : 61.991722,
  "t_21" : 0.91451323,
  "fx" : 713.2156,
  "t_01" : -0.40438437,
  "fy" : 713.2156,
  "cx" : 514.93
}