{
  "manual_keyframe" : false,
  "t_20" : -0.0036137358,
  "timestamp" : 1251073217292,
  "t_01" : 0.26621503,
  "t_10" : -0.9999444,
  "t_12" : 0.008586018,
  "cy" : 384.315,
  "fx" : 723.8598,
  "t_13" : 0.25480068,
  "t_00" : -0.009905702,
  "height" : 768,
  "t_11" : -0.0061206454,
  "t_23" : -0.8156726,
  "blur_score" : 61.428707,
  "width" : 1024,
  "fy" : 723.8598,
  "angular_velocity" : 3.4028235e+38,
  "t_21" : 0.9638943,
  "t_22" : 0.26626086,
  "center_depth" : 1.8563833,
  "cx" : 514.77124,
  "t_03" : 0.15041274,
  "t_02" : -0.96386284
}