{
  "cy" : 384.93503,
  "t_03" : -3.5222623,
  "height" : 768,
  "angular_velocity" : 3.4028235e+38,
  "manual_keyframe" : false,
  "fx" : 713.1632,
  "fy" : 713.1632,
  "blur_score" : 269.7807,
  "center_depth" : 2.604964,
  "t_12" : 0.5126395,
  "t_21" : 0.16155931,
  "cx" : 514.8002,
  "t_01" : 0.986862,
  "t_11" : -0.0014062697,
  "t_10" : -0.85860276,
  "t_02" : -0.13800412,
  "t_20" : 0.50571036,
  "width" : 1024,
  "timestamp" : 1251165158071,
  "t_13" : -1.4605708,
  "t_22" : 0.84744066,
  "t_00" : -0.08401342,
  "t_23" : 1.9766774
}