{
  "t_02" : -0.33464736,
  "cx" : 515.24084,
  "blur_score" : 59.25377,
  "center_depth" : 2.5822191,
  "cy" : 385.18454,
  "height" : 768,
  "t_01" : 0.94095623,
  "t_03" : -0.18157685,
  "timestamp" : 1251222507015,
  "fy" : 714.07,
  "manual_keyframe" : false,
  "t_20" : 0.26640514,
  "t_23" : -6.343405,
  "t_22" : 0.90347856,
  "width" : 1024,
  "fx" : 714.07,
  "t_12" : 0.2678389,
  "t_13" : -1.3410168,
  "t_10" : -0.96250486,
  "t_21" : 0.3357899,
  "t_11" : 0.042972036,
  "t_00" : -0.051113266,
  "angular_velocity" : 3.4028235e+38
}