{
  "height" : 768,
  "cx" : 515.03296,
  "timestamp" : 1251226505525,
  "width" : 1024,
  "fy" : 713.7889,
  "t_03" : -0.6674912,
  "t_23" : -8.417032,
  "t_21" : 0.8460053,
  "t_22" : 0.5257237,
  "fx" : 713.7889,
  "blur_score" : 58.39172,
  "manual_keyframe" : false,
  "t_11" : -0.015173665,
  "cy" : 384.99585,
  "t_13" : -1.2744553,
  "angular_velocity" : 3.4028235e+38,
  "t_00" : -0.16894557,
  "t_12" : 0.1902688,
  "t_10" : -0.98161477,
  "center_depth" : 2.8516724,
  "t_02" : -0.8291035,
  "t_20" : 0.08882487,
  "t_01" : 0.5329587
}