{
  "center_depth" : 0.9294276,
  "manual_keyframe" : false,
  "t_01" : 0.13002346,
  "t_21" : 0.99071306,
  "t_00" : 0.21516567,
  "t_03" : -1.5040425,
  "timestamp" : 1251318204690,
  "t_20" : 0.0109574385,
  "cy" : 384.97403,
  "t_22" : 0.13552627,
  "width" : 1024,
  "fy" : 721.9365,
  "height" : 768,
  "t_10" : -0.976516,
  "t_12" : -0.21174273,
  "cx" : 515.23926,
  "t_23" : -9.980275,
  "t_11" : 0.039766125,
  "t_02" : -0.96788293,
  "fx" : 721.9365,
  "t_13" : -1.1588145,
  "blur_score" : 62.79764,
  "angular_velocity" : 3.4028235e+38
}