{
  "t_03" : -1.8439634,
  "cx" : 515.1082,
  "t_12" : 0.20544901,
  "width" : 1024,
  "center_depth" : 5.266252,
  "t_01" : 0.9382604,
  "timestamp" : 1251191536014,
  "t_21" : 0.34514073,
  "t_13" : -1.3158736,
  "t_11" : 0.02335315,
  "manual_keyframe" : false,
  "t_23" : -3.5464723,
  "fy" : 711.7751,
  "height" : 768,
  "t_20" : 0.20076011,
  "t_02" : -0.34237033,
  "angular_velocity" : 3.4028235e+38,
  "t_00" : -0.049498,
  "blur_score" : 63.05993,
  "t_22" : 0.9168278,
  "t_10" : -0.97838914,
  "fx" : 711.7751,
  "cy" : 384.75952
}