{
  "cy" : 384.9862,
  "t_01" : -0.6653127,
  "cx" : 514.85693,
  "center_depth" : 1.930081,
  "t_12" : 0.3708136,
  "timestamp" : 1251086639609,
  "t_23" : 2.3688674,
  "t_20" : -0.26251855,
  "width" : 1024,
  "t_13" : -0.4456713,
  "height" : 768,
  "t_22" : -0.6117491,
  "t_10" : -0.9284316,
  "t_21" : -0.74622184,
  "fy" : 714.0748,
  "fx" : 714.0748,
  "t_00" : 0.2628664,
  "t_02" : 0.69875634,
  "angular_velocity" : 3.4028235e+38,
  "blur_score" : 59.091625,
  "t_11" : 0.022628173,
  "manual_keyframe" : false,
  "t_03" : -0.060954247
}