{
  "t_21" : 0.9389945,
  "blur_score" : 102.32677,
  "t_02" : -0.9382503,
  "t_01" : 0.33871123,
  "timestamp" : 1251251262988,
  "t_03" : 2.517274,
  "fy" : 714.0383,
  "cx" : 515.11945,
  "cy" : 384.93808,
  "t_22" : 0.34182993,
  "t_23" : -6.792045,
  "angular_velocity" : 3.4028235e+38,
  "t_10" : -0.9967936,
  "t_11" : 0.0596975,
  "t_20" : 0.037965454,
  "width" : 1024,
  "manual_keyframe" : false,
  "t_00" : 0.07043386,
  "t_13" : -1.2799225,
  "t_12" : -0.053277697,
  "fx" : 714.0383,
  "height" : 768,
  "center_depth" : 2.8386838
}