{
  "t_12" : 0.2954841,
  "t_21" : 0.85537803,
  "t_00" : -0.2648572,
  "height" : 768,
  "t_13" : -1.3330349,
  "angular_velocity" : 3.4028235e+38,
  "blur_score" : 47.50834,
  "cx" : 515.0543,
  "t_02" : -0.81369966,
  "manual_keyframe" : false,
  "center_depth" : 4.345611,
  "width" : 1024,
  "t_23" : -6.2144384,
  "t_11" : 0.024185035,
  "cy" : 384.801,
  "t_22" : -0.5005816,
  "timestamp" : 1251203547470,
  "t_01" : -0.5174393,
  "t_10" : -0.95504147,
  "fy" : 715.0135,
  "t_03" : -0.90770626,
  "t_20" : -0.13321574,
  "fx" : 715.0135
}