{
  "cy" : 385.01904,
  "t_02" : -0.019742183,
  "cx" : 515.1269,
  "t_12" : -0.27121592,
  "t_00" : -0.030140176,
  "t_03" : -4.384635,
  "t_20" : 0.27171832,
  "blur_score" : 49.986057,
  "height" : 768,
  "timestamp" : 1251295879702,
  "manual_keyframe" : false,
  "t_21" : 0.010815582,
  "fx" : 714.3528,
  "t_22" : -0.9623161,
  "t_13" : -1.1541929,
  "t_11" : 0.034368686,
  "fy" : 714.3528,
  "t_01" : -0.9993507,
  "width" : 1024,
  "angular_velocity" : 3.4028235e+38,
  "center_depth" : 2.7138097,
  "t_10" : -0.9619047,
  "t_23" : -12.076478
}