{
  "center_depth" : 0.9177303,
  "manual_keyframe" : false,
  "t_01" : -0.6745559,
  "t_21" : 0.7377793,
  "t_00" : -0.19980769,
  "t_03" : -1.4421616,
  "timestamp" : 1251317138422,
  "t_20" : -0.21586788,
  "cy" : 384.9084,
  "t_22" : -0.6395958,
  "width" : 1024,
  "fy" : 718.6774,
  "height" : 768,
  "t_10" : -0.9557604,
  "t_12" : 0.2930289,
  "cx" : 514.5743,
  "t_23" : -10.232112,
  "t_11" : -0.025614584,
  "t_13" : -1.3278577,
  "fx" : 718.6774,
  "t_02" : -0.7106697,
  "blur_score" : 67.53092,
  "angular_velocity" : 3.4028235e+38
}