{
  "t_23" : -2.8170536,
  "fx" : 712.59784,
  "t_00" : -0.04891099,
  "t_03" : 0.84229416,
  "t_20" : -0.03627101,
  "t_02" : 0.9982888,
  "t_01" : -0.032049134,
  "t_21" : -0.99876887,
  "t_13" : -1.2113152,
  "t_11" : 0.03786417,
  "angular_velocity" : 3.4028235e+38,
  "t_10" : -0.9981443,
  "blur_score" : 95.24753,
  "t_12" : -0.047688313,
  "height" : 768,
  "manual_keyframe" : false,
  "center_depth" : 5.5799255,
  "width" : 1024,
  "t_22" : -0.033841614,
  "timestamp" : 1251118629941,
  "cx" : 515.11145,
  "cy" : 384.73364,
  "fy" : 712.59784
}