{
  "timestamp" : 1251274354396,
  "t_22" : -0.23893265,
  "t_12" : -0.30986646,
  "t_02" : -0.92026854,
  "t_20" : 0.18555477,
  "t_00" : 0.26995826,
  "center_depth" : 2.000558,
  "t_23" : -7.63366,
  "manual_keyframe" : false,
  "t_11" : 0.10625835,
  "cy" : 385.08722,
  "width" : 1024,
  "height" : 768,
  "t_13" : -1.1153746,
  "angular_velocity" : 3.4028235e+38,
  "t_03" : -0.42275572,
  "t_10" : -0.94482374,
  "blur_score" : 41.59863,
  "t_21" : 0.9531426,
  "fx" : 714.17957,
  "fy" : 714.17957,
  "cx" : 515.1752,
  "t_01" : -0.28324646
}