{
  "center_depth" : 1.8477113,
  "timestamp" : 1251254495120,
  "t_00" : -0.32018554,
  "cy" : 385.125,
  "fx" : 715.7933,
  "t_20" : 0.53227186,
  "t_01" : 0.81644183,
  "cx" : 514.13794,
  "t_13" : -1.4952855,
  "blur_score" : 45.12865,
  "height" : 768,
  "t_11" : 0.05671822,
  "t_10" : -0.78368866,
  "width" : 1024,
  "t_22" : 0.6216759,
  "manual_keyframe" : false,
  "t_02" : -0.48052475,
  "t_03" : 4.0594378,
  "t_12" : 0.61855894,
  "t_21" : 0.57463545,
  "fy" : 715.7933,
  "t_23" : -6.4484367,
  "angular_velocity" : 3.4028235e+38
}