{
  "t_11" : -0.14498304,
  "t_13" : -1.3131205,
  "t_23" : 3.178238,
  "t_12" : 0.36007878,
  "height" : 768,
  "t_01" : 0.9856037,
  "t_03" : -2.0926898,
  "t_20" : 0.3743863,
  "angular_velocity" : 3.4028235e+38,
  "t_10" : -0.92158735,
  "fy" : 715.4693,
  "blur_score" : 88.25566,
  "t_02" : 0.13443846,
  "timestamp" : 1251177497772,
  "cy" : 384.7483,
  "cx" : 514.90173,
  "center_depth" : 1.1198632,
  "t_21" : -0.086979024,
  "width" : 1024,
  "manual_keyframe" : false,
  "t_22" : 0.9231845,
  "t_00" : -0.102526784,
  "fx" : 715.4693
}