{
  "t_11" : 0.037520085,
  "t_02" : -0.4114053,
  "t_03" : -1.9485124,
  "angular_velocity" : 3.4028235e+38,
  "height" : 768,
  "center_depth" : 2.4089918,
  "timestamp" : 1251169387878,
  "t_22" : -0.9052397,
  "blur_score" : 118.84946,
  "cx" : 515.13135,
  "t_00" : -0.07827773,
  "t_13" : -1.3007506,
  "t_10" : -0.9936324,
  "t_01" : -0.90808505,
  "t_12" : 0.10624041,
  "cy" : 385.2624,
  "t_20" : -0.08103935,
  "t_23" : 1.2212058,
  "width" : 1024,
  "manual_keyframe" : false,
  "fx" : 714.0558,
  "t_21" : 0.41710186,
  "fy" : 714.0558
}