{
  "t_12" : 0.26301983,
  "fy" : 713.4729,
  "t_01" : 0.45677793,
  "width" : 1024,
  "t_20" : 0.088588126,
  "height" : 768,
  "timestamp" : 1251278719436,
  "manual_keyframe" : false,
  "t_02" : 0.8536135,
  "t_11" : 0.036964644,
  "fx" : 713.4729,
  "t_21" : -0.8888124,
  "blur_score" : 63.702488,
  "t_23" : -8.220663,
  "t_13" : -1.3350644,
  "t_10" : -0.96408206,
  "t_00" : 0.2503956,
  "t_22" : 0.44962725,
  "cx" : 515.03406,
  "angular_velocity" : 3.4028235e+38,
  "t_03" : -1.0717111,
  "center_depth" : 5.453131,
  "cy" : 384.8729
}