{
  "cx" : 514.1559,
  "t_20" : 0.4143974,
  "width" : 1024,
  "t_11" : 0.0756261,
  "manual_keyframe" : false,
  "t_22" : 0.35061842,
  "height" : 768,
  "fx" : 715.9362,
  "blur_score" : 49.5909,
  "fy" : 715.9362,
  "timestamp" : 1251253961985,
  "t_23" : -6.307602,
  "t_10" : -0.7289398,
  "t_00" : -0.5449051,
  "t_12" : 0.6803877,
  "cy" : 384.83466,
  "t_02" : -0.6435366,
  "t_13" : -1.5311298,
  "t_03" : 3.8258026,
  "t_01" : 0.5375306,
  "t_21" : 0.83984625,
  "angular_velocity" : 3.4028235e+38,
  "center_depth" : 1.6085422
}