{
  "width" : 1024,
  "blur_score" : 81.50094,
  "t_22" : -0.20380035,
  "t_01" : -0.20398062,
  "t_03" : 0.5801524,
  "cy" : 385.1011,
  "t_02" : 0.9788536,
  "t_13" : -1.2420788,
  "height" : 768,
  "timestamp" : 1251241599910,
  "manual_keyframe" : false,
  "fy" : 714.3241,
  "t_12" : 0.01763629,
  "t_10" : -0.9998031,
  "t_11" : 0.009087941,
  "t_21" : -0.9789328,
  "t_23" : -7.699881,
  "t_00" : 0.015412613,
  "t_20" : -0.012493223,
  "angular_velocity" : 3.4028235e+38,
  "center_depth" : 2.4894707,
  "fx" : 714.3241,
  "cx" : 515.3113
}