{
  "height" : 768,
  "t_13" : -1.1638453,
  "angular_velocity" : 3.4028235e+38,
  "t_22" : 0.95667297,
  "blur_score" : 164.34871,
  "width" : 1024,
  "fx" : 716.635,
  "fy" : 716.635,
  "cx" : 515.041,
  "t_20" : -0.19688194,
  "t_10" : -0.9782277,
  "t_03" : -1.2613139,
  "t_12" : -0.17703354,
  "t_01" : 0.9706987,
  "t_00" : 0.06563576,
  "t_11" : 0.1083036,
  "t_02" : 0.23116216,
  "t_21" : -0.21450946,
  "cy" : 384.87827,
  "t_23" : 2.189653,
  "center_depth" : 1.0823352,
  "timestamp" : 1251182876604,
  "manual_keyframe" : false
}