{
  "fx" : 716.5969,
  "t_22" : 0.68428427,
  "t_23" : -10.036686,
  "fy" : 716.5969,
  "angular_velocity" : 3.4028235e+38,
  "blur_score" : 70.96906,
  "width" : 1024,
  "t_12" : 0.033223893,
  "t_11" : 0.029369814,
  "height" : 768,
  "center_depth" : 1.672144,
  "t_20" : 0.044155646,
  "timestamp" : 1251305909286,
  "t_01" : 0.68507814,
  "t_00" : -0.0040856185,
  "t_03" : -1.7246673,
  "cy" : 384.94534,
  "t_21" : 0.7278774,
  "manual_keyframe" : false,
  "t_13" : -1.2421236,
  "t_02" : -0.72845817,
  "cx" : 515.13715,
  "t_10" : -0.9990163
}