{
  "t_22" : 0.6023099,
  "angular_velocity" : 3.4028235e+38,
  "t_11" : -0.06309897,
  "t_10" : -0.96094686,
  "t_00" : 0.16880685,
  "fx" : 716.2475,
  "cy" : 384.551,
  "t_03" : 0.048189007,
  "t_02" : 0.75141424,
  "t_12" : 0.26944324,
  "t_13" : -0.2383653,
  "t_21" : -0.767553,
  "t_23" : 0.38110578,
  "width" : 1024,
  "height" : 768,
  "fy" : 716.2475,
  "t_01" : 0.6378723,
  "t_20" : 0.21928385,
  "center_depth" : 1.4515316,
  "blur_score" : 66.57545,
  "manual_keyframe" : false,
  "timestamp" : 1251063658454,
  "cx" : 515.06287
}