{
  "t_11" : -0.020038914,
  "t_13" : -1.4459561,
  "angular_velocity" : 3.4028235e+38,
  "t_23" : -10.5828085,
  "t_20" : -0.56956506,
  "t_21" : 0.14235215,
  "blur_score" : 70.587776,
  "timestamp" : 1251309941112,
  "manual_keyframe" : false,
  "fx" : 717.79126,
  "width" : 1024,
  "t_12" : 0.5729502,
  "t_22" : -0.80952555,
  "height" : 768,
  "t_03" : -1.3495946,
  "t_01" : -0.98961323,
  "t_00" : -0.065338686,
  "fy" : 717.79126,
  "cx" : 514.29926,
  "t_10" : -0.8193451,
  "cy" : 385.2977,
  "t_02" : -0.12804903,
  "center_depth" : 1.186934
}