{
  "width" : 1024,
  "blur_score" : 58.81186,
  "t_22" : -0.89914876,
  "t_01" : -0.9357991,
  "t_03" : -0.43231842,
  "cy" : 384.9353,
  "t_02" : 0.34058,
  "t_13" : 0.08480153,
  "height" : 768,
  "timestamp" : 1251058762461,
  "manual_keyframe" : false,
  "t_12" : 0.27483952,
  "t_10" : -0.9614681,
  "fy" : 715.73926,
  "t_11" : 0.006506287,
  "t_21" : -0.3524737,
  "t_23" : -0.04452683,
  "t_00" : 0.091023564,
  "t_20" : -0.25941053,
  "angular_velocity" : 3.4028235e+38,
  "center_depth" : 0.99728703,
  "fx" : 715.73926,
  "cx" : 515.1769
}