{
  "t_22" : -0.035235085,
  "angular_velocity" : 3.4028235e+38,
  "fy" : 713.5094,
  "cx" : 515.13617,
  "t_02" : -0.9857523,
  "t_00" : 0.16277122,
  "t_20" : 0.046684146,
  "timestamp" : 1251053466790,
  "height" : 768,
  "blur_score" : 111.111946,
  "t_01" : -0.04240447,
  "center_depth" : 2.1654758,
  "t_21" : 0.99828815,
  "t_23" : 0.0057940558,
  "width" : 1024,
  "t_13" : 0.16901787,
  "manual_keyframe" : false,
  "cy" : 385.04074,
  "fx" : 713.5094,
  "t_10" : -0.9855588,
  "t_03" : -0.3406887,
  "t_11" : 0.040283743,
  "t_12" : -0.16447218
}