{
  "t_02" : 0.17165685,
  "t_22" : 0.98120844,
  "t_23" : 1.9801111,
  "blur_score" : 61.960632,
  "cx" : 514.878,
  "t_21" : -0.17271423,
  "t_03" : -0.90431225,
  "center_depth" : 1.6255559,
  "angular_velocity" : 3.4028235e+38,
  "width" : 1024,
  "cy" : 384.78772,
  "timestamp" : 1251181794177,
  "fy" : 715.69476,
  "manual_keyframe" : false,
  "t_13" : -1.2537513,
  "fx" : 715.69476,
  "t_00" : 0.019597558,
  "t_10" : -0.9961004,
  "height" : 768,
  "t_12" : 0.08811347,
  "t_11" : 0.004462972,
  "t_01" : 0.98496187,
  "t_20" : 0.08602232
}