{
  "t_02" : 0.60826576,
  "cx" : 515.0521,
  "blur_score" : 91.14128,
  "center_depth" : 6.5040803,
  "cy" : 385.16873,
  "height" : 768,
  "t_01" : 0.7644335,
  "t_03" : -0.8937884,
  "timestamp" : 1251099795452,
  "fy" : 712.6534,
  "manual_keyframe" : false,
  "t_20" : 0.1273564,
  "t_23" : -0.35057122,
  "t_22" : 0.7584825,
  "width" : 1024,
  "fx" : 712.6534,
  "t_12" : 0.23391722,
  "t_10" : -0.96856904,
  "t_13" : -0.53642565,
  "t_21" : -0.6391281,
  "t_11" : 0.08459749,
  "t_00" : 0.21366878,
  "angular_velocity" : 3.4028235e+38
}