{
  "cy" : 384.87476,
  "t_23" : -10.007417,
  "angular_velocity" : 3.4028235e+38,
  "height" : 768,
  "t_03" : 0.37005132,
  "t_11" : -0.018940546,
  "t_13" : -1.292635,
  "t_20" : -0.20119013,
  "center_depth" : 2.487744,
  "manual_keyframe" : false,
  "t_10" : -0.94577736,
  "fy" : 715.4264,
  "t_02" : -0.77736294,
  "t_01" : -0.57504725,
  "t_21" : 0.81790096,
  "t_22" : -0.5390367,
  "blur_score" : 72.643616,
  "width" : 1024,
  "t_00" : -0.25500524,
  "t_12" : 0.32426286,
  "cx" : 514.94385,
  "fx" : 715.4264,
  "timestamp" : 1251229104557
}