{
  "height" : 768,
  "t_00" : -0.068975896,
  "t_22" : -0.6204983,
  "t_01" : -0.61680084,
  "t_11" : 0.09413477,
  "t_02" : -0.78409135,
  "t_12" : 0.013519954,
  "cx" : 514.95764,
  "t_10" : -0.99546766,
  "blur_score" : 34.06289,
  "width" : 1024,
  "t_03" : -3.8248703,
  "timestamp" : 1251294113695,
  "t_20" : 0.06547113,
  "t_13" : -1.2474788,
  "t_21" : 0.78147006,
  "fy" : 715.18176,
  "fx" : 715.18176,
  "t_23" : -12.539,
  "angular_velocity" : 3.4028235e+38,
  "cy" : 385.1904,
  "center_depth" : 2.4861557,
  "manual_keyframe" : false
}