{
  "t_11" : 0.04411521,
  "t_21" : 0.82436657,
  "t_02" : -0.7633984,
  "t_00" : -0.3142439,
  "cx" : 515.2742,
  "cy" : 385.30008,
  "t_13" : -1.3501132,
  "t_10" : -0.93487716,
  "t_20" : -0.16509219,
  "t_23" : -3.9219522,
  "angular_velocity" : 3.4028235e+38,
  "height" : 768,
  "fy" : 713.827,
  "t_03" : -5.764394,
  "t_22" : -0.5414467,
  "blur_score" : 125.220314,
  "width" : 1024,
  "t_01" : -0.5643348,
  "center_depth" : 4.0851555,
  "timestamp" : 1251150886607,
  "manual_keyframe" : false,
  "fx" : 713.827,
  "t_12" : 0.3522194
}