{
  "t_00" : -0.2567929,
  "t_20" : 0.12687622,
  "cx" : 515.2273,
  "t_22" : 0.49105766,
  "width" : 1024,
  "t_10" : -0.9581022,
  "t_13" : -1.2717985,
  "t_21" : 0.8618381,
  "t_11" : -0.0216838,
  "fy" : 717.9437,
  "angular_velocity" : 3.4028235e+38,
  "cy" : 385.14902,
  "t_23" : -9.640698,
  "t_12" : 0.2856046,
  "blur_score" : 61.82305,
  "t_01" : 0.5067199,
  "fx" : 717.9437,
  "center_depth" : 1.2585223,
  "height" : 768,
  "timestamp" : 1251319904055,
  "manual_keyframe" : false,
  "t_03" : -1.8247284,
  "t_02" : -0.82297784
}