{
  "cy" : 385.2214,
  "t_00" : -0.3956987,
  "t_11" : 0.09307822,
  "t_10" : -0.8723518,
  "t_01" : 0.4420833,
  "fy" : 716.28876,
  "t_12" : -0.4799363,
  "t_22" : 0.34882125,
  "center_depth" : 1.6389583,
  "width" : 1024,
  "height" : 768,
  "t_02" : 0.80497515,
  "timestamp" : 1251163226346,
  "t_03" : -3.5233934,
  "fx" : 716.28876,
  "t_23" : 2.1395988,
  "manual_keyframe" : false,
  "angular_velocity" : 3.4028235e+38,
  "cx" : 514.49384,
  "t_13" : -1.140147,
  "t_20" : -0.2870975,
  "blur_score" : 77.03461,
  "t_21" : -0.8921316
}