{
  "t_11" : 0.19664377,
  "blur_score" : 58.797768,
  "fy" : 719.0745,
  "t_20" : 0.38463235,
  "t_12" : -0.34837332,
  "height" : 768,
  "t_22" : -0.6322715,
  "center_depth" : 1.1542873,
  "t_10" : -0.9164973,
  "t_02" : -0.6920035,
  "t_01" : -0.7134707,
  "cy" : 385.1393,
  "angular_velocity" : 3.4028235e+38,
  "t_03" : -1.516402,
  "fx" : 719.0745,
  "t_21" : 0.67252564,
  "width" : 1024,
  "manual_keyframe" : false,
  "t_23" : -10.486563,
  "cx" : 515.2414,
  "t_13" : -1.0381987,
  "timestamp" : 1251312206932,
  "t_00" : 0.10995774
}