{
  "t_20" : 0.009219252,
  "blur_score" : 37.62833,
  "center_depth" : 1.7675766,
  "width" : 1024,
  "height" : 768,
  "timestamp" : 1251264024908,
  "manual_keyframe" : false,
  "t_10" : -0.9973944,
  "t_11" : 0.021998076,
  "cx" : 515.16156,
  "t_22" : -0.4238249,
  "cy" : 385.15952,
  "fy" : 716.0203,
  "t_01" : -0.423354,
  "t_03" : 4.072276,
  "angular_velocity" : 3.4028235e+38,
  "t_00" : -0.07154913,
  "t_13" : -1.2453055,
  "fx" : 716.0203,
  "t_12" : -0.06870485,
  "t_02" : 0.9031345,
  "t_21" : -0.90569717,
  "t_23" : -6.778723
}