{
  "cy" : 385.25943,
  "t_00" : 0.1596288,
  "t_11" : 0.010625803,
  "t_10" : -0.98503345,
  "t_01" : -0.32027048,
  "fy" : 714.6053,
  "t_12" : -0.17203495,
  "t_22" : -0.313781,
  "center_depth" : 1.8113337,
  "width" : 1024,
  "height" : 768,
  "t_02" : -0.9337802,
  "timestamp" : 1251114250216,
  "t_03" : 0.65038985,
  "fx" : 714.6053,
  "t_23" : -2.8427165,
  "manual_keyframe" : false,
  "angular_velocity" : 3.4028235e+38,
  "cx" : 515.0056,
  "t_13" : -1.1886486,
  "t_20" : 0.065019876,
  "blur_score" : 89.49329,
  "t_21" : 0.9472665
}