{
  "center_depth" : 1.0424876,
  "timestamp" : 1251089254126,
  "t_00" : 0.35467124,
  "fx" : 716.2793,
  "cy" : 385.49683,
  "t_20" : -0.25594428,
  "t_01" : -0.55422485,
  "cx" : 514.76044,
  "t_13" : -1.2572209,
  "blur_score" : 45.46523,
  "height" : 768,
  "t_11" : 0.018259875,
  "t_10" : -0.8992779,
  "width" : 1024,
  "t_22" : -0.49192595,
  "manual_keyframe" : false,
  "t_02" : 0.7530228,
  "t_12" : 0.43699625,
  "t_03" : -0.53334826,
  "t_21" : -0.8321668,
  "fy" : 716.2793,
  "t_23" : 3.0931127,
  "angular_velocity" : 3.4028235e+38
}