{
  "t_22" : 0.84793556,
  "angular_velocity" : 3.4028235e+38,
  "t_10" : -0.96210134,
  "fx" : 715.74243,
  "t_00" : 0.14669687,
  "t_11" : 0.019794941,
  "cy" : 385.04813,
  "t_03" : 0.15240708,
  "t_02" : 0.45501235,
  "t_13" : 0.0049230084,
  "t_12" : 0.2719728,
  "t_21" : -0.4776655,
  "t_23" : 0.40638065,
  "width" : 1024,
  "height" : 768,
  "fy" : 715.74243,
  "t_01" : 0.87831885,
  "t_20" : 0.2298719,
  "center_depth" : 1.4023509,
  "blur_score" : 74.98846,
  "manual_keyframe" : false,
  "timestamp" : 1251064307923,
  "cx" : 515.32776
}