{
  "t_00" : 0.043945495,
  "t_21" : -0.14036787,
  "t_20" : 0.10212034,
  "cx" : 515.1139,
  "t_22" : 0.98481894,
  "t_01" : 0.9896647,
  "t_03" : -3.0125542,
  "blur_score" : 119.328705,
  "center_depth" : 6.4993978,
  "width" : 1024,
  "manual_keyframe" : false,
  "height" : 768,
  "timestamp" : 1251186606812,
  "fx" : 712.62476,
  "t_10" : -0.9938009,
  "cy" : 385.3461,
  "t_13" : -1.2882562,
  "t_23" : 0.39823508,
  "fy" : 712.62476,
  "angular_velocity" : 3.4028235e+38,
  "t_02" : 0.13650164,
  "t_11" : 0.029338762,
  "t_12" : 0.10723342
}