{
  "t_21" : 0.81733745,
  "blur_score" : 84.552185,
  "t_01" : 0.57604265,
  "t_02" : -0.809271,
  "timestamp" : 1251051168667,
  "fy" : 714.07166,
  "cy" : 385.28113,
  "t_03" : -0.4123315,
  "cx" : 515.3409,
  "t_22" : 0.5682444,
  "t_23" : 0.00610476,
  "angular_velocity" : 3.4028235e+38,
  "t_10" : -0.9887803,
  "t_11" : 0.011597761,
  "t_20" : 0.09517347,
  "width" : 1024,
  "manual_keyframe" : false,
  "t_00" : -0.11513246,
  "t_13" : 0.111444294,
  "t_12" : 0.14892603,
  "fx" : 714.07166,
  "height" : 768,
  "center_depth" : 1.5884649
}