{
  "cy" : 384.60135,
  "cx" : 515.1694,
  "t_01" : -0.9892571,
  "center_depth" : 0.54652166,
  "t_12" : 0.23714042,
  "timestamp" : 1251243565847,
  "t_23" : -7.114724,
  "t_20" : -0.23535027,
  "width" : 1024,
  "t_13" : -1.3369558,
  "height" : 768,
  "t_22" : -0.9608683,
  "t_10" : -0.97146094,
  "t_21" : 0.14609055,
  "fy" : 723.09906,
  "fx" : 723.09906,
  "t_00" : -0.02956062,
  "t_02" : -0.14316638,
  "angular_velocity" : 3.4028235e+38,
  "blur_score" : 29.163822,
  "t_11" : -0.0052903816,
  "manual_keyframe" : false,
  "t_03" : 0.5875
}