{
  "t_11" : 0.042644165,
  "t_21" : -0.13203733,
  "t_13" : -1.1897856,
  "fx" : 716.2808,
  "t_10" : -0.99339706,
  "t_12" : -0.10650754,
  "t_23" : 2.0508654,
  "angular_velocity" : 3.4028235e+38,
  "t_00" : 0.027940653,
  "blur_score" : 68.3174,
  "t_01" : 0.99032706,
  "t_20" : -0.11127309,
  "width" : 1024,
  "center_depth" : 1.7171866,
  "height" : 768,
  "t_22" : 0.98497945,
  "timestamp" : 1251182160537,
  "t_02" : 0.13591065,
  "t_03" : -0.92305213,
  "fy" : 716.2808,
  "cx" : 515.08826,
  "cy" : 384.85065,
  "manual_keyframe" : false
}