{
  "cy" : 385.03775,
  "t_00" : -0.11275874,
  "t_11" : 0.0101485485,
  "t_10" : -0.99352247,
  "t_01" : -0.211548,
  "t_12" : -0.11318166,
  "fy" : 715.7504,
  "t_22" : -0.21132201,
  "center_depth" : 2.3527966,
  "width" : 1024,
  "height" : 768,
  "t_02" : 0.97084135,
  "timestamp" : 1251264291475,
  "t_03" : 3.9974558,
  "fx" : 715.7504,
  "t_23" : -6.6985536,
  "manual_keyframe" : false,
  "angular_velocity" : 3.4028235e+38,
  "cx" : 515.2146,
  "t_13" : -1.2276907,
  "t_20" : 0.01409072,
  "blur_score" : 47.25246,
  "t_21" : -0.97731495
}