{
  "t_01" : -0.90540665,
  "t_23" : -3.7638834,
  "angular_velocity" : 3.4028235e+38,
  "t_10" : -0.99038976,
  "t_21" : 0.4081873,
  "timestamp" : 1251150020660,
  "t_22" : -0.91267306,
  "fx" : 719.10785,
  "t_11" : 0.11671343,
  "t_12" : 0.07420242,
  "t_02" : -0.4018981,
  "fy" : 719.10785,
  "center_depth" : 1.2959751,
  "cx" : 514.98004,
  "width" : 1024,
  "t_03" : -6.055232,
  "t_00" : -0.13680969,
  "t_13" : -1.260196,
  "t_20" : -0.020276465,
  "blur_score" : 53.004967,
  "cy" : 384.67856,
  "height" : 768,
  "manual_keyframe" : false
}