{
  "t_11" : 0.1418781,
  "cy" : 385.1085,
  "t_20" : 0.09120674,
  "angular_velocity" : 3.4028235e+38,
  "height" : 768,
  "t_12" : -0.15456587,
  "timestamp" : 1251267923458,
  "t_00" : -0.18894798,
  "t_01" : -0.9156826,
  "cx" : 515.234,
  "t_23" : -6.8822713,
  "t_03" : 2.6509335,
  "blur_score" : 17.990433,
  "center_depth" : 1.0983087,
  "manual_keyframe" : false,
  "fx" : 719.22217,
  "fy" : 719.22217,
  "t_10" : -0.97774225,
  "t_21" : -0.37602654,
  "t_22" : -0.92210925,
  "t_02" : 0.3547168,
  "t_13" : -1.2446182,
  "width" : 1024
}