{
  "cx" : 515.0628,
  "t_20" : -0.033514306,
  "width" : 1024,
  "t_11" : 0.040359817,
  "manual_keyframe" : false,
  "t_22" : -0.90769017,
  "height" : 768,
  "fx" : 712.36273,
  "blur_score" : 73.523,
  "fy" : 712.36273,
  "timestamp" : 1251133217909,
  "t_23" : -7.272683,
  "t_10" : -0.9976462,
  "t_00" : -0.05982279,
  "t_12" : 0.055435184,
  "cy" : 384.94128,
  "t_02" : -0.4159636,
  "t_13" : -1.2268876,
  "t_03" : -4.225838,
  "t_01" : -0.9074115,
  "t_21" : 0.41830075,
  "angular_velocity" : 3.4028235e+38,
  "center_depth" : 7.309412
}