{
  "timestamp" : 1251291881195,
  "t_22" : 0.001059345,
  "t_12" : 0.572608,
  "t_02" : -0.8198287,
  "t_20" : 0.02364588,
  "t_00" : -0.57242763,
  "center_depth" : 1.1021972,
  "t_23" : -12.1725445,
  "manual_keyframe" : false,
  "t_11" : 0.018779172,
  "cy" : 385.19373,
  "width" : 1024,
  "height" : 768,
  "t_13" : -1.442675,
  "angular_velocity" : 3.4028235e+38,
  "t_03" : -4.26663,
  "t_10" : -0.8196142,
  "blur_score" : 53.124603,
  "t_21" : 0.9997198,
  "fx" : 717.4133,
  "t_01" : 0.014408094,
  "fy" : 717.4133,
  "cx" : 514.567
}