{
  "fy" : 714.9103,
  "angular_velocity" : 3.4028235e+38,
  "t_00" : 0.23607148,
  "blur_score" : 112.257774,
  "height" : 768,
  "manual_keyframe" : false,
  "width" : 1024,
  "fx" : 714.9103,
  "t_11" : 0.07403523,
  "t_13" : -1.4492397,
  "cy" : 385.49374,
  "cx" : 515.25134,
  "t_22" : -0.6534552,
  "t_23" : -7.2070203,
  "t_02" : 0.62340987,
  "center_depth" : 1.5980325,
  "t_10" : -0.90009016,
  "t_01" : -0.74540627,
  "t_21" : -0.66248655,
  "t_20" : -0.3662075,
  "timestamp" : 1251131552618,
  "t_12" : 0.42936754,
  "t_03" : -3.7090852
}