{
  "cx" : 514.98114,
  "t_01" : -0.99997514,
  "fx" : 715.74243,
  "t_23" : 1.8774097,
  "cy" : 384.98254,
  "angular_velocity" : 3.4028235e+38,
  "t_11" : 0.0049413894,
  "t_21" : -0.0050311354,
  "width" : 1024,
  "timestamp" : 1251170686794,
  "t_10" : -0.89343804,
  "t_00" : -0.0021549975,
  "fy" : 715.74243,
  "manual_keyframe" : false,
  "t_13" : -1.4184452,
  "blur_score" : 86.618095,
  "t_02" : 0.006714568,
  "t_03" : -1.6616337,
  "t_12" : 0.4491592,
  "center_depth" : 1.1279427,
  "height" : 768,
  "t_20" : -0.44918123,
  "t_22" : -0.89342654
}