{
  "t_21" : -0.766846,
  "t_01" : -0.6405794,
  "cx" : 515.1382,
  "angular_velocity" : 3.4028235e+38,
  "t_23" : -0.8299322,
  "t_22" : -0.6373626,
  "t_20" : -0.07560573,
  "fy" : 711.49554,
  "t_11" : 0.04006845,
  "fx" : 711.49554,
  "t_03" : -3.4671538,
  "t_12" : 0.07002754,
  "manual_keyframe" : false,
  "t_00" : 0.028162196,
  "t_10" : -0.99674004,
  "blur_score" : 167.94112,
  "width" : 1024,
  "t_02" : 0.76737547,
  "t_13" : -1.2652593,
  "center_depth" : 4.3207307,
  "height" : 768,
  "cy" : 385.4197,
  "timestamp" : 1251157297946
}