{
  "t_12" : 0.36334112,
  "t_21" : 0.7924422,
  "t_00" : -0.29912046,
  "height" : 768,
  "t_13" : -1.3533578,
  "angular_velocity" : 3.4028235e+38,
  "blur_score" : 31.47528,
  "cx" : 515.0862,
  "t_02" : -0.7340793,
  "manual_keyframe" : false,
  "center_depth" : 2.6700711,
  "width" : 1024,
  "t_23" : -6.217638,
  "t_11" : 0.019511912,
  "cy" : 384.67664,
  "t_22" : -0.5736819,
  "timestamp" : 1251203380866,
  "t_01" : -0.6096348,
  "fy" : 715.62964,
  "t_03" : -0.9595275,
  "t_10" : -0.9314518,
  "t_20" : -0.2071821,
  "fx" : 715.62964
}