{
  "manual_keyframe" : false,
  "t_20" : 0.01603863,
  "timestamp" : 1251073567005,
  "t_01" : 0.20052363,
  "t_10" : -0.99919254,
  "t_12" : -0.032863956,
  "cy" : 384.3679,
  "fx" : 719.6876,
  "t_13" : 0.2365688,
  "t_00" : 0.036838353,
  "height" : 768,
  "t_11" : 0.023114113,
  "t_23" : -0.60962963,
  "blur_score" : 62.9875,
  "width" : 1024,
  "fy" : 719.6876,
  "angular_velocity" : 3.4028235e+38,
  "t_21" : 0.9794162,
  "t_22" : 0.20121317,
  "center_depth" : 2.0768862,
  "cx" : 515.1291,
  "t_03" : 0.15238845,
  "t_02" : -0.9789961
}