{
  "t_22" : -0.7622448,
  "angular_velocity" : 3.4028235e+38,
  "fy" : 713.79846,
  "cx" : 515.0208,
  "t_00" : -0.19428898,
  "t_02" : -0.59093666,
  "t_20" : -0.18332835,
  "timestamp" : 1251168755072,
  "height" : 768,
  "blur_score" : 105.27623,
  "t_01" : -0.78297216,
  "center_depth" : 2.131896,
  "t_21" : 0.62078464,
  "t_23" : 0.9582405,
  "width" : 1024,
  "t_13" : -1.362489,
  "manual_keyframe" : false,
  "cy" : 385.38235,
  "fx" : 713.79846,
  "t_10" : -0.9636609,
  "t_03" : -2.2905157,
  "t_11" : 0.03976032,
  "t_12" : 0.26415262
}