{
  "timestamp" : 1251323236143,
  "manual_keyframe" : false,
  "t_13" : -1.2438935,
  "fy" : 717.11304,
  "t_12" : 0.17754446,
  "blur_score" : 79.85805,
  "t_20" : 0.11609788,
  "t_03" : -2.001607,
  "angular_velocity" : 3.4028235e+38,
  "cx" : 515.19666,
  "height" : 768,
  "t_02" : -0.84121275,
  "t_10" : -0.9837249,
  "t_21" : 0.8518698,
  "t_00" : -0.13713643,
  "t_01" : 0.52302444,
  "t_11" : 0.027624168,
  "t_22" : 0.5107239,
  "fx" : 717.11304,
  "t_23" : -9.487358,
  "width" : 1024,
  "cy" : 385.0498,
  "center_depth" : 1.5132346
}