{
  "t_03" : 0.07047091,
  "t_22" : 0.64876324,
  "t_23" : 0.1874058,
  "t_21" : -0.7249329,
  "height" : 768,
  "timestamp" : 1251045922949,
  "cx" : 515.10986,
  "t_00" : 0.1944917,
  "cy" : 384.80807,
  "t_01" : 0.68789476,
  "manual_keyframe" : false,
  "t_12" : 0.30022085,
  "fx" : 716.28723,
  "fy" : 716.28723,
  "t_11" : -0.035680626,
  "width" : 1024,
  "angular_velocity" : 3.4028235e+38,
  "blur_score" : 78.17228,
  "t_13" : 0.023913551,
  "center_depth" : 1.0772022,
  "t_02" : 0.6992667,
  "t_20" : 0.23147063,
  "t_10" : -0.9532021
}