{
  "fy" : 714.3623,
  "angular_velocity" : 3.4028235e+38,
  "t_00" : 0.5053578,
  "blur_score" : 43.319828,
  "height" : 768,
  "manual_keyframe" : false,
  "width" : 1024,
  "fx" : 714.3623,
  "t_11" : 0.08287971,
  "t_13" : -1.1661003,
  "cy" : 385.22122,
  "cx" : 514.6159,
  "t_22" : 0.5694524,
  "t_23" : -0.6061654,
  "t_02" : 0.39146248,
  "center_depth" : 2.2309606,
  "t_10" : -0.6860392,
  "t_01" : 0.7690063,
  "t_21" : -0.6338457,
  "t_20" : 0.5234155,
  "timestamp" : 1251101760501,
  "t_12" : 0.7228286,
  "t_03" : -1.3969467
}