{
  "cx" : 515.3173,
  "t_20" : -0.2313898,
  "width" : 1024,
  "t_11" : 0.059740733,
  "manual_keyframe" : false,
  "t_22" : -0.9407205,
  "height" : 768,
  "fx" : 714.08435,
  "blur_score" : 58.167107,
  "fy" : 714.08435,
  "timestamp" : 1251056347768,
  "t_23" : -0.16536811,
  "t_10" : -0.96555513,
  "t_00" : -0.119004615,
  "t_12" : 0.25324768,
  "cy" : 385.53717,
  "t_02" : -0.22563377,
  "t_13" : 0.06917197,
  "t_03" : -0.30446222,
  "t_01" : -0.9669164,
  "t_21" : 0.24799946,
  "angular_velocity" : 3.4028235e+38,
  "center_depth" : 2.289706
}