{
  "width" : 1024,
  "fx" : 716.8828,
  "angular_velocity" : 3.4028235e+38,
  "cx" : 515.06915,
  "t_11" : 0.06292216,
  "t_12" : 0.20084544,
  "t_02" : -0.9766099,
  "t_23" : -1.8834236,
  "height" : 768,
  "manual_keyframe" : false,
  "t_10" : -0.9776,
  "t_22" : 0.07677275,
  "t_20" : 0.07974114,
  "t_13" : -0.24226607,
  "t_01" : 0.09106871,
  "timestamp" : 1251070952481,
  "center_depth" : 1.7585013,
  "blur_score" : 33.523277,
  "fy" : 716.8828,
  "t_03" : 0.2759202,
  "cy" : 385.4514,
  "t_21" : 0.99385464,
  "t_00" : -0.19478048
}