{
  "t_02" : 0.79869103,
  "cx" : 515.06476,
  "blur_score" : 83.13596,
  "center_depth" : 3.150798,
  "cy" : 385.177,
  "height" : 768,
  "t_01" : -0.5992831,
  "t_03" : -4.698312,
  "timestamp" : 1251146556867,
  "fy" : 713.16956,
  "manual_keyframe" : false,
  "t_20" : -0.13048711,
  "t_23" : -4.737602,
  "t_22" : -0.5893433,
  "width" : 1024,
  "fx" : 713.16956,
  "t_12" : 0.12152055,
  "t_10" : -0.9899599,
  "t_13" : -1.2485554,
  "t_21" : -0.7972752,
  "t_11" : 0.072195515,
  "t_00" : 0.05433736,
  "angular_velocity" : 3.4028235e+38
}