{
  "center_depth" : 1.6744177,
  "timestamp" : 1251253462171,
  "t_00" : -0.6825798,
  "fx" : 716.5636,
  "cy" : 384.8481,
  "t_20" : 0.09217646,
  "t_01" : 0.10760002,
  "cx" : 514.2336,
  "t_13" : -1.5278215,
  "blur_score" : 35.933697,
  "height" : 768,
  "t_11" : 0.025058266,
  "t_10" : -0.72497463,
  "width" : 1024,
  "t_22" : 0.060902994,
  "manual_keyframe" : false,
  "t_02" : -0.72284645,
  "t_03" : 3.5514643,
  "t_12" : 0.68831956,
  "t_21" : 0.9938784,
  "fy" : 716.5636,
  "t_23" : -6.2646775,
  "angular_velocity" : 3.4028235e+38
}