{
  "fy" : 715.46295,
  "width" : 1024,
  "t_00" : -0.25825575,
  "t_12" : 0.3371012,
  "t_10" : -0.94099087,
  "t_03" : 0.2204661,
  "t_21" : 0.70621586,
  "center_depth" : 2.251808,
  "t_02" : -0.6579847,
  "t_20" : 0.21872394,
  "fx" : 715.46295,
  "angular_velocity" : 3.4028235e+38,
  "blur_score" : 57.11015,
  "timestamp" : 1251068354609,
  "manual_keyframe" : false,
  "t_01" : 0.7073614,
  "cx" : 515.02655,
  "t_22" : 0.6733639,
  "t_23" : -0.67293334,
  "height" : 768,
  "t_11" : -0.02998312,
  "t_13" : -0.15427375,
  "cy" : 384.59552
}