{
  "cy" : 384.77682,
  "cx" : 513.4139,
  "t_02" : 0.22824556,
  "t_12" : -0.6716618,
  "t_00" : -0.093978666,
  "t_03" : -5.1230593,
  "t_20" : 0.6707011,
  "blur_score" : 36.39707,
  "height" : 768,
  "timestamp" : 1251288982277,
  "manual_keyframe" : false,
  "t_21" : -0.23105358,
  "fx" : 716.0236,
  "t_22" : -0.70482236,
  "t_11" : -0.08684627,
  "t_13" : -1.0048175,
  "fy" : 716.0236,
  "t_01" : -0.9690573,
  "width" : 1024,
  "angular_velocity" : 3.4028235e+38,
  "center_depth" : 1.7991998,
  "t_10" : -0.7357501,
  "t_23" : -11.953648
}