{
  "t_13" : -1.2042809,
  "t_21" : -0.9585967,
  "t_11" : 0.05915932,
  "t_00" : -0.016599743,
  "cy" : 385.29654,
  "width" : 1024,
  "timestamp" : 1251141561006,
  "manual_keyframe" : false,
  "t_20" : -0.056782767,
  "cx" : 514.9364,
  "t_01" : -0.27855447,
  "center_depth" : 4.3630075,
  "t_10" : -0.9982485,
  "t_03" : -3.0107834,
  "t_12" : -9.536447e-05,
  "t_23" : -4.4907904,
  "blur_score" : 170.37146,
  "fy" : 712.02765,
  "t_02" : 0.960277,
  "t_22" : -0.27904856,
  "fx" : 712.02765,
  "angular_velocity" : 3.4028235e+38,
  "height" : 768
}