{
  "t_13" : -1.2289125,
  "t_21" : 0.64004034,
  "cy" : 385.40845,
  "t_00" : 0.052907813,
  "t_11" : 0.082152866,
  "width" : 1024,
  "timestamp" : 1251113084509,
  "manual_keyframe" : false,
  "t_20" : 0.064756714,
  "cx" : 515.00726,
  "t_01" : 0.76393676,
  "center_depth" : 1.7286395,
  "t_10" : -0.99649745,
  "t_12" : 0.015606907,
  "t_03" : 0.38671684,
  "t_23" : -2.4616194,
  "blur_score" : 99.3726,
  "t_02" : -0.6431185,
  "fy" : 714.3226,
  "t_22" : 0.7656076,
  "fx" : 714.3226,
  "angular_velocity" : 3.4028235e+38,
  "height" : 768
}