{
  "t_22" : 0.58597785,
  "angular_velocity" : 3.4028235e+38,
  "fx" : 720.54517,
  "t_11" : -0.036624864,
  "t_00" : -0.28744122,
  "t_10" : -0.940959,
  "cy" : 384.861,
  "t_03" : -0.044816986,
  "t_13" : -0.08546685,
  "t_02" : -0.73713994,
  "t_12" : 0.33653343,
  "t_21" : 0.7903521,
  "t_23" : -1.4570013,
  "width" : 1024,
  "height" : 768,
  "fy" : 720.54517,
  "t_01" : 0.61155736,
  "t_20" : 0.17881183,
  "center_depth" : 1.4237224,
  "blur_score" : 49.896057,
  "manual_keyframe" : false,
  "timestamp" : 1251069570280,
  "cx" : 514.91
}