{
  "t_13" : -1.280395,
  "t_21" : 0.415722,
  "t_11" : 0.102720916,
  "t_00" : 0.018014224,
  "cy" : 385.02853,
  "width" : 1024,
  "timestamp" : 1251112668186,
  "manual_keyframe" : false,
  "t_20" : 0.20275882,
  "cx" : 515.12274,
  "t_01" : 0.90367234,
  "center_depth" : 2.0907884,
  "t_10" : -0.979063,
  "t_03" : 0.2545823,
  "t_12" : 0.17573863,
  "t_23" : -2.3474936,
  "blur_score" : 79.90382,
  "t_02" : -0.4278456,
  "fy" : 714.3496,
  "t_22" : 0.88660264,
  "fx" : 714.3496,
  "angular_velocity" : 3.4028235e+38,
  "height" : 768
}