{
  "fy" : 711.791,
  "width" : 1024,
  "t_13" : -1.1517285,
  "t_12" : -0.19961396,
  "angular_velocity" : 3.4028235e+38,
  "timestamp" : 1251201748151,
  "t_10" : -0.97550946,
  "t_11" : 0.09238754,
  "t_23" : -6.4835086,
  "t_01" : -0.8326431,
  "t_00" : -0.18562536,
  "t_03" : -0.98324823,
  "t_02" : 0.5217744,
  "t_20" : 0.118001744,
  "blur_score" : 43.059326,
  "height" : 768,
  "t_21" : -0.5460493,
  "cx" : 515.0039,
  "fx" : 711.791,
  "center_depth" : 5.4487553,
  "t_22" : -0.8294007,
  "manual_keyframe" : false,
  "cy" : 385.1086
}