{
  "t_13" : -1.2244741,
  "t_00" : 0.010495431,
  "t_22" : -0.99695617,
  "width" : 1024,
  "fx" : 714.9213,
  "angular_velocity" : 3.4028235e+38,
  "blur_score" : 44.25883,
  "height" : 768,
  "cx" : 514.9258,
  "timestamp" : 1251116581628,
  "cy" : 385.36557,
  "t_11" : -0.010091618,
  "t_01" : -0.99691653,
  "t_03" : 1.034333,
  "t_10" : -0.9999334,
  "t_20" : -0.0047819554,
  "fy" : 714.9213,
  "t_21" : -0.07781785,
  "t_23" : -2.8369987,
  "t_02" : 0.0777644,
  "center_depth" : 1.2485738,
  "t_12" : 0.0055839424,
  "manual_keyframe" : false
}