{
  "cx" : 514.92114,
  "t_20" : -0.08994751,
  "width" : 1024,
  "t_11" : 0.088843666,
  "manual_keyframe" : false,
  "t_22" : 0.26889807,
  "height" : 768,
  "fx" : 715.6361,
  "blur_score" : 47.55932,
  "fy" : 715.6361,
  "timestamp" : 1251218841717,
  "t_23" : -5.02384,
  "t_10" : -0.99591225,
  "t_00" : 0.008261334,
  "t_12" : -0.016297406,
  "cy" : 384.9856,
  "t_02" : 0.9630309,
  "t_13" : -1.0065205,
  "t_03" : 1.1659495,
  "t_01" : 0.26926476,
  "t_21" : -0.9589596,
  "angular_velocity" : 3.4028235e+38,
  "center_depth" : 4.9891267
}