{
  "t_13" : -1.1613187,
  "manual_keyframe" : false,
  "fx" : 715.7678,
  "cy" : 384.70776,
  "t_01" : 0.98599494,
  "t_03" : -1.0810877,
  "t_23" : 2.1314898,
  "fy" : 715.7678,
  "t_02" : 0.14982888,
  "cx" : 515.09143,
  "t_21" : -0.1337072,
  "t_10" : -0.9790904,
  "t_22" : 0.9726795,
  "angular_velocity" : 3.4028235e+38,
  "t_00" : 0.073246844,
  "blur_score" : 106.00358,
  "center_depth" : 1.5899882,
  "width" : 1024,
  "t_12" : -0.17732935,
  "height" : 768,
  "t_11" : 0.09968036,
  "timestamp" : 1251182560202,
  "t_20" : -0.1897808
}