{
  "t_22" : 0.58199954,
  "angular_velocity" : 3.4028235e+38,
  "fy" : 713.21875,
  "cx" : 515.079,
  "t_02" : 0.72081524,
  "t_00" : 0.31814474,
  "t_20" : 0.20469615,
  "timestamp" : 1251099062722,
  "height" : 768,
  "blur_score" : 131.88956,
  "t_01" : 0.61579984,
  "center_depth" : 2.1110501,
  "t_21" : -0.7870044,
  "t_23" : -0.21574092,
  "width" : 1024,
  "t_13" : -0.37382042,
  "manual_keyframe" : false,
  "cy" : 385.1835,
  "fx" : 713.21875,
  "t_10" : -0.92568,
  "t_03" : -0.75301707,
  "t_11" : 0.037611984,
  "t_12" : 0.37643313
}