{
  "height" : 768,
  "cx" : 515.2249,
  "timestamp" : 1251245931635,
  "width" : 1024,
  "fy" : 712.86145,
  "t_03" : 1.4439538,
  "t_23" : -6.778434,
  "t_21" : 0.996312,
  "t_22" : -0.084377386,
  "fx" : 712.86145,
  "blur_score" : 76.39306,
  "manual_keyframe" : false,
  "t_11" : 0.017064273,
  "cy" : 384.7564,
  "t_13" : -1.266563,
  "angular_velocity" : 3.4028235e+38,
  "t_12" : 0.016888058,
  "t_00" : -0.018265614,
  "t_10" : -0.99971175,
  "center_depth" : 3.446868,
  "t_02" : -0.9962908,
  "t_20" : 0.015580863,
  "t_01" : -0.08408991
}