{
  "t_22" : 0.5671297,
  "angular_velocity" : 3.4028235e+38,
  "t_11" : 0.022233937,
  "t_10" : -0.9993587,
  "t_00" : -0.010486993,
  "fx" : 713.0393,
  "cy" : 384.78415,
  "t_03" : 2.0049284,
  "t_13" : -1.2791455,
  "t_12" : 0.028066657,
  "t_02" : -0.8231502,
  "t_21" : 0.8229167,
  "t_23" : -6.747343,
  "width" : 1024,
  "height" : 768,
  "fy" : 713.0393,
  "t_01" : 0.5677269,
  "t_20" : 0.034236062,
  "center_depth" : 2.8844771,
  "blur_score" : 63.13805,
  "manual_keyframe" : false,
  "timestamp" : 1251246797980,
  "cx" : 515.25037
}