{
  "timestamp" : 1251321170248,
  "manual_keyframe" : false,
  "fy" : 717.1465,
  "t_13" : -1.1922709,
  "t_12" : 0.0065585882,
  "blur_score" : 71.19619,
  "t_20" : -0.0014790758,
  "t_03" : -1.9901102,
  "angular_velocity" : 3.4028235e+38,
  "cx" : 515.0799,
  "height" : 768,
  "t_10" : -0.99996907,
  "t_02" : -0.9225959,
  "t_21" : 0.92261803,
  "t_00" : -0.0077269827,
  "t_01" : 0.38569048,
  "t_11" : -0.00434498,
  "t_22" : 0.38571212,
  "fx" : 717.1465,
  "t_23" : -9.571797,
  "width" : 1024,
  "cy" : 384.84882,
  "center_depth" : 1.4475747
}