{
  "timestamp" : 1251300411341,
  "t_22" : -0.3960507,
  "t_12" : 0.27134776,
  "t_02" : -0.8772196,
  "t_20" : -0.08706253,
  "t_00" : -0.25830615,
  "center_depth" : 4.6594896,
  "t_23" : -9.632696,
  "manual_keyframe" : false,
  "t_11" : 0.02592936,
  "cy" : 384.7388,
  "width" : 1024,
  "height" : 768,
  "t_13" : -1.3371525,
  "angular_velocity" : 3.4028235e+38,
  "t_03" : -3.8072755,
  "t_10" : -0.96213204,
  "blur_score" : 66.0973,
  "t_21" : 0.9140919,
  "fx" : 712.92816,
  "t_01" : -0.40467724,
  "fy" : 712.92816,
  "cx" : 515.11566
}