{
  "t_02" : -0.4961532,
  "t_22" : 0.82248557,
  "t_23" : -1.4500275,
  "blur_score" : 97.02611,
  "cx" : 515.0744,
  "t_21" : 0.5065612,
  "t_03" : -3.1157238,
  "center_depth" : 5.2378473,
  "angular_velocity" : 3.4028235e+38,
  "width" : 1024,
  "cy" : 385.2551,
  "timestamp" : 1251189221288,
  "fy" : 712.3643,
  "manual_keyframe" : false,
  "t_13" : -1.3415931,
  "fx" : 712.3643,
  "t_00" : -0.10918543,
  "t_10" : -0.95977354,
  "height" : 768,
  "t_12" : 0.27811754,
  "t_11" : 0.03853942,
  "t_01" : 0.8613422,
  "t_20" : 0.2586758
}