{
  "fy" : 717.14325,
  "t_13" : -1.2420151,
  "cx" : 515.111,
  "t_01" : -0.0810567,
  "t_21" : -0.9964602,
  "t_22" : -0.08243428,
  "width" : 1024,
  "t_20" : -0.016487468,
  "timestamp" : 1251089770368,
  "t_23" : 3.1171556,
  "blur_score" : 46.257736,
  "height" : 768,
  "center_depth" : 1.3265502,
  "t_02" : 0.9941329,
  "cy" : 385.32874,
  "t_00" : -0.071622394,
  "t_10" : -0.99729556,
  "t_11" : 0.022294872,
  "t_03" : -0.666839,
  "angular_velocity" : 3.4028235e+38,
  "fx" : 717.14325,
  "manual_keyframe" : false,
  "t_12" : -0.07003244
}