{
  "cy" : 384.7316,
  "t_23" : -7.4105062,
  "angular_velocity" : 3.4028235e+38,
  "height" : 768,
  "t_03" : -0.7625852,
  "t_11" : -0.0901272,
  "t_13" : -1.3671137,
  "t_20" : 0.3510727,
  "center_depth" : 3.5008895,
  "manual_keyframe" : false,
  "fy" : 714.3226,
  "t_10" : -0.9136565,
  "t_02" : -0.2575698,
  "t_01" : 0.94428706,
  "t_21" : 0.31654242,
  "t_22" : 0.8812202,
  "blur_score" : 72.9734,
  "width" : 1024,
  "t_00" : -0.2048897,
  "t_12" : 0.39636967,
  "cx" : 515.1019,
  "fx" : 714.3226,
  "timestamp" : 1251224706195
}