{
  "angular_velocity" : 3.4028235e+38,
  "t_23" : -9.054425,
  "cx" : 514.65,
  "fy" : 714.3274,
  "t_00" : -0.40934625,
  "t_11" : 0.017122902,
  "t_22" : -0.4868756,
  "t_21" : 0.8371016,
  "fx" : 714.3274,
  "center_depth" : 2.9893334,
  "width" : 1024,
  "t_13" : -1.3409455,
  "blur_score" : 65.9053,
  "cy" : 384.89096,
  "t_03" : -2.6097968,
  "t_02" : -0.7303889,
  "height" : 768,
  "t_12" : 0.47904527,
  "timestamp" : 1251327201331,
  "t_01" : -0.5467796,
  "t_10" : -0.87762314,
  "t_20" : -0.2494258,
  "manual_keyframe" : false
}