{
  "height" : 768,
  "t_00" : -0.37583622,
  "t_22" : 0.47479296,
  "t_12" : 0.481147,
  "t_11" : 0.045462303,
  "t_02" : -0.73693246,
  "t_01" : 0.5618522,
  "cx" : 514.5914,
  "t_10" : -0.87546027,
  "blur_score" : 66.17533,
  "width" : 1024,
  "t_03" : -2.6422598,
  "timestamp" : 1251302044064,
  "t_20" : 0.30383617,
  "t_13" : -1.4354825,
  "t_21" : 0.8259876,
  "fy" : 715.1564,
  "fx" : 715.1564,
  "t_23" : -9.191948,
  "angular_velocity" : 3.4028235e+38,
  "cy" : 385.14288,
  "center_depth" : 2.0109715,
  "manual_keyframe" : false
}