{
  "cx" : 514.84186,
  "t_20" : -0.07670452,
  "width" : 1024,
  "t_11" : -0.03216072,
  "manual_keyframe" : false,
  "t_22" : -0.9852237,
  "height" : 768,
  "fx" : 711.7465,
  "blur_score" : 51.865868,
  "fy" : 711.7465,
  "timestamp" : 1251137231257,
  "t_23" : -6.0148177,
  "t_10" : -0.99606806,
  "t_00" : 0.04432658,
  "t_12" : 0.082547665,
  "cy" : 384.759,
  "t_02" : 0.15006773,
  "t_13" : -1.2393693,
  "t_03" : -1.7216984,
  "t_01" : -0.98768157,
  "t_21" : -0.15313675,
  "angular_velocity" : 3.4028235e+38,
  "center_depth" : 4.781367
}