{
  "t_13" : -1.3920112,
  "manual_keyframe" : false,
  "fx" : 715.50586,
  "cy" : 384.7549,
  "t_01" : 0.8799891,
  "t_03" : -1.7279632,
  "t_23" : -9.918831,
  "fy" : 715.50586,
  "t_02" : -0.45509475,
  "cx" : 514.992,
  "t_21" : 0.47094172,
  "t_10" : -0.91708136,
  "t_22" : 0.7985989,
  "angular_velocity" : 3.4028235e+38,
  "t_00" : -0.13604411,
  "blur_score" : 67.91975,
  "center_depth" : 1.8282917,
  "width" : 1024,
  "t_12" : 0.39386386,
  "height" : 768,
  "t_11" : 0.061911944,
  "timestamp" : 1251305476115,
  "t_20" : 0.37477168
}