{
  "height" : 768,
  "t_00" : -0.14271037,
  "t_22" : 0.83409995,
  "t_01" : 0.88722605,
  "t_11" : 0.013768866,
  "t_12" : 0.3343854,
  "t_02" : -0.43870696,
  "t_10" : -0.94233584,
  "cx" : 515.147,
  "blur_score" : 30.74864,
  "width" : 1024,
  "t_03" : -4.823431,
  "timestamp" : 1251284817164,
  "t_20" : 0.30271596,
  "t_13" : -1.3815405,
  "t_21" : 0.46112952,
  "fy" : 714.30035,
  "fx" : 714.30035,
  "t_23" : -11.083937,
  "angular_velocity" : 3.4028235e+38,
  "cy" : 385.02655,
  "center_depth" : 2.3869886,
  "manual_keyframe" : false
}