{
  "fy" : 712.61365,
  "t_13" : -1.2409842,
  "cx" : 515.12463,
  "t_01" : -0.17099011,
  "t_21" : -0.98362845,
  "t_22" : -0.16705209,
  "width" : 1024,
  "t_20" : -0.06759259,
  "timestamp" : 1251127455998,
  "t_23" : -5.9817286,
  "blur_score" : 242.10191,
  "height" : 768,
  "center_depth" : 5.073215,
  "t_02" : 0.9836008,
  "cy" : 385.12354,
  "t_00" : 0.05737499,
  "t_10" : -0.9960619,
  "t_11" : 0.056899514,
  "t_03" : -1.2184241,
  "angular_velocity" : 3.4028235e+38,
  "fx" : 712.61365,
  "manual_keyframe" : false,
  "t_12" : 0.06799333
}