{
  "t_00" : 0.10016706,
  "center_depth" : 0.6475823,
  "t_03" : -1.5528821,
  "t_23" : -10.163288,
  "angular_velocity" : 3.4028235e+38,
  "timestamp" : 1251306842270,
  "cx" : 514.76904,
  "fy" : 721.4156,
  "blur_score" : 49.976246,
  "manual_keyframe" : false,
  "t_02" : -0.91662353,
  "t_10" : -0.99474907,
  "t_11" : 0.019513093,
  "t_13" : -1.1957623,
  "t_12" : -0.10046604,
  "fx" : 721.4156,
  "t_22" : 0.38692108,
  "width" : 1024,
  "height" : 768,
  "cy" : 384.9519,
  "t_21" : 0.92187375,
  "t_01" : 0.3869986,
  "t_20" : -0.020994063
}