{
  "t_20" : 0.08746773,
  "blur_score" : 35.201706,
  "center_depth" : 2.1637504,
  "width" : 1024,
  "height" : 768,
  "timestamp" : 1251261259271,
  "manual_keyframe" : false,
  "t_10" : -0.9910231,
  "t_11" : 0.09400451,
  "cx" : 515.01294,
  "t_22" : -0.99280053,
  "t_03" : 4.4628873,
  "cy" : 385.43906,
  "t_01" : -0.99220294,
  "fy" : 715.35016,
  "angular_velocity" : 3.4028235e+38,
  "t_00" : -0.10110672,
  "t_13" : -1.2032602,
  "t_02" : 0.072875835,
  "fx" : 715.35016,
  "t_12" : -0.09505957,
  "t_21" : -0.08183282,
  "t_23" : -7.6586237
}