{
  "blur_score" : 68.32001,
  "t_00" : -0.2015282,
  "manual_keyframe" : false,
  "fy" : 722.2938,
  "t_02" : -0.19332537,
  "t_10" : -0.7503617,
  "t_11" : -0.024487661,
  "angular_velocity" : 3.4028235e+38,
  "width" : 1024,
  "height" : 768,
  "t_03" : 2.5661922,
  "t_13" : -1.4912618,
  "cx" : 514.72485,
  "t_01" : 0.9602145,
  "t_12" : 0.6605737,
  "t_23" : -4.377082,
  "fx" : 722.2938,
  "cy" : 384.85574,
  "timestamp" : 1251211411171,
  "t_21" : 0.27818817,
  "center_depth" : 1.1287369,
  "t_22" : 0.7254431,
  "t_20" : 0.6295583
}