{
  "manual_keyframe" : false,
  "t_20" : 0.0067413645,
  "timestamp" : 1251075898427,
  "t_01" : -0.23586415,
  "t_10" : -0.9900657,
  "t_12" : 0.13477531,
  "cy" : 385.33328,
  "fx" : 714.0637,
  "t_13" : 0.0013880059,
  "t_00" : -0.14044389,
  "height" : 768,
  "t_11" : 0.04006934,
  "t_23" : 0.2959555,
  "blur_score" : 100.62885,
  "width" : 1024,
  "fy" : 714.0637,
  "angular_velocity" : 3.4028235e+38,
  "t_21" : 0.9709596,
  "t_22" : -0.23914851,
  "center_depth" : 1.6028136,
  "cx" : 515.5776,
  "t_03" : -0.12118163,
  "t_02" : -0.961584
}