{
  "t_12" : 0.39412424,
  "fy" : 715.4153,
  "t_01" : 0.623872,
  "width" : 1024,
  "t_20" : 0.21703887,
  "height" : 768,
  "timestamp" : 1251271288871,
  "manual_keyframe" : false,
  "t_02" : 0.7077392,
  "t_11" : 0.04075543,
  "fx" : 715.4153,
  "t_21" : -0.78046316,
  "blur_score" : 61.08384,
  "t_23" : -6.978652,
  "t_13" : -1.4153032,
  "t_00" : 0.33149517,
  "t_10" : -0.91815305,
  "t_22" : 0.5863202,
  "cx" : 514.8096,
  "angular_velocity" : 3.4028235e+38,
  "t_03" : 0.99529076,
  "center_depth" : 1.9602098,
  "cy" : 385.49576
}