{
  "t_12" : -0.07796355,
  "t_21" : -0.96415466,
  "t_00" : -0.062887035,
  "height" : 768,
  "t_13" : -1.2259083,
  "angular_velocity" : 3.4028235e+38,
  "blur_score" : 39.992176,
  "cx" : 515.20795,
  "t_02" : 0.96328866,
  "manual_keyframe" : false,
  "center_depth" : 1.4188297,
  "width" : 1024,
  "t_23" : -7.054201,
  "t_11" : 0.04780835,
  "cy" : 384.78424,
  "t_22" : 0.2568983,
  "timestamp" : 1251199915513,
  "t_01" : 0.2609986,
  "t_10" : -0.9958092,
  "t_03" : -0.6256566,
  "fy" : 716.62866,
  "t_20" : -0.06640162,
  "fx" : 716.62866
}