{
  "t_03" : 0.35099322,
  "t_00" : -0.02144341,
  "blur_score" : 47.819893,
  "cy" : 385.4308,
  "width" : 1024,
  "fy" : 713.8049,
  "angular_velocity" : 3.4028235e+38,
  "timestamp" : 1251078562907,
  "height" : 768,
  "t_12" : -0.026288433,
  "cx" : 515.201,
  "manual_keyframe" : false,
  "fx" : 713.8049,
  "t_20" : 0.021744573,
  "t_11" : 0.015542351,
  "t_10" : -0.9995336,
  "t_02" : 0.2417732,
  "t_13" : 0.06194984,
  "t_21" : -0.24222411,
  "t_23" : 1.0648981,
  "t_22" : -0.9699767,
  "center_depth" : 2.3897147,
  "t_01" : -0.9700959
}