{
  "cy" : 385.03064,
  "t_00" : -0.110952266,
  "t_03" : -1.7954609,
  "t_12" : 0.46292508,
  "cx" : 515.0234,
  "t_02" : -0.11777402,
  "t_20" : 0.45160893,
  "blur_score" : 63.346096,
  "height" : 768,
  "timestamp" : 1251304976301,
  "manual_keyframe" : false,
  "t_21" : 0.1556268,
  "fx" : 716.07117,
  "t_22" : 0.8785384,
  "t_11" : -0.044288017,
  "t_13" : -1.4083376,
  "fy" : 716.07117,
  "t_01" : 0.9868227,
  "width" : 1024,
  "angular_velocity" : 3.4028235e+38,
  "center_depth" : 1.5283806,
  "t_10" : -0.8852903,
  "t_23" : -9.842234
}