{
  "t_20" : 0.1842796,
  "blur_score" : 29.260857,
  "center_depth" : 2.285766,
  "width" : 1024,
  "height" : 768,
  "timestamp" : 1251260826098,
  "manual_keyframe" : false,
  "t_10" : -0.9727931,
  "t_11" : 0.10478296,
  "cx" : 515.0112,
  "t_22" : -0.9642247,
  "cy" : 385.23645,
  "fy" : 714.8895,
  "t_01" : -0.976068,
  "t_03" : 4.4373417,
  "angular_velocity" : 3.4028235e+38,
  "t_00" : -0.14040804,
  "t_13" : -1.1321642,
  "t_02" : 0.16606247,
  "t_12" : -0.20662509,
  "fx" : 714.8895,
  "t_21" : -0.1905563,
  "t_23" : -7.6526194
}