{
  "width" : 1024,
  "t_13" : -1.1285741,
  "t_23" : -6.7276406,
  "timestamp" : 1251201115058,
  "height" : 768,
  "cy" : 385.20993,
  "manual_keyframe" : false,
  "t_00" : -0.31011194,
  "t_12" : -0.28464583,
  "t_10" : -0.9501577,
  "t_02" : 0.9048964,
  "angular_velocity" : 3.4028235e+38,
  "t_11" : 0.12718928,
  "fx" : 713.0266,
  "t_03" : -0.89971864,
  "t_20" : -0.032108597,
  "t_21" : -0.94806623,
  "t_01" : -0.29153606,
  "center_depth" : 5.8769007,
  "t_22" : -0.31644815,
  "fy" : 713.0266,
  "cx" : 515.0028,
  "blur_score" : 114.20552
}