{
  "t_21" : -0.67380553,
  "blur_score" : 62.43897,
  "t_02" : 0.6699935,
  "t_01" : -0.73585045,
  "timestamp" : 1251146223810,
  "t_03" : -4.656439,
  "cy" : 385.04523,
  "fy" : 713.1426,
  "cx" : 514.9196,
  "t_22" : -0.7101151,
  "t_23" : -4.7701783,
  "angular_velocity" : 3.4028235e+38,
  "t_10" : -0.9739837,
  "t_11" : 0.06715838,
  "t_20" : -0.20426156,
  "width" : 1024,
  "manual_keyframe" : false,
  "t_00" : 0.09814681,
  "t_13" : -1.288093,
  "t_12" : 0.2164378,
  "fx" : 713.1426,
  "height" : 768,
  "center_depth" : 2.8858936
}