{
  "t_13" : -1.264302,
  "t_21" : -0.9215323,
  "t_11" : 0.03063969,
  "t_00" : 0.11027787,
  "cy" : 385.017,
  "width" : 1024,
  "timestamp" : 1251125374381,
  "manual_keyframe" : false,
  "t_20" : 0.013279492,
  "cx" : 515.0312,
  "t_01" : 0.38709104,
  "center_depth" : 3.7530973,
  "t_10" : -0.99381214,
  "t_12" : 0.106764995,
  "t_03" : -1.5743704,
  "t_23" : -5.0768466,
  "blur_score" : 306.01236,
  "fy" : 712.01495,
  "t_02" : 0.91542304,
  "t_22" : 0.38807467,
  "fx" : 712.01495,
  "angular_velocity" : 3.4028235e+38,
  "height" : 768
}