{
  "cy" : 385.5869,
  "t_00" : -0.07505833,
  "t_11" : 0.07707679,
  "t_10" : -0.9929742,
  "t_01" : 0.17631818,
  "t_12" : -0.08978499,
  "fy" : 715.1945,
  "t_22" : 0.16929418,
  "center_depth" : 2.0855849,
  "width" : 1024,
  "height" : 768,
  "t_02" : 0.98146737,
  "timestamp" : 1251241000132,
  "t_03" : 0.46370143,
  "fx" : 715.1945,
  "t_23" : -7.5502586,
  "manual_keyframe" : false,
  "angular_velocity" : 3.4028235e+38,
  "cx" : 514.8853,
  "t_13" : -1.0998679,
  "t_20" : -0.09147909,
  "blur_score" : 75.15905,
  "t_21" : -0.98131096
}