{
  "t_02" : -0.67841303,
  "cx" : 514.97284,
  "blur_score" : 111.82641,
  "center_depth" : 2.20597,
  "cy" : 385.24045,
  "height" : 768,
  "t_01" : -0.6805417,
  "t_03" : -2.491862,
  "timestamp" : 1251168438669,
  "fy" : 713.7826,
  "manual_keyframe" : false,
  "t_20" : -0.20653605,
  "t_23" : 0.9184532,
  "t_22" : -0.6496589,
  "width" : 1024,
  "fx" : 713.7826,
  "t_12" : 0.34307325,
  "t_13" : -1.3891542,
  "t_10" : -0.93846893,
  "t_21" : 0.73163253,
  "t_11" : 0.03970973,
  "t_00" : -0.27680135,
  "angular_velocity" : 3.4028235e+38
}