{
  "t_11" : -0.001986627,
  "t_02" : 0.2988989,
  "t_03" : -5.402651,
  "angular_velocity" : 3.4028235e+38,
  "height" : 768,
  "center_depth" : 1.3896532,
  "timestamp" : 1251148238805,
  "t_22" : -0.9220393,
  "blur_score" : 31.389816,
  "cx" : 515.086,
  "t_10" : -0.9692744,
  "t_13" : -1.3599217,
  "t_00" : 0.07780135,
  "t_01" : -0.95110804,
  "t_12" : 0.24597399,
  "cy" : 385.56192,
  "t_20" : -0.23335405,
  "t_23" : -3.9448316,
  "width" : 1024,
  "manual_keyframe" : false,
  "fx" : 715.1612,
  "t_21" : -0.30885223,
  "fy" : 715.1612
}