{
  "height" : 768,
  "t_13" : -1.2320774,
  "angular_velocity" : 3.4028235e+38,
  "t_22" : 0.27393314,
  "blur_score" : 54.37837,
  "width" : 1024,
  "fx" : 715.2199,
  "fy" : 715.2199,
  "cx" : 515.17017,
  "t_20" : 0.046677645,
  "t_10" : -0.9988049,
  "t_01" : 0.27355218,
  "t_03" : 2.2496088,
  "t_12" : -0.0011491772,
  "t_00" : 0.014488574,
  "t_11" : 0.04886103,
  "t_02" : -0.96174806,
  "t_21" : 0.96061534,
  "cy" : 384.9982,
  "t_23" : -4.302832,
  "center_depth" : 1.4503206,
  "timestamp" : 1251210178301,
  "manual_keyframe" : false
}