{
  "cy" : 385.05005,
  "t_00" : 0.12657432,
  "t_11" : 0.0232275,
  "t_10" : -0.99194264,
  "t_01" : 0.1401417,
  "fy" : 712.0801,
  "t_12" : 0.12454009,
  "t_22" : 0.14195257,
  "center_depth" : 4.0465455,
  "width" : 1024,
  "height" : 768,
  "t_02" : 0.98200786,
  "timestamp" : 1251140595139,
  "t_03" : -2.2572773,
  "fx" : 712.0801,
  "t_23" : -4.330471,
  "manual_keyframe" : false,
  "angular_velocity" : 3.4028235e+38,
  "cx" : 515.4517,
  "t_13" : -1.2900059,
  "t_20" : -0.0053563225,
  "blur_score" : 347.06955,
  "t_21" : -0.9898591
}