{
  "t_13" : -1.2209702,
  "t_21" : 0.73132724,
  "t_11" : 0.07804369,
  "cy" : 385.36118,
  "t_00" : 0.084004626,
  "width" : 1024,
  "timestamp" : 1251113217733,
  "manual_keyframe" : false,
  "t_20" : 0.028467443,
  "cx" : 515.0423,
  "t_01" : 0.6775469,
  "center_depth" : 1.635582,
  "t_10" : -0.99605864,
  "t_12" : -0.042146843,
  "t_03" : 0.4133398,
  "t_23" : -2.5094235,
  "blur_score" : 92.21,
  "fy" : 714.3368,
  "t_02" : -0.7306664,
  "t_22" : 0.6814325,
  "fx" : 714.3368,
  "angular_velocity" : 3.4028235e+38,
  "height" : 768
}