{
  "t_22" : -0.91973805,
  "angular_velocity" : 3.4028235e+38,
  "t_11" : 0.018299624,
  "fx" : 714.6085,
  "t_10" : -0.9393955,
  "t_00" : -0.0890258,
  "cy" : 385.00467,
  "t_03" : -4.440503,
  "t_13" : -1.1366694,
  "t_02" : 0.19204356,
  "t_12" : -0.34234676,
  "t_21" : -0.21088254,
  "t_23" : -12.009362,
  "width" : 1024,
  "height" : 768,
  "fy" : 714.6085,
  "t_01" : -0.9773402,
  "t_20" : 0.33107486,
  "center_depth" : 2.406103,
  "blur_score" : 40.18433,
  "manual_keyframe" : false,
  "timestamp" : 1251296112948,
  "cx" : 515.1474
}