{
  "t_21" : -0.55663264,
  "blur_score" : 223.66243,
  "t_01" : 0.83060217,
  "t_02" : 0.47764382,
  "timestamp" : 1251164541917,
  "fy" : 712.59937,
  "cy" : 385.10986,
  "t_03" : -3.5889895,
  "cx" : 515.16327,
  "t_22" : 0.69724864,
  "t_23" : 2.2356577,
  "angular_velocity" : 3.4028235e+38,
  "t_11" : -0.016128061,
  "t_10" : -0.84500825,
  "t_20" : 0.4516686,
  "width" : 1024,
  "manual_keyframe" : false,
  "t_00" : 0.2862804,
  "t_13" : -1.4705032,
  "t_12" : 0.53450996,
  "fx" : 712.59937,
  "height" : 768,
  "center_depth" : 2.4703064
}