{
  "t_13" : 0.35247302,
  "t_00" : -0.7113698,
  "t_22" : -0.17222436,
  "width" : 1024,
  "fx" : 718.36145,
  "angular_velocity" : 3.4028235e+38,
  "blur_score" : 28.409748,
  "height" : 768,
  "cx" : 514.63715,
  "timestamp" : 1251082176608,
  "cy" : 385.18924,
  "t_11" : 0.1299236,
  "t_01" : -0.11355695,
  "t_03" : 0.26626247,
  "t_10" : -0.7027368,
  "t_20" : -0.010681363,
  "fy" : 718.36145,
  "t_21" : -0.9849999,
  "t_23" : 1.7317994,
  "t_02" : 0.6935834,
  "center_depth" : 0.964787,
  "t_12" : -0.6994862,
  "manual_keyframe" : false
}