{
  "height" : 768,
  "t_13" : -1.406525,
  "angular_velocity" : 3.4028235e+38,
  "t_22" : -0.09997174,
  "blur_score" : 63.954224,
  "width" : 1024,
  "fx" : 714.9055,
  "fy" : 714.9055,
  "cx" : 514.943,
  "t_20" : -0.068742536,
  "t_10" : -0.898404,
  "t_03" : 1.2444158,
  "t_12" : 0.43879974,
  "t_01" : -0.119979195,
  "t_00" : -0.43375635,
  "t_11" : -0.018024137,
  "t_02" : -0.8930063,
  "t_21" : 0.99261266,
  "cy" : 384.95703,
  "t_23" : -5.0392327,
  "center_depth" : 1.7794496,
  "timestamp" : 1251207912488,
  "manual_keyframe" : false
}