{
  "t_11" : 0.028033722,
  "cy" : 385.20157,
  "t_20" : -0.27994147,
  "angular_velocity" : 3.4028235e+38,
  "height" : 768,
  "t_12" : 0.328926,
  "timestamp" : 1251329533795,
  "t_00" : -0.17495994,
  "t_01" : -0.8874237,
  "cx" : 514.91235,
  "t_23" : -8.093403,
  "t_03" : -1.2219126,
  "blur_score" : 40.17595,
  "center_depth" : 3.4850826,
  "manual_keyframe" : false,
  "fx" : 713.4538,
  "fy" : 713.4538,
  "t_10" : -0.9439395,
  "t_21" : 0.46010143,
  "t_22" : -0.84257907,
  "t_02" : -0.42646015,
  "t_13" : -1.3420763,
  "width" : 1024
}