{
  "fx" : 712.3865,
  "t_21" : 0.5597156,
  "t_00" : -0.093413375,
  "height" : 768,
  "t_13" : -1.3088579,
  "angular_velocity" : 3.4028235e+38,
  "blur_score" : 70.45072,
  "cx" : 515.0605,
  "t_02" : -0.5533578,
  "manual_keyframe" : false,
  "center_depth" : 6.0551147,
  "width" : 1024,
  "t_23" : -1.1086897,
  "t_11" : 0.04061075,
  "cy" : 385.48553,
  "t_22" : 0.8019562,
  "timestamp" : 1251188821623,
  "t_01" : 0.8276891,
  "t_10" : -0.97349334,
  "t_03" : -3.3499777,
  "fy" : 712.3865,
  "t_20" : 0.20876943,
  "t_12" : 0.2250811
}