{
  "t_22" : 0.16799438,
  "angular_velocity" : 3.4028235e+38,
  "t_11" : 0.0029620875,
  "t_10" : -0.9999921,
  "t_00" : 0.003086953,
  "fx" : 712.8821,
  "cy" : 384.8748,
  "t_03" : 1.7156523,
  "t_13" : -1.2751697,
  "t_12" : -0.0026266773,
  "t_02" : -0.98578435,
  "t_21" : 0.98578477,
  "t_23" : -6.731719,
  "width" : 1024,
  "height" : 768,
  "fy" : 712.8821,
  "t_01" : 0.16798657,
  "t_20" : 0.0024787337,
  "center_depth" : 3.584404,
  "blur_score" : 50.18374,
  "manual_keyframe" : false,
  "timestamp" : 1251246298165,
  "cx" : 515.1505
}