{
  "cx" : 515.2865,
  "t_21" : -0.6889364,
  "fx" : 713.4459,
  "t_10" : -0.97047585,
  "t_00" : -0.12111964,
  "angular_velocity" : 3.4028235e+38,
  "height" : 768,
  "fy" : 713.4459,
  "t_11" : 0.057899896,
  "width" : 1024,
  "t_02" : 0.6806731,
  "t_01" : 0.7225055,
  "t_13" : -1.175383,
  "t_03" : -3.775665,
  "center_depth" : 2.6795058,
  "manual_keyframe" : false,
  "t_22" : 0.6941614,
  "t_23" : -9.979086,
  "t_20" : -0.20858246,
  "t_12" : -0.2341457,
  "blur_score" : 77.69449,
  "timestamp" : 1251282551341,
  "cy" : 385.1317
}