{
  "cy" : 384.9173,
  "t_01" : -0.1273694,
  "cx" : 514.975,
  "center_depth" : 3.237952,
  "t_12" : -0.2055788,
  "timestamp" : 1251235135646,
  "t_23" : -8.425749,
  "t_20" : -0.03401978,
  "width" : 1024,
  "t_13" : -1.1291254,
  "height" : 768,
  "t_22" : -0.13757326,
  "t_10" : -0.9766661,
  "t_21" : -0.9899072,
  "fx" : 714.1876,
  "t_00" : -0.21205209,
  "fy" : 714.1876,
  "t_02" : 0.9689226,
  "angular_velocity" : 3.4028235e+38,
  "blur_score" : 56.962036,
  "t_11" : 0.062135227,
  "manual_keyframe" : false,
  "t_03" : 1.5564097
}