{
  "t_00" : -0.081815034,
  "t_20" : -0.069547564,
  "cx" : 514.8899,
  "t_22" : -0.94441193,
  "width" : 1024,
  "t_10" : -0.99421805,
  "t_13" : -1.2094783,
  "t_21" : 0.32132417,
  "t_11" : 0.05531654,
  "fy" : 716.2602,
  "angular_velocity" : 3.4028235e+38,
  "cy" : 384.7561,
  "t_23" : -10.716945,
  "t_12" : 0.0920361,
  "blur_score" : 76.47924,
  "t_01" : -0.9453522,
  "fx" : 716.2602,
  "center_depth" : 1.2173691,
  "height" : 768,
  "timestamp" : 1251310740813,
  "manual_keyframe" : false,
  "t_03" : -1.2976542,
  "t_02" : -0.3156192
}