{
  "cy" : 384.81595,
  "cx" : 515.2213,
  "t_01" : -0.9359856,
  "center_depth" : 0.64534605,
  "t_12" : 0.29354936,
  "timestamp" : 1251243732451,
  "t_23" : -7.088475,
  "t_20" : -0.27385476,
  "width" : 1024,
  "t_13" : -1.3591244,
  "height" : 768,
  "t_22" : -0.8950308,
  "t_10" : -0.9559401,
  "t_21" : 0.35202777,
  "fy" : 724.54596,
  "fx" : 724.54596,
  "t_00" : -0.105745085,
  "t_02" : -0.33578083,
  "angular_velocity" : 3.4028235e+38,
  "blur_score" : 23.945398,
  "t_11" : 0.00268991,
  "manual_keyframe" : false,
  "t_03" : 0.5895132
}