{
  "height" : 768,
  "t_13" : -1.4180442,
  "angular_velocity" : 3.4028235e+38,
  "t_22" : -0.17762631,
  "blur_score" : 63.45661,
  "width" : 1024,
  "fx" : 714.87683,
  "fy" : 714.87683,
  "cx" : 515.017,
  "t_20" : -0.11179871,
  "t_10" : -0.87500125,
  "t_01" : -0.20953031,
  "t_12" : 0.48396862,
  "t_03" : 1.3038864,
  "t_00" : -0.4710348,
  "t_11" : -0.012128607,
  "t_02" : -0.8568683,
  "t_21" : 0.977727,
  "cy" : 384.90222,
  "t_23" : -4.9889455,
  "center_depth" : 1.9140314,
  "timestamp" : 1251208045771,
  "manual_keyframe" : false
}