{
  "t_11" : -0.007987027,
  "t_13" : -1.2992743,
  "t_23" : -7.9548683,
  "t_12" : 0.02388686,
  "height" : 768,
  "t_01" : 0.09769497,
  "t_03" : 4.3548775,
  "t_20" : 0.010280326,
  "angular_velocity" : 3.4028235e+38,
  "t_10" : -0.99968266,
  "fy" : 715.15,
  "blur_score" : 38.063366,
  "t_02" : 0.9949507,
  "timestamp" : 1251258093781,
  "cy" : 384.82132,
  "cx" : 514.9055,
  "center_depth" : 2.1890614,
  "t_21" : -0.9951843,
  "width" : 1024,
  "manual_keyframe" : false,
  "t_22" : 0.09748034,
  "t_00" : 0.022993255,
  "fx" : 715.15
}