{
  "cy" : 384.82913,
  "t_23" : -9.855681,
  "angular_velocity" : 3.4028235e+38,
  "height" : 768,
  "t_03" : 0.24734277,
  "t_11" : -0.0148695465,
  "t_13" : -1.3262887,
  "t_20" : -0.12912142,
  "center_depth" : 2.5795453,
  "manual_keyframe" : false,
  "t_10" : -0.93837506,
  "fy" : 715.72815,
  "t_02" : -0.88569635,
  "t_01" : -0.33580065,
  "t_21" : 0.9418158,
  "t_22" : -0.3103399,
  "blur_score" : 75.02108,
  "width" : 1024,
  "t_00" : -0.3205931,
  "t_12" : 0.34529868,
  "cx" : 514.86487,
  "fx" : 715.72815,
  "timestamp" : 1251228671385
}