{
  "center_depth" : 0.24494109,
  "timestamp" : 1251072168152,
  "t_00" : -0.21652423,
  "cy" : 385.37137,
  "fx" : 725.07166,
  "t_20" : -0.019458108,
  "t_01" : 0.027038155,
  "cx" : 515.4529,
  "t_13" : 0.04545675,
  "blur_score" : 21.236202,
  "height" : 768,
  "t_11" : -0.025918758,
  "t_10" : -0.97608334,
  "width" : 1024,
  "t_22" : 0.032003507,
  "manual_keyframe" : false,
  "t_02" : -0.9759028,
  "t_03" : 0.26596227,
  "t_12" : 0.2158462,
  "t_21" : 0.99929845,
  "fy" : 725.07166,
  "t_23" : -1.6548392,
  "angular_velocity" : 3.4028235e+38
}