{
  "cx" : 514.6103,
  "t_01" : 0.7338024,
  "fx" : 716.0172,
  "t_23" : 2.043663,
  "cy" : 385.005,
  "angular_velocity" : 3.4028235e+38,
  "t_11" : 0.056287605,
  "t_21" : -0.6770272,
  "width" : 1024,
  "timestamp" : 1251162843332,
  "t_10" : -0.836722,
  "t_00" : -0.33529767,
  "fy" : 716.0172,
  "manual_keyframe" : false,
  "t_13" : -1.1294334,
  "blur_score" : 80.12447,
  "t_02" : 0.59085494,
  "t_03" : -3.526079,
  "t_12" : -0.5447274,
  "center_depth" : 1.4098275,
  "height" : 768,
  "t_20" : -0.43298012,
  "t_22" : 0.59511554
}