{
  "t_12" : -0.08907542,
  "t_21" : -0.3395914,
  "t_00" : -0.08541004,
  "height" : 768,
  "t_13" : -1.1706994,
  "angular_velocity" : 3.4028235e+38,
  "blur_score" : 50.038754,
  "cx" : 514.9921,
  "t_02" : 0.33389035,
  "manual_keyframe" : false,
  "center_depth" : 5.7838526,
  "width" : 1024,
  "t_23" : -6.433798,
  "t_11" : 0.05878215,
  "cy" : 385.20438,
  "t_22" : -0.9383937,
  "timestamp" : 1251201948075,
  "t_01" : -0.9387345,
  "t_10" : -0.9942888,
  "t_03" : -0.9960998,
  "fy" : 711.7259,
  "t_20" : 0.063991375,
  "fx" : 711.7259
}