{
  "height" : 768,
  "cx" : 514.90546,
  "timestamp" : 1251296646082,
  "width" : 1024,
  "fy" : 715.058,
  "t_03" : -4.575711,
  "t_23" : -11.858788,
  "t_21" : -0.49524146,
  "t_22" : -0.8239514,
  "fx" : 715.058,
  "blur_score" : 44.017303,
  "manual_keyframe" : false,
  "t_11" : -0.00025898687,
  "cy" : 384.95673,
  "t_13" : -1.131941,
  "angular_velocity" : 3.4028235e+38,
  "t_12" : -0.31685406,
  "t_00" : -0.15670589,
  "t_10" : -0.94847417,
  "center_depth" : 2.0572848,
  "t_02" : 0.4697951,
  "t_20" : 0.27539033,
  "t_01" : -0.8687552
}