{
  "cy" : 385.2451,
  "t_03" : -1.0040627,
  "height" : 768,
  "angular_velocity" : 3.4028235e+38,
  "manual_keyframe" : false,
  "fx" : 711.7512,
  "fy" : 711.7512,
  "blur_score" : 44.496906,
  "center_depth" : 5.2561474,
  "t_12" : -0.004135049,
  "t_21" : -0.1387606,
  "t_01" : -0.9894084,
  "t_10" : -0.9990828,
  "t_11" : 0.042618725,
  "cx" : 514.9935,
  "t_02" : 0.1387109,
  "t_20" : -0.0018204302,
  "width" : 1024,
  "timestamp" : 1251202147999,
  "t_13" : -1.2098423,
  "t_22" : -0.9903242,
  "t_00" : -0.042780142,
  "t_23" : -6.375131
}