{
  "t_21" : 0.4436817,
  "t_01" : -0.89305526,
  "cx" : 515.2744,
  "angular_velocity" : 3.4028235e+38,
  "t_23" : 0.3627243,
  "t_22" : -0.8911866,
  "t_20" : -0.09451538,
  "fy" : 712.62,
  "fx" : 712.62,
  "t_03" : -4.221471,
  "t_11" : 0.07482699,
  "t_12" : 0.14193459,
  "manual_keyframe" : false,
  "t_00" : -0.12965858,
  "t_10" : -0.9870438,
  "blur_score" : 119.56553,
  "width" : 1024,
  "t_02" : -0.430861,
  "t_13" : -1.2790024,
  "center_depth" : 2.9831092,
  "height" : 768,
  "cy" : 385.0617,
  "timestamp" : 1251159129756
}