{
  "fx" : 713.214,
  "t_21" : -0.74977016,
  "t_00" : 0.29372114,
  "height" : 768,
  "t_13" : -1.3520086,
  "angular_velocity" : 3.4028235e+38,
  "blur_score" : 230.81209,
  "cx" : 515.1299,
  "t_02" : 0.6898638,
  "manual_keyframe" : false,
  "center_depth" : 3.7700036,
  "width" : 1024,
  "t_23" : 1.5508547,
  "t_11" : 0.005369506,
  "cy" : 385.0132,
  "t_22" : 0.611583,
  "timestamp" : 1251184558528,
  "fy" : 713.214,
  "t_10" : -0.9219094,
  "t_03" : -1.8229504,
  "t_01" : 0.6616766,
  "t_20" : 0.2526083,
  "t_12" : 0.38736832
}