{
  "t_22" : 0.05104524,
  "angular_velocity" : 3.4028235e+38,
  "fy" : 719.1635,
  "cx" : 515.0198,
  "t_00" : 0.24087507,
  "t_02" : -0.970072,
  "t_20" : 0.078868926,
  "timestamp" : 1251175332916,
  "height" : 768,
  "blur_score" : 112.52623,
  "t_01" : 0.030655596,
  "center_depth" : 1.3320181,
  "t_21" : 0.9955773,
  "t_23" : 3.1425052,
  "width" : 1024,
  "t_13" : -1.1666493,
  "manual_keyframe" : false,
  "cy" : 384.75778,
  "fx" : 719.1635,
  "t_10" : -0.9673464,
  "t_03" : -1.9785817,
  "t_11" : 0.088804044,
  "t_12" : -0.23739196
}