{
  "fy" : 712.3453,
  "width" : 1024,
  "t_00" : -0.0025911983,
  "t_12" : 0.09980728,
  "t_10" : -0.9946945,
  "t_03" : -2.1888773,
  "t_21" : 0.26537916,
  "center_depth" : 7.625415,
  "t_02" : -0.2665346,
  "t_20" : 0.10284019,
  "fx" : 712.3453,
  "angular_velocity" : 3.4028235e+38,
  "blur_score" : 71.15075,
  "timestamp" : 1251190819947,
  "manual_keyframe" : false,
  "t_01" : 0.96382195,
  "cx" : 515.12616,
  "t_22" : 0.9586438,
  "t_23" : -2.8666053,
  "height" : 768,
  "t_11" : 0.024926435,
  "t_13" : -1.2705357,
  "cy" : 385.01065
}