{
  "t_00" : -0.16275619,
  "t_20" : 0.47277105,
  "cx" : 514.98364,
  "t_22" : 0.81577784,
  "width" : 1024,
  "t_10" : -0.86602426,
  "t_13" : -1.4314677,
  "t_21" : 0.3331579,
  "fy" : 715.9711,
  "t_11" : 0.004677891,
  "angular_velocity" : 3.4028235e+38,
  "cy" : 384.89767,
  "t_23" : -9.875541,
  "t_12" : 0.4999801,
  "blur_score" : 68.92681,
  "t_01" : 0.9428595,
  "fx" : 715.9711,
  "center_depth" : 1.9399323,
  "height" : 768,
  "timestamp" : 1251305242868,
  "manual_keyframe" : false,
  "t_03" : -1.7431198,
  "t_02" : -0.2907344
}