{
  "blur_score" : 98.455826,
  "center_depth" : 2.4094546,
  "timestamp" : 1251176498608,
  "manual_keyframe" : false,
  "t_12" : -0.08113766,
  "angular_velocity" : 3.4028235e+38,
  "t_01" : 0.9824456,
  "t_03" : -2.0083234,
  "t_11" : -0.028179863,
  "t_20" : -0.0849582,
  "height" : 768,
  "t_13" : -1.1924218,
  "fx" : 713.72864,
  "fy" : 713.72864,
  "width" : 1024,
  "cx" : 515.206,
  "t_23" : 3.1831496,
  "t_02" : -0.18612137,
  "t_00" : -0.012630406,
  "t_10" : -0.99630445,
  "cy" : 384.85934,
  "t_21" : 0.18440877,
  "t_22" : 0.9791709
}