{
  "blur_score" : 58.189922,
  "t_00" : -0.023162927,
  "manual_keyframe" : false,
  "fy" : 714.0398,
  "t_02" : -0.8001074,
  "t_10" : -0.9988647,
  "t_11" : 0.0194464,
  "angular_velocity" : 3.4028235e+38,
  "width" : 1024,
  "height" : 768,
  "t_13" : -1.246308,
  "t_03" : -0.79555273,
  "cx" : 515.14404,
  "t_01" : 0.5994092,
  "t_12" : 0.043485392,
  "t_23" : -8.092717,
  "fx" : 714.0398,
  "cy" : 384.89426,
  "timestamp" : 1251226072353,
  "t_21" : 0.8002063,
  "center_depth" : 3.1160612,
  "t_22" : 0.59827834,
  "t_20" : 0.04162476
}