{
  "t_01" : -0.25033504,
  "t_12" : -0.63641715,
  "fy" : 715.49786,
  "width" : 1024,
  "t_20" : 0.26237938,
  "height" : 768,
  "timestamp" : 1251287316233,
  "manual_keyframe" : false,
  "t_02" : -0.7634967,
  "t_11" : 0.13498664,
  "fx" : 715.49786,
  "t_21" : 0.95870286,
  "blur_score" : 40.59609,
  "t_23" : -12.010044,
  "t_13" : -1.0364275,
  "t_00" : 0.59531945,
  "t_10" : -0.7594418,
  "t_22" : -0.10975474,
  "cx" : 514.6491,
  "angular_velocity" : 3.4028235e+38,
  "t_03" : -4.913142,
  "center_depth" : 1.7268052,
  "cy" : 385.57648
}