{
  "cy" : 385.14578,
  "t_01" : -0.9678714,
  "cx" : 515.3493,
  "center_depth" : 2.2416766,
  "t_12" : 0.32612568,
  "timestamp" : 1251262058973,
  "t_23" : -7.475494,
  "t_20" : -0.31837592,
  "width" : 1024,
  "t_13" : -1.3819209,
  "height" : 768,
  "t_22" : -0.91407883,
  "t_10" : -0.9452587,
  "t_21" : -0.25119102,
  "fy" : 714.8308,
  "t_00" : 0.071574144,
  "fx" : 714.8308,
  "t_02" : 0.24104393,
  "angular_velocity" : 3.4028235e+38,
  "blur_score" : 51.84252,
  "t_11" : 0.011318162,
  "manual_keyframe" : false,
  "t_03" : 4.5851855
}