{
  "fy" : 712.431,
  "t_13" : -1.2990658,
  "cx" : 515.18164,
  "t_01" : -0.3606704,
  "t_21" : -0.93167627,
  "t_22" : -0.36251742,
  "width" : 1024,
  "t_20" : -0.023672994,
  "timestamp" : 1251138846587,
  "t_23" : -5.073805,
  "blur_score" : 101.78294,
  "height" : 768,
  "center_depth" : 5.4774513,
  "t_02" : 0.9151828,
  "cy" : 385.08942,
  "t_00" : 0.1798814,
  "t_10" : -0.9834034,
  "t_11" : -0.04354502,
  "t_03" : -1.5235856,
  "angular_velocity" : 3.4028235e+38,
  "fx" : 712.431,
  "manual_keyframe" : false,
  "t_12" : 0.17612937
}