{
  "t_10" : -0.9838994,
  "fy" : 712.34686,
  "fx" : 712.34686,
  "t_00" : -0.001083427,
  "t_20" : 0.17871962,
  "center_depth" : 5.249579,
  "t_21" : 0.21501407,
  "t_12" : 0.17464046,
  "cx" : 515.15936,
  "width" : 1024,
  "height" : 768,
  "timestamp" : 1251193884484,
  "angular_velocity" : 3.4028235e+38,
  "cy" : 384.89816,
  "t_01" : 0.9758722,
  "t_11" : 0.037981465,
  "t_13" : -1.3031399,
  "t_23" : -5.348259,
  "blur_score" : 74.34788,
  "t_03" : -0.97249115,
  "t_02" : -0.21834023,
  "t_22" : 0.96011895,
  "manual_keyframe" : false
}