{
  "t_01" : -0.91218144,
  "t_23" : -1.790487,
  "angular_velocity" : 3.4028235e+38,
  "t_10" : -0.9571546,
  "t_21" : -0.4077891,
  "timestamp" : 1251155732581,
  "t_22" : -0.8697938,
  "fx" : 711.7338,
  "t_11" : 0.040410783,
  "fy" : 711.7338,
  "t_02" : 0.40154287,
  "t_12" : 0.286744,
  "center_depth" : 4.403143,
  "cx" : 515.13605,
  "width" : 1024,
  "t_03" : -2.9628127,
  "t_00" : 0.08178203,
  "t_13" : -1.3454401,
  "t_20" : -0.2777892,
  "blur_score" : 168.01901,
  "cy" : 385.1065,
  "height" : 768,
  "manual_keyframe" : false
}