{
  "width" : 1024,
  "t_13" : -1.1493697,
  "t_23" : -6.8144693,
  "timestamp" : 1251200615247,
  "height" : 768,
  "cy" : 385.15915,
  "manual_keyframe" : false,
  "t_00" : -0.2550381,
  "t_12" : -0.26859307,
  "t_10" : -0.9612389,
  "t_02" : 0.9519872,
  "angular_velocity" : 3.4028235e+38,
  "t_11" : 0.062268857,
  "t_03" : -0.7612078,
  "fx" : 716.60803,
  "t_20" : -0.10476267,
  "t_21" : -0.9835887,
  "t_01" : 0.1693399,
  "center_depth" : 2.7724862,
  "t_22" : 0.14689521,
  "cx" : 515.09015,
  "fy" : 716.60803,
  "blur_score" : 53.916
}