{
  "angular_velocity" : 3.4028235e+38,
  "cy" : 385.31128,
  "center_depth" : 1.7078857,
  "width" : 1024,
  "t_23" : -6.888235,
  "t_03" : 2.5974414,
  "t_22" : -0.19230194,
  "timestamp" : 1251268923086,
  "manual_keyframe" : false,
  "t_00" : -0.2636316,
  "t_12" : -0.26780078,
  "fx" : 716.743,
  "fy" : 716.743,
  "t_20" : 0.047440007,
  "t_21" : -0.98018837,
  "t_10" : -0.9634561,
  "t_13" : -1.208055,
  "t_01" : -0.19797899,
  "height" : 768,
  "t_11" : 0.00590931,
  "cx" : 514.75085,
  "t_02" : 0.94408816,
  "blur_score" : 28.654074
}