{
  "cy" : 385.10892,
  "t_00" : 0.12860642,
  "t_11" : 0.021921823,
  "t_10" : -0.9916336,
  "t_01" : 0.2525156,
  "t_12" : -0.12720942,
  "fy" : 714.3051,
  "t_22" : 0.25322226,
  "center_depth" : 1.9572978,
  "width" : 1024,
  "height" : 768,
  "t_02" : -0.959008,
  "timestamp" : 1251113634057,
  "t_03" : 0.45844162,
  "fx" : 714.3051,
  "t_23" : -2.6795197,
  "manual_keyframe" : false,
  "angular_velocity" : 3.4028235e+38,
  "cx" : 515.15814,
  "t_13" : -1.1939298,
  "t_20" : -0.0110991625,
  "blur_score" : 63.87291,
  "t_21" : 0.96734446
}