{
  "cy" : 385.31625,
  "t_00" : 0.12401946,
  "t_11" : 0.05687431,
  "t_10" : -0.9905385,
  "t_01" : -0.018691381,
  "t_12" : -0.12489531,
  "fy" : 712.358,
  "t_22" : -0.011461031,
  "center_depth" : 2.1693306,
  "width" : 1024,
  "height" : 768,
  "t_02" : -0.9921038,
  "timestamp" : 1251106656470,
  "t_03" : -1.500948,
  "fx" : 712.358,
  "t_23" : -1.5685517,
  "manual_keyframe" : false,
  "angular_velocity" : 3.4028235e+38,
  "cx" : 515.1262,
  "t_13" : -1.1669765,
  "t_20" : 0.058759686,
  "blur_score" : 58.539375,
  "t_21" : 0.99820644
}