{
  "cx" : 514.903,
  "t_20" : -0.28830713,
  "width" : 1024,
  "t_11" : 0.15046111,
  "manual_keyframe" : false,
  "t_22" : -0.28793246,
  "height" : 768,
  "fx" : 715.15796,
  "blur_score" : 34.616863,
  "fy" : 715.15796,
  "timestamp" : 1251088521395,
  "t_23" : 2.9012766,
  "t_10" : -0.89530945,
  "t_00" : 0.33955848,
  "t_12" : 0.41926417,
  "cy" : 385.13742,
  "t_02" : 0.86099505,
  "t_13" : -1.0193512,
  "t_03" : -0.44989607,
  "t_01" : -0.37866548,
  "t_21" : -0.91322166,
  "angular_velocity" : 3.4028235e+38,
  "center_depth" : 1.5226382
}