{
  "timestamp" : 1251307375404,
  "t_22" : 0.40160945,
  "t_12" : 0.4545771,
  "t_02" : -0.79502803,
  "t_20" : 0.19572057,
  "t_00" : -0.41038847,
  "center_depth" : 1.175534,
  "t_23" : -10.31377,
  "manual_keyframe" : false,
  "t_11" : -0.009212585,
  "cy" : 384.88104,
  "width" : 1024,
  "height" : 768,
  "t_13" : -1.377233,
  "angular_velocity" : 3.4028235e+38,
  "t_03" : -1.4980638,
  "t_10" : -0.89065975,
  "blur_score" : 51.774914,
  "t_21" : 0.89465266,
  "fx" : 723.37854,
  "t_01" : 0.44666752,
  "cx" : 514.9558,
  "fy" : 723.37854
}