{
  "width" : 1024,
  "t_13" : -1.3684129,
  "t_23" : -5.8349895,
  "timestamp" : 1251194684177,
  "height" : 768,
  "cy" : 384.82288,
  "manual_keyframe" : false,
  "t_00" : 0.04397448,
  "t_12" : 0.38434368,
  "t_10" : -0.92319006,
  "t_02" : 0.10560942,
  "angular_velocity" : 3.4028235e+38,
  "t_11" : 6.5398644e-06,
  "fx" : 713.15204,
  "t_03" : -0.93455464,
  "t_20" : 0.38181973,
  "t_21" : -0.11439887,
  "t_01" : 0.9934349,
  "center_depth" : 3.1785135,
  "t_22" : 0.9171296,
  "fy" : 713.15204,
  "cx" : 515.1273,
  "blur_score" : 44.81712
}