{
  "t_02" : -0.1949915,
  "cx" : 515.08276,
  "blur_score" : 33.566746,
  "center_depth" : 3.3262296,
  "cy" : 385.21027,
  "height" : 768,
  "t_01" : -0.9775694,
  "t_03" : -4.613476,
  "timestamp" : 1251145407820,
  "fy" : 712.3389,
  "manual_keyframe" : false,
  "t_20" : -0.3798547,
  "t_23" : -4.8970857,
  "t_22" : -0.90075403,
  "width" : 1024,
  "fx" : 712.3389,
  "t_12" : 0.38809827,
  "t_10" : -0.9216149,
  "t_13" : -1.353212,
  "t_21" : 0.21059993,
  "t_11" : -0.002367829,
  "t_00" : -0.079600655,
  "angular_velocity" : 3.4028235e+38
}