{
  "center_depth" : 2.1407163,
  "timestamp" : 1251052584178,
  "t_00" : -0.40691978,
  "fx" : 713.7762,
  "cy" : 385.21512,
  "t_20" : -0.036662772,
  "t_01" : -0.18810421,
  "cx" : 514.74713,
  "t_13" : 0.004904434,
  "blur_score" : 107.0283,
  "height" : 768,
  "t_11" : 0.04445127,
  "t_10" : -0.9127279,
  "width" : 1024,
  "t_22" : -0.18977608,
  "manual_keyframe" : false,
  "t_02" : -0.89388657,
  "t_12" : 0.40614277,
  "t_03" : -0.3143002,
  "t_21" : 0.9811427,
  "fy" : 713.7762,
  "t_23" : 0.015316963,
  "angular_velocity" : 3.4028235e+38
}