{
  "blur_score" : 49.539986,
  "t_00" : -0.20129167,
  "manual_keyframe" : false,
  "fy" : 713.7794,
  "t_02" : -0.61638373,
  "t_10" : -0.9596405,
  "t_11" : -0.027097205,
  "angular_velocity" : 3.4028235e+38,
  "width" : 1024,
  "height" : 768,
  "t_13" : -1.3119868,
  "t_03" : -0.855485,
  "cx" : 515.09875,
  "t_01" : 0.7612837,
  "t_12" : 0.27992135,
  "t_23" : -7.7746353,
  "cy" : 384.79797,
  "fx" : 713.7794,
  "timestamp" : 1251225539218,
  "t_21" : 0.6478526,
  "center_depth" : 2.6884828,
  "t_22" : 0.736013,
  "t_20" : 0.19639727
}