{
  "t_02" : 0.90158576,
  "cx" : 515.0546,
  "blur_score" : 82.707375,
  "center_depth" : 2.190532,
  "cy" : 385.18094,
  "height" : 768,
  "t_01" : -0.13514851,
  "t_03" : 0.6852138,
  "timestamp" : 1251237668037,
  "fy" : 714.5958,
  "manual_keyframe" : false,
  "t_20" : 0.056043833,
  "t_23" : -7.9513097,
  "t_22" : -0.12298049,
  "width" : 1024,
  "fx" : 714.5958,
  "t_12" : -0.41475168,
  "t_10" : -0.90993464,
  "t_13" : -0.97015166,
  "t_21" : -0.9908254,
  "t_11" : 1.0237507e-05,
  "t_00" : -0.41094774,
  "angular_velocity" : 3.4028235e+38
}