{
  "cy" : 385.42584,
  "t_23" : -9.565086,
  "angular_velocity" : 3.4028235e+38,
  "height" : 768,
  "t_03" : 1.262595,
  "t_11" : 0.14206176,
  "t_13" : -1.3295472,
  "t_20" : -0.28008932,
  "center_depth" : 3.022873,
  "manual_keyframe" : false,
  "fy" : 714.76575,
  "t_10" : -0.9561709,
  "t_02" : 0.22033906,
  "t_01" : -0.9716809,
  "t_21" : -0.18882512,
  "t_22" : -0.94122005,
  "blur_score" : 68.29279,
  "width" : 1024,
  "t_00" : -0.08536487,
  "t_12" : 0.2560384,
  "cx" : 515.25916,
  "fx" : 714.76575,
  "timestamp" : 1251231603627
}