{
  "cx" : 514.98413,
  "t_20" : 0.10758816,
  "width" : 1024,
  "t_11" : 0.04312269,
  "manual_keyframe" : false,
  "t_22" : 0.32921237,
  "height" : 768,
  "fx" : 715.60425,
  "blur_score" : 48.06324,
  "fy" : 715.60425,
  "timestamp" : 1251250763174,
  "t_23" : -6.7414,
  "t_10" : -0.979415,
  "t_00" : -0.1707955,
  "t_12" : 0.19719724,
  "cy" : 385.41733,
  "t_02" : -0.9234352,
  "t_13" : -1.3529774,
  "t_03" : 2.3535564,
  "t_01" : 0.34365168,
  "t_21" : 0.93810666,
  "angular_velocity" : 3.4028235e+38,
  "center_depth" : 2.9788733
}