{
  "height" : 768,
  "t_00" : -0.6058401,
  "t_22" : -0.24173008,
  "t_12" : 0.6478157,
  "t_11" : -0.019895082,
  "t_02" : -0.72242755,
  "t_01" : -0.33325127,
  "cx" : 514.32764,
  "t_10" : -0.7615373,
  "blur_score" : 86.7068,
  "width" : 1024,
  "t_03" : -3.813646,
  "timestamp" : 1251292947464,
  "t_20" : -0.23025818,
  "t_13" : -1.4529489,
  "t_21" : 0.9426282,
  "fy" : 718.81714,
  "fx" : 718.81714,
  "t_23" : -12.546339,
  "angular_velocity" : 3.4028235e+38,
  "cy" : 385.22046,
  "center_depth" : 1.9792842,
  "manual_keyframe" : false
}