{
  "t_13" : -1.1429267,
  "t_21" : 0.7710277,
  "cy" : 384.54288,
  "t_11" : 0.03158441,
  "t_00" : 0.33839506,
  "width" : 1024,
  "timestamp" : 1251161577719,
  "manual_keyframe" : false,
  "t_20" : -0.24188885,
  "cx" : 515.007,
  "t_01" : 0.63601804,
  "center_depth" : 1.8814759,
  "t_10" : -0.9093836,
  "t_03" : -3.6429493,
  "t_12" : -0.41475764,
  "t_23" : 1.674397,
  "blur_score" : 137.35233,
  "fy" : 714.02246,
  "t_02" : -0.69352,
  "t_22" : 0.5890723,
  "fx" : 714.02246,
  "angular_velocity" : 3.4028235e+38,
  "height" : 768
}