{
  "cy" : 385.0275,
  "t_23" : -10.054971,
  "angular_velocity" : 3.4028235e+38,
  "height" : 768,
  "t_03" : 0.46618456,
  "t_11" : -0.019174242,
  "t_13" : -1.2986162,
  "t_20" : -0.2341687,
  "center_depth" : 2.4903898,
  "manual_keyframe" : false,
  "t_10" : -0.9523173,
  "fy" : 715.4391,
  "t_02" : -0.6575176,
  "t_01" : -0.72760844,
  "t_21" : 0.6857248,
  "t_22" : -0.68916374,
  "blur_score" : 58.602257,
  "width" : 1024,
  "t_00" : -0.19559325,
  "t_12" : 0.3045062,
  "cx" : 514.92633,
  "fx" : 715.4391,
  "timestamp" : 1251229437767
}