{
  "t_13" : -1.241987,
  "t_21" : -0.7521783,
  "t_11" : 0.038010005,
  "t_00" : 0.06288902,
  "cy" : 385.0126,
  "width" : 1024,
  "timestamp" : 1251124808181,
  "manual_keyframe" : false,
  "t_20" : 0.0045706625,
  "cx" : 515.29834,
  "t_01" : 0.65786254,
  "center_depth" : 4.3557134,
  "t_10" : -0.9980101,
  "t_03" : -1.2899785,
  "t_12" : 0.05031062,
  "t_23" : -4.8498073,
  "blur_score" : 105.88324,
  "fy" : 712.32935,
  "t_02" : 0.7505079,
  "t_22" : 0.6589439,
  "fx" : 712.32935,
  "angular_velocity" : 3.4028235e+38,
  "height" : 768
}