{
  "cy" : 384.98877,
  "cx" : 514.9836,
  "t_01" : -0.79522264,
  "center_depth" : 5.1477175,
  "t_12" : 0.25587866,
  "timestamp" : 1251144908233,
  "t_23" : -5.09219,
  "t_20" : -0.19144745,
  "width" : 1024,
  "t_13" : -1.2734772,
  "height" : 768,
  "t_22" : -0.77211064,
  "t_10" : -0.9664876,
  "t_21" : 0.6059646,
  "fx" : 712.05615,
  "t_00" : -0.17102543,
  "fy" : 712.05615,
  "t_02" : -0.581697,
  "angular_velocity" : 3.4028235e+38,
  "blur_score" : 75.676094,
  "t_11" : 0.020686146,
  "manual_keyframe" : false,
  "t_03" : -4.682755
}