{
  "manual_keyframe" : false,
  "t_20" : 0.10012117,
  "timestamp" : 1251074349697,
  "t_01" : 0.24813007,
  "t_10" : -0.9871233,
  "t_12" : 0.14540754,
  "cy" : 385.07104,
  "fx" : 715.4851,
  "t_13" : 0.08980948,
  "t_00" : -0.12475237,
  "height" : 768,
  "t_11" : 0.06666372,
  "t_23" : -0.16793925,
  "blur_score" : 99.723885,
  "width" : 1024,
  "fy" : 715.4851,
  "angular_velocity" : 3.4028235e+38,
  "t_21" : 0.9664301,
  "t_22" : 0.23661852,
  "center_depth" : 1.4055274,
  "cx" : 515.1206,
  "t_03" : 0.116166525,
  "t_02" : -0.9606603
}