{
  "fy" : 715.2326,
  "cx" : 514.9844,
  "t_13" : -1.1189475,
  "t_01" : -0.50068724,
  "t_21" : -0.8540428,
  "t_22" : -0.36100206,
  "width" : 1024,
  "t_20" : -0.37455103,
  "timestamp" : 1251088754537,
  "t_23" : 2.9637218,
  "blur_score" : 35.253326,
  "height" : 768,
  "center_depth" : 1.3970773,
  "t_02" : 0.7658053,
  "cy" : 385.2681,
  "t_00" : 0.4035525,
  "t_10" : -0.83477956,
  "t_11" : 0.14114983,
  "t_03" : -0.4729244,
  "angular_velocity" : 3.4028235e+38,
  "fx" : 715.2326,
  "manual_keyframe" : false,
  "t_12" : 0.532184
}