{
  "cy" : 384.68716,
  "cx" : 515.23755,
  "t_01" : 0.87970495,
  "center_depth" : 1.7152373,
  "t_12" : 0.08299953,
  "timestamp" : 1251120228623,
  "t_23" : -2.4919326,
  "t_20" : 0.06312616,
  "width" : 1024,
  "t_13" : -1.2434185,
  "height" : 768,
  "t_22" : 0.8776872,
  "t_10" : -0.9963293,
  "t_21" : -0.4750581,
  "fy" : 713.4427,
  "t_00" : 0.05781847,
  "fx" : 713.4427,
  "t_02" : 0.47199175,
  "angular_velocity" : 3.4028235e+38,
  "blur_score" : 78.79912,
  "t_11" : 0.020951508,
  "manual_keyframe" : false,
  "t_03" : 1.0884818
}