{
  "t_13" : -1.3572726,
  "t_00" : 0.29283336,
  "t_22" : 0.38629496,
  "width" : 1024,
  "fx" : 712.32623,
  "angular_velocity" : 3.4028235e+38,
  "blur_score" : 187.57298,
  "height" : 768,
  "cx" : 515.19556,
  "timestamp" : 1251121827306,
  "t_11" : 0.046248168,
  "cy" : 385.24677,
  "t_01" : 0.39109966,
  "t_03" : 0.4199779,
  "t_10" : -0.95308685,
  "t_20" : 0.07664229,
  "fy" : 712.32623,
  "t_21" : -0.9191857,
  "t_23" : -3.3067057,
  "t_02" : 0.87251925,
  "center_depth" : 4.0940394,
  "t_12" : 0.29914296,
  "manual_keyframe" : false
}