{
  "t_21" : 0.74229455,
  "blur_score" : 82.17807,
  "t_01" : 0.6693742,
  "t_02" : -0.74189043,
  "timestamp" : 1251050952177,
  "t_03" : -0.47212684,
  "cy" : 385.06482,
  "cx" : 515.1512,
  "fy" : 714.0082,
  "t_22" : 0.66569996,
  "t_23" : 0.025843214,
  "angular_velocity" : 3.4028235e+38,
  "t_10" : -0.99630356,
  "t_11" : 0.030610543,
  "t_20" : 0.07643556,
  "width" : 1024,
  "manual_keyframe" : false,
  "t_00" : -0.03920124,
  "t_13" : 0.13565576,
  "t_12" : 0.080262855,
  "fx" : 714.0082,
  "height" : 768,
  "center_depth" : 1.5757457
}