{
  "t_13" : -1.4334078,
  "t_00" : -0.13094835,
  "t_22" : 0.8640374,
  "width" : 1024,
  "fx" : 713.16956,
  "angular_velocity" : 3.4028235e+38,
  "blur_score" : 248.57509,
  "height" : 768,
  "cx" : 514.6777,
  "timestamp" : 1251165374557,
  "cy" : 384.89557,
  "t_11" : 0.00093551097,
  "t_01" : 0.9462753,
  "t_03" : -3.5030382,
  "t_10" : -0.9132225,
  "t_20" : 0.38584602,
  "fy" : 713.16956,
  "t_21" : 0.32336092,
  "t_23" : 1.8739538,
  "t_02" : -0.29566148,
  "center_depth" : 2.5815737,
  "t_12" : 0.40746012,
  "manual_keyframe" : false
}