{
  "t_01" : -0.9538541,
  "t_23" : -1.9864683,
  "angular_velocity" : 3.4028235e+38,
  "t_10" : -0.9741393,
  "t_21" : -0.29029754,
  "timestamp" : 1251155432831,
  "t_22" : -0.9299293,
  "fx" : 711.47974,
  "t_11" : 0.07674641,
  "t_12" : 0.21251498,
  "fy" : 711.47974,
  "t_02" : 0.30011502,
  "center_depth" : 4.697667,
  "cx" : 515.0076,
  "width" : 1024,
  "t_03" : -3.0647118,
  "t_00" : -0.009676169,
  "t_13" : -1.3221236,
  "t_20" : -0.225741,
  "blur_score" : 154.39658,
  "cy" : 385.13956,
  "height" : 768,
  "manual_keyframe" : false
}