{
  "t_11" : -0.032521326,
  "t_13" : -1.259489,
  "t_23" : -7.918795,
  "t_12" : -0.082340285,
  "height" : 768,
  "t_01" : 0.029929342,
  "t_03" : 4.3602295,
  "t_20" : 0.02992924,
  "angular_velocity" : 3.4028235e+38,
  "t_10" : -0.9960735,
  "fy" : 714.8784,
  "blur_score" : 31.757317,
  "t_02" : 0.99607354,
  "timestamp" : 1251258260386,
  "cy" : 384.69254,
  "cx" : 515.06976,
  "center_depth" : 2.3033562,
  "t_21" : -0.9990229,
  "width" : 1024,
  "manual_keyframe" : false,
  "t_22" : 0.03252145,
  "t_00" : -0.08331746,
  "fx" : 714.8784
}