{
  "center_depth" : 2.2267692,
  "timestamp" : 1251055015524,
  "t_00" : 0.22976688,
  "fx" : 713.4999,
  "cy" : 384.96408,
  "t_20" : 0.31131425,
  "t_01" : -0.84845805,
  "cx" : 514.68726,
  "t_13" : 0.26005927,
  "blur_score" : 85.04494,
  "height" : 768,
  "t_11" : -0.03307908,
  "t_10" : -0.92211205,
  "width" : 1024,
  "t_22" : -0.7899738,
  "manual_keyframe" : false,
  "t_02" : -0.47678745,
  "t_12" : -0.3855064,
  "t_03" : -0.38713434,
  "t_21" : 0.52822804,
  "fy" : 713.4999,
  "t_23" : -0.062660895,
  "angular_velocity" : 3.4028235e+38
}