{
  "cy" : 385.1154,
  "t_00" : -0.052036528,
  "t_11" : 0.061856642,
  "t_10" : -0.991465,
  "t_01" : -0.9948767,
  "t_12" : -0.11476505,
  "fy" : 714.5989,
  "t_22" : -0.9896042,
  "center_depth" : 1.462251,
  "width" : 1024,
  "height" : 768,
  "t_02" : -0.08667571,
  "timestamp" : 1251116148652,
  "t_03" : 0.9643808,
  "fx" : 714.5989,
  "t_23" : -2.94699,
  "manual_keyframe" : false,
  "angular_velocity" : 3.4028235e+38,
  "cx" : 515.1962,
  "t_13" : -1.1949329,
  "t_20" : 0.11953854,
  "blur_score" : 56.41664,
  "t_21" : 0.07996393
}