{
  "cx" : 515.1841,
  "t_21" : -0.86728364,
  "t_10" : -0.9659263,
  "fx" : 713.1934,
  "t_00" : 0.22045602,
  "angular_velocity" : 3.4028235e+38,
  "height" : 768,
  "fy" : 713.1934,
  "t_11" : 0.008143733,
  "width" : 1024,
  "t_02" : 0.8388364,
  "t_01" : -0.4977478,
  "t_03" : -1.2669842,
  "t_13" : -1.2908912,
  "center_depth" : 4.0447936,
  "manual_keyframe" : false,
  "t_22" : -0.47899228,
  "t_23" : -6.77005,
  "t_20" : -0.13559316,
  "t_12" : 0.25868908,
  "blur_score" : 152.36118,
  "timestamp" : 1251331866260,
  "cy" : 385.23132
}