{
  "t_02" : 0.8778247,
  "cx" : 515.5566,
  "blur_score" : 98.329666,
  "center_depth" : 6.6480603,
  "cy" : 384.68677,
  "height" : 768,
  "t_01" : -0.4767711,
  "t_03" : 0.7144674,
  "timestamp" : 1251241933119,
  "fy" : 713.2998,
  "manual_keyframe" : false,
  "t_20" : 0.054924235,
  "t_23" : -7.6872706,
  "t_22" : -0.47433263,
  "width" : 1024,
  "fx" : 713.2998,
  "t_12" : -0.066573806,
  "t_10" : -0.9974318,
  "t_13" : -1.256062,
  "t_21" : -0.8786306,
  "t_11" : -0.026410472,
  "t_00" : -0.04596643,
  "angular_velocity" : 3.4028235e+38
}