{
  "center_depth" : 1.4329566,
  "timestamp" : 1251249996792,
  "t_00" : -0.5097635,
  "fx" : 716.58105,
  "cy" : 385.1326,
  "t_20" : 0.08878049,
  "t_01" : 0.023017164,
  "cx" : 514.0037,
  "t_13" : -1.4916055,
  "blur_score" : 45.64297,
  "height" : 768,
  "t_11" : 0.089592874,
  "t_10" : -0.8557215,
  "width" : 1024,
  "t_22" : -0.025974914,
  "manual_keyframe" : false,
  "t_02" : -0.86000663,
  "t_03" : 2.0436625,
  "t_12" : 0.5096213,
  "t_21" : 0.9957126,
  "fy" : 716.58105,
  "t_23" : -6.7742405,
  "angular_velocity" : 3.4028235e+38
}