{
  "t_11" : -0.0029283885,
  "t_13" : -1.2764151,
  "t_23" : -6.7862396,
  "t_12" : 0.010375694,
  "height" : 768,
  "t_01" : 0.76183796,
  "t_03" : 2.0557203,
  "t_20" : 0.0060078623,
  "angular_velocity" : 3.4028235e+38,
  "t_10" : -0.9999419,
  "fy" : 713.1648,
  "blur_score" : 50.09467,
  "t_02" : -0.6477059,
  "timestamp" : 1251247097869,
  "cy" : 384.67334,
  "cx" : 515.2821,
  "center_depth" : 2.5786765,
  "t_21" : 0.6477611,
  "width" : 1024,
  "manual_keyframe" : false,
  "t_22" : 0.7618199,
  "t_00" : -0.008951875,
  "fx" : 713.1648
}