{
  "t_13" : -1.3545067,
  "t_21" : 0.21898688,
  "cy" : 384.88913,
  "t_00" : -0.031586938,
  "t_11" : 0.057702687,
  "width" : 1024,
  "timestamp" : 1251112301821,
  "manual_keyframe" : false,
  "t_20" : 0.38368306,
  "cx" : 515.16547,
  "t_01" : 0.9740202,
  "center_depth" : 1.8207004,
  "t_10" : -0.92292446,
  "t_12" : 0.3806321,
  "t_03" : 0.14668494,
  "t_23" : -2.255632,
  "blur_score" : 79.588776,
  "t_02" : -0.22424789,
  "fy" : 714.394,
  "t_22" : 0.8971244,
  "fx" : 714.394,
  "angular_velocity" : 3.4028235e+38,
  "height" : 768
}