{
  "t_22" : 0.46066296,
  "angular_velocity" : 3.4028235e+38,
  "t_10" : -0.96677566,
  "t_11" : -0.055650253,
  "t_00" : 0.19175619,
  "fx" : 716.0442,
  "cy" : 384.3424,
  "t_03" : 0.043322593,
  "t_13" : -0.26350915,
  "t_12" : 0.24949478,
  "t_02" : 0.85178745,
  "t_21" : -0.8713296,
  "t_23" : 0.32697225,
  "width" : 1024,
  "height" : 768,
  "fy" : 716.0442,
  "t_01" : 0.4875321,
  "t_20" : 0.16903892,
  "center_depth" : 1.3116128,
  "blur_score" : 70.09296,
  "manual_keyframe" : false,
  "timestamp" : 1251063425312,
  "cx" : 515.1177
}