{
  "fy" : 712.404,
  "cx" : 514.8344,
  "t_13" : -0.9854358,
  "t_01" : -0.058799814,
  "t_21" : -0.99258035,
  "t_22" : -0.1020087,
  "width" : 1024,
  "t_20" : -0.066169225,
  "timestamp" : 1251129654185,
  "t_23" : -6.411221,
  "blur_score" : 103.37287,
  "height" : 768,
  "center_depth" : 3.3372424,
  "t_02" : 0.8790356,
  "cy" : 385.58597,
  "t_00" : -0.47311637,
  "t_10" : -0.87851155,
  "t_11" : 0.10642709,
  "t_03" : -2.6303313,
  "angular_velocity" : 3.4028235e+38,
  "fx" : 712.404,
  "manual_keyframe" : false,
  "t_12" : -0.46571526
}