{
  "width" : 1024,
  "blur_score" : 75.08227,
  "t_22" : 0.59843695,
  "t_01" : 0.6132055,
  "t_03" : 0.4795933,
  "cy" : 385.31836,
  "t_02" : 0.7607924,
  "t_13" : -1.3553853,
  "height" : 768,
  "timestamp" : 1251220407798,
  "manual_keyframe" : false,
  "fy" : 712.8963,
  "t_10" : -0.9676591,
  "t_12" : 0.25113407,
  "t_11" : 0.023821156,
  "t_21" : -0.7895642,
  "t_23" : -5.510254,
  "t_00" : 0.21254192,
  "t_20" : 0.13587385,
  "angular_velocity" : 3.4028235e+38,
  "center_depth" : 3.0324564,
  "fx" : 712.8963,
  "cx" : 515.30286
}