{
  "t_13" : -1.3413115,
  "t_00" : 0.28319618,
  "t_22" : 0.22586739,
  "width" : 1024,
  "fx" : 712.6153,
  "angular_velocity" : 3.4028235e+38,
  "blur_score" : 271.35757,
  "height" : 768,
  "cx" : 515.228,
  "timestamp" : 1251122060446,
  "t_11" : 0.05611173,
  "cy" : 385.24472,
  "t_01" : 0.21894811,
  "t_03" : 0.31484056,
  "t_10" : -0.95902514,
  "t_20" : 0.0084103625,
  "fy" : 712.6153,
  "t_21" : -0.97412187,
  "t_23" : -3.467799,
  "t_02" : 0.93373543,
  "center_depth" : 4.1993933,
  "t_12" : 0.27770898,
  "manual_keyframe" : false
}