{
  "t_11" : -0.020076845,
  "t_21" : -0.40715432,
  "t_13" : -1.389577,
  "fx" : 717.5164,
  "t_12" : 0.39194763,
  "t_10" : -0.91976833,
  "t_23" : -4.4907665,
  "angular_velocity" : 3.4028235e+38,
  "t_00" : 0.14277866,
  "blur_score" : 84.46417,
  "t_01" : 0.9131386,
  "t_20" : 0.36556846,
  "width" : 1024,
  "center_depth" : 1.3201746,
  "height" : 768,
  "t_22" : 0.8370096,
  "timestamp" : 1251212144228,
  "t_03" : 2.4243143,
  "t_02" : 0.38182718,
  "fy" : 717.5164,
  "cx" : 514.4188,
  "cy" : 384.77753,
  "manual_keyframe" : false
}