{
  "cy" : 384.85867,
  "cx" : 515.19446,
  "t_03" : -0.56070054,
  "width" : 1024,
  "center_depth" : 1.4591303,
  "t_01" : 0.14873463,
  "timestamp" : 1251199515665,
  "t_21" : -0.9877031,
  "t_13" : -1.2781608,
  "t_11" : 0.048173912,
  "manual_keyframe" : false,
  "t_23" : -7.181685,
  "fy" : 717.13214,
  "height" : 768,
  "t_20" : -0.033905845,
  "t_02" : 0.9841065,
  "angular_velocity" : 3.4028235e+38,
  "t_00" : 0.09701792,
  "blur_score" : 36.545258,
  "t_22" : 0.1526208,
  "t_10" : -0.9947049,
  "fx" : 717.13214,
  "t_12" : 0.09078193
}