{
  "fy" : 712.0292,
  "t_13" : -1.128126,
  "cx" : 515.00665,
  "t_01" : -0.9165384,
  "t_21" : 0.39560318,
  "t_22" : -0.87946,
  "width" : 1024,
  "t_20" : 0.2646661,
  "timestamp" : 1251135615927,
  "t_23" : -6.6111856,
  "blur_score" : 88.45464,
  "height" : 768,
  "center_depth" : 3.5150247,
  "t_02" : -0.39648855,
  "cy" : 385.37125,
  "t_00" : 0.052480277,
  "t_10" : -0.96291095,
  "t_11" : 0.058782775,
  "t_03" : -2.7173023,
  "angular_velocity" : 3.4028235e+38,
  "fx" : 712.0292,
  "manual_keyframe" : false,
  "t_12" : -0.263338
}