{
  "t_00" : 0.03631679,
  "center_depth" : 2.5676847,
  "t_03" : -0.5030172,
  "t_23" : -7.6976867,
  "angular_velocity" : 3.4028235e+38,
  "timestamp" : 1251276886785,
  "cx" : 514.6138,
  "fy" : 717.1273,
  "blur_score" : 58.770496,
  "manual_keyframe" : false,
  "t_02" : -0.06988831,
  "t_11" : 0.06814098,
  "t_10" : -0.8426862,
  "t_13" : -1.4098134,
  "t_12" : 0.5340757,
  "fx" : 717.1273,
  "t_22" : 0.8425431,
  "width" : 1024,
  "height" : 768,
  "cy" : 385.23032,
  "t_21" : 0.039498016,
  "t_01" : 0.9968935,
  "t_20" : 0.5371788
}