{
  "t_12" : -0.014339147,
  "t_21" : 0.99840355,
  "t_02" : -0.9987661,
  "t_00" : 0.015799971,
  "cx" : 515.0662,
  "t_10" : -0.99941,
  "t_13" : -1.2531618,
  "cy" : 385.54297,
  "t_20" : 0.030493755,
  "t_23" : 1.4617747,
  "angular_velocity" : 3.4028235e+38,
  "height" : 768,
  "fy" : 713.8096,
  "t_03" : -3.9058354,
  "t_22" : 0.047543775,
  "blur_score" : 121.83945,
  "width" : 1024,
  "t_01" : 0.047078498,
  "center_depth" : 2.5105164,
  "timestamp" : 1251160844995,
  "manual_keyframe" : false,
  "fx" : 713.8096,
  "t_11" : 0.031207321
}