{
  "t_23" : 3.0033615,
  "width" : 1024,
  "manual_keyframe" : false,
  "fy" : 714.31464,
  "t_01" : 0.7168717,
  "t_22" : 0.6902077,
  "cy" : 385.26013,
  "t_03" : -2.023588,
  "t_11" : 0.004003032,
  "t_00" : -0.18303768,
  "fx" : 714.31464,
  "t_10" : -0.9638272,
  "cx" : 514.9625,
  "t_12" : 0.26649785,
  "center_depth" : 2.7751129,
  "timestamp" : 1251178530242,
  "t_21" : 0.6971936,
  "t_13" : -1.3150793,
  "angular_velocity" : 3.4028235e+38,
  "height" : 768,
  "t_20" : 0.19373778,
  "blur_score" : 100.521225,
  "t_02" : -0.6727497
}