{
  "t_21" : 0.7241024,
  "blur_score" : 49.404568,
  "t_02" : -0.5669135,
  "t_01" : 0.6872544,
  "timestamp" : 1251254261874,
  "t_03" : 3.9605284,
  "fy" : 715.49304,
  "cx" : 514.0825,
  "cy" : 384.98013,
  "t_22" : 0.48476857,
  "t_23" : -6.379827,
  "angular_velocity" : 3.4028235e+38,
  "t_10" : -0.74366266,
  "t_11" : 0.05794215,
  "t_20" : 0.49058676,
  "width" : 1024,
  "manual_keyframe" : false,
  "t_00" : -0.4541922,
  "t_13" : -1.5195829,
  "t_12" : 0.6660395,
  "fx" : 715.49304,
  "height" : 768,
  "center_depth" : 1.5885195
}