{
  "fy" : 713.74927,
  "angular_velocity" : 3.4028235e+38,
  "t_00" : 0.0015711604,
  "blur_score" : 73.97631,
  "height" : 768,
  "manual_keyframe" : false,
  "width" : 1024,
  "fx" : 713.74927,
  "t_11" : 0.07891276,
  "t_13" : -1.1453593,
  "cy" : 385.16245,
  "cx" : 515.1842,
  "t_22" : -0.51244724,
  "t_23" : -1.7835953,
  "t_02" : -0.85730755,
  "center_depth" : 2.068472,
  "t_10" : -0.99566615,
  "t_01" : -0.51480216,
  "t_21" : 0.8536694,
  "t_20" : 0.09298635,
  "timestamp" : 1251107305935,
  "t_12" : -0.04921083,
  "t_03" : -1.5950868
}