{
  "t_22" : 0.53148293,
  "angular_velocity" : 3.4028235e+38,
  "fy" : 712.9075,
  "cx" : 514.943,
  "t_00" : 0.4809733,
  "t_02" : 0.5867529,
  "t_20" : 0.37821698,
  "timestamp" : 1251091502277,
  "height" : 768,
  "blur_score" : 42.960686,
  "t_01" : 0.6514491,
  "center_depth" : 4.165033,
  "t_21" : -0.7579432,
  "t_23" : 0.08819151,
  "width" : 1024,
  "t_13" : -0.16633713,
  "manual_keyframe" : false,
  "cy" : 385.32407,
  "fx" : 712.9075,
  "t_12" : 0.61093956,
  "t_03" : 0.017629504,
  "t_10" : -0.7909593,
  "t_11" : 0.03370922
}