{
  "cy" : 384.9045,
  "t_00" : -0.09706364,
  "t_11" : 0.024389211,
  "t_10" : -0.980762,
  "t_01" : 0.79988897,
  "t_12" : 0.19367765,
  "fy" : 713.1997,
  "t_22" : 0.78213334,
  "center_depth" : 2.1008918,
  "width" : 1024,
  "height" : 768,
  "t_02" : -0.59224695,
  "timestamp" : 1251165890794,
  "t_03" : -3.5105135,
  "fx" : 713.1997,
  "t_23" : 1.6274686,
  "manual_keyframe" : false,
  "angular_velocity" : 3.4028235e+38,
  "cx" : 514.89825,
  "t_13" : -1.347394,
  "t_20" : 0.16936503,
  "blur_score" : 462.9707,
  "t_21" : 0.5996524
}