{
  "t_13" : -0.12073743,
  "t_00" : 0.3818,
  "t_22" : 0.68043864,
  "width" : 1024,
  "fx" : 715.53595,
  "angular_velocity" : 3.4028235e+38,
  "blur_score" : 44.40882,
  "height" : 768,
  "cx" : 514.54346,
  "timestamp" : 1251092135090,
  "t_11" : 0.06718751,
  "cy" : 385.34946,
  "t_01" : 0.78166246,
  "t_03" : 0.084582984,
  "t_10" : -0.8376844,
  "t_20" : 0.39052978,
  "fy" : 715.53595,
  "t_21" : -0.62007236,
  "t_23" : 0.04024172,
  "t_02" : 0.4931863,
  "center_depth" : 1.4579359,
  "t_12" : 0.5420061,
  "manual_keyframe" : false
}