{
  "t_21" : -0.620255,
  "blur_score" : 71.55761,
  "t_01" : 0.7841338,
  "t_02" : 0.5810785,
  "timestamp" : 1251065840002,
  "t_03" : 0.44224617,
  "fy" : 714.645,
  "cx" : 514.93176,
  "cy" : 385.0969,
  "t_22" : 0.7453772,
  "t_23" : -0.44175783,
  "angular_velocity" : 3.4028235e+38,
  "t_11" : 0.020445902,
  "t_10" : -0.9448921,
  "t_20" : 0.24432932,
  "width" : 1024,
  "manual_keyframe" : false,
  "t_00" : 0.21790369,
  "t_13" : -0.13998789,
  "t_12" : 0.3267427,
  "fx" : 714.645,
  "height" : 768,
  "center_depth" : 2.4490654
}