{
  "fy" : 713.4602,
  "width" : 1024,
  "t_00" : 0.29366463,
  "t_12" : -0.41362864,
  "t_10" : -0.9104371,
  "t_03" : -0.34621802,
  "t_21" : 0.7160595,
  "center_depth" : 2.1677508,
  "t_02" : -0.6530835,
  "t_20" : 0.29131684,
  "fx" : 713.4602,
  "angular_velocity" : 3.4028235e+38,
  "blur_score" : 83.83994,
  "timestamp" : 1251054432667,
  "manual_keyframe" : false,
  "t_01" : -0.69802797,
  "cx" : 515.027,
  "t_22" : -0.6343448,
  "t_23" : -0.09901875,
  "height" : 768,
  "t_11" : 0.0039695795,
  "t_13" : 0.2695346,
  "cy" : 384.9911
}