{
  "t_02" : 0.19733663,
  "cx" : 514.92566,
  "blur_score" : 33.34105,
  "center_depth" : 0.937296,
  "cy" : 384.3373,
  "height" : 768,
  "t_01" : -0.9790914,
  "t_03" : 0.56515324,
  "timestamp" : 1251243165995,
  "fy" : 715.5598,
  "manual_keyframe" : false,
  "t_20" : -0.0646321,
  "t_23" : -7.261829,
  "t_22" : -0.9776013,
  "width" : 1024,
  "fx" : 715.5598,
  "t_12" : 0.073171176,
  "t_13" : -1.2741013,
  "t_10" : -0.99668676,
  "t_21" : -0.20029595,
  "t_11" : -0.03551888,
  "t_00" : 0.049379192,
  "angular_velocity" : 3.4028235e+38
}