{
  "t_13" : -1.16493,
  "t_00" : 0.03796072,
  "t_22" : 0.9666623,
  "width" : 1024,
  "fx" : 712.6295,
  "angular_velocity" : 3.4028235e+38,
  "blur_score" : 67.93571,
  "height" : 768,
  "cx" : 515.2522,
  "timestamp" : 1251103725550,
  "t_11" : 0.0046749567,
  "cy" : 385.19357,
  "t_01" : 0.98403025,
  "t_03" : -1.6529391,
  "t_10" : -0.98216987,
  "t_20" : -0.18412286,
  "fy" : 712.6295,
  "t_21" : 0.1779404,
  "t_23" : -1.0896511,
  "t_02" : -0.17390694,
  "center_depth" : 4.052647,
  "t_12" : -0.18793719,
  "manual_keyframe" : false
}