{
  "t_11" : -0.16569372,
  "t_21" : 0.9722968,
  "t_13" : 0.27154922,
  "fx" : 729.9268,
  "t_10" : -0.97680813,
  "t_12" : 0.13561508,
  "t_23" : -1.1572975,
  "angular_velocity" : 3.4028235e+38,
  "t_00" : -0.16301927,
  "blur_score" : 75.984375,
  "t_01" : 0.16487731,
  "t_20" : -0.13881852,
  "width" : 1024,
  "center_depth" : 1.3652589,
  "height" : 768,
  "t_22" : 0.18806474,
  "timestamp" : 1251072800967,
  "t_02" : -0.97274876,
  "t_03" : 0.16451144,
  "fy" : 729.9268,
  "cx" : 514.9047,
  "cy" : 385.18338,
  "manual_keyframe" : false
}