{
  "t_11" : -0.037449066,
  "t_21" : 0.15407132,
  "t_13" : -1.4918165,
  "fx" : 721.2234,
  "t_10" : -0.7624598,
  "t_12" : 0.6459509,
  "t_23" : -4.404225,
  "angular_velocity" : 3.4028235e+38,
  "t_00" : -0.12789406,
  "blur_score" : 65.61192,
  "t_01" : 0.9873498,
  "t_20" : 0.6342698,
  "width" : 1024,
  "center_depth" : 0.9492465,
  "height" : 768,
  "t_22" : 0.7576041,
  "timestamp" : 1251211544454,
  "t_03" : 2.5359898,
  "t_02" : -0.093720354,
  "fy" : 721.2234,
  "cx" : 514.521,
  "cy" : 384.728,
  "manual_keyframe" : false
}