{
  "t_02" : 0.7540893,
  "cx" : 514.8778,
  "blur_score" : 35.946358,
  "center_depth" : 2.7036843,
  "cy" : 384.89713,
  "height" : 768,
  "t_01" : 0.64233124,
  "t_03" : -0.85898983,
  "timestamp" : 1251090686282,
  "fy" : 713.7683,
  "manual_keyframe" : false,
  "t_20" : 0.034439426,
  "t_23" : 3.322228,
  "t_22" : 0.6444253,
  "width" : 1024,
  "fx" : 713.7683,
  "t_12" : 0.12674943,
  "t_10" : -0.98997676,
  "t_13" : -1.2678626,
  "t_21" : -0.76389134,
  "t_11" : 0.062294587,
  "t_00" : 0.13696699,
  "angular_velocity" : 3.4028235e+38
}