{
  "t_00" : 0.22949028,
  "center_depth" : 2.6604087,
  "t_03" : 0.687564,
  "t_23" : -7.11053,
  "angular_velocity" : 3.4028235e+38,
  "timestamp" : 1251271655401,
  "fy" : 715.4947,
  "cx" : 515.0137,
  "blur_score" : 71.580444,
  "manual_keyframe" : false,
  "t_02" : 0.71318215,
  "t_10" : -0.96096605,
  "t_11" : 0.03785755,
  "t_13" : -1.3672366,
  "t_12" : 0.27406392,
  "fx" : 715.4947,
  "t_22" : 0.64518243,
  "width" : 1024,
  "height" : 768,
  "cy" : 385.21582,
  "t_21" : -0.74823874,
  "t_01" : 0.66234845,
  "t_20" : 0.1545265
}