{
  "center_depth" : 2.5584846,
  "manual_keyframe" : false,
  "t_01" : -0.81230813,
  "t_21" : -0.5734234,
  "t_00" : 0.015238629,
  "t_03" : -1.4810784,
  "timestamp" : 1251314539394,
  "t_20" : -0.20340183,
  "cy" : 385.37997,
  "t_22" : -0.79360783,
  "width" : 1024,
  "fy" : 720.34033,
  "height" : 768,
  "t_10" : -0.9789767,
  "t_12" : 0.17396313,
  "cx" : 514.9853,
  "t_23" : -10.69354,
  "t_02" : 0.58302957,
  "t_13" : -1.1854123,
  "fx" : 720.34033,
  "t_11" : 0.106495775,
  "blur_score" : 88.42184,
  "angular_velocity" : 3.4028235e+38
}