{
  "width" : 1024,
  "blur_score" : 55.56382,
  "t_22" : -0.8165363,
  "t_01" : -0.8391837,
  "t_03" : -1.6329026,
  "cy" : 385.24646,
  "t_02" : 0.5329553,
  "t_13" : -1.3454475,
  "height" : 768,
  "timestamp" : 1251171369558,
  "manual_keyframe" : false,
  "t_10" : -0.97495914,
  "fy" : 716.2507,
  "t_12" : 0.22187194,
  "t_11" : 0.015082844,
  "t_21" : -0.54363894,
  "t_23" : 2.1349897,
  "t_00" : 0.10830254,
  "t_20" : -0.1942298,
  "angular_velocity" : 3.4028235e+38,
  "center_depth" : 1.6600369,
  "fx" : 716.2507,
  "cx" : 515.0462
}