{
  "fy" : 719.6939,
  "t_02" : 0.339248,
  "t_03" : 2.6773934,
  "angular_velocity" : 3.4028235e+38,
  "height" : 768,
  "center_depth" : 1.0895138,
  "timestamp" : 1251267523606,
  "t_22" : -0.93523276,
  "blur_score" : 12.956648,
  "cx" : 515.04944,
  "t_13" : -1.3148137,
  "t_10" : -0.99060917,
  "t_00" : -0.052446954,
  "t_01" : -0.9392338,
  "t_12" : 0.10124482,
  "cy" : 385.03708,
  "t_20" : -0.12626438,
  "t_23" : -6.7920995,
  "width" : 1024,
  "manual_keyframe" : false,
  "fx" : 719.6939,
  "t_21" : -0.33075222,
  "t_11" : 0.09188504
}