{
  "fy" : 712.0356,
  "t_13" : -1.105814,
  "cx" : 515.123,
  "t_01" : 0.06594199,
  "t_21" : -0.9947,
  "t_22" : 0.037148748,
  "width" : 1024,
  "t_20" : -0.09587406,
  "timestamp" : 1251128505132,
  "t_23" : -6.305066,
  "blur_score" : 148.40594,
  "height" : 768,
  "center_depth" : 3.8964071,
  "t_02" : 0.9459177,
  "cy" : 384.82635,
  "t_00" : -0.31763393,
  "t_10" : -0.94335395,
  "t_11" : 0.07888928,
  "t_03" : -1.6752207,
  "angular_velocity" : 3.4028235e+38,
  "fx" : 712.0356,
  "manual_keyframe" : false,
  "t_12" : -0.3222726
}