{
  "t_11" : 0.038028114,
  "t_21" : 0.9354293,
  "t_13" : 0.03528317,
  "fx" : 714.051,
  "t_10" : -0.9964253,
  "t_12" : 0.07543576,
  "t_23" : 0.33245534,
  "angular_velocity" : 3.4028235e+38,
  "t_00" : -0.08400398,
  "blur_score" : 84.51437,
  "t_01" : -0.35146257,
  "t_20" : 0.008945537,
  "width" : 1024,
  "center_depth" : 1.5483689,
  "height" : 768,
  "t_22" : -0.35340068,
  "timestamp" : 1251076031651,
  "t_02" : -0.93242556,
  "t_03" : -0.11613547,
  "fy" : 714.051,
  "cx" : 515.49554,
  "cy" : 385.12112,
  "manual_keyframe" : false
}