{
  "t_21" : -0.29746395,
  "t_01" : 0.95326,
  "cx" : 514.7618,
  "angular_velocity" : 3.4028235e+38,
  "t_23" : 1.910481,
  "t_22" : 0.79555,
  "t_20" : -0.5278403,
  "fy" : 715.55023,
  "t_11" : 0.0530151,
  "fx" : 715.55023,
  "t_03" : -3.509454,
  "t_12" : -0.53825015,
  "manual_keyframe" : false,
  "t_00" : -0.117933854,
  "t_10" : -0.84111613,
  "blur_score" : 103.0068,
  "width" : 1024,
  "t_02" : 0.27818525,
  "t_13" : -1.1271873,
  "center_depth" : 1.2957785,
  "height" : 768,
  "cy" : 384.89386,
  "timestamp" : 1251162443665
}