{
  "t_20" : 0.19259082,
  "cy" : 384.88245,
  "t_23" : -8.952804,
  "blur_score" : 58.69556,
  "fy" : 712.63745,
  "t_10" : -0.9742462,
  "width" : 1024,
  "t_00" : -0.1172734,
  "angular_velocity" : 3.4028235e+38,
  "height" : 768,
  "t_13" : -1.1855376,
  "timestamp" : 1251233436278,
  "t_03" : 1.7278798,
  "cx" : 515.3324,
  "fx" : 712.63745,
  "t_21" : -0.55523056,
  "t_11" : -0.009651562,
  "t_02" : 0.54279006,
  "t_22" : -0.8090908,
  "center_depth" : 3.2340252,
  "t_12" : -0.22528009,
  "manual_keyframe" : false,
  "t_01" : -0.8316405
}