{
  "cy" : 385.3115,
  "t_00" : 0.056343094,
  "t_03" : -3.874007,
  "t_12" : -0.18618272,
  "cx" : 515.2105,
  "t_02" : -0.6670835,
  "t_20" : 0.200349,
  "blur_score" : 62.63068,
  "height" : 768,
  "timestamp" : 1251294446904,
  "manual_keyframe" : false,
  "t_21" : 0.6629666,
  "fx" : 714.4686,
  "t_22" : -0.72134304,
  "t_11" : 0.09300681,
  "t_13" : -1.1726338,
  "fy" : 714.4686,
  "t_01" : -0.7428494,
  "width" : 1024,
  "angular_velocity" : 3.4028235e+38,
  "center_depth" : 2.6456497,
  "t_10" : -0.97810316,
  "t_23" : -12.498356
}