{
  "blur_score" : 79.07932,
  "center_depth" : 5.29167,
  "timestamp" : 1251214876536,
  "manual_keyframe" : false,
  "t_12" : 0.09762699,
  "angular_velocity" : 3.4028235e+38,
  "t_01" : 0.49295855,
  "t_03" : 1.9774462,
  "t_11" : 0.051024057,
  "t_20" : 0.0040891957,
  "height" : 768,
  "t_13" : -1.2756357,
  "fx" : 713.74927,
  "fy" : 713.74927,
  "width" : 1024,
  "cx" : 515.3514,
  "t_23" : -4.618357,
  "t_02" : 0.8630609,
  "t_00" : 0.11008071,
  "t_10" : -0.9939142,
  "cy" : 385.14633,
  "t_21" : -0.8685554,
  "t_22" : 0.49557537
}