{
  "t_23" : -1.0945375,
  "fx" : 712.8662,
  "t_03" : -1.7664866,
  "t_00" : -0.3045507,
  "t_20" : 0.20447747,
  "t_02" : -0.8118861,
  "t_01" : 0.49808636,
  "t_21" : 0.8666932,
  "t_11" : 0.027439551,
  "t_13" : -1.3241901,
  "angular_velocity" : 3.4028235e+38,
  "t_10" : -0.9302891,
  "blur_score" : 75.20019,
  "t_12" : 0.36579946,
  "height" : 768,
  "manual_keyframe" : false,
  "center_depth" : 3.969718,
  "width" : 1024,
  "t_22" : 0.45500752,
  "timestamp" : 1251105324233,
  "cx" : 515.2426,
  "cy" : 385.10825,
  "fy" : 712.8662
}