{
  "angular_velocity" : 3.4028235e+38,
  "t_23" : -10.523921,
  "cx" : 514.7687,
  "fy" : 717.46246,
  "t_00" : -0.01121806,
  "t_11" : 0.14977354,
  "t_22" : -0.8531279,
  "t_21" : 0.28277278,
  "fx" : 717.46246,
  "center_depth" : 1.5045877,
  "width" : 1024,
  "t_13" : -1.0023677,
  "blur_score" : 61.79641,
  "cy" : 385.49802,
  "t_03" : -1.5459459,
  "t_02" : -0.3197917,
  "height" : 768,
  "t_12" : -0.41219634,
  "timestamp" : 1251312840029,
  "t_01" : -0.9474214,
  "t_10" : -0.8987001,
  "t_20" : 0.43842,
  "manual_keyframe" : false
}