{
  "cy" : 385.34003,
  "t_02" : 0.9591196,
  "fy" : 714.93243,
  "t_03" : -0.4025406,
  "t_01" : -0.24496937,
  "t_12" : 0.16547285,
  "center_depth" : 1.6509655,
  "width" : 1024,
  "t_00" : 0.14170267,
  "blur_score" : 45.685688,
  "fx" : 714.93243,
  "t_22" : -0.22958302,
  "t_20" : -0.11653433,
  "t_13" : -0.898161,
  "t_11" : 0.07923783,
  "cx" : 514.8404,
  "angular_velocity" : 3.4028235e+38,
  "t_21" : -0.9662875,
  "manual_keyframe" : false,
  "t_23" : 2.8287072,
  "timestamp" : 1251088238295,
  "height" : 768,
  "t_10" : -0.98302597
}