{
  "fy" : 714.3416,
  "angular_velocity" : 3.4028235e+38,
  "t_00" : 0.4016229,
  "blur_score" : 50.408855,
  "height" : 768,
  "manual_keyframe" : false,
  "width" : 1024,
  "fx" : 714.3416,
  "t_11" : -0.0067981235,
  "t_13" : -1.0190799,
  "cy" : 384.9142,
  "cx" : 514.9569,
  "t_22" : 0.5135868,
  "t_23" : -0.54306626,
  "t_02" : 0.6931764,
  "center_depth" : 1.5604506,
  "t_10" : -0.8626811,
  "t_01" : 0.5985029,
  "t_21" : -0.80109185,
  "t_20" : 0.30737677,
  "timestamp" : 1251101210953,
  "t_12" : 0.50570273,
  "t_03" : -1.3177507
}