{
  "cy" : 385.09528,
  "t_00" : -0.024824038,
  "t_11" : -0.0017370326,
  "t_10" : -0.8271507,
  "t_01" : 0.99913216,
  "fy" : 713.2092,
  "t_12" : 0.5619775,
  "t_22" : 0.8264759,
  "center_depth" : 2.3418784,
  "width" : 1024,
  "height" : 768,
  "t_02" : -0.033449195,
  "timestamp" : 1251165024849,
  "t_03" : -3.5242193,
  "fx" : 713.2092,
  "t_23" : 2.0305612,
  "manual_keyframe" : false,
  "angular_velocity" : 3.4028235e+38,
  "cx" : 514.9314,
  "t_13" : -1.4793767,
  "t_20" : 0.56143165,
  "blur_score" : 231.43733,
  "t_21" : 0.041618105
}