{
  "t_02" : 0.69567883,
  "cx" : 514.6505,
  "blur_score" : 51.04485,
  "center_depth" : 1.9510652,
  "cy" : 385.44565,
  "height" : 768,
  "t_01" : -0.7142051,
  "t_03" : -0.027050892,
  "timestamp" : 1251086239937,
  "fy" : 713.7715,
  "manual_keyframe" : false,
  "t_20" : -0.13076283,
  "t_23" : 2.2006717,
  "t_22" : -0.70309466,
  "width" : 1024,
  "fx" : 713.7715,
  "t_12" : 0.14727144,
  "t_10" : -0.9884124,
  "t_13" : -0.20878519,
  "t_21" : -0.6989701,
  "t_11" : 0.03677101,
  "t_00" : 0.07708481,
  "angular_velocity" : 3.4028235e+38
}