{
  "cy" : 384.99606,
  "cx" : 515.10876,
  "t_03" : -2.4311817,
  "width" : 1024,
  "center_depth" : 7.179979,
  "t_01" : 0.9626805,
  "timestamp" : 1251190320366,
  "t_21" : 0.2683998,
  "t_13" : -1.2841617,
  "t_11" : 0.034755725,
  "manual_keyframe" : false,
  "t_23" : -2.4309566,
  "fy" : 712.3436,
  "height" : 768,
  "t_20" : 0.14773473,
  "t_02" : -0.27058524,
  "angular_velocity" : 3.4028235e+38,
  "t_00" : -0.0054827593,
  "blur_score" : 80.46294,
  "t_22" : 0.95191187,
  "t_10" : -0.9890118,
  "fx" : 712.3436,
  "t_12" : 0.14369291
}