{
  "cx" : 514.24927,
  "t_20" : 0.52632475,
  "width" : 1024,
  "t_11" : 0.11225215,
  "manual_keyframe" : false,
  "t_22" : 0.5889637,
  "height" : 768,
  "fx" : 718.9554,
  "blur_score" : 39.121548,
  "fy" : 718.9554,
  "timestamp" : 1251256594339,
  "t_23" : -7.6775274,
  "t_10" : -0.68000215,
  "t_00" : 0.51046973,
  "t_12" : 0.72456646,
  "cy" : 385.2,
  "t_02" : 0.3579462,
  "t_13" : -1.5341765,
  "t_03" : 4.5216193,
  "t_01" : 0.7818538,
  "t_21" : -0.6132734,
  "angular_velocity" : 3.4028235e+38,
  "center_depth" : 1.5775932
}