{
  "t_11" : -0.017296033,
  "t_13" : -1.3360103,
  "angular_velocity" : 3.4028235e+38,
  "t_23" : -10.662277,
  "t_20" : -0.37177205,
  "t_21" : 0.17260258,
  "blur_score" : 84.99864,
  "timestamp" : 1251310340963,
  "manual_keyframe" : false,
  "fx" : 716.84625,
  "width" : 1024,
  "t_12" : 0.37457195,
  "t_22" : -0.912137,
  "height" : 768,
  "t_03" : -1.32832,
  "t_01" : -0.9848397,
  "fy" : 716.84625,
  "t_00" : -0.048875727,
  "cy" : 384.82922,
  "t_10" : -0.9270365,
  "cx" : 514.38574,
  "t_02" : -0.16643906,
  "center_depth" : 1.5983845
}