{
  "fy" : 711.99744,
  "width" : 1024,
  "t_00" : -0.047857977,
  "t_12" : 0.15225661,
  "t_03" : -1.9682195,
  "t_10" : -0.9883294,
  "t_21" : 0.34347188,
  "center_depth" : 6.346352,
  "t_02" : -0.34015498,
  "t_20" : 0.14461865,
  "fx" : 711.99744,
  "angular_velocity" : 3.4028235e+38,
  "blur_score" : 84.05258,
  "timestamp" : 1251191169654,
  "manual_keyframe" : false,
  "t_01" : 0.93915087,
  "cx" : 515.08844,
  "t_22" : 0.9279615,
  "t_23" : -3.1918514,
  "height" : 768,
  "t_11" : 0.0047823973,
  "t_13" : -1.2850356,
  "cy" : 385.21695
}