{
  "fx" : 715.4502,
  "t_21" : -0.9081293,
  "t_00" : -0.041875836,
  "height" : 768,
  "t_13" : -1.200686,
  "angular_velocity" : 3.4028235e+38,
  "blur_score" : 58.873726,
  "cx" : 515.0238,
  "t_02" : 0.9125984,
  "manual_keyframe" : false,
  "center_depth" : 1.7163348,
  "width" : 1024,
  "t_23" : -6.7182302,
  "t_11" : 0.099451,
  "cy" : 385.34824,
  "t_22" : 0.39887518,
  "timestamp" : 1251197316503,
  "fy" : 715.4502,
  "t_10" : -0.9909826,
  "t_01" : 0.4067072,
  "t_03" : -0.430066,
  "t_20" : -0.1272786,
  "t_12" : -0.08979378
}