{
  "t_21" : -0.80390435,
  "blur_score" : 72.54967,
  "t_02" : 0.7657881,
  "t_01" : 0.5906777,
  "timestamp" : 1251043291761,
  "t_03" : -0.17676619,
  "fy" : 713.4952,
  "cy" : 385.03375,
  "cx" : 514.98364,
  "t_22" : 0.5313251,
  "t_23" : 0.16408372,
  "angular_velocity" : 3.4028235e+38,
  "t_10" : -0.9294622,
  "t_11" : 0.06955369,
  "t_20" : -0.26726684,
  "width" : 1024,
  "manual_keyframe" : false,
  "t_00" : -0.2543002,
  "t_13" : 0.15906389,
  "t_12" : -0.3623016,
  "fx" : 713.4952,
  "height" : 768,
  "center_depth" : 2.113119
}