{
  "t_11" : 0.038228493,
  "t_13" : -1.4545677,
  "t_23" : -4.3120165,
  "t_12" : 0.5927479,
  "height" : 768,
  "t_01" : 0.79742074,
  "t_03" : 2.5973692,
  "t_20" : 0.49190885,
  "angular_velocity" : 3.4028235e+38,
  "t_10" : -0.80448025,
  "fy" : 719.3477,
  "blur_score" : 60.361355,
  "t_02" : -0.50327224,
  "timestamp" : 1251211111283,
  "cy" : 385.07138,
  "cx" : 514.91736,
  "center_depth" : 0.606834,
  "t_21" : 0.6022116,
  "width" : 1024,
  "manual_keyframe" : false,
  "t_22" : 0.62878215,
  "t_00" : -0.33292228,
  "fx" : 719.3477
}