{
  "t_13" : -1.2328389,
  "t_21" : 0.610016,
  "t_11" : 0.04993909,
  "cy" : 385.05664,
  "t_00" : 0.025553847,
  "width" : 1024,
  "timestamp" : 1251110636526,
  "manual_keyframe" : false,
  "t_20" : 0.048614107,
  "cx" : 515.1165,
  "t_01" : 0.7908139,
  "center_depth" : 2.8803544,
  "t_10" : -0.9984907,
  "t_03" : -0.5761833,
  "t_12" : 0.022856459,
  "t_23" : -1.7737751,
  "blur_score" : 91.161766,
  "fy" : 712.63745,
  "t_02" : -0.611523,
  "t_22" : 0.7908965,
  "fx" : 712.63745,
  "angular_velocity" : 3.4028235e+38,
  "height" : 768
}