{
  "t_20" : 0.0020825271,
  "blur_score" : 66.01658,
  "center_depth" : 2.0680442,
  "width" : 1024,
  "height" : 768,
  "timestamp" : 1251237001619,
  "manual_keyframe" : false,
  "t_10" : -0.94982564,
  "t_11" : 0.036208265,
  "cx" : 515.0609,
  "t_22" : -0.12204178,
  "t_03" : 0.7740079,
  "cy" : 385.27844,
  "t_01" : -0.116565436,
  "fy" : 714.3099,
  "angular_velocity" : 3.4028235e+38,
  "t_00" : -0.31277287,
  "t_13" : -1.0047026,
  "t_02" : 0.9426483,
  "fx" : 714.3099,
  "t_12" : -0.31067696,
  "t_21" : -0.99252284,
  "t_23" : -7.8766117
}