{
  "t_11" : 0.045432184,
  "t_13" : -1.3170408,
  "t_23" : -10.961059,
  "t_12" : 0.28160658,
  "height" : 768,
  "t_01" : -0.8283002,
  "t_03" : -4.8343244,
  "t_20" : -0.20936988,
  "angular_velocity" : 3.4028235e+38,
  "t_10" : -0.9584538,
  "fy" : 714.8626,
  "blur_score" : 40.734444,
  "t_02" : -0.52572644,
  "timestamp" : 1251298145521,
  "cy" : 384.90823,
  "cx" : 515.2756,
  "center_depth" : 2.384446,
  "t_21" : 0.5584397,
  "width" : 1024,
  "manual_keyframe" : false,
  "t_22" : -0.80268896,
  "t_00" : -0.19372818,
  "fx" : 714.8626
}