{
  "timestamp" : 1251291314741,
  "t_22" : -0.23554865,
  "t_12" : 0.51689833,
  "t_02" : -0.8230024,
  "t_20" : -0.080989465,
  "t_00" : -0.51339096,
  "center_depth" : 1.288734,
  "t_23" : -12.016554,
  "manual_keyframe" : false,
  "t_11" : 0.054274004,
  "cy" : 385.15063,
  "width" : 1024,
  "height" : 768,
  "t_13" : -1.42039,
  "angular_velocity" : 3.4028235e+38,
  "t_10" : -0.85432446,
  "t_03" : -4.5962224,
  "blur_score" : 88.674515,
  "t_21" : 0.9684821,
  "fx" : 716.5636,
  "t_01" : -0.24309824,
  "cx" : 514.6996,
  "fy" : 716.5636
}