{
  "t_13" : -1.2097396,
  "t_00" : 0.050602254,
  "t_22" : 0.71918637,
  "width" : 1024,
  "fx" : 713.4427,
  "angular_velocity" : 3.4028235e+38,
  "blur_score" : 92.21548,
  "height" : 768,
  "cx" : 515.0998,
  "timestamp" : 1251120928047,
  "cy" : 385.12244,
  "t_11" : 0.05730521,
  "t_01" : 0.7175315,
  "t_03" : 0.86801004,
  "t_10" : -0.9982651,
  "t_20" : -0.030103922,
  "fy" : 713.4427,
  "t_21" : -0.69416475,
  "t_23" : -2.6842713,
  "t_02" : 0.6946855,
  "center_depth" : 6.2414684,
  "t_12" : 0.0135257915,
  "manual_keyframe" : false
}