{
  "timestamp" : 1251325435322,
  "manual_keyframe" : false,
  "t_03" : -2.6402495,
  "t_01" : 0.14624517,
  "blur_score" : 54.284744,
  "height" : 768,
  "fx" : 715.9743,
  "center_depth" : 1.1963153,
  "cx" : 514.5749,
  "t_02" : -0.7799437,
  "angular_velocity" : 3.4028235e+38,
  "t_11" : 0.007270201,
  "t_00" : -0.608523,
  "t_10" : -0.78773797,
  "t_20" : 0.09575261,
  "cy" : 385.07413,
  "t_21" : 0.98922163,
  "fy" : 715.9743,
  "t_22" : 0.110778786,
  "t_13" : -1.4191128,
  "t_12" : 0.6159676,
  "t_23" : -9.179659,
  "width" : 1024
}