{
  "t_13" : -1.1129472,
  "t_21" : -0.7537174,
  "t_11" : 0.025593461,
  "t_00" : 0.5100475,
  "cy" : 384.93225,
  "width" : 1024,
  "timestamp" : 1251101510707,
  "manual_keyframe" : false,
  "t_20" : 0.41888508,
  "cx" : 514.8899,
  "t_01" : 0.6567002,
  "center_depth" : 1.6781076,
  "t_10" : -0.7512569,
  "t_12" : 0.65951353,
  "t_03" : -1.3856697,
  "t_23" : -0.5581324,
  "blur_score" : 47.853184,
  "t_02" : 0.5555147,
  "fy" : 714.3321,
  "t_22" : 0.5064044,
  "fx" : 714.3321,
  "angular_velocity" : 3.4028235e+38,
  "height" : 768
}