{
  "width" : 1024,
  "blur_score" : 30.20185,
  "t_22" : -0.5176643,
  "t_01" : -0.52670926,
  "t_03" : 0.21840554,
  "cy" : 384.71747,
  "t_02" : 0.7225604,
  "t_13" : 0.26609957,
  "height" : 768,
  "timestamp" : 1251081760283,
  "manual_keyframe" : false,
  "t_12" : -0.45818144,
  "fy" : 716.0157,
  "t_10" : -0.8807031,
  "t_11" : 0.12013253,
  "t_21" : -0.8415139,
  "t_23" : 1.7167146,
  "t_00" : -0.44775438,
  "t_20" : 0.15452541,
  "angular_velocity" : 3.4028235e+38,
  "center_depth" : 1.1958728,
  "fx" : 716.0157,
  "cx" : 515.5875
}