{
  "t_01" : -0.65473604,
  "t_23" : -3.0979548,
  "angular_velocity" : 3.4028235e+38,
  "t_10" : -0.90532905,
  "t_21" : 0.75415605,
  "timestamp" : 1251153118088,
  "t_22" : -0.6104401,
  "fx" : 712.6518,
  "t_11" : 0.05069031,
  "t_12" : 0.42167497,
  "t_02" : -0.67048734,
  "fy" : 712.6518,
  "center_depth" : 2.8252423,
  "cx" : 515.0946,
  "width" : 1024,
  "t_03" : -3.983332,
  "t_00" : -0.3489521,
  "t_13" : -1.3979027,
  "t_20" : -0.24209855,
  "blur_score" : 69.5696,
  "cy" : 385.22946,
  "height" : 768,
  "manual_keyframe" : false
}