{
  "height" : 768,
  "t_00" : -0.15949427,
  "t_22" : 0.7873354,
  "t_12" : 0.5138944,
  "t_11" : 0.041415617,
  "t_01" : 0.92657757,
  "t_02" : -0.3406108,
  "cx" : 514.7665,
  "t_10" : -0.8568532,
  "blur_score" : 52.674435,
  "width" : 1024,
  "t_03" : -0.50525284,
  "timestamp" : 1251276686860,
  "t_20" : 0.49026957,
  "t_13" : -1.405241,
  "t_21" : 0.37381664,
  "fy" : 717.3958,
  "fx" : 717.3958,
  "t_23" : -7.6783915,
  "angular_velocity" : 3.4028235e+38,
  "cy" : 385.12045,
  "center_depth" : 1.3635621,
  "manual_keyframe" : false
}