{
  "t_11" : 0.072316445,
  "t_21" : 0.78327155,
  "t_02" : -0.7858245,
  "t_00" : -0.034984738,
  "cx" : 515.1699,
  "cy" : 385.01733,
  "t_10" : -0.9973043,
  "t_13" : -1.2396508,
  "t_20" : 0.06449852,
  "t_23" : -3.585408,
  "angular_velocity" : 3.4028235e+38,
  "height" : 768,
  "fy" : 712.6088,
  "t_03" : -4.9445,
  "t_22" : -0.6183248,
  "blur_score" : 104.420166,
  "width" : 1024,
  "t_01" : -0.61745924,
  "center_depth" : 3.812194,
  "timestamp" : 1251152052306,
  "manual_keyframe" : false,
  "fx" : 712.6088,
  "t_12" : -0.012422658
}