{
  "t_12" : 0.1355024,
  "t_21" : 0.2474283,
  "t_02" : -0.23499717,
  "t_00" : -0.11384088,
  "cx" : 515.3481,
  "t_10" : -0.98725706,
  "cy" : 385.13535,
  "t_13" : -1.3064761,
  "t_20" : -0.111192614,
  "t_23" : 0.1292429,
  "angular_velocity" : 3.4028235e+38,
  "height" : 768,
  "fy" : 712.6088,
  "t_03" : -4.2058983,
  "t_22" : -0.96250474,
  "blur_score" : 192.96301,
  "width" : 1024,
  "t_01" : -0.9653065,
  "center_depth" : 4.106512,
  "timestamp" : 1251158796699,
  "manual_keyframe" : false,
  "fx" : 712.6088,
  "t_11" : 0.08344245
}