{
  "t_13" : -1.3974016,
  "t_00" : 0.17124192,
  "t_22" : -0.79280746,
  "width" : 1024,
  "fx" : 715.17065,
  "angular_velocity" : 3.4028235e+38,
  "blur_score" : 38.075565,
  "height" : 768,
  "cx" : 515.05383,
  "timestamp" : 1251262858675,
  "cy" : 385.3179,
  "t_11" : 0.017446872,
  "t_01" : -0.8503053,
  "t_03" : 4.467252,
  "t_10" : -0.9358933,
  "t_20" : -0.30786338,
  "fy" : 715.17065,
  "t_21" : -0.52600056,
  "t_23" : -7.240012,
  "t_02" : 0.49765164,
  "center_depth" : 1.9361312,
  "t_12" : 0.3518512,
  "manual_keyframe" : false
}