{
  "t_13" : -0.76377636,
  "t_21" : -0.8796878,
  "cy" : 385.30222,
  "t_11" : 0.071058005,
  "t_00" : 0.10013683,
  "width" : 1024,
  "timestamp" : 1251087738705,
  "manual_keyframe" : false,
  "t_20" : -0.13317266,
  "cx" : 514.92975,
  "t_01" : -0.47021317,
  "center_depth" : 1.5130955,
  "t_10" : -0.9860211,
  "t_03" : -0.28059256,
  "t_12" : 0.15070868,
  "t_23" : 2.7500837,
  "blur_score" : 60.94941,
  "t_02" : 0.8768537,
  "fy" : 714.5958,
  "t_22" : -0.45652458,
  "fx" : 714.5958,
  "angular_velocity" : 3.4028235e+38,
  "height" : 768
}