{
  "timestamp" : 1251311007380,
  "manual_keyframe" : false,
  "t_13" : -1.1299882,
  "fy" : 717.2846,
  "t_12" : -0.02185761,
  "blur_score" : 69.73306,
  "t_20" : 0.048493702,
  "t_03" : -1.3209579,
  "angular_velocity" : 3.4028235e+38,
  "cx" : 515.1672,
  "height" : 768,
  "t_02" : -0.47595876,
  "t_10" : -0.9978648,
  "t_21" : 0.47398612,
  "t_00" : -0.0437528,
  "t_01" : -0.8783787,
  "t_11" : 0.061548278,
  "t_22" : -0.87919605,
  "fx" : 717.2846,
  "t_23" : -10.717981,
  "width" : 1024,
  "cy" : 385.1344,
  "center_depth" : 1.0297967
}