{
  "t_01" : 0.37910002,
  "t_12" : -0.1065705,
  "fy" : 713.13776,
  "width" : 1024,
  "t_20" : -0.058210965,
  "height" : 768,
  "timestamp" : 1251280885295,
  "manual_keyframe" : false,
  "t_02" : 0.9208368,
  "t_11" : 0.019341202,
  "fx" : 713.13776,
  "t_21" : -0.92515355,
  "blur_score" : 63.41541,
  "t_23" : -9.262799,
  "t_13" : -1.2559175,
  "t_10" : -0.994117,
  "t_00" : -0.091339126,
  "t_22" : 0.37510318,
  "cx" : 515.22864,
  "angular_velocity" : 3.4028235e+38,
  "t_03" : -2.6739495,
  "center_depth" : 3.8421686,
  "cy" : 385.0548
}