{
  "fy" : 731.3022,
  "width" : 1024,
  "t_00" : -0.22786899,
  "t_12" : 0.2212037,
  "t_03" : 0.21718827,
  "t_10" : -0.9720098,
  "t_21" : 0.99293685,
  "center_depth" : 0.22350101,
  "t_02" : -0.9696728,
  "t_20" : -0.057207163,
  "fx" : 731.3022,
  "angular_velocity" : 3.4028235e+38,
  "blur_score" : 46.131462,
  "timestamp" : 1251072334682,
  "manual_keyframe" : false,
  "t_01" : 0.08837728,
  "cx" : 515.3793,
  "t_22" : 0.103941016,
  "t_23" : -1.563193,
  "height" : 768,
  "t_11" : -0.079157166,
  "t_13" : 0.14097047,
  "cy" : 385.42715
}