{
  "t_22" : 0.9097827,
  "angular_velocity" : 3.4028235e+38,
  "fx" : 714.9118,
  "t_11" : 0.06566674,
  "t_00" : 0.10947249,
  "t_10" : -0.9903017,
  "cy" : 385.55984,
  "t_03" : -1.4890864,
  "t_02" : 0.3966172,
  "t_12" : 0.122435264,
  "t_13" : -1.2372825,
  "t_21" : -0.40617394,
  "t_23" : 2.133429,
  "width" : 1024,
  "height" : 768,
  "fy" : 714.9118,
  "t_01" : 0.9114333,
  "t_20" : 0.085547015,
  "center_depth" : 2.360471,
  "blur_score" : 384.9719,
  "manual_keyframe" : false,
  "timestamp" : 1251183459449,
  "cx" : 514.95544
}