{
  "cy" : 384.96143,
  "t_01" : -0.79988074,
  "cx" : 515.1881,
  "center_depth" : 5.7238774,
  "t_12" : -0.21269366,
  "timestamp" : 1251242532897,
  "t_23" : -7.572951,
  "t_20" : 0.21573427,
  "width" : 1024,
  "t_13" : -1.2163866,
  "height" : 768,
  "t_22" : -0.77402574,
  "t_10" : -0.97412187,
  "t_21" : -0.59526706,
  "fx" : 712.17053,
  "t_00" : -0.0674184,
  "fy" : 712.17053,
  "t_02" : 0.59636015,
  "angular_velocity" : 3.4028235e+38,
  "blur_score" : 51.335583,
  "t_11" : -0.07647175,
  "manual_keyframe" : false,
  "t_03" : 0.68948966
}