{
  "height" : 768,
  "t_11" : 0.036116123,
  "t_20" : -0.10152021,
  "fx" : 714.04144,
  "t_00" : -0.10229244,
  "t_10" : -0.9895605,
  "t_23" : 1.1262827,
  "angular_velocity" : 3.4028235e+38,
  "t_02" : -0.50343025,
  "cy" : 385.40417,
  "t_01" : -0.85795945,
  "t_22" : -0.8526972,
  "t_21" : 0.5124464,
  "blur_score" : 105.01991,
  "manual_keyframe" : false,
  "t_12" : 0.1395196,
  "width" : 1024,
  "timestamp" : 1251169171391,
  "t_13" : -1.312413,
  "center_depth" : 2.3834748,
  "t_03" : -2.063519,
  "fy" : 714.04144,
  "cx" : 515.1558
}