{
  "t_11" : -1.7803532e-05,
  "t_02" : 0.55915785,
  "t_03" : -1.5311537,
  "angular_velocity" : 3.4028235e+38,
  "height" : 768,
  "center_depth" : 1.7564338,
  "timestamp" : 1251173068141,
  "t_22" : -0.6628304,
  "blur_score" : 65.85745,
  "cx" : 515.1245,
  "t_10" : -0.8671803,
  "t_00" : 0.32112232,
  "t_13" : -1.4174014,
  "t_01" : -0.76434475,
  "t_12" : 0.49799407,
  "cy" : 385.3454,
  "t_20" : -0.38062924,
  "t_23" : 2.3262823,
  "width" : 1024,
  "manual_keyframe" : false,
  "fx" : 715.4867,
  "t_21" : -0.64480776,
  "fy" : 715.4867
}