{
  "t_11" : 0.021785833,
  "t_13" : -1.2286243,
  "t_23" : -9.329304,
  "t_12" : 0.02127934,
  "height" : 768,
  "t_01" : -0.8762648,
  "t_03" : 1.5690651,
  "t_20" : -0.029141635,
  "angular_velocity" : 3.4028235e+38,
  "t_10" : -0.9995361,
  "fy" : 713.0377,
  "blur_score" : 57.153603,
  "t_02" : 0.48174864,
  "timestamp" : 1251232536613,
  "cy" : 385.03174,
  "cx" : 515.2203,
  "center_depth" : 7.2220564,
  "t_21" : -0.481337,
  "width" : 1024,
  "manual_keyframe" : false,
  "t_22" : -0.876051,
  "t_00" : -0.0088429665,
  "fx" : 713.0377
}