{
  "t_13" : -1.4579821,
  "t_00" : 0.5256859,
  "t_22" : -0.3030351,
  "width" : 1024,
  "fx" : 714.8435,
  "angular_velocity" : 3.4028235e+38,
  "blur_score" : 32.924564,
  "height" : 768,
  "cx" : 514.8817,
  "timestamp" : 1251266457336,
  "t_11" : -0.040645767,
  "cy" : 384.97766,
  "t_01" : -0.33651632,
  "t_03" : 3.0115154,
  "t_10" : -0.8370121,
  "t_20" : -0.15187165,
  "fy" : 714.8435,
  "t_21" : -0.9408001,
  "t_23" : -6.6052074,
  "t_02" : 0.78128815,
  "center_depth" : 1.518073,
  "t_12" : 0.54567266,
  "manual_keyframe" : false
}