{
  "cy" : 384.79684,
  "t_00" : 0.13940983,
  "t_11" : -0.0435201,
  "t_10" : -0.9799289,
  "t_01" : -0.84716356,
  "t_12" : 0.19453827,
  "fy" : 714.8514,
  "t_22" : -0.8362273,
  "center_depth" : 2.5800736,
  "width" : 1024,
  "height" : 768,
  "t_02" : 0.51271695,
  "timestamp" : 1251117131175,
  "t_03" : 1.1944054,
  "fx" : 714.8514,
  "t_23" : -2.826185,
  "manual_keyframe" : false,
  "angular_velocity" : 3.4028235e+38,
  "cx" : 515.2218,
  "t_13" : -1.309375,
  "t_20" : -0.14249226,
  "blur_score" : 53.30347,
  "t_21" : -0.5295468
}