{
  "height" : 768,
  "t_00" : -0.4560847,
  "t_22" : 0.014421044,
  "t_01" : 0.05702671,
  "t_11" : 0.07900005,
  "t_02" : -0.8881074,
  "t_12" : 0.45940974,
  "t_10" : -0.8847043,
  "cx" : 515.28015,
  "blur_score" : 48.97386,
  "width" : 1024,
  "t_03" : -0.580341,
  "timestamp" : 1251275920479,
  "t_20" : 0.09635914,
  "t_13" : -1.3663883,
  "t_21" : 0.99524224,
  "fy" : 715.08813,
  "fx" : 715.08813,
  "t_23" : -7.544819,
  "angular_velocity" : 3.4028235e+38,
  "cy" : 385.38882,
  "center_depth" : 2.4504642,
  "manual_keyframe" : false
}