{
  "t_10" : -0.9951172,
  "t_11" : 0.023288785,
  "t_23" : -10.230232,
  "blur_score" : 45.66434,
  "center_depth" : 0.7878851,
  "height" : 768,
  "t_01" : 0.42538944,
  "t_13" : -1.2545989,
  "t_00" : -0.07695714,
  "t_20" : 0.06180077,
  "t_22" : 0.42152008,
  "fx" : 722.5734,
  "width" : 1024,
  "cx" : 514.8275,
  "fy" : 722.5734,
  "t_21" : 0.9047108,
  "t_02" : -0.90173256,
  "timestamp" : 1251307075517,
  "cy" : 384.7996,
  "t_12" : 0.095913336,
  "t_03" : -1.5258827,
  "angular_velocity" : 3.4028235e+38,
  "manual_keyframe" : false
}