{
  "t_21" : -0.42364812,
  "blur_score" : 94.19073,
  "t_01" : 0.90434885,
  "t_02" : 0.41478738,
  "timestamp" : 1251042525718,
  "fy" : 713.18384,
  "t_03" : -0.13044024,
  "cx" : 515.20825,
  "cy" : 384.8949,
  "t_22" : 0.8438829,
  "t_23" : 0.100513585,
  "angular_velocity" : 3.4028235e+38,
  "t_11" : 0.051726054,
  "t_10" : -0.9388882,
  "t_20" : -0.32921737,
  "width" : 1024,
  "manual_keyframe" : false,
  "t_00" : -0.100522414,
  "t_13" : 0.1460712,
  "t_12" : -0.3403134,
  "fx" : 713.18384,
  "height" : 768,
  "center_depth" : 2.4474595
}