{
  "height" : 768,
  "t_11" : 0.035564184,
  "t_20" : -0.68007916,
  "fx" : 715.38196,
  "t_00" : 0.25479802,
  "t_10" : -0.6874375,
  "t_23" : 1.616117,
  "angular_velocity" : 3.4028235e+38,
  "t_02" : 0.28675106,
  "t_01" : -0.9234998,
  "cy" : 385.5737,
  "t_22" : -0.6257868,
  "t_21" : -0.38194686,
  "blur_score" : 62.49504,
  "manual_keyframe" : false,
  "t_12" : 0.72537225,
  "width" : 1024,
  "timestamp" : 1251084807780,
  "t_13" : -0.11463333,
  "center_depth" : 3.5148406,
  "t_03" : 0.20446546,
  "fy" : 715.38196,
  "cx" : 514.5591
}