{
  "t_13" : -1.2357779,
  "t_21" : 0.88504654,
  "cy" : 385.13116,
  "t_11" : 0.008150091,
  "t_00" : 0.0017584828,
  "width" : 1024,
  "timestamp" : 1251114466704,
  "manual_keyframe" : false,
  "t_20" : 0.010132928,
  "cx" : 514.8734,
  "t_01" : -0.46543118,
  "center_depth" : 2.0277834,
  "t_10" : -0.9999471,
  "t_03" : 0.7249621,
  "t_12" : -0.00627252,
  "t_23" : -2.9035294,
  "blur_score" : 93.61267,
  "fy" : 714.3607,
  "t_02" : -0.8850823,
  "t_22" : -0.46539226,
  "fx" : 714.3607,
  "angular_velocity" : 3.4028235e+38,
  "height" : 768
}