{
  "t_23" : -1.4426563,
  "fx" : 712.3754,
  "t_00" : 0.11337384,
  "t_03" : -1.5473833,
  "t_20" : 0.0512169,
  "t_02" : -0.9545594,
  "t_01" : 0.2756133,
  "t_21" : 0.9578554,
  "t_13" : -1.186509,
  "t_11" : 0.080934465,
  "angular_velocity" : 3.4028235e+38,
  "t_10" : -0.9922314,
  "blur_score" : 78.45521,
  "t_12" : -0.09447968,
  "height" : 768,
  "manual_keyframe" : false,
  "center_depth" : 4.0576425,
  "width" : 1024,
  "t_22" : 0.28264803,
  "timestamp" : 1251106306758,
  "cx" : 515.11487,
  "fy" : 712.3754,
  "cy" : 385.18442
}