{
  "t_11" : 0.028835142,
  "cy" : 384.96118,
  "t_20" : -0.2598206,
  "angular_velocity" : 3.4028235e+38,
  "height" : 768,
  "t_12" : 0.43548065,
  "timestamp" : 1251328367563,
  "t_00" : -0.3506681,
  "t_01" : -0.6417885,
  "cx" : 514.74084,
  "t_23" : -8.681237,
  "t_03" : -1.9635024,
  "blur_score" : 52.106377,
  "center_depth" : 3.2798405,
  "manual_keyframe" : false,
  "fx" : 713.77466,
  "fy" : 713.77466,
  "t_10" : -0.89973617,
  "t_21" : 0.76633936,
  "t_22" : -0.5875519,
  "t_02" : -0.68201137,
  "t_13" : -1.3427529,
  "width" : 1024
}