{
  "t_03" : -0.09622598,
  "t_22" : 0.40023956,
  "t_23" : -0.31214952,
  "t_21" : -0.91042095,
  "height" : 768,
  "timestamp" : 1251096664696,
  "cx" : 514.6559,
  "cy" : 385.22073,
  "t_00" : 0.38066182,
  "t_01" : 0.40845272,
  "manual_keyframe" : false,
  "t_12" : 0.38928825,
  "fx" : 712.628,
  "fy" : 712.628,
  "t_11" : 0.06557478,
  "width" : 1024,
  "angular_velocity" : 3.4028235e+38,
  "blur_score" : 61.007378,
  "t_13" : -0.07527256,
  "center_depth" : 3.099401,
  "t_02" : 0.8296162,
  "t_20" : 0.10460395,
  "t_10" : -0.9187789
}