{
  "fy" : 715.4915,
  "t_13" : -0.26177704,
  "cx" : 515.37054,
  "t_01" : 0.32319525,
  "t_21" : -0.9460812,
  "t_22" : 0.31307054,
  "width" : 1024,
  "t_20" : 0.0831703,
  "timestamp" : 1251063175516,
  "t_23" : 0.25654516,
  "blur_score" : 72.95518,
  "height" : 768,
  "center_depth" : 1.0347382,
  "t_02" : 0.92957205,
  "cy" : 384.4807,
  "t_00" : 0.17731552,
  "t_10" : -0.98063344,
  "t_11" : -0.021800535,
  "t_03" : 0.048229955,
  "angular_velocity" : 3.4028235e+38,
  "fx" : 715.4915,
  "manual_keyframe" : false,
  "t_12" : 0.19463512
}