{
  "cy" : 385.32532,
  "cx" : 515.05853,
  "t_01" : 0.054757785,
  "center_depth" : 2.8557127,
  "t_12" : 0.4050096,
  "timestamp" : 1251109137760,
  "t_23" : -1.6836733,
  "t_20" : 0.057514783,
  "width" : 1024,
  "t_13" : -1.3551817,
  "height" : 768,
  "t_22" : 0.03444327,
  "t_10" : -0.913494,
  "t_21" : 0.99775034,
  "fy" : 714.0573,
  "t_00" : -0.40276632,
  "fx" : 714.0573,
  "t_02" : -0.91366345,
  "angular_velocity" : 3.4028235e+38,
  "blur_score" : 67.51876,
  "t_11" : 0.03867657,
  "manual_keyframe" : false,
  "t_03" : -1.4423819
}