{
  "t_01" : -0.9430232,
  "t_23" : -2.7335908,
  "angular_velocity" : 3.4028235e+38,
  "t_10" : -0.9456935,
  "t_21" : 0.32758343,
  "timestamp" : 1251153817506,
  "t_22" : -0.9009765,
  "fx" : 713.1997,
  "t_11" : 0.058280587,
  "fy" : 713.1997,
  "t_12" : 0.31979263,
  "t_02" : -0.2932137,
  "center_depth" : 3.438504,
  "cx" : 514.9607,
  "width" : 1024,
  "t_03" : -3.6214426,
  "t_00" : -0.15726818,
  "t_13" : -1.3708172,
  "t_20" : -0.2844831,
  "blur_score" : 153.12158,
  "cy" : 385.4593,
  "height" : 768,
  "manual_keyframe" : false
}