{
  "cy" : 385.32333,
  "t_00" : 0.0539391,
  "t_11" : 0.10022833,
  "t_10" : -0.9934162,
  "t_01" : 0.8364932,
  "fy" : 714.3401,
  "t_12" : 0.055484004,
  "t_22" : 0.8363921,
  "center_depth" : 1.9415265,
  "width" : 1024,
  "height" : 768,
  "t_02" : -0.5453163,
  "timestamp" : 1251112901327,
  "t_03" : 0.3337946,
  "fx" : 714.3401,
  "t_23" : -2.403494,
  "manual_keyframe" : false,
  "angular_velocity" : 3.4028235e+38,
  "cx" : 515.0013,
  "t_13" : -1.2467573,
  "t_20" : 0.10106813,
  "blur_score" : 102.531975,
  "t_21" : 0.53873324
}