{
  "t_01" : 0.44103828,
  "fy" : 714.44965,
  "t_12" : -0.0821167,
  "width" : 1024,
  "t_20" : 0.021864796,
  "height" : 768,
  "timestamp" : 1251273588015,
  "manual_keyframe" : false,
  "t_02" : -0.89161474,
  "t_11" : 0.06514182,
  "fx" : 714.44965,
  "t_21" : 0.8951211,
  "blur_score" : 57.399742,
  "t_23" : -7.569298,
  "t_13" : -1.2067921,
  "t_10" : -0.9944915,
  "t_00" : 0.102511175,
  "t_22" : 0.4452866,
  "cx" : 515.26807,
  "angular_velocity" : 3.4028235e+38,
  "t_03" : -0.22524118,
  "center_depth" : 3.0362082,
  "cy" : 385.18286
}