{
  "blur_score" : 50.957905,
  "center_depth" : 1.8819677,
  "timestamp" : 1251296912649,
  "manual_keyframe" : false,
  "t_12" : -0.17471634,
  "angular_velocity" : 3.4028235e+38,
  "t_01" : -0.93834823,
  "t_03" : -4.689344,
  "t_11" : 0.004551508,
  "t_20" : 0.16239908,
  "height" : 768,
  "t_13" : -1.1918732,
  "fx" : 715.73926,
  "fy" : 715.73926,
  "width" : 1024,
  "cx" : 514.6759,
  "t_23" : -11.741763,
  "t_02" : 0.339602,
  "t_00" : -0.06459921,
  "t_10" : -0.9846083,
  "cy" : 384.9414,
  "t_21" : -0.34566152,
  "t_22" : -0.9241994
}