{
  "height" : 768,
  "t_00" : -0.12701774,
  "t_22" : -0.9178334,
  "t_01" : -0.9672087,
  "t_11" : 0.048634212,
  "t_12" : 0.3304664,
  "t_02" : -0.21994032,
  "t_10" : -0.94256383,
  "cx" : 515.29297,
  "blur_score" : 36.337627,
  "width" : 1024,
  "t_03" : -5.0464983,
  "timestamp" : 1251290148509,
  "t_20" : -0.30893338,
  "t_13" : -1.3535801,
  "t_21" : 0.24928287,
  "fy" : 714.1669,
  "fx" : 714.1669,
  "t_23" : -11.875444,
  "angular_velocity" : 3.4028235e+38,
  "cy" : 385.1398,
  "center_depth" : 2.5484939,
  "manual_keyframe" : false
}