{
  "fx" : 717.1496,
  "t_00" : 0.1273631,
  "t_10" : -0.963467,
  "center_depth" : 0.9086242,
  "timestamp" : 1251174666806,
  "t_12" : -0.262555,
  "cx" : 515.1008,
  "t_23" : 2.9751816,
  "manual_keyframe" : false,
  "t_03" : -1.9846464,
  "cy" : 384.87268,
  "t_21" : 0.63351846,
  "fy" : 717.1496,
  "blur_score" : 113.27994,
  "t_01" : -0.7719185,
  "t_22" : -0.73698324,
  "t_20" : 0.23560536,
  "t_11" : 0.052878216,
  "angular_velocity" : 3.4028235e+38,
  "width" : 1024,
  "t_02" : -0.6228326,
  "height" : 768,
  "t_13" : -1.213641
}