{
  "cy" : 385.16953,
  "t_02" : 0.947119,
  "fy" : 711.9863,
  "t_03" : -0.3978188,
  "t_01" : 0.32080427,
  "t_12" : -0.0066331374,
  "center_depth" : 5.3767576,
  "width" : 1024,
  "t_00" : 0.0070904745,
  "blur_score" : 335.29068,
  "fx" : 711.9863,
  "t_22" : 0.3208141,
  "t_20" : -0.041590307,
  "t_13" : -1.2363124,
  "t_11" : 0.041665692,
  "cx" : 515.085,
  "angular_velocity" : 3.4028235e+38,
  "t_21" : -0.9462287,
  "manual_keyframe" : false,
  "t_23" : -3.8952634,
  "timestamp" : 1251123142887,
  "height" : 768,
  "t_10" : -0.99910957
}