{
  "cy" : 385.27597,
  "t_00" : -0.18390945,
  "t_11" : 0.06725702,
  "t_10" : -0.9813423,
  "t_01" : -0.055130232,
  "t_12" : 0.18012123,
  "fy" : 713.4999,
  "t_22" : -0.06647086,
  "center_depth" : 2.6897004,
  "width" : 1024,
  "height" : 768,
  "t_02" : -0.981396,
  "timestamp" : 1251160595203,
  "t_03" : -3.9906676,
  "fx" : 713.4999,
  "t_23" : 1.2877083,
  "manual_keyframe" : false,
  "angular_velocity" : 3.4028235e+38,
  "cx" : 515.0571,
  "t_13" : -1.3158579,
  "t_20" : 0.056075636,
  "blur_score" : 144.31958,
  "t_21" : 0.9962114
}