{
  "t_21" : 0.9990396,
  "blur_score" : 25.573484,
  "t_01" : 0.042916644,
  "t_02" : -0.98698413,
  "timestamp" : 1251072001622,
  "t_03" : 0.31157967,
  "cy" : 385.4358,
  "cx" : 515.4673,
  "fy" : 717.98505,
  "t_22" : 0.041023772,
  "t_23" : -1.7075652,
  "angular_velocity" : 3.4028235e+38,
  "t_10" : -0.98779684,
  "t_11" : 0.00883392,
  "t_20" : 0.015392352,
  "width" : 1024,
  "manual_keyframe" : false,
  "t_00" : -0.15498544,
  "t_13" : -0.049140252,
  "t_12" : 0.1554972,
  "fx" : 717.98505,
  "height" : 768,
  "center_depth" : 0.26671937
}