{
  "t_11" : 0.08236513,
  "t_21" : 0.76282144,
  "t_02" : -0.74366933,
  "t_00" : -0.18877655,
  "cx" : 515.2234,
  "cy" : 385.15515,
  "t_10" : -0.98059773,
  "t_13" : -1.2908579,
  "t_20" : -0.05283445,
  "t_23" : -3.6877236,
  "angular_velocity" : 3.4028235e+38,
  "height" : 768,
  "fy" : 712.647,
  "t_03" : -5.2441945,
  "t_22" : -0.644447,
  "blur_score" : 128.32294,
  "width" : 1024,
  "t_01" : -0.64134187,
  "center_depth" : 3.7760181,
  "timestamp" : 1251151685944,
  "manual_keyframe" : false,
  "fx" : 712.647,
  "t_12" : 0.17788775
}