{
  "t_21" : 0.5173256,
  "blur_score" : 60.603264,
  "t_01" : -0.8524476,
  "t_02" : -0.5046011,
  "timestamp" : 1251144641788,
  "fy" : 712.01807,
  "t_03" : -4.7474117,
  "cy" : 385.06912,
  "cx" : 515.06384,
  "t_22" : -0.85192555,
  "t_23" : -5.167591,
  "angular_velocity" : 3.4028235e+38,
  "t_11" : 0.07554774,
  "t_10" : -0.98726475,
  "t_20" : -0.08122357,
  "width" : 1024,
  "manual_keyframe" : false,
  "t_00" : -0.13678806,
  "t_13" : -1.2161576,
  "t_12" : 0.14000279,
  "fx" : 712.01807,
  "height" : 768,
  "center_depth" : 4.561262
}