{
  "fy" : 713.50146,
  "t_01" : 0.5953343,
  "t_00" : 0.28090355,
  "t_21" : -0.8017471,
  "blur_score" : 28.513918,
  "fx" : 713.50146,
  "t_11" : 0.052713353,
  "t_22" : 0.57950103,
  "cy" : 385.13043,
  "center_depth" : 4.3136024,
  "timestamp" : 1251090869465,
  "t_10" : -0.94853204,
  "cx" : 514.8371,
  "t_02" : 0.75277513,
  "t_20" : 0.14621966,
  "angular_velocity" : 3.4028235e+38,
  "t_12" : 0.3122632,
  "t_13" : -1.3318882,
  "width" : 1024,
  "t_23" : 3.3557503,
  "height" : 768,
  "manual_keyframe" : false,
  "t_03" : -0.87174976
}