{
  "cx" : 514.7704,
  "t_20" : 0.13261487,
  "width" : 1024,
  "t_11" : -0.017872758,
  "manual_keyframe" : false,
  "t_22" : -0.991106,
  "height" : 768,
  "fx" : 711.7639,
  "blur_score" : 55.831398,
  "fy" : 711.7639,
  "timestamp" : 1251136914853,
  "t_23" : -6.142012,
  "t_10" : -0.99103445,
  "t_00" : 0.016249968,
  "t_12" : -0.13240592,
  "cy" : 385.02737,
  "t_02" : 0.013326692,
  "t_13" : -1.1672604,
  "t_03" : -1.9158854,
  "t_01" : -0.9997792,
  "t_21" : -0.011055643,
  "angular_velocity" : 3.4028235e+38,
  "center_depth" : 4.2186174
}