{
  "t_22" : -0.23629098,
  "angular_velocity" : 3.4028235e+38,
  "fy" : 717.3862,
  "cx" : 514.96906,
  "t_00" : 0.042198718,
  "t_02" : 0.9701357,
  "t_20" : -0.058071453,
  "timestamp" : 1251089603839,
  "height" : 768,
  "blur_score" : 43.31014,
  "t_01" : -0.23886381,
  "center_depth" : 1.1286567,
  "t_21" : -0.96994543,
  "t_23" : 3.1112971,
  "width" : 1024,
  "t_13" : -1.2597013,
  "manual_keyframe" : false,
  "cy" : 385.40866,
  "fx" : 717.3862,
  "t_10" : -0.9974201,
  "t_12" : 0.054801628,
  "t_11" : 0.04636602,
  "t_03" : -0.6259924
}