{
  "center_depth" : 0.28826356,
  "timestamp" : 1251071901704,
  "t_00" : -0.13186495,
  "cy" : 385.42447,
  "fx" : 715.14526,
  "t_20" : 0.038126394,
  "t_01" : 0.033058736,
  "cx" : 515.47144,
  "t_13" : -0.10458104,
  "blur_score" : 27.974953,
  "height" : 768,
  "t_11" : 0.03404643,
  "t_10" : -0.9905342,
  "width" : 1024,
  "t_22" : 0.028256256,
  "manual_keyframe" : false,
  "t_02" : -0.9907164,
  "t_03" : 0.3371881,
  "t_12" : 0.13297679,
  "t_21" : 0.9988734,
  "fy" : 715.14526,
  "t_23" : -1.730128,
  "angular_velocity" : 3.4028235e+38
}