{
  "t_13" : -0.02707982,
  "t_00" : 0.24728726,
  "t_22" : 0.71471804,
  "width" : 1024,
  "fx" : 716.2412,
  "angular_velocity" : 3.4028235e+38,
  "blur_score" : 40.544453,
  "height" : 768,
  "cx" : 514.66003,
  "timestamp" : 1251092701291,
  "cy" : 385.09366,
  "t_11" : 0.049957145,
  "t_01" : 0.74136615,
  "t_03" : 0.027026653,
  "t_10" : -0.947392,
  "t_20" : 0.20321804,
  "fy" : 716.2412,
  "t_21" : -0.6692388,
  "t_23" : 0.009654045,
  "t_02" : 0.62387925,
  "center_depth" : 2.5947342,
  "t_12" : 0.3161532,
  "manual_keyframe" : false
}