{
  "t_13" : -1.2037294,
  "t_00" : -0.16906217,
  "t_22" : 0.39583445,
  "width" : 1024,
  "fx" : 715.0738,
  "angular_velocity" : 3.4028235e+38,
  "blur_score" : 104.532745,
  "height" : 768,
  "cx" : 514.39056,
  "timestamp" : 1251163559402,
  "t_11" : 0.020932026,
  "cy" : 385.33267,
  "t_01" : 0.40721908,
  "t_03" : -3.5649593,
  "t_10" : -0.98073304,
  "t_20" : -0.09788083,
  "fy" : 715.0738,
  "t_21" : -0.9130907,
  "t_23" : 2.1880007,
  "t_02" : 0.897547,
  "center_depth" : 3.2096527,
  "t_12" : -0.19422802,
  "manual_keyframe" : false
}