{
  "t_21" : -0.87525594,
  "blur_score" : 64.67464,
  "t_01" : 0.48098063,
  "t_02" : 0.70200264,
  "timestamp" : 1251096131801,
  "fy" : 712.88684,
  "cy" : 384.97034,
  "cx" : 514.8797,
  "t_03" : -0.08643144,
  "t_22" : 0.41921335,
  "t_23" : -0.18097115,
  "angular_velocity" : 3.4028235e+38,
  "t_10" : -0.8160655,
  "t_11" : 0.05083949,
  "t_20" : 0.2412203,
  "width" : 1024,
  "manual_keyframe" : false,
  "t_00" : 0.52521414,
  "t_13" : -0.14149451,
  "t_12" : 0.57571906,
  "fx" : 712.88684,
  "height" : 768,
  "center_depth" : 3.4905787
}