{
  "height" : 768,
  "t_00" : -0.00044121858,
  "t_22" : 0.55761236,
  "t_01" : 0.55761355,
  "t_11" : 0.0010574695,
  "t_02" : -0.83010054,
  "t_12" : 0.0012418707,
  "cx" : 515.0751,
  "t_10" : -0.9999986,
  "blur_score" : 51.21726,
  "width" : 1024,
  "t_03" : -4.9533567,
  "timestamp" : 1251285650187,
  "t_20" : 0.0015702898,
  "t_13" : -1.2365597,
  "t_21" : 0.83010006,
  "fy" : 714.57666,
  "fx" : 714.57666,
  "t_23" : -11.485614,
  "angular_velocity" : 3.4028235e+38,
  "cy" : 385.31903,
  "center_depth" : 2.1020725,
  "manual_keyframe" : false
}