{
  "t_13" : -1.3165748,
  "t_00" : 0.10092675,
  "t_22" : -0.72360283,
  "width" : 1024,
  "fx" : 715.3231,
  "angular_velocity" : 3.4028235e+38,
  "blur_score" : 39.700516,
  "height" : 768,
  "cx" : 515.2337,
  "timestamp" : 1251263258527,
  "t_11" : 0.0047132457,
  "cy" : 384.95612,
  "t_01" : -0.7327514,
  "t_03" : 4.3669415,
  "t_10" : -0.98816395,
  "t_20" : -0.11552382,
  "fy" : 715.3231,
  "t_21" : -0.6804802,
  "t_23" : -7.0558367,
  "t_02" : 0.67297053,
  "center_depth" : 1.6455187,
  "t_12" : 0.1533289,
  "manual_keyframe" : false
}