{
  "blur_score" : 121.76448,
  "t_00" : -0.22281872,
  "manual_keyframe" : false,
  "fy" : 714.88635,
  "t_02" : -0.3356686,
  "t_10" : -0.87903357,
  "t_11" : -0.039758906,
  "angular_velocity" : 3.4028235e+38,
  "width" : 1024,
  "height" : 768,
  "t_03" : -2.1392102,
  "t_13" : -1.3625793,
  "cx" : 515.12915,
  "t_01" : 0.91524774,
  "t_12" : 0.47509918,
  "t_23" : 3.1027513,
  "cy" : 384.4008,
  "fx" : 714.88635,
  "timestamp" : 1251177914091,
  "t_21" : 0.40092495,
  "center_depth" : 2.1557245,
  "t_22" : 0.8133925,
  "t_20" : 0.42148766
}