{
  "t_13" : -1.3967648,
  "t_21" : 0.9702476,
  "t_11" : 0.012521903,
  "cy" : 385.38397,
  "t_00" : -0.46914473,
  "width" : 1024,
  "timestamp" : 1251108788048,
  "manual_keyframe" : false,
  "t_20" : -0.10559772,
  "cx" : 515.135,
  "t_01" : -0.24179097,
  "center_depth" : 2.5012717,
  "t_10" : -0.8767852,
  "t_03" : -1.6266472,
  "t_12" : 0.4807191,
  "t_23" : -1.8187207,
  "blur_score" : 68.975395,
  "fy" : 714.8308,
  "t_02" : -0.84937656,
  "t_22" : -0.21787335,
  "fx" : 714.8308,
  "angular_velocity" : 3.4028235e+38,
  "height" : 768
}