{
  "t_13" : 0.1461021,
  "t_00" : -0.12209923,
  "t_22" : -0.7478978,
  "width" : 1024,
  "fx" : 715.4518,
  "angular_velocity" : 3.4028235e+38,
  "blur_score" : 46.48129,
  "height" : 768,
  "cx" : 515.48315,
  "timestamp" : 1251081360611,
  "t_11" : 0.010552882,
  "cy" : 384.40643,
  "t_01" : -0.7583876,
  "t_03" : 0.15848184,
  "t_10" : -0.9844693,
  "t_20" : 0.12614274,
  "fy" : 715.4518,
  "t_21" : -0.65171844,
  "t_23" : 1.7722203,
  "t_02" : 0.64026564,
  "center_depth" : 1.5141668,
  "t_12" : -0.17523941,
  "manual_keyframe" : false
}