{
  "cy" : 385.17188,
  "t_00" : 0.09439152,
  "t_11" : 0.010444276,
  "t_10" : -0.99459165,
  "t_01" : -0.32417765,
  "t_12" : -0.10333515,
  "fy" : 712.9011,
  "t_22" : -0.32143858,
  "center_depth" : 2.0027387,
  "width" : 1024,
  "height" : 768,
  "t_02" : -0.9412752,
  "timestamp" : 1251106939570,
  "t_03" : -1.5209934,
  "fx" : 712.9011,
  "t_23" : -1.6875749,
  "manual_keyframe" : false,
  "angular_velocity" : 3.4028235e+38,
  "cx" : 515.2138,
  "t_13" : -1.1457514,
  "t_20" : 0.043329887,
  "blur_score" : 56.54747,
  "t_21" : 0.9459384
}