{
  "t_02" : 0.45847982,
  "cx" : 515.03156,
  "blur_score" : 45.911415,
  "center_depth" : 5.2816257,
  "cy" : 384.8368,
  "height" : 768,
  "t_01" : -0.88838893,
  "t_03" : 0.59731364,
  "timestamp" : 1251242766144,
  "fy" : 712.34686,
  "manual_keyframe" : false,
  "t_20" : 0.17417742,
  "t_23" : -7.469583,
  "t_22" : -0.87315416,
  "width" : 1024,
  "fx" : 712.34686,
  "t_12" : -0.16552383,
  "t_10" : -0.9844292,
  "t_13" : -1.2079548,
  "t_21" : -0.45526272,
  "t_11" : -0.059169184,
  "t_00" : -0.023692992,
  "angular_velocity" : 3.4028235e+38
}