{
  "t_22" : 0.40240264,
  "angular_velocity" : 3.4028235e+38,
  "fy" : 718.6076,
  "cx" : 513.96454,
  "t_02" : 0.72495615,
  "t_00" : 0.5101383,
  "t_20" : 0.23165515,
  "timestamp" : 1251257394042,
  "height" : 768,
  "blur_score" : 38.99493,
  "t_01" : 0.46281487,
  "center_depth" : 1.3178706,
  "t_21" : -0.8856681,
  "t_23" : -7.93031,
  "width" : 1024,
  "t_13" : -1.4898443,
  "manual_keyframe" : false,
  "cy" : 385.2134,
  "fx" : 718.6076,
  "t_10" : -0.8283084,
  "t_03" : 4.4072857,
  "t_11" : 0.037341144,
  "t_12" : 0.55902666
}