{
  "t_11" : 0.054369923,
  "t_13" : -0.9983242,
  "angular_velocity" : 3.4028235e+38,
  "t_23" : -10.62372,
  "t_20" : 0.15264136,
  "t_21" : -0.6230264,
  "blur_score" : 65.35436,
  "timestamp" : 1251313839655,
  "manual_keyframe" : false,
  "fx" : 716.92096,
  "width" : 1024,
  "t_12" : -0.23714475,
  "t_22" : -0.76716274,
  "height" : 768,
  "t_03" : -1.5017912,
  "t_01" : -0.78030896,
  "fy" : 716.92096,
  "t_00" : -0.18945801,
  "cy" : 385.10257,
  "t_10" : -0.9699516,
  "cx" : 515.0842,
  "t_02" : 0.5960064,
  "center_depth" : 1.3990964
}