{
  "manual_keyframe" : false,
  "t_20" : -0.09773082,
  "timestamp" : 1251214110157,
  "t_01" : 0.26385283,
  "t_10" : -0.99433357,
  "t_12" : 0.014316346,
  "cy" : 385.54138,
  "fx" : 714.0002,
  "t_13" : -1.2357271,
  "t_00" : 0.041826405,
  "height" : 768,
  "t_11" : 0.10533662,
  "t_23" : -4.4762573,
  "blur_score" : 56.232265,
  "width" : 1024,
  "fy" : 714.0002,
  "angular_velocity" : 3.4028235e+38,
  "t_21" : -0.95879406,
  "t_22" : 0.26676363,
  "center_depth" : 2.0356824,
  "cx" : 515.0532,
  "t_03" : 2.1440887,
  "t_02" : 0.96365565
}