{
  "t_21" : -0.098591276,
  "blur_score" : 62.38486,
  "t_01" : 0.9951262,
  "t_02" : 0.09721524,
  "timestamp" : 1251066755919,
  "t_03" : 0.41024518,
  "cy" : 384.6021,
  "cx" : 515.0223,
  "fy" : 716.8272,
  "t_22" : 0.9775848,
  "t_23" : -0.55844194,
  "angular_velocity" : 3.4028235e+38,
  "t_10" : -0.98240465,
  "t_11" : -0.0019281273,
  "t_20" : 0.18603201,
  "width" : 1024,
  "manual_keyframe" : false,
  "t_00" : 0.016527487,
  "t_13" : -0.24933212,
  "t_12" : 0.18675476,
  "fx" : 716.8272,
  "height" : 768,
  "center_depth" : 2.2434275
}