{
  "t_01" : -0.9209859,
  "t_12" : 0.26545903,
  "fy" : 712.62476,
  "width" : 1024,
  "t_20" : -0.2477065,
  "height" : 768,
  "timestamp" : 1251330733349,
  "manual_keyframe" : false,
  "t_02" : 0.37762737,
  "t_11" : 0.008533625,
  "fx" : 712.62476,
  "t_21" : -0.3895028,
  "blur_score" : 63.30118,
  "t_23" : -7.4061337,
  "t_13" : -1.3170931,
  "t_10" : -0.96408445,
  "t_00" : 0.09582692,
  "t_22" : -0.8870904,
  "cx" : 515.062,
  "angular_velocity" : 3.4028235e+38,
  "t_03" : -0.9701692,
  "center_depth" : 3.4769971,
  "cy" : 385.2251
}