{
  "cy" : 384.9647,
  "t_23" : -8.724485,
  "angular_velocity" : 3.4028235e+38,
  "height" : 768,
  "t_11" : 0.03488773,
  "t_03" : 1.8114421,
  "t_13" : -1.1252799,
  "t_20" : 0.1516221,
  "center_depth" : 2.8096693,
  "manual_keyframe" : false,
  "fy" : 712.8821,
  "t_10" : -0.94970566,
  "t_02" : 0.7718381,
  "t_01" : -0.5737562,
  "t_21" : -0.81828284,
  "t_22" : -0.5544583,
  "blur_score" : 65.054695,
  "width" : 1024,
  "t_00" : -0.2739889,
  "t_12" : -0.3111945,
  "cx" : 515.1172,
  "fx" : 712.8821,
  "timestamp" : 1251234036055
}