{
  "t_02" : -0.93207145,
  "cx" : 515.0958,
  "blur_score" : 51.80686,
  "center_depth" : 3.7062397,
  "cy" : 385.24893,
  "height" : 768,
  "t_01" : -0.29629406,
  "t_03" : 1.0191464,
  "timestamp" : 1251245231895,
  "fy" : 713.91125,
  "manual_keyframe" : false,
  "t_20" : -0.048949447,
  "t_23" : -6.9421906,
  "t_22" : -0.29262695,
  "width" : 1024,
  "fx" : 713.91125,
  "t_12" : 0.2135708,
  "t_10" : -0.9768066,
  "t_13" : -1.3367922,
  "t_21" : 0.95497304,
  "t_11" : 0.015374701,
  "t_00" : -0.2084534,
  "angular_velocity" : 3.4028235e+38
}