{
  "t_13" : -1.1734822,
  "t_21" : 0.9897033,
  "t_11" : 0.024138534,
  "cy" : 385.24872,
  "t_00" : 0.22283345,
  "width" : 1024,
  "timestamp" : 1251114017074,
  "manual_keyframe" : false,
  "t_20" : 0.05550338,
  "cx" : 515.15594,
  "t_01" : -0.1410849,
  "center_depth" : 1.7311378,
  "t_10" : -0.97327524,
  "t_03" : 0.55407983,
  "t_12" : -0.22836965,
  "t_23" : -2.785944,
  "blur_score" : 79.034424,
  "fy" : 714.38293,
  "t_02" : -0.9645934,
  "t_22" : -0.13193558,
  "fx" : 714.38293,
  "angular_velocity" : 3.4028235e+38,
  "height" : 768
}