{
  "t_13" : -1.2126675,
  "t_21" : 0.85553414,
  "cy" : 385.18982,
  "t_00" : 0.12242192,
  "t_11" : 0.0678,
  "width" : 1024,
  "timestamp" : 1251113417568,
  "manual_keyframe" : false,
  "t_20" : 0.0052030482,
  "cx" : 515.10535,
  "t_01" : 0.5132881,
  "center_depth" : 1.6818588,
  "t_10" : -0.9924645,
  "t_12" : -0.10206547,
  "t_03" : 0.43823278,
  "t_23" : -2.5961576,
  "blur_score" : 93.78958,
  "t_02" : -0.84944004,
  "fy" : 714.3496,
  "t_22" : 0.5177204,
  "fx" : 714.3496,
  "angular_velocity" : 3.4028235e+38,
  "height" : 768
}