{
  "t_12" : 0.2665357,
  "t_21" : -0.21040633,
  "t_02" : 0.19734554,
  "t_00" : 0.07595681,
  "cx" : 515.0446,
  "t_10" : -0.96359473,
  "cy" : 385.5112,
  "t_13" : -1.361315,
  "t_20" : -0.25635076,
  "t_23" : -3.9718533,
  "angular_velocity" : 3.4028235e+38,
  "height" : 768,
  "fy" : 714.9022,
  "t_03" : -5.3311186,
  "t_22" : -0.9434054,
  "blur_score" : 38.035744,
  "width" : 1024,
  "t_01" : -0.9773871,
  "center_depth" : 1.5118151,
  "timestamp" : 1251148138888,
  "manual_keyframe" : false,
  "fx" : 714.9022,
  "t_11" : -0.02106837
}