{
  "t_03" : -0.5083963,
  "t_22" : 0.75138116,
  "t_23" : 0.05634772,
  "t_21" : 0.65986836,
  "height" : 768,
  "timestamp" : 1251050735687,
  "cx" : 514.724,
  "cy" : 384.7232,
  "t_00" : 0.026225304,
  "t_01" : 0.75112975,
  "manual_keyframe" : false,
  "t_12" : -0.017606294,
  "fx" : 714.0796,
  "fy" : 714.0796,
  "t_11" : 0.019440824,
  "width" : 1024,
  "angular_velocity" : 3.4028235e+38,
  "blur_score" : 77.05705,
  "t_13" : 0.17149064,
  "center_depth" : 2.1124709,
  "t_02" : -0.65963364,
  "t_20" : -0.00040078716,
  "t_10" : -0.99965596
}