{
  "cy" : 385.34927,
  "t_01" : -0.9078199,
  "cx" : 515.1238,
  "center_depth" : 2.1212575,
  "t_12" : 0.39205372,
  "timestamp" : 1251262625429,
  "t_23" : -7.314816,
  "t_20" : -0.36136824,
  "width" : 1024,
  "t_13" : -1.4147215,
  "height" : 768,
  "t_22" : -0.8329136,
  "t_10" : -0.9198363,
  "t_21" : -0.4191276,
  "fx" : 715.22144,
  "fy" : 715.22144,
  "t_00" : 0.1526896,
  "t_02" : 0.390575,
  "angular_velocity" : 3.4028235e+38,
  "blur_score" : 41.67733,
  "t_11" : 0.0139641315,
  "manual_keyframe" : false,
  "t_03" : 4.5288773
}