{
  "height" : 768,
  "t_00" : -0.13422479,
  "t_22" : -0.93268114,
  "t_12" : -0.31915787,
  "t_11" : 0.07492262,
  "t_02" : 0.16806033,
  "t_01" : -0.97659594,
  "cx" : 514.7385,
  "t_10" : -0.94473535,
  "blur_score" : 60.278503,
  "width" : 1024,
  "t_03" : -1.5533874,
  "timestamp" : 1251313306521,
  "t_20" : 0.29909676,
  "t_13" : -0.9965122,
  "t_21" : -0.20161144,
  "fy" : 716.9542,
  "fx" : 716.9542,
  "t_23" : -10.545267,
  "angular_velocity" : 3.4028235e+38,
  "cy" : 385.47092,
  "center_depth" : 1.3951521,
  "manual_keyframe" : false
}