{
  "cy" : 385.41705,
  "t_01" : -0.51241946,
  "cx" : 515.09,
  "center_depth" : 4.7284136,
  "t_12" : 0.25170442,
  "timestamp" : 1251127006368,
  "t_23" : -5.7592773,
  "t_20" : -0.16509223,
  "width" : 1024,
  "t_13" : -1.3287165,
  "height" : 768,
  "t_22" : -0.4870142,
  "t_10" : -0.9668403,
  "t_21" : -0.85764897,
  "fy" : 713.70154,
  "fx" : 713.70154,
  "t_00" : 0.19484423,
  "t_02" : 0.8363385,
  "angular_velocity" : 3.4028235e+38,
  "blur_score" : 88.88346,
  "t_11" : 0.043181095,
  "manual_keyframe" : false,
  "t_03" : -1.2393739
}