{
  "manual_keyframe" : false,
  "t_20" : 0.06879606,
  "timestamp" : 1251074799328,
  "t_01" : 0.25649634,
  "t_10" : -0.98363304,
  "t_12" : 0.17855735,
  "cy" : 384.8999,
  "fx" : 714.57666,
  "t_13" : 0.012768734,
  "t_00" : -0.16653302,
  "height" : 768,
  "t_11" : 0.024153953,
  "t_23" : -0.053465452,
  "blur_score" : 114.447334,
  "width" : 1024,
  "fy" : 714.57666,
  "angular_velocity" : 3.4028235e+38,
  "t_21" : 0.9662433,
  "t_22" : 0.2482758,
  "center_depth" : 1.8761015,
  "cx" : 515.2678,
  "t_03" : 0.006687183,
  "t_02" : -0.95209056
}