{
  "t_21" : -0.8001375,
  "blur_score" : 203.02536,
  "t_01" : 0.5981039,
  "t_02" : 0.7655484,
  "timestamp" : 1251164108945,
  "fy" : 712.7407,
  "cy" : 384.9705,
  "cx" : 515.04706,
  "t_03" : -3.6598608,
  "t_22" : 0.553699,
  "t_23" : 2.255248,
  "angular_velocity" : 3.4028235e+38,
  "t_10" : -0.94371337,
  "t_11" : -0.045298714,
  "t_20" : 0.23064582,
  "width" : 1024,
  "manual_keyframe" : false,
  "t_00" : 0.23708153,
  "t_13" : -1.380126,
  "t_12" : 0.32764792,
  "fx" : 712.7407,
  "height" : 768,
  "center_depth" : 3.5215268
}