{
  "cy" : 385.1545,
  "t_00" : 0.1532788,
  "t_11" : 0.03298358,
  "t_10" : -0.9830575,
  "t_01" : -0.39150184,
  "t_12" : 0.1803055,
  "fy" : 712.10547,
  "t_22" : -0.3798131,
  "center_depth" : 4.0423527,
  "width" : 1024,
  "height" : 768,
  "t_02" : 0.9073214,
  "timestamp" : 1251141860758,
  "t_03" : -3.2749598,
  "fx" : 712.10547,
  "t_23" : -4.5554037,
  "manual_keyframe" : false,
  "angular_velocity" : 3.4028235e+38,
  "cx" : 514.9063,
  "t_13" : -1.2662027,
  "t_20" : -0.10051664,
  "blur_score" : 64.40405,
  "t_21" : -0.9195861
}