{
  "cx" : 515.0835,
  "t_20" : 0.015233323,
  "width" : 1024,
  "t_11" : -0.0089424085,
  "manual_keyframe" : false,
  "t_22" : 0.4843073,
  "height" : 768,
  "fx" : 713.476,
  "blur_score" : 260.3403,
  "fy" : 713.476,
  "timestamp" : 1251166423683,
  "t_23" : 1.4321289,
  "t_10" : -0.99882793,
  "t_00" : -0.045942526,
  "t_12" : 0.047568932,
  "cy" : 385.0139,
  "t_02" : -0.8736039,
  "t_13" : -1.2659438,
  "t_03" : -3.5940006,
  "t_01" : 0.48446432,
  "t_21" : 0.8747654,
  "angular_velocity" : 3.4028235e+38,
  "center_depth" : 2.3007662
}