{
  "t_22" : 0.74567074,
  "angular_velocity" : 3.4028235e+38,
  "t_10" : -0.95308125,
  "fx" : 716.00134,
  "t_11" : -0.03362651,
  "t_00" : 0.15986228,
  "cy" : 384.84286,
  "t_03" : 0.07979394,
  "t_02" : 0.59453326,
  "t_12" : 0.30084115,
  "t_13" : -0.09992017,
  "t_21" : -0.6147317,
  "t_23" : 0.4257986,
  "width" : 1024,
  "height" : 768,
  "fy" : 716.00134,
  "t_01" : 0.78801924,
  "t_20" : 0.25706065,
  "center_depth" : 1.2392404,
  "blur_score" : 75.50219,
  "manual_keyframe" : false,
  "timestamp" : 1251064024821,
  "cx" : 515.4071
}