{
  "cx" : 514.9661,
  "t_20" : 0.59998876,
  "width" : 1024,
  "t_11" : -0.018066088,
  "manual_keyframe" : false,
  "t_22" : 0.79554445,
  "height" : 768,
  "fx" : 713.1886,
  "blur_score" : 173.32831,
  "fy" : 713.1886,
  "timestamp" : 1251164924932,
  "t_23" : 2.0741053,
  "t_10" : -0.799183,
  "t_00" : 0.036333997,
  "t_12" : 0.6008163,
  "cy" : 385.1759,
  "t_02" : 0.07828714,
  "t_13" : -1.4909712,
  "t_03" : -3.5292833,
  "t_01" : 0.9962685,
  "t_21" : -0.08439578,
  "angular_velocity" : 3.4028235e+38,
  "center_depth" : 2.1549747
}