{
  "cy" : 384.93243,
  "t_00" : -0.46444646,
  "t_02" : -0.7055987,
  "t_03" : -4.848219,
  "cx" : 514.9354,
  "t_12" : 0.50553256,
  "t_20" : -0.21473382,
  "blur_score" : 57.065155,
  "height" : 768,
  "timestamp" : 1251290814927,
  "manual_keyframe" : false,
  "t_21" : 0.8410244,
  "fx" : 715.60425,
  "t_22" : -0.49655548,
  "t_13" : -1.4163653,
  "t_11" : 0.07910751,
  "t_01" : -0.5351822,
  "fy" : 715.60425,
  "width" : 1024,
  "angular_velocity" : 3.4028235e+38,
  "center_depth" : 1.3245957,
  "t_10" : -0.85917336,
  "t_23" : -11.888301
}