{
  "t_03" : 2.5863729,
  "cy" : 384.93774,
  "t_13" : -1.4806731,
  "t_02" : -0.29224575,
  "t_01" : 0.9222683,
  "fx" : 722.26373,
  "t_21" : 0.38651776,
  "t_22" : 0.70571154,
  "angular_velocity" : 3.4028235e+38,
  "center_depth" : 0.95396787,
  "manual_keyframe" : false,
  "t_12" : 0.64541745,
  "t_00" : -0.2530091,
  "t_10" : -0.7638135,
  "fy" : 722.26373,
  "timestamp" : 1251211311208,
  "t_23" : -4.3544135,
  "blur_score" : 71.05703,
  "cx" : 514.81976,
  "t_11" : -0.005021626,
  "height" : 768,
  "width" : 1024,
  "t_20" : 0.59378046
}