{
  "t_23" : -2.9157915,
  "fx" : 712.59937,
  "t_00" : -0.07539645,
  "t_03" : 0.87669164,
  "t_20" : -0.024414612,
  "t_02" : 0.8967156,
  "t_01" : -0.43613836,
  "t_21" : -0.89819825,
  "t_13" : -1.2119427,
  "t_11" : 0.05498539,
  "angular_velocity" : 3.4028235e+38,
  "t_10" : -0.9968547,
  "blur_score" : 71.681496,
  "t_12" : -0.057072815,
  "height" : 768,
  "manual_keyframe" : false,
  "center_depth" : 4.383092,
  "width" : 1024,
  "t_22" : -0.43891224,
  "timestamp" : 1251118280229,
  "cx" : 515.2171,
  "cy" : 385.09106,
  "fy" : 712.59937
}