{
  "t_22" : 0.6395007,
  "angular_velocity" : 3.4028235e+38,
  "t_02" : -0.6185545,
  "t_21" : 0.6764105,
  "t_03" : -2.4656625,
  "t_23" : -9.162638,
  "timestamp" : 1251302377273,
  "t_20" : 0.3653873,
  "t_00" : -0.27794114,
  "cy" : 385.17703,
  "center_depth" : 2.600563,
  "fy" : 714.8689,
  "cx" : 514.67114,
  "width" : 1024,
  "t_10" : -0.88839227,
  "t_13" : -1.408159,
  "height" : 768,
  "t_01" : 0.7349416,
  "blur_score" : 78.723915,
  "manual_keyframe" : false,
  "t_11" : 0.04826841,
  "t_12" : 0.4565406,
  "fx" : 714.8689
}