{
  "fy" : 712.3341,
  "t_13" : -1.1865816,
  "cx" : 515.135,
  "t_01" : 0.08327657,
  "t_21" : -0.9934815,
  "t_22" : 0.07477804,
  "width" : 1024,
  "t_20" : -0.08604002,
  "timestamp" : 1251127905627,
  "t_23" : -6.2023363,
  "blur_score" : 148.52177,
  "height" : 768,
  "center_depth" : 4.029037,
  "t_02" : 0.99151236,
  "cy" : 385.1876,
  "t_00" : -0.09984184,
  "t_10" : -0.99127626,
  "t_11" : 0.07784376,
  "t_03" : -1.3321579,
  "angular_velocity" : 3.4028235e+38,
  "fx" : 712.3341,
  "manual_keyframe" : false,
  "t_12" : -0.10635614
}