{
  "cx" : 514.2339,
  "t_20" : 0.5104364,
  "width" : 1024,
  "t_11" : 0.058560517,
  "manual_keyframe" : false,
  "t_22" : 0.7291042,
  "height" : 768,
  "fx" : 715.7663,
  "blur_score" : 39.770428,
  "fy" : 715.7663,
  "timestamp" : 1251254795008,
  "t_23" : -6.550833,
  "t_10" : -0.83462733,
  "t_00" : -0.20700683,
  "t_12" : 0.5476932,
  "cy" : 385.16623,
  "t_02" : -0.41041365,
  "t_13" : -1.4717896,
  "t_03" : 4.1637945,
  "t_01" : 0.8880928,
  "t_21" : 0.45591873,
  "angular_velocity" : 3.4028235e+38,
  "center_depth" : 1.9128633
}