{
  "cx" : 515.16846,
  "t_01" : -0.38976955,
  "fx" : 713.7905,
  "t_23" : 0.9803688,
  "cy" : 385.02753,
  "angular_velocity" : 3.4028235e+38,
  "t_11" : 0.040093765,
  "t_21" : 0.9200392,
  "width" : 1024,
  "timestamp" : 1251167739253,
  "t_10" : -0.9223442,
  "t_00" : -0.36856186,
  "fy" : 713.7905,
  "manual_keyframe" : false,
  "t_13" : -1.4184276,
  "blur_score" : 115.661514,
  "t_02" : -0.8439442,
  "t_03" : -3.0167778,
  "t_12" : 0.3842832,
  "center_depth" : 2.3073013,
  "height" : 768,
  "t_20" : -0.11594502,
  "t_22" : -0.37427878
}