{
  "t_02" : 0.39420095,
  "cx" : 514.7295,
  "blur_score" : 94.77266,
  "center_depth" : 1.3544748,
  "cy" : 384.8799,
  "height" : 768,
  "t_01" : 0.8975351,
  "t_03" : -3.521941,
  "timestamp" : 1251162576887,
  "fy" : 715.7996,
  "manual_keyframe" : false,
  "t_20" : -0.49990174,
  "t_23" : 1.9537292,
  "t_22" : 0.7470701,
  "width" : 1024,
  "fx" : 715.7996,
  "t_12" : -0.5352496,
  "t_13" : -1.1295009,
  "t_10" : -0.8432448,
  "t_21" : -0.43816072,
  "t_11" : 0.049458217,
  "t_00" : -0.19757657,
  "angular_velocity" : 3.4028235e+38
}