{
  "cx" : 514.66077,
  "t_20" : 0.63347536,
  "width" : 1024,
  "t_11" : 0.011392587,
  "manual_keyframe" : false,
  "t_22" : 0.5139012,
  "height" : 768,
  "fx" : 720.27203,
  "blur_score" : 18.56896,
  "fy" : 720.27203,
  "timestamp" : 1251248763916,
  "t_23" : -6.780103,
  "t_10" : -0.6362161,
  "t_00" : -0.44038394,
  "t_12" : 0.7714268,
  "cy" : 384.75488,
  "t_02" : -0.37524173,
  "t_13" : -1.595581,
  "t_03" : 1.8287234,
  "t_01" : 0.81563205,
  "t_21" : 0.5784588,
  "angular_velocity" : 3.4028235e+38,
  "center_depth" : 0.85330355
}