{
  "t_23" : -1.8468939,
  "fx" : 714.87683,
  "t_00" : -0.14362206,
  "t_03" : -1.7206326,
  "t_20" : 0.01828932,
  "t_02" : -0.8365525,
  "t_01" : -0.5287275,
  "t_21" : 0.8437537,
  "t_13" : -1.2272966,
  "t_11" : 0.09234155,
  "angular_velocity" : 3.4028235e+38,
  "t_10" : -0.98946357,
  "blur_score" : 62.919502,
  "t_12" : 0.111511566,
  "height" : 768,
  "manual_keyframe" : false,
  "center_depth" : 1.5785371,
  "width" : 1024,
  "t_22" : -0.5364189,
  "timestamp" : 1251107722259,
  "cx" : 514.9748,
  "fy" : 714.87683,
  "cy" : 385.385
}