{
  "t_12" : 0.072379544,
  "fy" : 714.6243,
  "t_01" : 0.9697727,
  "width" : 1024,
  "t_20" : 0.06685106,
  "height" : 768,
  "timestamp" : 1251272455103,
  "manual_keyframe" : false,
  "t_02" : 0.2420346,
  "t_11" : 0.01380234,
  "fx" : 714.6243,
  "t_21" : -0.24361955,
  "blur_score" : 63.461605,
  "t_23" : -7.3632784,
  "t_13" : -1.2964809,
  "t_00" : 0.030987721,
  "t_10" : -0.9972817,
  "t_22" : 0.9675642,
  "cx" : 515.06964,
  "angular_velocity" : 3.4028235e+38,
  "t_03" : 0.17431277,
  "center_depth" : 2.726347,
  "cy" : 385.32495
}