{
  "t_02" : 0.8657771,
  "cx" : 515.0251,
  "blur_score" : 62.095028,
  "center_depth" : 2.2010255,
  "cy" : 384.52655,
  "height" : 768,
  "t_01" : 0.41972426,
  "t_03" : 0.7559275,
  "timestamp" : 1251238467740,
  "fy" : 713.4538,
  "manual_keyframe" : false,
  "t_20" : -0.113992594,
  "t_23" : -7.967473,
  "t_22" : 0.40410993,
  "width" : 1024,
  "fx" : 713.4538,
  "t_12" : -0.2951701,
  "t_10" : -0.9553763,
  "t_13" : -0.95523596,
  "t_21" : -0.9075797,
  "t_11" : -0.011431868,
  "t_00" : -0.27251014,
  "angular_velocity" : 3.4028235e+38
}