{
  "t_00" : 0.01620427,
  "fy" : 712.07526,
  "fx" : 712.07526,
  "t_10" : -0.99345565,
  "t_20" : 0.113062,
  "center_depth" : 5.07353,
  "t_21" : 0.1445841,
  "t_12" : 0.10947044,
  "cx" : 515.17883,
  "width" : 1024,
  "height" : 768,
  "timestamp" : 1251192118858,
  "angular_velocity" : 3.4028235e+38,
  "cy" : 385.02603,
  "t_01" : 0.9889558,
  "t_11" : 0.03258552,
  "t_13" : -1.2812922,
  "t_23" : -4.0785217,
  "blur_score" : 84.00762,
  "t_03" : -1.6839945,
  "t_02" : -0.14732209,
  "t_22" : 0.9830119,
  "manual_keyframe" : false
}