{
  "timestamp" : 1251287816046,
  "t_22" : -0.3750742,
  "t_12" : -0.77617383,
  "t_02" : -0.5068269,
  "t_20" : 0.61658984,
  "t_00" : 0.48882023,
  "center_depth" : 1.6860147,
  "t_23" : -12.0670805,
  "manual_keyframe" : false,
  "t_11" : 0.12916048,
  "cy" : 385.57733,
  "width" : 1024,
  "height" : 768,
  "t_13" : -1.008405,
  "angular_velocity" : 3.4028235e+38,
  "t_03" : -4.9360027,
  "t_10" : -0.61714804,
  "blur_score" : 37.027847,
  "t_21" : 0.6921967,
  "fx" : 716.06006,
  "t_01" : -0.7100573,
  "cx" : 513.9821,
  "fy" : 716.06006
}