{
  "t_03" : -0.02145675,
  "t_22" : 0.4952111,
  "t_23" : 0.26920897,
  "t_21" : -0.8411032,
  "height" : 768,
  "timestamp" : 1251045606540,
  "cx" : 515.24347,
  "cy" : 384.92072,
  "t_00" : 0.24952061,
  "t_01" : 0.53841656,
  "manual_keyframe" : false,
  "t_12" : 0.3269846,
  "fx" : 715.99817,
  "fy" : 715.99817,
  "t_11" : -0.05150773,
  "width" : 1024,
  "angular_velocity" : 3.4028235e+38,
  "blur_score" : 82.82385,
  "t_13" : 0.021521121,
  "center_depth" : 1.0265167,
  "t_02" : 0.80488956,
  "t_20" : 0.21751198,
  "t_10" : -0.9436249
}