{
  "cx" : 515.21027,
  "t_20" : -0.081376426,
  "width" : 1024,
  "t_11" : 0.048866786,
  "manual_keyframe" : false,
  "t_22" : -0.92934513,
  "height" : 768,
  "fx" : 714.0494,
  "blur_score" : 70.02304,
  "fy" : 714.0494,
  "timestamp" : 1251055998054,
  "t_23" : -0.18294159,
  "t_10" : -0.9931751,
  "t_00" : -0.0835529,
  "t_12" : 0.10590205,
  "cy" : 385.14902,
  "t_02" : -0.35369816,
  "t_13" : 0.11187489,
  "t_03" : -0.25230867,
  "t_01" : -0.9316204,
  "t_21" : 0.3601326,
  "angular_velocity" : 3.4028235e+38,
  "center_depth" : 2.3578565
}