{
  "t_11" : 0.062346265,
  "cy" : 385.47202,
  "t_20" : -0.60177755,
  "angular_velocity" : 3.4028235e+38,
  "height" : 768,
  "t_12" : 0.6161465,
  "timestamp" : 1251315272453,
  "t_00" : 0.14624402,
  "t_01" : -0.94811445,
  "cx" : 515.06555,
  "t_23" : -10.647602,
  "t_03" : -1.5135947,
  "blur_score" : 87.28519,
  "center_depth" : 2.1632302,
  "manual_keyframe" : false,
  "fx" : 716.80023,
  "fy" : 716.80023,
  "t_10" : -0.7851601,
  "t_21" : -0.31175622,
  "t_22" : -0.73530394,
  "t_02" : 0.2822971,
  "t_13" : -1.4428463,
  "width" : 1024
}