{
  "cy" : 385.18915,
  "t_22" : 0.2862403,
  "t_12" : 0.32640332,
  "t_23" : -6.7509594,
  "t_20" : 0.0524067,
  "blur_score" : 83.664604,
  "t_01" : 0.28734905,
  "height" : 768,
  "t_02" : 0.9008482,
  "timestamp" : 1251270289244,
  "manual_keyframe" : false,
  "angular_velocity" : 3.4028235e+38,
  "fy" : 713.18066,
  "t_11" : 0.04594002,
  "fx" : 713.18066,
  "width" : 1024,
  "t_10" : -0.94411355,
  "t_00" : 0.32542765,
  "cx" : 515.33435,
  "t_13" : -1.3742154,
  "t_03" : 1.8543053,
  "center_depth" : 3.1803403,
  "t_21" : -0.95672363
}