{
  "height" : 768,
  "cx" : 515.58746,
  "timestamp" : 1251049087034,
  "width" : 1024,
  "fy" : 714.3591,
  "t_03" : -0.41697475,
  "t_23" : -0.04086953,
  "t_21" : 0.21947497,
  "t_22" : 0.9566385,
  "fx" : 714.3591,
  "blur_score" : 69.940605,
  "manual_keyframe" : false,
  "t_11" : 0.084993504,
  "t_13" : 0.22230981,
  "cy" : 385.25272,
  "angular_velocity" : 3.4028235e+38,
  "t_00" : 0.12833962,
  "t_12" : -0.21429124,
  "t_10" : -0.9730649,
  "center_depth" : 1.9944743,
  "t_02" : -0.19728683,
  "t_20" : -0.19150348,
  "t_01" : 0.971909
}