{
  "cy" : 385.18652,
  "cx" : 514.9548,
  "t_01" : -0.9031262,
  "center_depth" : 4.0237803,
  "t_12" : 0.36286834,
  "timestamp" : 1251145174680,
  "t_23" : -4.9796414,
  "t_20" : -0.33500752,
  "width" : 1024,
  "t_13" : -1.3351476,
  "height" : 768,
  "t_22" : -0.8388861,
  "t_10" : -0.93166703,
  "t_21" : 0.428999,
  "fx" : 711.9863,
  "fy" : 711.9863,
  "t_00" : -0.14059299,
  "t_02" : -0.4057053,
  "angular_velocity" : 3.4028235e+38,
  "blur_score" : 40.509563,
  "t_11" : -0.017972838,
  "manual_keyframe" : false,
  "t_03" : -4.623148
}