{
  "t_01" : 0.99806815,
  "fy" : 714.0573,
  "t_12" : 0.021305105,
  "width" : 1024,
  "t_20" : 0.022313487,
  "height" : 768,
  "timestamp" : 1251272754992,
  "manual_keyframe" : false,
  "t_02" : -0.0599815,
  "t_11" : 0.01749776,
  "fx" : 714.0573,
  "t_21" : 0.059613742,
  "blur_score" : 56.503345,
  "t_23" : -7.4589987,
  "t_13" : -1.2647039,
  "t_10" : -0.9996199,
  "t_00" : 0.016192202,
  "t_22" : 0.9979722,
  "cx" : 515.21625,
  "angular_velocity" : 3.4028235e+38,
  "t_03" : 0.06842172,
  "center_depth" : 3.2991116,
  "cy" : 385.33475
}