{
  "t_22" : 0.98424315,
  "angular_velocity" : 3.4028235e+38,
  "fy" : 716.8526,
  "cx" : 514.8899,
  "t_02" : -0.059495103,
  "t_00" : -0.017526785,
  "t_20" : 0.1657503,
  "timestamp" : 1251066889143,
  "height" : 768,
  "blur_score" : 57.550117,
  "t_01" : 0.99807477,
  "center_depth" : 2.4098127,
  "t_21" : 0.0615813,
  "t_23" : -0.5467889,
  "width" : 1024,
  "t_13" : -0.2980075,
  "manual_keyframe" : false,
  "cy" : 384.6604,
  "fx" : 716.8526,
  "t_10" : -0.986012,
  "t_03" : 0.37765372,
  "t_11" : -0.0073892884,
  "t_12" : 0.16651051
}