{
  "t_23" : 0.00063705444,
  "fx" : 712.8884,
  "t_00" : 0.2657861,
  "t_03" : -0.018740714,
  "t_20" : 0.059475135,
  "t_02" : 0.8620639,
  "t_01" : 0.43151334,
  "t_21" : -0.8998636,
  "t_11" : 0.06357412,
  "t_13" : 0.010377169,
  "angular_velocity" : 3.4028235e+38,
  "t_10" : -0.9621957,
  "blur_score" : 46.148266,
  "t_12" : 0.26483557,
  "height" : 768,
  "manual_keyframe" : false,
  "center_depth" : 2.958789,
  "width" : 1024,
  "t_22" : 0.43209746,
  "timestamp" : 1251096931143,
  "cx" : 514.7992,
  "cy" : 385.0389,
  "fy" : 712.8884
}