{
  "t_11" : -0.015007952,
  "t_13" : -1.410717,
  "t_23" : -7.0689354,
  "t_12" : 0.42732176,
  "height" : 768,
  "t_01" : -0.63240266,
  "t_03" : 0.72627497,
  "t_20" : -0.2808101,
  "angular_velocity" : 3.4028235e+38,
  "t_10" : -0.90397507,
  "fy" : 719.34924,
  "blur_score" : 29.445988,
  "t_02" : -0.70433813,
  "timestamp" : 1251244432192,
  "cy" : 384.74377,
  "cx" : 515.0371,
  "center_depth" : 1.4855572,
  "t_21" : 0.77449447,
  "width" : 1024,
  "manual_keyframe" : false,
  "t_22" : -0.5668369,
  "t_00" : -0.32245126,
  "fx" : 719.34924
}