{
  "cx" : 514.57684,
  "t_20" : 0.5470037,
  "width" : 1024,
  "t_11" : 0.100290984,
  "manual_keyframe" : false,
  "t_22" : 0.82195306,
  "height" : 768,
  "fx" : 717.39734,
  "blur_score" : 32.779434,
  "fy" : 717.39734,
  "timestamp" : 1251255894600,
  "t_23" : -7.2355313,
  "t_10" : -0.81926495,
  "t_00" : 0.17202355,
  "t_12" : 0.5645767,
  "cy" : 385.20068,
  "t_02" : 0.07514445,
  "t_13" : -1.4521565,
  "t_03" : 4.555382,
  "t_01" : 0.98222274,
  "t_21" : -0.15868367,
  "angular_velocity" : 3.4028235e+38,
  "center_depth" : 1.3188733
}