{
  "blur_score" : 53.747265,
  "t_00" : -0.36424538,
  "manual_keyframe" : false,
  "fy" : 714.8991,
  "t_02" : -0.79991055,
  "t_10" : -0.9134395,
  "t_11" : -0.015537244,
  "angular_velocity" : 3.4028235e+38,
  "width" : 1024,
  "height" : 768,
  "t_13" : -1.3714789,
  "t_03" : -0.5154403,
  "cx" : 515.1133,
  "t_01" : 0.47693658,
  "t_12" : 0.4066778,
  "t_23" : -8.954746,
  "fx" : 714.8991,
  "cy" : 384.82782,
  "timestamp" : 1251227105301,
  "t_21" : 0.8788004,
  "center_depth" : 1.7376626,
  "t_22" : 0.44131207,
  "t_20" : 0.18153112
}