{
  "t_22" : 0.005591147,
  "angular_velocity" : 3.4028235e+38,
  "fy" : 716.5906,
  "cx" : 515.1006,
  "t_02" : -0.9848868,
  "t_00" : -0.17150731,
  "t_20" : 0.1078569,
  "timestamp" : 1251071202277,
  "height" : 768,
  "blur_score" : 34.268726,
  "t_01" : 0.024146158,
  "center_depth" : 1.9685932,
  "t_21" : 0.9941507,
  "t_23" : -1.8312639,
  "width" : 1024,
  "t_13" : -0.2681951,
  "manual_keyframe" : false,
  "cy" : 385.394,
  "fx" : 716.5906,
  "t_10" : -0.9792609,
  "t_03" : 0.35721815,
  "t_12" : 0.17310844,
  "t_11" : 0.10526792
}