{
  "t_00" : -0.19900572,
  "t_10" : -0.97850287,
  "fx" : 713.7651,
  "fy" : 713.7651,
  "t_20" : -0.054118305,
  "center_depth" : 4.761328,
  "t_21" : 0.886994,
  "t_12" : 0.20139177,
  "cx" : 515.0695,
  "width" : 1024,
  "height" : 768,
  "timestamp" : 1251203780715,
  "angular_velocity" : 3.4028235e+38,
  "cy" : 385.06622,
  "t_01" : -0.45963934,
  "t_11" : 0.044423234,
  "t_13" : -1.2974141,
  "t_23" : -6.1894536,
  "blur_score" : 71.38364,
  "t_02" : -0.8655221,
  "t_03" : -0.82922673,
  "t_22" : -0.45859897,
  "manual_keyframe" : false
}