{
  "center_depth" : 2.1674252,
  "timestamp" : 1251053133729,
  "t_00" : 0.0008800535,
  "fx" : 713.7381,
  "cy" : 384.9471,
  "t_20" : 0.05060406,
  "t_01" : 0.0037108758,
  "cx" : 514.99176,
  "t_13" : 0.122163795,
  "blur_score" : 94.46574,
  "height" : 768,
  "t_11" : 0.050606992,
  "t_10" : -0.9987184,
  "width" : 1024,
  "t_22" : 0.0037506348,
  "manual_keyframe" : false,
  "t_02" : -0.99999285,
  "t_03" : -0.33710998,
  "t_12" : -0.0006911343,
  "t_21" : 0.99871176,
  "fy" : 713.7381,
  "t_23" : 0.01787392,
  "angular_velocity" : 3.4028235e+38
}