{
  "height" : 768,
  "t_00" : 0.0379519,
  "t_22" : 0.4070961,
  "t_01" : 0.40650246,
  "t_11" : 0.02380776,
  "t_02" : -0.91286105,
  "t_12" : -0.030941235,
  "t_10" : -0.99923754,
  "cx" : 515.1144,
  "blur_score" : 48.86353,
  "width" : 1024,
  "t_03" : -4.926398,
  "timestamp" : 1251285883433,
  "t_20" : 0.0091554895,
  "t_13" : -1.2220818,
  "t_21" : 0.91333944,
  "fy" : 714.32104,
  "fx" : 714.32104,
  "t_23" : -11.602077,
  "angular_velocity" : 3.4028235e+38,
  "cy" : 385.18033,
  "center_depth" : 2.1848733,
  "manual_keyframe" : false
}