{
  "t_12" : 0.13961561,
  "t_21" : 0.9738054,
  "t_00" : -0.14557266,
  "height" : 768,
  "t_13" : -1.2953577,
  "angular_velocity" : 3.4028235e+38,
  "blur_score" : 82.06671,
  "cx" : 515.1338,
  "t_02" : -0.9637928,
  "manual_keyframe" : false,
  "center_depth" : 3.349157,
  "width" : 1024,
  "t_23" : -5.7177777,
  "t_11" : 0.042319763,
  "cy" : 384.9627,
  "t_22" : -0.2271807,
  "timestamp" : 1251205146865,
  "fy" : 713.0488,
  "t_01" : -0.22341034,
  "t_10" : -0.989301,
  "t_03" : -0.32613528,
  "t_20" : 0.009595912,
  "fx" : 713.0488
}