{
  "t_21" : -0.3403329,
  "t_01" : -0.9385495,
  "cx" : 515.0806,
  "angular_velocity" : 3.4028235e+38,
  "t_23" : -4.4354467,
  "t_22" : -0.9387409,
  "t_20" : -0.054214876,
  "fy" : 713.4268,
  "fx" : 713.4268,
  "t_11" : 0.057431135,
  "t_03" : -5.028115,
  "t_12" : 0.03679708,
  "manual_keyframe" : false,
  "t_00" : -0.0413897,
  "t_10" : -0.9976711,
  "blur_score" : 53.752884,
  "width" : 1024,
  "t_02" : 0.34265387,
  "t_13" : -1.2186576,
  "center_depth" : 1.8041408,
  "height" : 768,
  "cy" : 385.07956,
  "timestamp" : 1251147339551
}