{
  "t_21" : 0.99955225,
  "blur_score" : 28.137466,
  "t_02" : -0.9835608,
  "t_01" : 0.029565223,
  "timestamp" : 1251072051581,
  "fy" : 719.713,
  "cy" : 385.38647,
  "cx" : 515.5148,
  "t_03" : 0.29891792,
  "t_22" : 0.02826908,
  "t_23" : -1.6950111,
  "angular_velocity" : 3.4028235e+38,
  "t_11" : 0.004613076,
  "t_10" : -0.9839561,
  "t_20" : 0.009810226,
  "width" : 1024,
  "manual_keyframe" : false,
  "t_00" : -0.17814082,
  "t_13" : -0.021300398,
  "t_12" : 0.17835109,
  "fx" : 719.713,
  "height" : 768,
  "center_depth" : 0.23021713
}