{
  "t_03" : -1.9718053,
  "t_00" : 0.23691234,
  "blur_score" : 84.89857,
  "cy" : 384.85315,
  "width" : 1024,
  "fy" : 718.8267,
  "angular_velocity" : 3.4028235e+38,
  "timestamp" : 1251175482790,
  "height" : 768,
  "t_12" : -0.22729921,
  "cx" : 514.97595,
  "manual_keyframe" : false,
  "fx" : 718.8267,
  "t_20" : 0.014116581,
  "t_11" : 0.06827738,
  "t_10" : -0.97142845,
  "t_02" : -0.9458254,
  "t_13" : -1.1633182,
  "t_21" : 0.97265166,
  "t_23" : 3.1503415,
  "t_22" : 0.23183918,
  "center_depth" : 1.5432209,
  "t_01" : 0.2220065
}