{
  "t_01" : -0.8398325,
  "t_23" : -1.542199,
  "angular_velocity" : 3.4028235e+38,
  "t_10" : -0.95978796,
  "t_21" : -0.5417218,
  "timestamp" : 1251156098944,
  "t_22" : -0.8017701,
  "fx" : 712.0784,
  "t_11" : 0.034913935,
  "t_12" : 0.2785464,
  "fy" : 712.0784,
  "t_02" : 0.5287502,
  "center_depth" : 4.163711,
  "cx" : 515.1877,
  "width" : 1024,
  "t_03" : -2.965089,
  "t_00" : 0.12290172,
  "t_13" : -1.3601354,
  "t_20" : -0.25239304,
  "blur_score" : 206.48671,
  "cy" : 385.4764,
  "height" : 768,
  "manual_keyframe" : false
}