{
  "t_13" : -1.3127714,
  "t_21" : 0.7544792,
  "t_11" : -0.02380424,
  "t_00" : -0.25031555,
  "cy" : 384.8925,
  "width" : 1024,
  "timestamp" : 1251104874604,
  "manual_keyframe" : false,
  "t_20" : 0.18764013,
  "cx" : 515.2258,
  "t_01" : 0.6558922,
  "center_depth" : 3.6771414,
  "t_10" : -0.949807,
  "t_12" : 0.31192958,
  "t_03" : -1.8264638,
  "t_23" : -1.1280191,
  "blur_score" : 82.49824,
  "fy" : 713.1791,
  "t_02" : -0.712143,
  "t_22" : 0.62892956,
  "fx" : 713.1791,
  "angular_velocity" : 3.4028235e+38,
  "height" : 768
}