{
  "fy" : 712.87415,
  "angular_velocity" : 3.4028235e+38,
  "t_00" : 0.05855679,
  "blur_score" : 47.058,
  "height" : 768,
  "manual_keyframe" : false,
  "width" : 1024,
  "fx" : 712.87415,
  "t_11" : 0.064237386,
  "t_13" : 0.0771,
  "cy" : 385.20905,
  "cx" : 515.0465,
  "t_22" : 0.47629625,
  "t_23" : 0.0023790707,
  "t_02" : 0.8787083,
  "center_depth" : 2.4606576,
  "t_10" : -0.9974267,
  "t_01" : 0.47375378,
  "t_21" : -0.8783113,
  "t_20" : -0.041364133,
  "timestamp" : 1251097713833,
  "t_12" : 0.031834677,
  "t_03" : -0.31144524
}