{
  "cy" : 385.47537,
  "t_00" : -0.099234246,
  "t_11" : 0.08142684,
  "t_10" : -0.99249697,
  "t_01" : -0.10063581,
  "fy" : 712.0164,
  "t_12" : -0.0912108,
  "t_22" : -0.10796104,
  "center_depth" : 4.0587225,
  "width" : 1024,
  "height" : 768,
  "t_02" : 0.9899622,
  "timestamp" : 1251141294560,
  "t_03" : -2.7791507,
  "fx" : 712.0164,
  "t_23" : -4.422512,
  "manual_keyframe" : false,
  "angular_velocity" : 3.4028235e+38,
  "cx" : 515.06274,
  "t_13" : -1.1727009,
  "t_20" : -0.071430415,
  "blur_score" : 251.42772,
  "t_21" : -0.99158573
}