{
  "t_02" : 0.7562173,
  "cx" : 515.08435,
  "blur_score" : 110.29811,
  "center_depth" : 3.2043464,
  "cy" : 385.05124,
  "height" : 768,
  "t_01" : -0.5538831,
  "t_03" : -1.3583463,
  "timestamp" : 1251126490127,
  "fy" : 713.4634,
  "manual_keyframe" : false,
  "t_20" : -0.219613,
  "t_23" : -5.480117,
  "t_22" : -0.50860566,
  "width" : 1024,
  "fx" : 713.4634,
  "t_12" : 0.4116496,
  "t_13" : -1.4071268,
  "t_10" : -0.9112745,
  "t_21" : -0.8325204,
  "t_11" : -0.011098351,
  "t_00" : 0.34835145,
  "angular_velocity" : 3.4028235e+38
}