{
  "t_03" : -0.31608164,
  "t_22" : 0.9110223,
  "t_23" : -0.11662032,
  "t_21" : 0.39451593,
  "height" : 768,
  "timestamp" : 1251048753972,
  "cx" : 515.3177,
  "cy" : 385.01205,
  "t_00" : 0.015832175,
  "t_01" : 0.9167742,
  "manual_keyframe" : false,
  "t_12" : 0.103749014,
  "fx" : 714.84033,
  "fy" : 714.84033,
  "t_11" : 0.062306717,
  "width" : 1024,
  "angular_velocity" : 3.4028235e+38,
  "blur_score" : 76.15515,
  "t_13" : 0.12997955,
  "center_depth" : 2.4119024,
  "t_02" : -0.39909187,
  "t_20" : 0.119980544,
  "t_10" : -0.9926499
}