{
  "t_01" : -0.99110675,
  "t_00" : -0.022441324,
  "blur_score" : 39.71868,
  "cy" : 385.35403,
  "width" : 1024,
  "fy" : 713.7953,
  "angular_velocity" : 3.4028235e+38,
  "timestamp" : 1251078829355,
  "height" : 768,
  "t_12" : -0.18626627,
  "cx" : 515.2011,
  "manual_keyframe" : false,
  "fx" : 713.7953,
  "t_20" : 0.18492511,
  "t_11" : -0.0024042823,
  "t_10" : -0.9824963,
  "t_02" : 0.13116395,
  "t_13" : 0.10981314,
  "t_21" : -0.13304819,
  "t_23" : 1.1941385,
  "t_22" : -0.97370476,
  "center_depth" : 1.8006688,
  "t_03" : 0.31007746
}