{
  "t_22" : -0.6148425,
  "angular_velocity" : 3.4028235e+38,
  "fy" : 712.3405,
  "cx" : 515.2567,
  "t_00" : 0.22008766,
  "t_02" : 0.7344842,
  "t_20" : -0.18456231,
  "timestamp" : 1251138280389,
  "height" : 768,
  "blur_score" : 95.78735,
  "t_01" : -0.64194584,
  "center_depth" : 4.5230427,
  "t_21" : -0.7667499,
  "t_23" : -5.412963,
  "width" : 1024,
  "t_13" : -1.3554754,
  "manual_keyframe" : false,
  "cy" : 385.0129,
  "fx" : 712.3405,
  "t_10" : -0.95786124,
  "t_03" : -1.5006163,
  "t_11" : 0.00023885728,
  "t_12" : 0.2872312
}