{
  "width" : 1024,
  "t_13" : -1.4097259,
  "t_23" : 2.2423816,
  "timestamp" : 1251180328737,
  "height" : 768,
  "cy" : 385.13843,
  "manual_keyframe" : false,
  "t_00" : -0.35548598,
  "t_12" : 0.53938526,
  "t_10" : -0.84200937,
  "t_02" : -0.54201573,
  "angular_velocity" : 3.4028235e+38,
  "t_11" : -0.009149616,
  "t_03" : -1.2026422,
  "fx" : 715.2183,
  "t_20" : 0.40577075,
  "t_21" : 0.64812624,
  "t_01" : 0.761478,
  "center_depth" : 1.8379352,
  "t_22" : 0.64442426,
  "fy" : 715.2183,
  "cx" : 514.9587,
  "blur_score" : 73.978134
}