{
  "t_13" : -1.4066533,
  "t_21" : -0.41258442,
  "t_11" : 0.085393846,
  "cy" : 385.3323,
  "t_00" : 0.076268055,
  "width" : 1024,
  "timestamp" : 1251132035552,
  "manual_keyframe" : false,
  "t_20" : -0.36008847,
  "cx" : 515.12573,
  "t_01" : -0.90690786,
  "center_depth" : 1.9397812,
  "t_10" : -0.9297953,
  "t_12" : 0.35803407,
  "t_03" : -4.042128,
  "t_23" : -7.3754106,
  "blur_score" : 92.89055,
  "fy" : 715.2279,
  "t_02" : 0.41436848,
  "t_22" : -0.83672583,
  "fx" : 715.2279,
  "angular_velocity" : 3.4028235e+38,
  "height" : 768
}