{
  "t_13" : -1.1162528,
  "manual_keyframe" : false,
  "fx" : 714.348,
  "cy" : 384.98148,
  "t_01" : -0.901377,
  "t_03" : -4.4957576,
  "t_23" : -11.946237,
  "fy" : 714.348,
  "t_02" : 0.40432107,
  "cx" : 515.1555,
  "t_21" : -0.4329241,
  "t_10" : -0.92613953,
  "t_22" : -0.8332798,
  "angular_velocity" : 3.4028235e+38,
  "t_00" : -0.15506117,
  "blur_score" : 34.36247,
  "center_depth" : 2.237026,
  "width" : 1024,
  "t_12" : -0.37705344,
  "height" : 768,
  "t_11" : -0.009809826,
  "timestamp" : 1251296346194,
  "t_20" : 0.34383363
}