{
  "fy" : 716.03625,
  "cx" : 514.8768,
  "t_13" : 0.04612472,
  "t_01" : -0.41736743,
  "t_21" : -0.90844405,
  "t_22" : -0.37692928,
  "width" : 1024,
  "t_20" : -0.18070368,
  "timestamp" : 1251061060581,
  "t_23" : 0.3258778,
  "blur_score" : 69.042114,
  "height" : 768,
  "center_depth" : 1.2153665,
  "t_02" : 0.8418167,
  "cy" : 384.99393,
  "t_00" : 0.34227076,
  "t_10" : -0.9220612,
  "t_11" : 0.023107495,
  "t_03" : 0.19015828,
  "angular_velocity" : 3.4028235e+38,
  "fx" : 716.03625,
  "manual_keyframe" : false,
  "t_12" : 0.38635364
}