{
  "t_00" : 0.12797101,
  "fx" : 707.13904,
  "t_20" : -0.23838077,
  "width" : 1024,
  "t_13" : -0.066490956,
  "t_03" : 2.9767895,
  "t_02" : 0.4084798,
  "blur_score" : 2402.4468,
  "height" : 768,
  "t_10" : -0.96270347,
  "center_depth" : 5.329207,
  "t_21" : -0.42782083,
  "fy" : 707.13904,
  "t_01" : -0.90375185,
  "angular_velocity" : 3.4028235e+38,
  "timestamp" : 239586695652,
  "manual_keyframe" : false,
  "cy" : 387.48972,
  "cx" : 514.5458,
  "t_11" : -0.014199368,
  "t_22" : -0.87186223,
  "t_23" : -1.636446,
  "t_12" : 0.27018577
}