{
  "t_10" : -0.9515725,
  "t_03" : 2.716218,
  "t_20" : 0.2655448,
  "angular_velocity" : 3.4028235e+38,
  "blur_score" : 6795.668,
  "t_12" : 0.3073468,
  "t_11" : 0.0069180573,
  "cx" : 514.5425,
  "center_depth" : 4.3251343,
  "manual_keyframe" : false,
  "width" : 1024,
  "t_21" : -0.48525888,
  "cy" : 387.32217,
  "t_01" : 0.87434316,
  "height" : 768,
  "t_23" : -1.4982958,
  "timestamp" : 239579409288,
  "t_00" : 0.154906,
  "fx" : 706.18933,
  "t_02" : 0.459922,
  "t_13" : -0.11196862,
  "t_22" : 0.83307254,
  "fy" : 706.18933
}