{
  "manual_keyframe" : false,
  "t_22" : -0.9461863,
  "t_02" : 0.26196074,
  "width" : 1024,
  "t_00" : 0.07302303,
  "height" : 768,
  "t_03" : 3.013639,
  "t_12" : 0.19002187,
  "fy" : 706.49426,
  "t_10" : -0.98151624,
  "t_11" : -0.022752527,
  "t_21" : -0.2709946,
  "t_23" : -1.6179544,
  "cy" : 387.12994,
  "t_01" : -0.9623119,
  "t_20" : -0.17690004,
  "t_13" : -0.05058991,
  "blur_score" : 2231.7092,
  "fx" : 706.49426,
  "cx" : 514.56866,
  "angular_velocity" : 3.4028235e+38,
  "timestamp" : 239585945340,
  "center_depth" : 3.8553066
}