{
  "manual_keyframe" : false,
  "t_22" : 0.9087942,
  "t_02" : -0.012960467,
  "width" : 1024,
  "t_00" : -0.013033003,
  "height" : 768,
  "t_03" : 2.6396487,
  "t_12" : 0.41704336,
  "fy" : 706.796,
  "t_10" : -0.9088638,
  "t_11" : -0.006441237,
  "t_21" : 0.017214613,
  "t_23" : -0.9516494,
  "cy" : 387.3055,
  "t_01" : 0.9998311,
  "t_20" : 0.41688943,
  "t_13" : -0.1427437,
  "blur_score" : 7107.3643,
  "cx" : 514.39307,
  "fx" : 706.796,
  "angular_velocity" : 3.4028235e+38,
  "timestamp" : 239577541845,
  "center_depth" : 3.3391278
}