{
  "t_03" : 0.12252857,
  "height" : 768,
  "t_21" : 0.73337847,
  "manual_keyframe" : false,
  "width" : 1024,
  "t_10" : -0.9116665,
  "blur_score" : 3948.7068,
  "t_01" : 0.6798034,
  "t_22" : 0.61831045,
  "t_02" : -0.66996366,
  "center_depth" : 3.7170196,
  "angular_velocity" : 3.4028235e+38,
  "t_11" : 0.004837937,
  "t_13" : 0.0060553984,
  "cy" : 387.51526,
  "t_00" : -0.29835564,
  "t_12" : 0.41090244,
  "fx" : 706.55615,
  "timestamp" : 239567537684,
  "t_23" : 0.16355498,
  "fy" : 706.55615,
  "t_20" : 0.2825741,
  "cx" : 514.3873
}