{
  "blur_score" : 2177.9045,
  "fy" : 706.2608,
  "t_21" : -0.41467857,
  "t_00" : 0.10997229,
  "fx" : 706.2608,
  "angular_velocity" : 3.4028235e+38,
  "t_23" : -1.6545395,
  "t_03" : 2.9666576,
  "cy" : 387.15427,
  "cx" : 514.636,
  "manual_keyframe" : false,
  "width" : 1024,
  "t_01" : -0.9083461,
  "height" : 768,
  "t_22" : -0.9031039,
  "center_depth" : 6.9650664,
  "t_13" : -0.04166648,
  "t_20" : -0.11155619,
  "t_11" : -0.05430335,
  "t_10" : -0.98765445,
  "t_12" : 0.14693478,
  "t_02" : 0.40350127,
  "timestamp" : 239585395111
}