{
  "t_10" : -0.9604057,
  "t_03" : 1.5737813,
  "t_20" : 0.16789281,
  "angular_velocity" : 3.4028235e+38,
  "blur_score" : 2317.8428,
  "t_12" : 0.27858546,
  "cx" : 514.49066,
  "t_11" : 0.0033077532,
  "center_depth" : 3.8605726,
  "manual_keyframe" : false,
  "width" : 1024,
  "t_21" : 0.80484384,
  "t_01" : 0.59347725,
  "cy" : 387.33984,
  "height" : 768,
  "t_23" : 0.06747832,
  "timestamp" : 239572989955,
  "fx" : 706.85004,
  "t_00" : -0.2223349,
  "t_02" : -0.77353203,
  "t_13" : -0.035297427,
  "t_22" : 0.5692436,
  "fy" : 706.85004
}