{
  "t_20" : -0.047442198,
  "t_21" : -0.91692424,
  "t_10" : -0.97975457,
  "fy" : 706.5292,
  "fx" : 706.5292,
  "t_23" : -1.8287623,
  "t_22" : -0.39623094,
  "angular_velocity" : 3.4028235e+38,
  "blur_score" : 2114.7153,
  "center_depth" : 4.0056887,
  "width" : 1024,
  "timestamp" : 239588062887,
  "cx" : 514.5395,
  "t_03" : 2.8785923,
  "t_13" : -0.049269803,
  "manual_keyframe" : false,
  "t_00" : 0.19449967,
  "cy" : 387.22858,
  "t_01" : -0.39756483,
  "t_11" : -0.03452429,
  "height" : 768,
  "t_02" : 0.89672285,
  "t_12" : 0.19720285
}