{
  "t_03" : 0.17079748,
  "height" : 768,
  "t_21" : 0.81154084,
  "manual_keyframe" : false,
  "width" : 1024,
  "t_10" : -0.91562355,
  "blur_score" : 3603.2212,
  "t_01" : 0.58429354,
  "t_22" : 0.5355057,
  "t_02" : -0.7426995,
  "center_depth" : 3.777633,
  "angular_velocity" : 3.4028235e+38,
  "fx" : 706.5419,
  "t_11" : -0.0015675402,
  "cy" : 387.45676,
  "t_12" : 0.40203384,
  "t_13" : 0.009816992,
  "t_00" : -0.3271063,
  "timestamp" : 239567904503,
  "t_23" : 0.19941042,
  "fy" : 706.5419,
  "t_20" : 0.23374158,
  "cx" : 514.4436
}