{
  "manual_keyframe" : false,
  "t_22" : 0.7932161,
  "t_02" : 0.5747131,
  "width" : 1024,
  "t_00" : 0.12550284,
  "height" : 768,
  "t_03" : 2.7783535,
  "t_12" : 0.20127894,
  "fy" : 706.256,
  "t_10" : -0.97949296,
  "t_11" : 0.008967164,
  "t_21" : -0.5881884,
  "t_23" : -2.228277,
  "t_01" : 0.80867416,
  "cy" : 387.32083,
  "t_20" : 0.15761551,
  "t_13" : -0.06842085,
  "blur_score" : 3348.779,
  "fx" : 706.256,
  "cx" : 514.58887,
  "angular_velocity" : 3.4028235e+38,
  "timestamp" : 239590430540,
  "center_depth" : 5.3552685
}