{
  "cx" : 514.52325,
  "fy" : 707.13904,
  "t_11" : -0.025373645,
  "t_23" : -1.6684891,
  "fx" : 707.13904,
  "t_10" : -0.9702596,
  "angular_velocity" : 3.4028235e+38,
  "t_00" : 0.15237176,
  "blur_score" : 2146.708,
  "timestamp" : 239586929082,
  "t_03" : 2.9481578,
  "t_20" : -0.18809366,
  "t_01" : -0.83676946,
  "width" : 1024,
  "t_22" : -0.8157499,
  "manual_keyframe" : false,
  "t_12" : 0.24073337,
  "cy" : 387.45016,
  "center_depth" : 6.0465984,
  "height" : 768,
  "t_13" : -0.06048321,
  "t_02" : 0.5259274,
  "t_21" : -0.5469671
}