{
  "t_13" : 0.020609826,
  "blur_score" : 2995.0664,
  "center_depth" : 4.2564363,
  "height" : 768,
  "t_12" : 0.34108022,
  "t_23" : 0.37580594,
  "cx" : 514.49115,
  "timestamp" : 239569321761,
  "t_10" : -0.9397572,
  "width" : 1024,
  "manual_keyframe" : false,
  "t_00" : -0.3307907,
  "t_22" : 0.17190124,
  "t_01" : 0.19095357,
  "angular_velocity" : 3.4028235e+38,
  "t_11" : 0.02282027,
  "fx" : 706.2465,
  "t_03" : 0.41355383,
  "t_21" : 0.9813338,
  "cy" : 387.50195,
  "fy" : 706.2465,
  "t_02" : -0.9241831,
  "t_20" : 0.086220585
}