{
  "blur_score" : 1900.2148,
  "fy" : 707.11206,
  "t_21" : -0.76571536,
  "t_00" : 0.14364786,
  "fx" : 707.11206,
  "angular_velocity" : 3.4028235e+38,
  "t_23" : -1.7513309,
  "t_03" : 2.879964,
  "cy" : 387.24582,
  "cx" : 514.6496,
  "manual_keyframe" : false,
  "width" : 1024,
  "t_01" : -0.64228684,
  "height" : 768,
  "t_22" : -0.63857293,
  "center_depth" : 6.2879753,
  "t_13" : -0.0509284,
  "t_20" : -0.07684192,
  "t_11" : -0.033876657,
  "t_10" : -0.98664117,
  "t_12" : 0.15934792,
  "t_02" : 0.75288314,
  "timestamp" : 239584194612
}