{
  "t_03" : 0.3652477,
  "height" : 768,
  "t_21" : 0.95141906,
  "manual_keyframe" : false,
  "width" : 1024,
  "t_10" : -0.93922055,
  "blur_score" : 3006.6406,
  "t_01" : 0.30599925,
  "t_22" : 0.27662417,
  "t_02" : -0.8982096,
  "center_depth" : 4.5836706,
  "angular_velocity" : 3.4028235e+38,
  "t_11" : 0.03414985,
  "t_13" : 0.023004165,
  "cy" : 387.44363,
  "t_12" : 0.3416119,
  "fx" : 706.2354,
  "t_00" : -0.31556937,
  "timestamp" : 239569004962,
  "t_23" : 0.33628476,
  "fy" : 706.2354,
  "t_20" : 0.13520673,
  "cx" : 514.43365
}