{
  "width" : 1024,
  "timestamp" : 239572756525,
  "manual_keyframe" : false,
  "fy" : 706.82623,
  "fx" : 706.82623,
  "center_depth" : 3.6457355,
  "angular_velocity" : 3.4028235e+38,
  "t_20" : 0.14706732,
  "t_23" : 0.10325771,
  "t_01" : 0.5562919,
  "cy" : 387.34225,
  "t_02" : -0.8004925,
  "t_13" : -0.036137827,
  "t_00" : -0.22305007,
  "t_03" : 1.5238928,
  "t_10" : -0.9636493,
  "height" : 768,
  "t_21" : 0.8309847,
  "t_11" : -0.0019407574,
  "cx" : 514.5955,
  "t_12" : 0.26716357,
  "t_22" : 0.53650314,
  "blur_score" : 2180.8323
}