{
  "cx" : 514.5178,
  "fy" : 706.823,
  "t_11" : -0.031098478,
  "t_23" : -1.7125458,
  "t_10" : -0.9762648,
  "fx" : 706.823,
  "angular_velocity" : 3.4028235e+38,
  "t_00" : 0.1675603,
  "blur_score" : 2014.267,
  "timestamp" : 239587212534,
  "t_03" : 2.918612,
  "t_20" : -0.13722448,
  "t_01" : -0.7354833,
  "width" : 1024,
  "t_22" : -0.72323745,
  "manual_keyframe" : false,
  "t_12" : 0.21433593,
  "cy" : 387.29108,
  "center_depth" : 6.437049,
  "height" : 768,
  "t_13" : -0.054393068,
  "t_02" : 0.65649647,
  "t_21" : -0.6768286
}