{
  "t_10" : -0.9542364,
  "t_03" : 2.7921848,
  "t_20" : 0.15013844,
  "angular_velocity" : 3.4028235e+38,
  "blur_score" : 4900.59,
  "t_12" : 0.2990481,
  "cx" : 514.4941,
  "t_11" : -0.0017478706,
  "center_depth" : 4.518935,
  "manual_keyframe" : false,
  "width" : 1024,
  "t_21" : -0.86762613,
  "cy" : 387.23755,
  "t_01" : 0.4972139,
  "height" : 768,
  "t_23" : -1.677241,
  "timestamp" : 239580609787,
  "t_00" : 0.25863343,
  "fx" : 706.2639,
  "t_13" : -0.0962149,
  "t_02" : 0.82818294,
  "t_22" : 0.47400758,
  "fy" : 706.2639
}