{
  "blur_score" : 2365.796,
  "fy" : 706.2576,
  "t_21" : -0.99670416,
  "t_00" : 0.120178275,
  "fx" : 706.2576,
  "angular_velocity" : 3.4028235e+38,
  "t_23" : -1.739667,
  "cx" : 514.5858,
  "t_03" : 2.6786997,
  "cy" : 387.22485,
  "manual_keyframe" : false,
  "width" : 1024,
  "t_01" : -0.06082282,
  "height" : 768,
  "t_22" : -0.0667676,
  "center_depth" : 3.8093777,
  "t_13" : -0.048315655,
  "t_20" : 0.04607155,
  "t_11" : -0.05367573,
  "t_10" : -0.99168265,
  "t_12" : 0.11698,
  "t_02" : 0.99088734,
  "timestamp" : 239582327168
}