{
  "blur_score" : 1933.8381,
  "fy" : 706.85486,
  "t_21" : -0.9352238,
  "t_00" : 0.11564217,
  "fx" : 706.85486,
  "angular_velocity" : 3.4028235e+38,
  "t_23" : -1.80582,
  "cy" : 387.09128,
  "t_03" : 2.8034942,
  "cx" : 514.60175,
  "manual_keyframe" : false,
  "width" : 1024,
  "t_01" : -0.35048887,
  "height" : 768,
  "t_22" : -0.35391843,
  "center_depth" : 3.3630483,
  "t_13" : -0.04105431,
  "t_20" : 0.009912003,
  "t_12" : 0.10467726,
  "t_10" : -0.99324155,
  "t_11" : -0.05014011,
  "t_02" : 0.92940015,
  "timestamp" : 239583127501
}