{
  "width" : 1024,
  "timestamp" : 239565953690,
  "manual_keyframe" : false,
  "fy" : 706.256,
  "fx" : 706.256,
  "center_depth" : 4.254072,
  "angular_velocity" : 3.4028235e+38,
  "t_20" : 0.3436103,
  "t_23" : -0.01865843,
  "t_02" : -0.277491,
  "t_01" : 0.9568008,
  "cy" : 387.45056,
  "t_13" : 0.013183955,
  "t_00" : -0.086780325,
  "t_03" : 0.11279458,
  "t_10" : -0.9350942,
  "height" : 768,
  "t_21" : 0.2901961,
  "t_11" : 0.017840862,
  "cx" : 514.48157,
  "t_12" : 0.35394993,
  "t_22" : 0.8931507,
  "blur_score" : 5154.5215
}