{
  "t_20" : 0.2346082,
  "t_21" : -0.53168464,
  "t_10" : -0.9531263,
  "fy" : 707.1327,
  "fx" : 707.1327,
  "t_23" : -4.5496655,
  "t_22" : 0.8138,
  "angular_velocity" : 3.4028235e+38,
  "blur_score" : 3466.7388,
  "center_depth" : 4.3676677,
  "width" : 1024,
  "timestamp" : 239596983267,
  "t_13" : -0.024452975,
  "t_03" : 1.0138469,
  "cx" : 514.52966,
  "manual_keyframe" : false,
  "t_00" : 0.19107373,
  "cy" : 387.28772,
  "t_01" : 0.8460559,
  "t_11" : 0.038737264,
  "height" : 768,
  "t_02" : 0.4976746,
  "t_12" : 0.30008265
}