{
  "manual_keyframe" : false,
  "t_22" : 0.8298643,
  "t_02" : 0.5524124,
  "width" : 1024,
  "t_00" : 0.060416747,
  "height" : 768,
  "t_03" : 1.2297238,
  "t_12" : 0.07852184,
  "fy" : 706.82776,
  "t_10" : -0.99670655,
  "t_11" : 0.020257115,
  "t_21" : -0.55533713,
  "t_23" : -4.3400917,
  "t_01" : 0.83137846,
  "cy" : 387.3673,
  "t_20" : 0.05409109,
  "t_13" : 0.0469096,
  "blur_score" : 2137.5242,
  "fx" : 706.82776,
  "cx" : 514.57794,
  "angular_velocity" : 3.4028235e+38,
  "timestamp" : 239596232955,
  "center_depth" : 4.684815
}