{
  "blur_score" : 1799.7965,
  "fy" : 707.15656,
  "t_21" : 0.9996653,
  "t_00" : -0.27017722,
  "fx" : 707.15656,
  "angular_velocity" : 3.4028235e+38,
  "t_23" : 0.4156118,
  "cy" : 387.44614,
  "t_03" : 0.6700484,
  "cx" : 514.54346,
  "manual_keyframe" : false,
  "width" : 1024,
  "t_01" : -0.024231762,
  "height" : 768,
  "t_22" : -0.025773909,
  "center_depth" : 2.892174,
  "t_13" : -0.0033463011,
  "t_20" : 0.0021611173,
  "t_12" : 0.27003446,
  "t_11" : 0.009043609,
  "t_10" : -0.96280813,
  "t_02" : -0.9625056,
  "timestamp" : 239570238810
}