{
  "blur_score" : 4658.167,
  "fy" : 706.2751,
  "t_21" : 0.6337796,
  "t_00" : -0.27099752,
  "fx" : 706.2751,
  "angular_velocity" : 3.4028235e+38,
  "t_23" : 0.11393511,
  "cx" : 514.4048,
  "cy" : 387.45847,
  "t_03" : 0.10236567,
  "manual_keyframe" : false,
  "width" : 1024,
  "t_01" : 0.77349627,
  "height" : 768,
  "t_22" : 0.6957069,
  "center_depth" : 3.200239,
  "t_13" : 0.0003620596,
  "t_20" : 0.3381054,
  "t_12" : 0.43327597,
  "t_10" : -0.90124637,
  "t_11" : 0.005180329,
  "t_02" : -0.5729431,
  "timestamp" : 239567154190
}