{
  "manual_keyframe" : false,
  "t_22" : 0.93254995,
  "t_02" : -0.103535764,
  "width" : 1024,
  "t_00" : -0.04364258,
  "height" : 768,
  "t_03" : 2.6117287,
  "t_12" : 0.34587717,
  "fy" : 706.8436,
  "t_10" : -0.93826556,
  "t_11" : -0.0051704217,
  "t_21" : 0.11223899,
  "t_23" : -0.78965354,
  "cy" : 387.35507,
  "t_01" : 0.9936678,
  "t_20" : 0.34315166,
  "t_13" : -0.12201204,
  "blur_score" : 6222.2285,
  "fx" : 706.8436,
  "cx" : 514.53143,
  "angular_velocity" : 3.4028235e+38,
  "timestamp" : 239577041637,
  "center_depth" : 3.9450889
}