{
  "t_10" : -0.95127887,
  "t_03" : 2.7514184,
  "t_20" : 0.22120412,
  "angular_velocity" : 3.4028235e+38,
  "blur_score" : 5819.562,
  "t_12" : 0.30778357,
  "t_11" : -0.01838115,
  "cx" : 514.448,
  "center_depth" : 4.303964,
  "manual_keyframe" : false,
  "width" : 1024,
  "t_21" : -0.73608506,
  "cy" : 387.4156,
  "t_01" : 0.6766393,
  "height" : 768,
  "t_23" : -1.6414728,
  "timestamp" : 239580209621,
  "t_00" : 0.21479602,
  "fx" : 706.26715,
  "t_02" : 0.70428824,
  "t_13" : -0.11138281,
  "t_22" : 0.63972455,
  "fy" : 706.26715
}