{
  "t_20" : 0.13564695,
  "t_21" : -0.46935937,
  "t_10" : -0.98623604,
  "fy" : 707.37256,
  "fx" : 707.37256,
  "t_23" : -4.7478313,
  "t_22" : 0.8725261,
  "angular_velocity" : 3.4028235e+38,
  "blur_score" : 2835.229,
  "center_depth" : 4.477603,
  "width" : 1024,
  "timestamp" : 239599551002,
  "t_13" : 0.052041337,
  "t_03" : 0.27779248,
  "cx" : 514.5821,
  "manual_keyframe" : false,
  "t_00" : 0.09454412,
  "cy" : 387.45425,
  "t_01" : 0.8827791,
  "t_11" : 0.020070648,
  "height" : 768,
  "t_02" : 0.46017656,
  "t_12" : 0.16412146
}