{
  "width" : 1024,
  "timestamp" : 239574040392,
  "manual_keyframe" : false,
  "fy" : 706.5197,
  "fx" : 706.5197,
  "center_depth" : 4.770155,
  "angular_velocity" : 3.4028235e+38,
  "t_20" : 0.21562144,
  "t_23" : -0.061938327,
  "t_02" : -0.54785204,
  "t_01" : 0.82560855,
  "cy" : 387.39734,
  "t_13" : -0.044272974,
  "t_00" : -0.13501348,
  "t_03" : 1.8516737,
  "t_10" : -0.9670982,
  "height" : 768,
  "t_21" : 0.56414515,
  "t_11" : 0.010519641,
  "cx" : 514.5447,
  "t_12" : 0.25418612,
  "t_22" : 0.79702425,
  "blur_score" : 2971.683
}