{
  "t_10" : -0.95699203,
  "t_03" : 2.792332,
  "t_20" : 0.092231125,
  "angular_velocity" : 3.4028235e+38,
  "blur_score" : 4297.371,
  "t_12" : 0.290062,
  "cx" : 514.46436,
  "t_11" : 0.0054984125,
  "center_depth" : 4.2877903,
  "manual_keyframe" : false,
  "width" : 1024,
  "t_21" : -0.9421833,
  "t_01" : 0.33505267,
  "cy" : 387.22168,
  "height" : 768,
  "t_23" : -1.6883196,
  "timestamp" : 239581009954,
  "fx" : 706.2417,
  "t_00" : 0.27506292,
  "t_02" : 0.9011548,
  "t_13" : -0.091984995,
  "t_22" : 0.3221552,
  "fy" : 706.2417
}