{
  "fx" : 706.5387,
  "t_13" : 0.019461824,
  "fy" : 706.5387,
  "timestamp" : 239568454732,
  "t_23" : 0.25533316,
  "angular_velocity" : 3.4028235e+38,
  "t_10" : -0.9314245,
  "t_22" : 0.43478346,
  "center_depth" : 4.430916,
  "t_03" : 0.27377146,
  "t_01" : 0.46860826,
  "t_21" : 0.8833901,
  "t_12" : 0.363896,
  "manual_keyframe" : false,
  "t_02" : -0.82373726,
  "t_11" : 0.0052943896,
  "t_00" : -0.31916028,
  "t_20" : 0.17488587,
  "height" : 768,
  "width" : 1024,
  "cx" : 514.4528,
  "cy" : 387.43454,
  "blur_score" : 3063.5527
}