{
  "width" : 1024,
  "timestamp" : 239565420133,
  "manual_keyframe" : false,
  "fy" : 706.2608,
  "fx" : 706.2608,
  "center_depth" : 4.6713862,
  "angular_velocity" : 3.4028235e+38,
  "t_20" : 0.32096168,
  "t_23" : -0.027283663,
  "t_01" : 0.99403757,
  "cy" : 387.45715,
  "t_02" : -0.106488876,
  "t_13" : 0.018654982,
  "t_00" : -0.02344015,
  "t_10" : -0.94680214,
  "t_03" : 0.06737836,
  "height" : 768,
  "t_21" : 0.10836193,
  "t_11" : 0.012124649,
  "cx" : 514.48395,
  "t_12" : 0.32158798,
  "t_22" : 0.94087267,
  "blur_score" : 5508.0605
}