{
  "manual_keyframe" : false,
  "t_22" : 0.81651235,
  "t_02" : 0.449156,
  "width" : 1024,
  "t_00" : 0.21257773,
  "height" : 768,
  "t_03" : 1.594883,
  "t_12" : 0.36272112,
  "fy" : 706.51807,
  "t_10" : -0.9310248,
  "t_11" : 0.040328324,
  "t_21" : -0.4952818,
  "t_23" : -3.759687,
  "cy" : 387.50833,
  "t_01" : 0.8677959,
  "t_20" : 0.29665416,
  "t_13" : -0.053217575,
  "blur_score" : 3531.7693,
  "fx" : 706.51807,
  "cx" : 514.394,
  "angular_velocity" : 3.4028235e+38,
  "timestamp" : 239594648962,
  "center_depth" : 3.5372465
}