{
  "manual_keyframe" : false,
  "t_22" : 0.896384,
  "t_02" : 0.38531306,
  "width" : 1024,
  "t_00" : 0.12123433,
  "height" : 768,
  "t_03" : 1.736939,
  "t_12" : 0.21915679,
  "fy" : 706.5959,
  "t_10" : -0.9749916,
  "t_11" : 0.03690309,
  "t_21" : -0.40224627,
  "t_23" : -3.4294803,
  "cy" : 387.6346,
  "t_01" : 0.9147875,
  "t_20" : 0.18626261,
  "t_13" : -0.03640143,
  "blur_score" : 3392.258,
  "cx" : 514.58203,
  "fx" : 706.5959,
  "angular_velocity" : 3.4028235e+38,
  "timestamp" : 239593881976,
  "center_depth" : 3.5127876
}