{
  "t_20" : 0.14423868,
  "t_21" : -0.37300003,
  "t_10" : -0.9869613,
  "fy" : 707.7251,
  "fx" : 707.7251,
  "t_23" : -4.709859,
  "t_22" : 0.91655135,
  "angular_velocity" : 3.4028235e+38,
  "blur_score" : 2943.517,
  "center_depth" : 4.881563,
  "width" : 1024,
  "timestamp" : 239599184183,
  "cx" : 514.56714,
  "t_03" : 0.35378173,
  "t_13" : 0.048309974,
  "manual_keyframe" : false,
  "t_00" : 0.07143245,
  "cy" : 387.60318,
  "t_01" : 0.9277453,
  "t_11" : 0.01263483,
  "height" : 768,
  "t_02" : 0.36631414,
  "t_12" : 0.16046105
}