{
  "t_03" : 0.0050133914,
  "t_10" : -0.92225367,
  "t_13" : 0.002607788,
  "t_20" : 0.38615444,
  "blur_score" : 6260.475,
  "t_23" : -0.007883862,
  "t_12" : 0.38653165,
  "center_depth" : 3.7181933,
  "t_02" : 0.026857872,
  "fy" : 706.5197,
  "cx" : 514.3909,
  "timestamp" : 239564119589,
  "t_11" : 0.0064552394,
  "width" : 1024,
  "t_01" : 0.9994726,
  "height" : 768,
  "cy" : 387.4455,
  "fx" : 706.5197,
  "manual_keyframe" : false,
  "t_00" : 0.018252306,
  "t_21" : -0.031824872,
  "t_22" : 0.921885,
  "angular_velocity" : 3.4028235e+38
}