{
  "t_13" : 0.010357569,
  "blur_score" : 2544.9194,
  "center_depth" : 2.6168816,
  "height" : 768,
  "t_12" : 0.3256979,
  "t_23" : 0.4072558,
  "cx" : 514.51044,
  "timestamp" : 239569788623,
  "t_10" : -0.9450826,
  "width" : 1024,
  "manual_keyframe" : false,
  "t_00" : -0.32436126,
  "t_22" : 0.03298748,
  "t_01" : 0.04423859,
  "angular_velocity" : 3.4028235e+38,
  "t_11" : 0.027197016,
  "fx" : 706.2655,
  "t_03" : 0.50488764,
  "t_21" : 0.9986506,
  "cy" : 387.46298,
  "fy" : 706.2655,
  "t_02" : -0.9448982,
  "t_20" : 0.04010684
}