{
  "t_20" : -0.026783437,
  "t_21" : -0.9569502,
  "t_10" : -0.9811102,
  "fy" : 706.5324,
  "fx" : 706.5324,
  "t_23" : -1.8602797,
  "t_22" : -0.28901383,
  "angular_velocity" : 3.4028235e+38,
  "blur_score" : 2289.871,
  "center_depth" : 3.2816665,
  "width" : 1024,
  "timestamp" : 239588262971,
  "cx" : 514.5647,
  "t_03" : 2.878345,
  "t_13" : -0.051128134,
  "manual_keyframe" : false,
  "t_00" : 0.19158679,
  "cy" : 387.26028,
  "t_01" : -0.28867188,
  "t_11" : -0.030246664,
  "height" : 768,
  "t_02" : 0.9380635,
  "t_12" : 0.19107065
}