{
  "t_13" : -0.020109456,
  "blur_score" : 1811.615,
  "center_depth" : 3.2438946,
  "height" : 768,
  "t_12" : 0.29053658,
  "t_23" : 0.35911292,
  "cx" : 514.54865,
  "timestamp" : 239570989123,
  "t_10" : -0.95675445,
  "width" : 1024,
  "manual_keyframe" : false,
  "t_00" : -0.28770545,
  "t_22" : 0.09194443,
  "t_01" : 0.100453235,
  "angular_velocity" : 3.4028235e+38,
  "t_11" : 0.01447539,
  "t_03" : 0.93720657,
  "fx" : 707.75055,
  "t_21" : 0.99483645,
  "cy" : 387.3026,
  "t_02" : -0.95243627,
  "fy" : 707.75055,
  "t_20" : 0.04297223
}