{
  "t_10" : -0.96910805,
  "t_03" : 2.7531512,
  "t_20" : 0.05073042,
  "angular_velocity" : 3.4028235e+38,
  "blur_score" : 3716.2117,
  "t_12" : 0.24652027,
  "t_11" : -0.007571376,
  "cx" : 514.5779,
  "center_depth" : 4.3653955,
  "manual_keyframe" : false,
  "width" : 1024,
  "t_21" : -0.98427534,
  "cy" : 387.3836,
  "t_01" : 0.17647801,
  "height" : 768,
  "t_23" : -1.7028236,
  "timestamp" : 239581460141,
  "t_00" : 0.24136278,
  "fx" : 706.31165,
  "t_13" : -0.0894264,
  "t_02" : 0.9542534,
  "t_22" : 0.16919883,
  "fy" : 706.31165
}