{
  "t_03" : 0.110943496,
  "height" : 768,
  "t_21" : 0.493308,
  "manual_keyframe" : false,
  "width" : 1024,
  "t_10" : -0.9249573,
  "blur_score" : 4536.723,
  "t_01" : 0.869826,
  "t_22" : 0.80326825,
  "t_02" : -0.45864558,
  "center_depth" : 3.645938,
  "angular_velocity" : 3.4028235e+38,
  "t_11" : 0.0070608933,
  "t_13" : 0.010961359,
  "cy" : 387.37393,
  "t_12" : 0.3800058,
  "fx" : 706.23065,
  "t_00" : -0.1817881,
  "timestamp" : 239566537266,
  "t_23" : 0.04417005,
  "fy" : 706.23065,
  "t_20" : 0.33377737,
  "cx" : 514.4263
}