{
  "manual_keyframe" : false,
  "t_22" : 0.81356674,
  "t_02" : 0.544148,
  "width" : 1024,
  "t_00" : 0.13778251,
  "height" : 768,
  "t_03" : 1.1471851,
  "t_12" : 0.20496923,
  "fy" : 707.08826,
  "t_10" : -0.97836465,
  "t_11" : 0.028115027,
  "t_21" : -0.56061625,
  "t_23" : -4.4547157,
  "t_01" : 0.8275983,
  "cy" : 387.35706,
  "t_20" : 0.15433343,
  "t_13" : 0.016498715,
  "blur_score" : 2852.6328,
  "fx" : 707.08826,
  "cx" : 514.5881,
  "angular_velocity" : 3.4028235e+38,
  "timestamp" : 239596566427,
  "center_depth" : 5.3531475
}