{
  "blur_score" : 1768.2784,
  "fy" : 707.3821,
  "t_21" : 0.9994836,
  "t_00" : -0.27759385,
  "fx" : 707.3821,
  "angular_velocity" : 3.4028235e+38,
  "t_23" : 0.38503838,
  "cx" : 514.5458,
  "t_03" : 0.8555962,
  "cy" : 387.36505,
  "manual_keyframe" : false,
  "width" : 1024,
  "t_01" : 0.032033984,
  "height" : 768,
  "t_22" : 0.030076832,
  "center_depth" : 2.9491563,
  "t_13" : -0.009256487,
  "t_20" : 0.011307006,
  "t_11" : 0.00250744,
  "t_10" : -0.9606321,
  "t_12" : 0.27781272,
  "t_02" : -0.96016437,
  "timestamp" : 239570772366
}