{
  "manual_keyframe" : false,
  "t_22" : -0.57556266,
  "t_02" : 0.79503334,
  "width" : 1024,
  "t_00" : 0.17489618,
  "height" : 768,
  "t_03" : 2.8925562,
  "t_12" : 0.19144142,
  "fy" : 706.55304,
  "t_10" : -0.9809379,
  "t_11" : -0.033333108,
  "t_21" : -0.81336063,
  "t_23" : -1.7671092,
  "t_01" : -0.5808041,
  "cy" : 387.20016,
  "t_20" : -0.084689036,
  "t_13" : -0.04846508,
  "blur_score" : 2026.9485,
  "fx" : 706.55304,
  "cx" : 514.54553,
  "angular_velocity" : 3.4028235e+38,
  "timestamp" : 239587612700,
  "center_depth" : 4.81463
}