{
  "t_10" : -0.9591624,
  "t_03" : 1.4017178,
  "t_20" : 0.11630023,
  "angular_velocity" : 3.4028235e+38,
  "blur_score" : 2143.3909,
  "t_12" : 0.28271925,
  "t_11" : -0.008795352,
  "cx" : 514.5424,
  "center_depth" : 3.819712,
  "manual_keyframe" : false,
  "width" : 1024,
  "t_21" : 0.89885765,
  "cy" : 387.34534,
  "t_01" : 0.4381525,
  "height" : 768,
  "t_23" : 0.1846243,
  "timestamp" : 239572306338,
  "fx" : 707.1582,
  "t_00" : -0.25784063,
  "t_13" : -0.049122646,
  "t_02" : -0.86112756,
  "t_22" : 0.4225272,
  "fy" : 707.1582
}