{
  "t_10" : -0.93974864,
  "t_03" : 2.6911752,
  "t_20" : 0.34109485,
  "angular_velocity" : 3.4028235e+38,
  "blur_score" : 6543.2017,
  "t_12" : 0.34182158,
  "cx" : 514.4436,
  "t_11" : -0.0055276565,
  "center_depth" : 4.0426383,
  "manual_keyframe" : false,
  "width" : 1024,
  "t_21" : -0.08229205,
  "cy" : 387.50348,
  "t_01" : 0.99659294,
  "height" : 768,
  "t_23" : -1.0911309,
  "timestamp" : 239577942011,
  "t_00" : 0.022952987,
  "fx" : 706.85956,
  "t_02" : 0.07921929,
  "t_13" : -0.1340299,
  "t_22" : 0.9364201,
  "fy" : 706.85956
}