{
  "manual_keyframe" : false,
  "t_22" : 0.91029793,
  "t_02" : 0.36794856,
  "width" : 1024,
  "t_00" : 0.102627754,
  "height" : 768,
  "t_03" : 1.8158087,
  "t_12" : 0.1896621,
  "fy" : 706.56885,
  "t_10" : -0.98127925,
  "t_11" : 0.033457845,
  "t_21" : -0.3805249,
  "t_23" : -3.2507994,
  "cy" : 387.67468,
  "t_01" : 0.9241652,
  "t_20" : 0.16296834,
  "t_13" : -0.023724815,
  "blur_score" : 3550.6726,
  "cx" : 514.49457,
  "fx" : 706.56885,
  "angular_velocity" : 3.4028235e+38,
  "timestamp" : 239593531830,
  "center_depth" : 3.6027362
}