{
  "t_13" : 0.009688537,
  "blur_score" : 2835.0146,
  "center_depth" : 3.8565476,
  "height" : 768,
  "t_12" : 0.1780434,
  "t_23" : -4.6591444,
  "cx" : 514.58826,
  "timestamp" : 239598633954,
  "t_10" : -0.9835607,
  "width" : 1024,
  "manual_keyframe" : false,
  "t_00" : 0.0762137,
  "t_22" : 0.94961447,
  "t_01" : 0.96315026,
  "angular_velocity" : 3.4028235e+38,
  "t_11" : 0.030147279,
  "t_03" : 0.5013951,
  "fx" : 707.6886,
  "t_21" : -0.26726857,
  "cy" : 387.3883,
  "fy" : 707.6886,
  "t_02" : 0.25793958,
  "t_20" : 0.16370638
}