{
  "manual_keyframe" : false,
  "t_22" : 0.8621371,
  "t_02" : 0.39746773,
  "width" : 1024,
  "t_00" : 0.15089041,
  "height" : 768,
  "t_03" : 0.8308623,
  "t_12" : 0.31422785,
  "fy" : 707.1534,
  "t_10" : -0.94913185,
  "t_11" : 0.020239698,
  "t_21" : -0.42466325,
  "t_23" : -4.588496,
  "t_01" : 0.90512514,
  "cy" : 387.3177,
  "t_20" : 0.27637088,
  "t_13" : -0.026957791,
  "blur_score" : 3776.3892,
  "cx" : 514.57184,
  "fx" : 707.1534,
  "angular_velocity" : 3.4028235e+38,
  "timestamp" : 239597400107,
  "center_depth" : 4.4493055
}