{
  "manual_keyframe" : false,
  "t_22" : 0.9524777,
  "t_02" : 0.19888064,
  "width" : 1024,
  "t_00" : 0.031073108,
  "height" : 768,
  "t_03" : 2.7434182,
  "t_12" : 0.23072249,
  "fy" : 706.83093,
  "t_10" : -0.97288835,
  "t_11" : -0.015982714,
  "t_21" : -0.2006579,
  "t_23" : -1.2382413,
  "t_01" : 0.979531,
  "cy" : 387.27994,
  "t_20" : 0.22917846,
  "t_13" : -0.094488665,
  "blur_score" : 5986.76,
  "cx" : 514.4337,
  "fx" : 706.83093,
  "angular_velocity" : 3.4028235e+38,
  "timestamp" : 239578475566,
  "center_depth" : 5.01344
}