{
  "manual_keyframe" : false,
  "t_22" : 0.9318106,
  "t_02" : 0.30935687,
  "width" : 1024,
  "t_00" : 0.10164392,
  "height" : 768,
  "t_03" : 2.4748635,
  "t_12" : 0.18980828,
  "fy" : 706.2719,
  "t_10" : -0.980864,
  "t_11" : 0.043342613,
  "t_21" : -0.3227299,
  "t_23" : -2.512433,
  "cy" : 387.4044,
  "t_01" : 0.94549805,
  "t_20" : 0.16605502,
  "t_13" : -0.07550814,
  "blur_score" : 4146.401,
  "cx" : 514.619,
  "fx" : 706.2719,
  "angular_velocity" : 3.4028235e+38,
  "timestamp" : 239591631039,
  "center_depth" : 4.4402866
}