{
  "t_20" : 0.011583659,
  "t_21" : -0.9971553,
  "t_10" : -0.9812096,
  "fy" : 706.5054,
  "fx" : 706.5054,
  "t_23" : -1.9304909,
  "t_22" : -0.07447793,
  "angular_velocity" : 3.4028235e+38,
  "blur_score" : 2723.7861,
  "center_depth" : 7.234524,
  "width" : 1024,
  "timestamp" : 239588646464,
  "cx" : 514.5418,
  "t_03" : 2.8790705,
  "t_13" : -0.057448626,
  "manual_keyframe" : false,
  "t_00" : 0.19259709,
  "cy" : 387.25763,
  "t_01" : -0.07086332,
  "t_11" : -0.025681341,
  "height" : 768,
  "t_02" : 0.97871596,
  "t_12" : 0.19122836
}