{
  "t_10" : -0.9543135,
  "t_03" : 1.334443,
  "t_20" : 0.12070104,
  "angular_velocity" : 3.4028235e+38,
  "blur_score" : 2245.1543,
  "t_12" : 0.298743,
  "cx" : 514.51355,
  "t_11" : 0.0062017594,
  "center_depth" : 4.035535,
  "manual_keyframe" : false,
  "width" : 1024,
  "t_21" : 0.9225881,
  "cy" : 387.34235,
  "t_01" : 0.38573664,
  "height" : 768,
  "t_23" : 0.22370368,
  "timestamp" : 239572106255,
  "t_00" : -0.2733443,
  "fx" : 707.08514,
  "t_13" : -0.0440242,
  "t_02" : -0.88118684,
  "t_22" : 0.36641845,
  "fy" : 707.08514
}