{
  "t_20" : 0.13830613,
  "t_21" : -0.6009078,
  "t_10" : -0.9826926,
  "fx" : 707.39954,
  "fy" : 707.39954,
  "t_23" : -4.784852,
  "t_22" : 0.7872619,
  "angular_velocity" : 3.4028235e+38,
  "blur_score" : 2879.9663,
  "center_depth" : 4.768339,
  "width" : 1024,
  "timestamp" : 239599901148,
  "cx" : 514.56946,
  "t_03" : 0.16389799,
  "t_13" : 0.04142259,
  "manual_keyframe" : false,
  "t_00" : 0.123234525,
  "cy" : 387.31998,
  "t_01" : 0.7991653,
  "t_11" : 0.01564632,
  "height" : 768,
  "t_02" : 0.5883437,
  "t_12" : 0.18458202
}