{
  "blur_score" : 1948.6622,
  "fy" : 707.1168,
  "t_21" : -0.8819115,
  "t_00" : 0.14541201,
  "fx" : 707.1168,
  "angular_velocity" : 3.4028235e+38,
  "t_23" : -1.7998502,
  "cy" : 387.10126,
  "t_03" : 2.8502846,
  "cx" : 514.63135,
  "manual_keyframe" : false,
  "width" : 1024,
  "t_01" : -0.46977493,
  "height" : 768,
  "t_22" : -0.47022948,
  "center_depth" : 5.0085483,
  "t_13" : -0.051682066,
  "t_20" : -0.033409256,
  "t_11" : -0.039286654,
  "t_10" : -0.9888069,
  "t_12" : 0.14393537,
  "t_02" : 0.8707278,
  "timestamp" : 239583527667
}