{
  "manual_keyframe" : false,
  "t_22" : 0.8639625,
  "t_02" : 0.41150144,
  "width" : 1024,
  "t_00" : 0.17088476,
  "height" : 768,
  "t_03" : 1.6746376,
  "t_12" : 0.29023382,
  "fy" : 706.54346,
  "t_10" : -0.95569956,
  "t_11" : 0.049017668,
  "t_21" : -0.4428682,
  "t_23" : -3.590693,
  "t_01" : 0.89524573,
  "cy" : 387.56723,
  "t_20" : 0.23965974,
  "t_13" : -0.034161627,
  "blur_score" : 3400.1826,
  "fx" : 706.54346,
  "cx" : 514.64575,
  "angular_velocity" : 3.4028235e+38,
  "timestamp" : 239594198775,
  "center_depth" : 3.1685069
}