{
  "t_13" : 0.037814856,
  "blur_score" : 2301.0466,
  "center_depth" : 3.3642588,
  "height" : 768,
  "t_12" : 0.08245119,
  "t_23" : -4.0459256,
  "cx" : 514.6064,
  "timestamp" : 239595465969,
  "t_10" : -0.99659383,
  "width" : 1024,
  "manual_keyframe" : false,
  "t_00" : 0.04290144,
  "t_22" : 0.8610041,
  "t_01" : 0.86387825,
  "angular_velocity" : 3.4028235e+38,
  "t_11" : 0.0015922401,
  "fx" : 706.87067,
  "t_03" : 1.410402,
  "t_21" : -0.5036983,
  "cy" : 387.41916,
  "fy" : 706.87067,
  "t_02" : 0.50187045,
  "t_20" : 0.070428684
}