{
  "manual_keyframe" : false,
  "t_22" : 0.8990522,
  "t_02" : 0.39497346,
  "width" : 1024,
  "t_00" : 0.08318106,
  "height" : 768,
  "t_03" : 2.6826558,
  "t_12" : 0.1889471,
  "fy" : 706.26874,
  "t_10" : -0.981957,
  "t_11" : 0.0077068415,
  "t_21" : -0.40356374,
  "t_23" : -2.306818,
  "cy" : 387.36514,
  "t_01" : 0.91491896,
  "t_20" : 0.16982728,
  "t_13" : -0.056227896,
  "blur_score" : 3449.1316,
  "fx" : 706.26874,
  "cx" : 514.61096,
  "angular_velocity" : 3.4028235e+38,
  "timestamp" : 239590847380,
  "center_depth" : 4.514081
}