{
  "t_13" : -0.029180592,
  "blur_score" : 1653.1019,
  "center_depth" : 4.09617,
  "height" : 768,
  "t_12" : 0.26108733,
  "t_23" : 0.3415124,
  "cx" : 514.5723,
  "timestamp" : 239571222553,
  "t_10" : -0.96531147,
  "width" : 1024,
  "manual_keyframe" : false,
  "t_00" : -0.2570865,
  "t_22" : 0.17868006,
  "t_01" : 0.18439005,
  "angular_velocity" : 3.4028235e+38,
  "t_11" : -0.0026691433,
  "t_03" : 1.0443186,
  "fx" : 707.74097,
  "t_21" : 0.98284936,
  "cy" : 387.3918,
  "fy" : 707.74097,
  "t_02" : -0.94863415,
  "t_20" : 0.045609873
}