{
  "width" : 1024,
  "timestamp" : 239573406795,
  "manual_keyframe" : false,
  "fy" : 706.53076,
  "fx" : 706.53076,
  "center_depth" : 4.774895,
  "angular_velocity" : 3.4028235e+38,
  "t_20" : 0.18627834,
  "t_23" : 0.0108352,
  "t_01" : 0.68017876,
  "cy" : 387.4324,
  "t_02" : -0.70116395,
  "t_13" : -0.0413796,
  "t_00" : -0.21383625,
  "t_10" : -0.9589445,
  "t_03" : 1.6665455,
  "height" : 768,
  "t_21" : 0.7329873,
  "t_11" : -0.009288567,
  "t_12" : 0.28344187,
  "cx" : 514.5214,
  "t_22" : 0.6542401,
  "blur_score" : 2617.6274
}