{
  "manual_keyframe" : false,
  "t_22" : 0.53133446,
  "t_02" : 0.8134394,
  "width" : 1024,
  "t_00" : 0.19685037,
  "height" : 768,
  "t_03" : 2.8616123,
  "t_12" : 0.23664342,
  "fy" : 706.23065,
  "t_10" : -0.971594,
  "t_11" : -0.0022590854,
  "t_21" : -0.83691615,
  "t_23" : -2.116501,
  "cy" : 387.29968,
  "t_01" : 0.54732645,
  "t_20" : 0.13135885,
  "t_13" : -0.07363176,
  "blur_score" : 3425.6404,
  "fx" : 706.23065,
  "cx" : 514.5791,
  "angular_velocity" : 3.4028235e+38,
  "timestamp" : 239589780269,
  "center_depth" : 5.3860536
}