{
  "blur_score" : 1929.5293,
  "fy" : 706.53394,
  "t_21" : -0.58465576,
  "t_00" : 0.12308158,
  "fx" : 706.53394,
  "angular_velocity" : 3.4028235e+38,
  "t_23" : -1.7001889,
  "t_03" : 2.9205523,
  "cy" : 387.20102,
  "cx" : 514.59296,
  "manual_keyframe" : false,
  "width" : 1024,
  "t_01" : -0.80986136,
  "height" : 768,
  "t_22" : -0.80634266,
  "center_depth" : 10.123394,
  "t_13" : -0.048101623,
  "t_20" : -0.08938176,
  "t_11" : -0.047979776,
  "t_10" : -0.9883632,
  "t_12" : 0.1443472,
  "t_02" : 0.5735638,
  "timestamp" : 239584794861
}