{
  "manual_keyframe" : false,
  "t_22" : 0.69979477,
  "t_02" : 0.6785695,
  "width" : 1024,
  "t_00" : 0.16571355,
  "height" : 768,
  "t_03" : 2.8248382,
  "t_12" : 0.22322819,
  "fy" : 706.2195,
  "t_10" : -0.9746653,
  "t_11" : 0.014029379,
  "t_21" : -0.69837,
  "t_23" : -2.1809132,
  "cy" : 387.32877,
  "t_01" : 0.7155994,
  "t_20" : 0.15022206,
  "t_13" : -0.07062575,
  "blur_score" : 3381.016,
  "cx" : 514.56323,
  "fx" : 706.2195,
  "angular_velocity" : 3.4028235e+38,
  "timestamp" : 239590180435,
  "center_depth" : 5.2455473
}