{
  "manual_keyframe" : false,
  "t_22" : 0.8708097,
  "t_02" : -0.42406732,
  "width" : 1024,
  "t_00" : -0.1227554,
  "height" : 768,
  "t_03" : 2.2788303,
  "t_12" : 0.24871153,
  "fy" : 706.76587,
  "t_10" : -0.9684623,
  "t_11" : -0.014949247,
  "t_21" : 0.44122383,
  "t_23" : -0.32593334,
  "cy" : 387.30844,
  "t_01" : 0.8972726,
  "t_20" : 0.21682255,
  "t_13" : -0.060560428,
  "blur_score" : 3560.4255,
  "fx" : 706.76587,
  "cx" : 514.59827,
  "angular_velocity" : 3.4028235e+38,
  "timestamp" : 239575474320,
  "center_depth" : 4.213122
}