{
  "manual_keyframe" : false,
  "t_22" : 0.9241108,
  "t_02" : -0.23423986,
  "width" : 1024,
  "t_00" : -0.07185279,
  "height" : 768,
  "t_03" : 2.5144656,
  "t_12" : 0.30191207,
  "fy" : 706.8167,
  "t_10" : -0.953333,
  "t_11" : 0.0022899956,
  "t_21" : 0.24500175,
  "t_23" : -0.50869966,
  "cy" : 387.30124,
  "t_01" : 0.96951985,
  "t_20" : 0.29324615,
  "t_13" : -0.084316924,
  "blur_score" : 5100.53,
  "cx" : 514.58093,
  "fx" : 706.8167,
  "angular_velocity" : 3.4028235e+38,
  "timestamp" : 239576291326,
  "center_depth" : 4.206937
}