{
  "t_10" : -0.9845182,
  "t_03" : 2.7054384,
  "t_20" : 0.03505981,
  "angular_velocity" : 3.4028235e+38,
  "blur_score" : 2739.995,
  "t_12" : 0.17330177,
  "cx" : 514.5896,
  "t_11" : -0.026280504,
  "center_depth" : 6.0560164,
  "manual_keyframe" : false,
  "width" : 1024,
  "t_21" : -0.9982418,
  "t_01" : 0.053129658,
  "cy" : 387.3958,
  "height" : 768,
  "t_23" : -1.7225044,
  "timestamp" : 239581810287,
  "fx" : 706.2417,
  "t_00" : 0.17174102,
  "t_13" : -0.072811894,
  "t_02" : 0.98370856,
  "t_22" : 0.047793653,
  "fy" : 706.2417
}