{
  "t_10" : -0.96088403,
  "t_03" : 1.2367345,
  "t_20" : 0.0910252,
  "angular_velocity" : 3.4028235e+38,
  "blur_score" : 2092.5964,
  "t_12" : 0.2769233,
  "cx" : 514.527,
  "t_11" : 0.00391054,
  "center_depth" : 4.124167,
  "manual_keyframe" : false,
  "width" : 1024,
  "t_21" : 0.94881016,
  "cy" : 387.32828,
  "t_01" : 0.31582236,
  "height" : 768,
  "t_23" : 0.2774686,
  "timestamp" : 239571839477,
  "fx" : 707.3456,
  "t_00" : -0.2615649,
  "t_02" : -0.91205263,
  "t_13" : -0.025572622,
  "t_22" : 0.30244586,
  "fy" : 707.3456
}