{
  "blur_score" : 2046.0836,
  "fy" : 706.56415,
  "t_21" : -0.9767843,
  "t_00" : 0.1009095,
  "fx" : 706.56415,
  "angular_velocity" : 3.4028235e+38,
  "t_23" : -1.770296,
  "cy" : 387.22394,
  "cx" : 514.58966,
  "t_03" : 2.7166042,
  "manual_keyframe" : false,
  "width" : 1024,
  "t_01" : -0.20640376,
  "height" : 768,
  "t_22" : -0.21099585,
  "center_depth" : 2.1526933,
  "t_13" : -0.03990706,
  "t_20" : 0.037059683,
  "t_11" : -0.05735981,
  "t_10" : -0.9942053,
  "t_12" : 0.09091755,
  "t_02" : 0.9732497,
  "timestamp" : 239582693988
}