{
  "manual_keyframe" : false,
  "t_22" : 0.83582896,
  "t_02" : 0.5489053,
  "width" : 1024,
  "t_00" : -0.010774021,
  "height" : 768,
  "t_03" : 1.309302,
  "t_12" : -0.009652059,
  "fy" : 706.823,
  "t_10" : -0.999932,
  "t_11" : -0.0065507586,
  "t_21" : -0.54897195,
  "t_23" : -4.199837,
  "t_01" : 0.83581513,
  "cy" : 387.34464,
  "t_20" : -0.0044715903,
  "t_13" : 0.061256565,
  "blur_score" : 1828.8828,
  "fx" : 706.823,
  "cx" : 514.55695,
  "angular_velocity" : 3.4028235e+38,
  "timestamp" : 239595932830,
  "center_depth" : 3.4561923
}