{
  "manual_keyframe" : false,
  "t_22" : 0.8979241,
  "t_02" : 0.3596378,
  "width" : 1024,
  "t_00" : 0.08058088,
  "height" : 768,
  "t_03" : 2.7299829,
  "t_12" : 0.25375795,
  "fy" : 706.52765,
  "t_10" : -0.9671616,
  "t_11" : -0.014335331,
  "t_21" : -0.36827585,
  "t_23" : -1.3805724,
  "cy" : 387.23892,
  "t_01" : 0.9296061,
  "t_20" : 0.24105044,
  "t_13" : -0.1075811,
  "blur_score" : 6318.2183,
  "cx" : 514.5246,
  "fx" : 706.52765,
  "angular_velocity" : 3.4028235e+38,
  "timestamp" : 239578942427,
  "center_depth" : 4.9824696
}