{
  "t_10" : -0.9482156,
  "t_03" : 2.7187116,
  "t_20" : 0.26736188,
  "angular_velocity" : 3.4028235e+38,
  "blur_score" : 6320.426,
  "t_12" : 0.31684017,
  "cx" : 514.4468,
  "t_11" : -0.022352811,
  "center_depth" : 4.2924647,
  "manual_keyframe" : false,
  "width" : 1024,
  "t_21" : -0.5947048,
  "t_01" : 0.8036334,
  "cy" : 387.35873,
  "height" : 768,
  "t_23" : -1.5826763,
  "timestamp" : 239579876149,
  "t_00" : 0.17147882,
  "fx" : 706.2195,
  "t_02" : 0.56988466,
  "t_13" : -0.112054415,
  "t_22" : 0.7581847,
  "fy" : 706.2195
}