{
  "manual_keyframe" : false,
  "t_22" : 0.9291458,
  "t_02" : 0.30708414,
  "width" : 1024,
  "t_00" : 0.10484623,
  "height" : 768,
  "t_03" : 2.285247,
  "t_12" : 0.20588244,
  "fy" : 706.2735,
  "t_10" : -0.97769505,
  "t_11" : 0.04153171,
  "t_21" : -0.32182065,
  "t_23" : -2.7386732,
  "cy" : 387.58514,
  "t_01" : 0.94588935,
  "t_20" : 0.18198824,
  "t_13" : -0.05857583,
  "blur_score" : 4186.713,
  "fx" : 706.2735,
  "cx" : 514.7107,
  "angular_velocity" : 3.4028235e+38,
  "timestamp" : 239592131247,
  "center_depth" : 4.039711
}