{
  "manual_keyframe" : false,
  "t_22" : 0.32647428,
  "t_02" : 0.9173462,
  "width" : 1024,
  "t_00" : 0.20893224,
  "height" : 768,
  "t_03" : 2.8728042,
  "t_12" : 0.22779502,
  "fy" : 706.5499,
  "t_10" : -0.97357106,
  "t_11" : -0.01639788,
  "t_21" : -0.9406954,
  "t_23" : -2.060129,
  "t_01" : 0.33885592,
  "cy" : 387.26843,
  "t_20" : 0.092232235,
  "t_13" : -0.06825288,
  "blur_score" : 3221.4626,
  "cx" : 514.55914,
  "fx" : 706.5499,
  "angular_velocity" : 3.4028235e+38,
  "timestamp" : 239589380102,
  "center_depth" : 5.519797
}