{
  "manual_keyframe" : false,
  "t_22" : 0.8473028,
  "t_02" : 0.48633653,
  "width" : 1024,
  "t_00" : 0.12189702,
  "height" : 768,
  "t_03" : 1.4834247,
  "t_12" : 0.2134354,
  "fy" : 706.92,
  "t_10" : -0.97679776,
  "t_11" : 0.017645437,
  "t_21" : -0.50106955,
  "t_23" : -3.9408288,
  "cy" : 387.45688,
  "t_01" : 0.865227,
  "t_20" : 0.17608844,
  "t_13" : -0.019175494,
  "blur_score" : 2665.0037,
  "fx" : 706.92,
  "cx" : 514.5604,
  "angular_velocity" : 3.4028235e+38,
  "timestamp" : 239595115823,
  "center_depth" : 4.0209713
}