{
  "t_20" : 0.04172261,
  "t_21" : -0.9920628,
  "t_10" : -0.9789549,
  "fx" : 706.5356,
  "fy" : 706.5356,
  "t_23" : -1.9933053,
  "t_22" : 0.1186192,
  "angular_velocity" : 3.4028235e+38,
  "blur_score" : 3234.2039,
  "center_depth" : 5.2146897,
  "width" : 1024,
  "timestamp" : 239588996609,
  "cx" : 514.5733,
  "t_03" : 2.88084,
  "t_13" : -0.060504735,
  "manual_keyframe" : false,
  "t_00" : 0.19976637,
  "cy" : 387.2674,
  "t_01" : 0.12460839,
  "t_11" : -0.016853575,
  "height" : 768,
  "t_02" : 0.97188807,
  "t_12" : 0.20337978
}