{
  "manual_keyframe" : false,
  "t_22" : 0.9169039,
  "t_02" : 0.3336694,
  "width" : 1024,
  "t_00" : 0.11830608,
  "height" : 768,
  "t_03" : 2.1887486,
  "t_12" : 0.21897973,
  "fy" : 706.24963,
  "t_10" : -0.9746834,
  "t_11" : 0.04516943,
  "t_21" : -0.35112864,
  "t_23" : -2.8500726,
  "cy" : 387.59616,
  "t_01" : 0.9352371,
  "t_20" : 0.18972632,
  "t_13" : -0.054451905,
  "blur_score" : 4122.0693,
  "fx" : 706.24963,
  "cx" : 514.5371,
  "angular_velocity" : 3.4028235e+38,
  "timestamp" : 239592464719,
  "center_depth" : 3.744894
}