{
  "t_13" : -0.019988757,
  "blur_score" : 3482.2031,
  "center_depth" : 3.7870212,
  "height" : 768,
  "t_12" : 0.28847557,
  "t_23" : -4.618179,
  "cx" : 514.42914,
  "timestamp" : 239598133746,
  "t_10" : -0.9567638,
  "width" : 1024,
  "manual_keyframe" : false,
  "t_00" : 0.1182275,
  "t_22" : 0.9189847,
  "t_01" : 0.95591486,
  "angular_velocity" : 3.4028235e+38,
  "t_11" : 0.03721666,
  "fx" : 707.42334,
  "t_03" : 0.6541308,
  "t_21" : -0.29127583,
  "cy" : 387.62842,
  "fy" : 707.42334,
  "t_02" : 0.26879165,
  "t_20" : 0.26575458
}