{
  "manual_keyframe" : false,
  "t_22" : 0.9232877,
  "t_02" : 0.35011965,
  "width" : 1024,
  "t_00" : 0.09068599,
  "height" : 768,
  "t_03" : 1.934328,
  "t_12" : 0.15797538,
  "fy" : 706.55457,
  "t_10" : -0.98676246,
  "t_11" : 0.036656726,
  "t_21" : -0.35981104,
  "t_23" : -3.08822,
  "t_01" : 0.93230486,
  "cy" : 387.46182,
  "t_20" : 0.13444696,
  "t_13" : -0.025958296,
  "blur_score" : 3512.7578,
  "cx" : 514.68536,
  "fx" : 706.55457,
  "angular_velocity" : 3.4028235e+38,
  "timestamp" : 239593098317,
  "center_depth" : 3.1759849
}