{
  "t_00" : 0.027375655,
  "fx" : 707.1582,
  "t_20" : 0.22604114,
  "width" : 1024,
  "t_13" : -0.012414713,
  "t_03" : -4.10244,
  "t_02" : 0.23336405,
  "blur_score" : 3224.376,
  "height" : 768,
  "t_10" : -0.973733,
  "center_depth" : 3.044464,
  "t_21" : -0.233424,
  "fy" : 707.1582,
  "t_01" : 0.9720039,
  "angular_velocity" : 3.4028235e+38,
  "timestamp" : 239616091221,
  "manual_keyframe" : false,
  "cy" : 387.2701,
  "cx" : 514.5263,
  "t_11" : -0.026859704,
  "t_22" : 0.945737,
  "t_23" : -8.191561,
  "t_12" : 0.22610302
}