{
  "t_22" : 0.9720557,
  "fx" : 707.12634,
  "cx" : 514.62616,
  "height" : 768,
  "manual_keyframe" : false,
  "fy" : 707.12634,
  "width" : 1024,
  "t_03" : -4.0409102,
  "t_13" : -0.002727394,
  "t_02" : 0.11938094,
  "timestamp" : 239615824443,
  "center_depth" : 3.442491,
  "cy" : 387.16904,
  "t_23" : -8.083084,
  "t_00" : -0.012902603,
  "t_21" : -0.11422524,
  "angular_velocity" : 3.4028235e+38,
  "t_20" : 0.20508651,
  "blur_score" : 3145.3489,
  "t_10" : -0.9786589,
  "t_01" : 0.99276465,
  "t_12" : 0.20212884,
  "t_11" : -0.03702546
}