{
  "cy" : 387.53497,
  "width" : 1024,
  "angular_velocity" : 3.4028235e+38,
  "height" : 768,
  "t_11" : 0.018756488,
  "timestamp" : 239684036122,
  "t_21" : 0.97856134,
  "cx" : 514.5066,
  "manual_keyframe" : false,
  "t_00" : -0.23127759,
  "t_13" : -0.09939128,
  "center_depth" : 1.8732852,
  "t_02" : -0.95102316,
  "fx" : 708.8957,
  "t_01" : -0.20510024,
  "t_03" : 2.6771402,
  "fy" : 708.8957,
  "t_12" : 0.23243853,
  "t_20" : -0.029835338,
  "t_23" : -1.8693937,
  "blur_score" : 1595.4911,
  "t_22" : -0.2037836,
  "t_10" : -0.97243035
}