{
  "t_10" : -0.9602983,
  "t_01" : 0.6356041,
  "t_03" : -4.659105,
  "t_21" : 0.7718317,
  "fy" : 707.44086,
  "t_22" : 0.6141623,
  "cx" : 514.4621,
  "t_11" : -0.01683676,
  "t_00" : -0.22526999,
  "t_23" : -3.8281817,
  "cy" : 387.17645,
  "t_12" : 0.2784668,
  "t_13" : -0.008398971,
  "manual_keyframe" : false,
  "fx" : 707.44086,
  "angular_velocity" : 3.4028235e+38,
  "t_20" : 0.16456205,
  "blur_score" : 2108.615,
  "t_02" : -0.7384179,
  "center_depth" : 4.654556,
  "width" : 1024,
  "height" : 768,
  "timestamp" : 239655590987
}