{
  "width" : 1024,
  "angular_velocity" : 3.4028235e+38,
  "height" : 768,
  "t_20" : -0.45370933,
  "t_10" : -0.88864714,
  "blur_score" : 976.31006,
  "timestamp" : 239665811898,
  "manual_keyframe" : false,
  "center_depth" : 2.080244,
  "fy" : 710.2916,
  "fx" : 710.2916,
  "t_13" : -0.10372803,
  "t_12" : 0.45840493,
  "t_21" : 0.12037838,
  "t_23" : -1.0596652,
  "t_03" : -2.4169927,
  "t_01" : -0.9926418,
  "t_00" : -0.06674031,
  "cx" : 514.1754,
  "t_11" : 0.013090048,
  "t_02" : -0.10103481,
  "t_22" : -0.8829819,
  "cy" : 387.53894
}