{
  "cx" : 514.4731,
  "center_depth" : 6.6682673,
  "height" : 768,
  "fx" : 707.10254,
  "t_13" : 0.0029325932,
  "timestamp" : 239660626412,
  "manual_keyframe" : false,
  "width" : 1024,
  "t_03" : -3.8964536,
  "t_02" : -0.80061847,
  "angular_velocity" : 3.4028235e+38,
  "t_12" : 0.22786437,
  "fy" : 707.10254,
  "t_00" : -0.18662007,
  "cy" : 387.38235,
  "t_21" : 0.8220799,
  "t_22" : -0.55415493,
  "t_23" : -2.7345257,
  "blur_score" : 3047.317,
  "t_10" : -0.973692,
  "t_20" : -0.13075444,
  "t_11" : -0.0012679757,
  "t_01" : -0.56937057
}