{
  "t_20" : 0.31989393,
  "t_21" : -0.52943,
  "t_10" : -0.905227,
  "fy" : 710.3139,
  "fx" : 710.3139,
  "t_23" : -6.4089127,
  "t_22" : 0.7857302,
  "angular_velocity" : 3.4028235e+38,
  "blur_score" : 1330.483,
  "center_depth" : 3.1696875,
  "width" : 1024,
  "timestamp" : 239610205437,
  "t_13" : -0.09234782,
  "t_03" : -2.863345,
  "cx" : 514.2747,
  "manual_keyframe" : false,
  "t_00" : 0.27969998,
  "cy" : 387.49423,
  "t_01" : 0.84511715,
  "t_11" : 0.074034244,
  "height" : 768,
  "t_02" : 0.4555712,
  "t_12" : 0.41842937
}