{
  "t_13" : 0.0013863645,
  "blur_score" : 2092.0217,
  "center_depth" : 2.605121,
  "height" : 768,
  "t_12" : 0.20774646,
  "t_23" : -5.9419637,
  "cx" : 514.6175,
  "timestamp" : 239605453459,
  "t_10" : -0.9781774,
  "width" : 1024,
  "manual_keyframe" : false,
  "t_00" : -0.070236176,
  "t_22" : 0.91523343,
  "t_01" : 0.9358833,
  "angular_velocity" : 3.4028235e+38,
  "t_11" : 0.003225307,
  "t_03" : -1.4188875,
  "fx" : 709.1942,
  "t_21" : 0.3522952,
  "cy" : 387.41312,
  "fy" : 709.1942,
  "t_02" : -0.3452379,
  "t_20" : 0.19553995
}