{
  "cx" : 514.48486,
  "center_depth" : 2.4092548,
  "height" : 768,
  "fx" : 708.02374,
  "t_13" : 0.006739695,
  "timestamp" : 239679584277,
  "manual_keyframe" : false,
  "width" : 1024,
  "t_03" : 2.2784355,
  "t_02" : -0.9365987,
  "angular_velocity" : 3.4028235e+38,
  "t_12" : 0.110716656,
  "t_00" : -0.085350074,
  "fy" : 708.02374,
  "cy" : 386.99677,
  "t_21" : 0.9388153,
  "t_22" : -0.3324525,
  "t_23" : -2.8743641,
  "blur_score" : 1614.3392,
  "t_10" : -0.9922773,
  "t_20" : -0.090006344,
  "t_11" : -0.05592498,
  "t_01" : -0.3398503
}