{
  "width" : 1024,
  "angular_velocity" : 3.4028235e+38,
  "height" : 768,
  "t_20" : -0.011587484,
  "t_10" : -0.9686402,
  "blur_score" : 3272.6484,
  "timestamp" : 239658475519,
  "manual_keyframe" : false,
  "center_depth" : 3.666347,
  "fy" : 707.15656,
  "fx" : 707.15656,
  "t_12" : 0.24846405,
  "t_13" : -0.02388867,
  "t_21" : 0.99914664,
  "t_23" : -3.4249392,
  "t_03" : -4.444589,
  "t_01" : -0.041279376,
  "t_00" : -0.2481975,
  "t_11" : -0.0013752895,
  "cx" : 514.5536,
  "t_02" : -0.96782964,
  "t_22" : -0.03964351,
  "cy" : 387.3759
}