{
  "t_00" : 0.075184666,
  "fx" : 706.5118,
  "t_20" : -0.13945822,
  "width" : 1024,
  "t_13" : 0.07889295,
  "t_03" : -5.2522283,
  "t_02" : 0.39268494,
  "blur_score" : 1063.3809,
  "height" : 768,
  "t_10" : -0.98736966,
  "center_depth" : 6.3532324,
  "t_21" : -0.39959455,
  "fy" : 706.5118,
  "t_01" : -0.91659474,
  "angular_velocity" : 3.4028235e+38,
  "timestamp" : 239621593511,
  "manual_keyframe" : false,
  "cy" : 387.20898,
  "cx" : 514.5691,
  "t_11" : -0.013355813,
  "t_22" : -0.906022,
  "t_23" : -8.3480835,
  "t_12" : 0.15787004
}