{
  "t_10" : -0.9600954,
  "t_01" : -0.98999465,
  "t_03" : -5.8176484,
  "t_21" : -0.1002512,
  "fy" : 708.52246,
  "t_22" : -0.95732623,
  "cx" : 514.5232,
  "t_11" : -0.0992995,
  "t_00" : 0.06885126,
  "t_23" : -4.383084,
  "cy" : 386.96744,
  "t_12" : -0.26145074,
  "t_13" : 0.13687952,
  "manual_keyframe" : false,
  "fx" : 708.52246,
  "angular_velocity" : 3.4028235e+38,
  "t_20" : 0.27106526,
  "blur_score" : 302.64664,
  "t_02" : 0.123167366,
  "center_depth" : 1.8826878,
  "width" : 1024,
  "height" : 768,
  "timestamp" : 239650622254
}