{
  "width" : 1024,
  "angular_velocity" : 3.4028235e+38,
  "height" : 768,
  "t_20" : 0.014668049,
  "t_10" : -0.99770135,
  "blur_score" : 762.6602,
  "timestamp" : 239699642582,
  "manual_keyframe" : false,
  "center_depth" : 4.8941536,
  "fy" : 708.56366,
  "fx" : 708.56366,
  "t_12" : -0.054638457,
  "t_13" : 0.17171851,
  "t_21" : -0.9149165,
  "t_23" : 2.060234,
  "t_03" : -0.682916,
  "t_01" : 0.40164787,
  "t_11" : -0.04008475,
  "t_00" : -0.066158876,
  "cx" : 514.62244,
  "t_02" : 0.91340137,
  "t_22" : 0.4033766,
  "cy" : 387.07382
}