{
  "blur_score" : 2439.7712,
  "t_23" : -0.6180577,
  "width" : 1024,
  "t_21" : 0.71529937,
  "t_00" : -0.23976736,
  "t_12" : 0.30758256,
  "t_11" : 0.029435307,
  "fx" : 708.5875,
  "t_02" : -0.6745601,
  "angular_velocity" : 3.4028235e+38,
  "fy" : 708.5875,
  "t_10" : -0.95106596,
  "height" : 768,
  "t_22" : -0.6710898,
  "timestamp" : 239667912770,
  "t_03" : -1.8504689,
  "t_01" : -0.69819784,
  "t_13" : -0.049388245,
  "cy" : 387.40875,
  "cx" : 514.5163,
  "t_20" : -0.19489759,
  "center_depth" : 4.570639,
  "manual_keyframe" : false
}