{
  "t_10" : -0.9642755,
  "t_01" : -0.14495939,
  "t_03" : 1.2321519,
  "t_21" : 0.9883424,
  "fy" : 707.39954,
  "t_22" : -0.1280622,
  "t_11" : -0.04654277,
  "cx" : 514.45917,
  "t_00" : -0.25178045,
  "t_23" : -2.7416375,
  "t_12" : 0.2607809,
  "cy" : 387.06836,
  "t_13" : -0.041877978,
  "manual_keyframe" : false,
  "fx" : 707.39954,
  "angular_velocity" : 3.4028235e+38,
  "t_20" : -0.08233786,
  "blur_score" : 3072.07,
  "t_02" : -0.9568665,
  "center_depth" : 3.699995,
  "width" : 1024,
  "height" : 768,
  "timestamp" : 239676783116
}