{
  "t_00" : 0.14857157,
  "t_02" : 0.6566544,
  "height" : 768,
  "t_11" : -0.030360952,
  "width" : 1024,
  "t_01" : -0.73941284,
  "cy" : 387.2158,
  "t_12" : 0.18793045,
  "fx" : 706.8198,
  "cx" : 514.4764,
  "t_20" : -0.11902154,
  "t_21" : -0.67256725,
  "angular_velocity" : 3.4028235e+38,
  "timestamp" : 239631397590,
  "fy" : 706.8198,
  "t_10" : -0.98171294,
  "t_23" : -6.5064497,
  "center_depth" : 3.068534,
  "manual_keyframe" : false,
  "t_22" : -0.73040205,
  "t_03" : -7.924487,
  "blur_score" : 1930.8134,
  "t_13" : 0.08178012
}