{
  "t_22" : 0.9867729,
  "fx" : 707.1089,
  "cx" : 514.44586,
  "height" : 768,
  "manual_keyframe" : false,
  "fy" : 707.1089,
  "width" : 1024,
  "t_03" : -3.845819,
  "t_13" : 0.012508066,
  "t_02" : 0.019789545,
  "timestamp" : 239615024110,
  "center_depth" : 3.902638,
  "cy" : 387.23233,
  "t_23" : -7.703977,
  "t_00" : -0.05472764,
  "t_21" : -0.010693415,
  "angular_velocity" : 3.4028235e+38,
  "t_20" : 0.16175568,
  "blur_score" : 3189.423,
  "t_10" : -0.98531216,
  "t_01" : 0.99830514,
  "t_12" : 0.1608963,
  "t_11" : -0.05720482
}