{
  "t_13" : -0.005328276,
  "blur_score" : 2424.4211,
  "center_depth" : 3.816766,
  "height" : 768,
  "t_12" : 0.23407139,
  "t_23" : -5.1574087,
  "cx" : 514.36597,
  "timestamp" : 239602452210,
  "t_10" : -0.97023875,
  "width" : 1024,
  "manual_keyframe" : false,
  "t_00" : 0.17708276,
  "t_22" : 0.82701296,
  "t_01" : 0.84105974,
  "angular_velocity" : 3.4028235e+38,
  "t_11" : 0.062029094,
  "fx" : 708.28094,
  "t_03" : -0.5521351,
  "t_21" : -0.5373742,
  "cy" : 387.39844,
  "t_02" : 0.51113635,
  "fy" : 708.28094,
  "t_20" : 0.16516267
}