{
  "t_22" : -0.6020973,
  "fx" : 706.53076,
  "cx" : 514.49207,
  "height" : 768,
  "manual_keyframe" : false,
  "fy" : 706.53076,
  "width" : 1024,
  "t_03" : -6.700043,
  "t_13" : 0.085469365,
  "t_02" : 0.785743,
  "timestamp" : 239628212932,
  "center_depth" : 7.075182,
  "cy" : 387.47723,
  "t_23" : -7.2592044,
  "t_00" : 0.122994736,
  "t_21" : -0.795127,
  "angular_velocity" : 3.4028235e+38,
  "t_20" : -0.072469726,
  "blur_score" : 2014.0415,
  "t_10" : -0.9897577,
  "t_01" : -0.60620135,
  "t_12" : 0.14172769,
  "t_11" : -0.01711221
}