{
  "t_13" : -0.08248321,
  "blur_score" : 2452.0706,
  "center_depth" : 3.4134574,
  "height" : 768,
  "t_12" : 0.38947114,
  "t_23" : -6.359981,
  "cx" : 514.3052,
  "timestamp" : 239610939076,
  "t_10" : -0.9191174,
  "width" : 1024,
  "manual_keyframe" : false,
  "t_00" : 0.32926863,
  "t_22" : 0.62505835,
  "t_01" : 0.6587623,
  "angular_velocity" : 3.4028235e+38,
  "t_11" : 0.059460297,
  "t_03" : -3.0538173,
  "fx" : 709.5388,
  "t_21" : -0.7499978,
  "cy" : 387.62033,
  "t_02" : 0.676472,
  "fy" : 709.5388,
  "t_20" : 0.21634568
}