{
  "t_22" : -0.76665425,
  "fx" : 706.49744,
  "cx" : 514.68,
  "height" : 768,
  "manual_keyframe" : false,
  "fy" : 706.49744,
  "width" : 1024,
  "t_03" : -5.918588,
  "t_13" : 0.08915172,
  "t_02" : 0.63851744,
  "timestamp" : 239625445113,
  "center_depth" : 7.639163,
  "cy" : 387.32864,
  "t_23" : -8.373196,
  "t_00" : 0.04662161,
  "t_21" : -0.6402009,
  "angular_velocity" : 3.4028235e+38,
  "t_20" : -0.048827484,
  "blur_score" : 1375.0164,
  "t_10" : -0.9977186,
  "t_01" : -0.76819396,
  "t_12" : 0.06735617,
  "t_11" : -0.0045654573
}