{
  "t_00" : -0.26193425,
  "t_13" : -0.11453017,
  "cx" : 514.51886,
  "t_20" : -0.20120785,
  "t_21" : 0.71313554,
  "fy" : 708.5431,
  "t_10" : -0.9438781,
  "t_12" : 0.32759118,
  "t_11" : 0.042168353,
  "center_depth" : 2.9835873,
  "t_03" : 2.6032205,
  "timestamp" : 239683002361,
  "fx" : 708.5431,
  "t_22" : -0.67153037,
  "width" : 1024,
  "t_02" : -0.6646285,
  "t_01" : -0.6997567,
  "angular_velocity" : 3.4028235e+38,
  "height" : 768,
  "t_23" : -2.0514388,
  "blur_score" : 1731.3993,
  "manual_keyframe" : false,
  "cy" : 387.35373
}