{
  "t_10" : -0.9483123,
  "t_01" : -0.91642314,
  "t_03" : -2.112206,
  "t_21" : 0.39882272,
  "fy" : 709.4182,
  "t_22" : -0.8742169,
  "t_11" : 0.033305198,
  "cx" : 514.3641,
  "t_00" : -0.1549789,
  "t_23" : -0.7149806,
  "t_12" : 0.31558618,
  "cy" : 387.32388,
  "t_13" : -0.04921329,
  "manual_keyframe" : false,
  "fx" : 709.4182,
  "angular_velocity" : 3.4028235e+38,
  "t_20" : -0.2769213,
  "blur_score" : 2218.1274,
  "t_02" : -0.36898556,
  "center_depth" : 4.4201207,
  "width" : 1024,
  "height" : 768,
  "timestamp" : 239667195806
}