{
  "blur_score" : 2417.5737,
  "t_23" : -3.7955105,
  "width" : 1024,
  "t_21" : 0.65669835,
  "t_00" : -0.19187313,
  "t_12" : 0.26545396,
  "t_11" : -0.024004545,
  "fx" : 707.4456,
  "t_02" : -0.6285012,
  "angular_velocity" : 3.4028235e+38,
  "fy" : 707.4456,
  "t_10" : -0.9638247,
  "height" : 768,
  "t_22" : 0.731109,
  "timestamp" : 239655907786,
  "t_01" : 0.7537712,
  "t_03" : -4.6775713,
  "t_13" : 0.0070033716,
  "cy" : 387.1251,
  "cx" : 514.4978,
  "t_20" : 0.18500465,
  "center_depth" : 4.923227,
  "manual_keyframe" : false
}