{
  "manual_keyframe" : false,
  "t_22" : 0.6255914,
  "t_02" : 0.7336319,
  "width" : 1024,
  "t_00" : 0.18345672,
  "height" : 768,
  "t_03" : -0.121491484,
  "t_12" : 0.26536685,
  "fy" : 707.12164,
  "t_10" : -0.96376044,
  "t_11" : -0.027316,
  "t_21" : -0.75572866,
  "t_23" : -4.8882027,
  "cy" : 387.32816,
  "t_01" : 0.65431476,
  "t_20" : 0.19367334,
  "t_13" : 0.01111138,
  "blur_score" : 3242.8816,
  "cx" : 514.5207,
  "fx" : 707.12164,
  "angular_velocity" : 3.4028235e+38,
  "timestamp" : 239600818196,
  "center_depth" : 3.2048123
}