{
  "width" : 1024,
  "angular_velocity" : 3.4028235e+38,
  "height" : 768,
  "t_20" : -0.081539355,
  "t_10" : -0.9509081,
  "blur_score" : 2272.7852,
  "timestamp" : 239669063247,
  "manual_keyframe" : false,
  "center_depth" : 4.605254,
  "fy" : 707.97296,
  "fx" : 707.97296,
  "t_12" : 0.30915108,
  "t_13" : -0.03943208,
  "t_21" : 0.97509396,
  "t_23" : -0.5505289,
  "t_03" : -1.4929211,
  "t_01" : -0.22134204,
  "cx" : 514.4548,
  "t_11" : -0.014122748,
  "t_00" : -0.29853842,
  "t_02" : -0.9283764,
  "t_22" : -0.20625976,
  "cy" : 387.44885
}