{
  "cy" : 387.29202,
  "width" : 1024,
  "angular_velocity" : 3.4028235e+38,
  "height" : 768,
  "t_11" : -0.020800784,
  "timestamp" : 239687354163,
  "t_21" : 0.9235804,
  "cx" : 514.30725,
  "manual_keyframe" : false,
  "t_00" : -0.24781857,
  "t_13" : -0.11303415,
  "center_depth" : 2.003111,
  "t_02" : -0.8899548,
  "fx" : 709.7056,
  "t_01" : -0.3828401,
  "t_03" : 2.9226787,
  "fy" : 709.7056,
  "t_12" : 0.27649188,
  "t_20" : -0.12436394,
  "t_23" : -1.0113714,
  "blur_score" : 504.577,
  "t_22" : -0.36267453,
  "t_10" : -0.9607912
}