{
  "t_10" : -0.89811563,
  "t_01" : -0.7432869,
  "t_03" : 2.6607673,
  "t_21" : 0.6687202,
  "fy" : 708.8274,
  "t_22" : -0.66238236,
  "t_11" : -0.018375013,
  "cx" : 514.1876,
  "t_00" : -0.28164783,
  "t_23" : -2.5644047,
  "cy" : 387.5069,
  "t_12" : 0.43937522,
  "t_13" : -0.14655034,
  "manual_keyframe" : false,
  "fx" : 708.8274,
  "angular_velocity" : 3.4028235e+38,
  "t_20" : -0.33773175,
  "blur_score" : 1560.901,
  "t_02" : -0.60679406,
  "center_depth" : 2.1962736,
  "width" : 1024,
  "height" : 768,
  "timestamp" : 239681218288
}