{
  "t_13" : -0.046702586,
  "blur_score" : 2479.559,
  "center_depth" : 4.4556823,
  "height" : 768,
  "t_12" : 0.2908108,
  "t_23" : -6.3531685,
  "cx" : 514.4103,
  "timestamp" : 239611339243,
  "t_10" : -0.9561929,
  "width" : 1024,
  "manual_keyframe" : false,
  "t_00" : 0.22416225,
  "t_22" : 0.6986278,
  "t_01" : 0.7227745,
  "angular_velocity" : 3.4028235e+38,
  "t_11" : 0.03352895,
  "t_03" : -3.15429,
  "fx" : 708.55414,
  "t_21" : -0.69027007,
  "cy" : 387.67023,
  "fy" : 708.55414,
  "t_02" : 0.65371877,
  "t_20" : 0.18827213
}