{
  "t_10" : -0.93847513,
  "t_01" : -0.98740196,
  "t_03" : 2.6686957,
  "t_21" : 0.15120463,
  "fy" : 710.03754,
  "t_22" : -0.9262535,
  "t_11" : -0.04663047,
  "cx" : 514.3611,
  "t_00" : -0.008548235,
  "t_23" : -0.563568,
  "t_12" : 0.34218445,
  "cy" : 387.07306,
  "t_13" : -0.13179877,
  "manual_keyframe" : false,
  "fx" : 710.03754,
  "angular_velocity" : 3.4028235e+38,
  "t_20" : -0.34524128,
  "blur_score" : 950.92285,
  "t_02" : -0.15800051,
  "center_depth" : 1.4585778,
  "width" : 1024,
  "height" : 768,
  "timestamp" : 239689004847
}