{
  "blur_score" : 1176.6715,
  "t_23" : -4.2253847,
  "width" : 1024,
  "t_21" : 0.49296877,
  "t_00" : 0.007787302,
  "t_12" : 0.057627067,
  "t_11" : -0.041740086,
  "fx" : 709.1371,
  "t_02" : -0.49467143,
  "angular_velocity" : 3.4028235e+38,
  "fy" : 709.1371,
  "t_10" : -0.99746525,
  "height" : 768,
  "t_22" : -0.86716753,
  "timestamp" : 239651972816,
  "t_01" : -0.8690452,
  "t_03" : -5.50857,
  "t_13" : 0.039265394,
  "cy" : 387.0527,
  "cx" : 514.59326,
  "t_20" : -0.07072815,
  "center_depth" : 5.451266,
  "manual_keyframe" : false
}