{
  "manual_keyframe" : false,
  "t_22" : 0.9561917,
  "t_02" : -0.058103185,
  "width" : 1024,
  "t_00" : -0.02676463,
  "height" : 768,
  "t_03" : -1.9646266,
  "t_12" : 0.2869174,
  "fy" : 709.12915,
  "t_10" : -0.9579132,
  "t_11" : -0.008985784,
  "t_21" : 0.06333703,
  "t_23" : -6.3783174,
  "t_01" : 0.9979518,
  "cy" : 387.44028,
  "t_20" : 0.2858076,
  "t_13" : -0.025240334,
  "blur_score" : 2480.3313,
  "fx" : 709.12915,
  "cx" : 514.58386,
  "angular_velocity" : 3.4028235e+38,
  "timestamp" : 239607104146,
  "center_depth" : 3.307739
}