{
  "width" : 1024,
  "angular_velocity" : 3.4028235e+38,
  "height" : 768,
  "t_20" : 0.08520879,
  "t_10" : -0.97275794,
  "blur_score" : 3224.8735,
  "timestamp" : 239657925290,
  "manual_keyframe" : false,
  "center_depth" : 5.0764174,
  "fy" : 707.066,
  "fx" : 707.066,
  "t_12" : 0.23111203,
  "t_13" : -0.012542086,
  "t_21" : 0.95512986,
  "t_23" : -3.5553448,
  "t_03" : -4.55496,
  "t_01" : 0.295631,
  "cx" : 514.5601,
  "t_11" : 0.018143004,
  "t_00" : -0.21559545,
  "t_02" : -0.93065614,
  "t_22" : 0.2836659,
  "cy" : 387.39175
}