{
  "cy" : 387.4898,
  "width" : 1024,
  "angular_velocity" : 3.4028235e+38,
  "height" : 768,
  "t_11" : 0.042078804,
  "timestamp" : 239680651386,
  "t_21" : 0.8300264,
  "cx" : 514.3559,
  "manual_keyframe" : false,
  "t_00" : -0.43929404,
  "t_13" : -0.1707261,
  "center_depth" : 2.064261,
  "t_02" : -0.70550346,
  "fx" : 708.60657,
  "t_01" : -0.55613446,
  "t_03" : 2.6184137,
  "fy" : 708.60657,
  "t_12" : 0.50399387,
  "t_20" : -0.25060162,
  "t_23" : -2.7150955,
  "blur_score" : 2067.6982,
  "t_22" : -0.49825194,
  "t_10" : -0.8626817
}