{
  "manual_keyframe" : false,
  "fy" : 708.31757,
  "t_20" : -0.02434036,
  "t_03" : -0.5020049,
  "cy" : 387.28882,
  "t_11" : -0.022312036,
  "t_02" : 0.9505197,
  "t_13" : 0.17052662,
  "blur_score" : 654.21136,
  "t_21" : -0.96701497,
  "cx" : 514.6349,
  "t_00" : -0.17924416,
  "t_01" : 0.25374028,
  "angular_velocity" : 3.4028235e+38,
  "t_10" : -0.9835035,
  "width" : 1024,
  "t_22" : 0.25355378,
  "timestamp" : 239698842251,
  "t_23" : 1.8082526,
  "height" : 768,
  "t_12" : -0.17950793,
  "fx" : 708.31757,
  "center_depth" : 4.295469
}