{
  "cx" : 514.3627,
  "center_depth" : 3.2231452,
  "height" : 768,
  "fx" : 708.8639,
  "t_13" : -0.079479694,
  "timestamp" : 239681718496,
  "manual_keyframe" : false,
  "width" : 1024,
  "t_03" : 2.7017062,
  "t_02" : -0.58238703,
  "angular_velocity" : 3.4028235e+38,
  "t_12" : 0.25494146,
  "fy" : 708.8639,
  "t_00" : -0.11628453,
  "cy" : 387.22403,
  "t_21" : 0.5921802,
  "t_22" : -0.7719005,
  "t_23" : -2.4048424,
  "blur_score" : 1263.1105,
  "t_10" : -0.96591187,
  "t_20" : -0.23128416,
  "t_11" : -0.04493681,
  "t_01" : -0.8045516
}