{
  "t_00" : 0.13644661,
  "fx" : 707.1486,
  "t_20" : -0.072116524,
  "width" : 1024,
  "t_13" : 0.051012136,
  "t_03" : -4.9650626,
  "t_02" : 0.8062073,
  "blur_score" : 1593.474,
  "height" : 768,
  "t_10" : -0.98801905,
  "center_depth" : 9.301643,
  "t_21" : -0.81743157,
  "fy" : 707.1486,
  "t_01" : -0.57568413,
  "angular_velocity" : 3.4028235e+38,
  "timestamp" : 239620342991,
  "manual_keyframe" : false,
  "cy" : 387.3353,
  "cx" : 514.697,
  "t_11" : -0.019837504,
  "t_22" : -0.5714936,
  "t_23" : -8.489857,
  "t_12" : 0.15305209
}