{
  "cx" : 514.5532,
  "center_depth" : 3.7915297,
  "height" : 768,
  "fx" : 708.2556,
  "t_13" : 0.091242045,
  "timestamp" : 239698275350,
  "manual_keyframe" : false,
  "width" : 1024,
  "t_03" : -0.2657492,
  "t_02" : 0.98956037,
  "angular_velocity" : 3.4028235e+38,
  "t_12" : -0.040014897,
  "t_00" : -0.039861143,
  "fy" : 708.2556,
  "cy" : 387.35034,
  "t_21" : -0.9903614,
  "t_22" : 0.13845189,
  "t_23" : 1.7194554,
  "blur_score" : 685.05096,
  "t_10" : -0.99919766,
  "t_20" : -0.003884221,
  "t_11" : -0.0016751797,
  "t_01" : 0.13849625
}