{
  "cx" : 514.60345,
  "center_depth" : 2.3269749,
  "height" : 768,
  "fx" : 707.75696,
  "t_13" : 0.006778878,
  "timestamp" : 239670630565,
  "manual_keyframe" : false,
  "width" : 1024,
  "t_03" : -1.0946991,
  "t_02" : -0.95068747,
  "angular_velocity" : 3.4028235e+38,
  "t_12" : 0.13408594,
  "fy" : 707.75696,
  "t_00" : -0.1409056,
  "cy" : 387.06223,
  "t_21" : 0.9600869,
  "t_22" : 0.27966845,
  "t_23" : -0.6979589,
  "blur_score" : 2439.2043,
  "t_10" : -0.9900136,
  "t_20" : -0.004327617,
  "t_11" : -0.04352106,
  "t_01" : 0.27629524
}