{
  "t_20" : -0.49894494,
  "t_21" : -0.49375704,
  "cx" : 513.8053,
  "center_depth" : 3.4042368,
  "fx" : 708.5875,
  "manual_keyframe" : false,
  "width" : 1024,
  "t_11" : -0.019047279,
  "t_23" : -4.312863,
  "t_22" : -0.71222043,
  "t_01" : -0.8693912,
  "t_13" : -0.1269245,
  "t_03" : -5.90203,
  "t_00" : 0.3011714,
  "angular_velocity" : 3.4028235e+38,
  "height" : 768,
  "timestamp" : 239645920299,
  "cy" : 387.31778,
  "t_10" : -0.81261915,
  "blur_score" : 541.46967,
  "t_12" : 0.5824838,
  "fy" : 708.5875,
  "t_02" : 0.3917329
}