{
  "cx" : 514.55054,
  "center_depth" : 5.437832,
  "height" : 768,
  "fx" : 707.0867,
  "t_13" : 0.015991164,
  "timestamp" : 239656858180,
  "manual_keyframe" : false,
  "width" : 1024,
  "t_03" : -4.709656,
  "t_02" : -0.5196323,
  "angular_velocity" : 3.4028235e+38,
  "t_12" : 0.19660476,
  "fy" : 707.0867,
  "t_00" : -0.1212211,
  "cy" : 387.37225,
  "t_21" : 0.5332202,
  "t_22" : 0.8314619,
  "t_23" : -3.7339041,
  "blur_score" : 2699.0625,
  "t_10" : -0.98028475,
  "t_20" : 0.15603632,
  "t_11" : -0.019709226,
  "t_01" : 0.8457468
}