{
  "t_13" : -0.020844132,
  "blur_score" : 3064.61,
  "center_depth" : 2.2969384,
  "height" : 768,
  "t_12" : 0.28968543,
  "t_23" : -5.1108627,
  "cx" : 514.38947,
  "timestamp" : 239602135411,
  "t_10" : -0.95708764,
  "width" : 1024,
  "manual_keyframe" : false,
  "t_00" : 0.19373181,
  "t_22" : 0.7301904,
  "t_01" : 0.76129085,
  "angular_velocity" : 3.4028235e+38,
  "t_11" : 0.008095654,
  "fx" : 707.9919,
  "t_03" : -0.46365434,
  "t_21" : -0.64835995,
  "cy" : 387.55127,
  "fy" : 707.9919,
  "t_02" : 0.61879253,
  "t_20" : 0.21552533
}