{
  "manual_keyframe" : false,
  "fy" : 707.4313,
  "t_20" : 0.0078017395,
  "t_03" : 0.4664923,
  "cy" : 387.407,
  "t_11" : 0.0005625154,
  "t_02" : -0.8954834,
  "t_13" : -0.0955858,
  "blur_score" : 4770.9155,
  "t_21" : 0.99986523,
  "cx" : 514.2495,
  "t_00" : -0.44479263,
  "t_01" : 0.01640516,
  "angular_velocity" : 3.4028235e+38,
  "t_10" : -0.89559966,
  "width" : 1024,
  "t_22" : 0.014442263,
  "timestamp" : 239675315841,
  "t_23" : -2.4191415,
  "height" : 768,
  "t_12" : 0.4448607,
  "fx" : 707.4313,
  "center_depth" : 3.1788101
}