{
  "cy" : 387.08057,
  "width" : 1024,
  "angular_velocity" : 3.4028235e+38,
  "height" : 768,
  "t_11" : -0.05082372,
  "timestamp" : 239671897757,
  "t_21" : 0.94794434,
  "cx" : 514.592,
  "manual_keyframe" : false,
  "t_00" : -0.29584515,
  "t_13" : -0.056859873,
  "center_depth" : 4.829976,
  "t_02" : -0.9020295,
  "fx" : 707.42017,
  "t_01" : 0.314354,
  "t_03" : -0.622151,
  "fy" : 707.42017,
  "t_12" : 0.29520503,
  "t_20" : 0.046954412,
  "t_23" : -1.1495138,
  "blur_score" : 3031.09,
  "t_22" : 0.31495526,
  "t_10" : -0.9540813
}