{
  "t_20" : -0.14386977,
  "t_21" : 0.8153551,
  "cx" : 514.41595,
  "center_depth" : 4.723574,
  "fx" : 708.3366,
  "manual_keyframe" : false,
  "width" : 1024,
  "t_11" : 0.037017282,
  "t_23" : -0.5606155,
  "t_22" : -0.5608007,
  "t_01" : -0.57777643,
  "t_13" : -0.037439503,
  "t_03" : -1.6764692,
  "t_00" : -0.26413018,
  "angular_velocity" : 3.4028235e+38,
  "height" : 768,
  "timestamp" : 239668429651,
  "cy" : 387.51044,
  "t_10" : -0.9536963,
  "blur_score" : 2705.4248,
  "fy" : 708.3366,
  "t_12" : 0.29848447,
  "t_02" : -0.77227557
}