{
  "t_20" : 0.15000643,
  "t_21" : -0.7228342,
  "t_10" : -0.97683215,
  "fy" : 707.9919,
  "fx" : 707.9919,
  "t_23" : -8.534374,
  "t_22" : 0.67454344,
  "angular_velocity" : 3.4028235e+38,
  "blur_score" : 2719.4595,
  "center_depth" : 2.2418227,
  "width" : 1024,
  "timestamp" : 239617158332,
  "t_13" : 0.026007874,
  "t_03" : -4.248935,
  "cx" : 514.4279,
  "manual_keyframe" : false,
  "t_00" : 0.15263377,
  "cy" : 387.17294,
  "t_01" : 0.69101477,
  "t_11" : -0.0030277364,
  "height" : 768,
  "t_02" : 0.7065419,
  "t_12" : 0.2139856
}