{
  "t_00" : -0.30901235,
  "t_13" : -0.089757174,
  "cx" : 514.5391,
  "t_20" : -0.13241231,
  "t_21" : 0.92765474,
  "fy" : 708.28577,
  "t_11" : -0.007922948,
  "t_10" : -0.94179523,
  "t_12" : 0.33609357,
  "center_depth" : 2.330134,
  "t_03" : 2.4637523,
  "timestamp" : 239680101158,
  "fx" : 708.28577,
  "t_22" : -0.34917516,
  "width" : 1024,
  "t_02" : -0.8747101,
  "t_01" : -0.37335443,
  "angular_velocity" : 3.4028235e+38,
  "height" : 768,
  "t_23" : -2.8416257,
  "blur_score" : 2324.669,
  "manual_keyframe" : false,
  "cy" : 387.36124
}