{
  "t_00" : 0.0024094412,
  "t_02" : -0.010509229,
  "height" : 768,
  "t_11" : -0.0034545031,
  "width" : 1024,
  "t_01" : -0.9999419,
  "cy" : 387.37003,
  "t_12" : 0.1005874,
  "fx" : 706.5832,
  "cx" : 514.57635,
  "t_20" : -0.100617856,
  "t_21" : 0.010213518,
  "angular_velocity" : 3.4028235e+38,
  "timestamp" : 239624244614,
  "fy" : 706.5832,
  "t_10" : -0.9949223,
  "t_23" : -8.612822,
  "center_depth" : 6.315857,
  "manual_keyframe" : false,
  "t_22" : -0.99487275,
  "t_03" : -5.5676174,
  "blur_score" : 1299.5741,
  "t_13" : 0.089432
}