{
  "cy" : 387.20804,
  "width" : 1024,
  "angular_velocity" : 3.4028235e+38,
  "height" : 768,
  "t_11" : -0.05907378,
  "timestamp" : 239671597633,
  "t_21" : 0.94660383,
  "cx" : 514.58734,
  "manual_keyframe" : false,
  "t_00" : -0.21436922,
  "t_13" : -0.04029162,
  "center_depth" : 4.042894,
  "t_02" : -0.92390186,
  "fx" : 707.37415,
  "t_01" : 0.31694043,
  "t_03" : -0.7481202,
  "fy" : 707.37415,
  "t_12" : 0.2063531,
  "t_20" : 0.010823267,
  "t_23" : -1.0496403,
  "blur_score" : 2757.4907,
  "t_22" : 0.32221702,
  "t_10" : -0.9766928
}