{
  "t_20" : 0.42517138,
  "t_21" : -0.039787855,
  "t_10" : -0.9019649,
  "fx" : 708.2937,
  "fy" : 708.2937,
  "t_23" : -6.450821,
  "t_22" : 0.9042379,
  "angular_velocity" : 3.4028235e+38,
  "blur_score" : 2502.3206,
  "center_depth" : 2.6332302,
  "width" : 1024,
  "timestamp" : 239609688555,
  "t_13" : -0.09482724,
  "t_03" : -2.7273545,
  "cx" : 514.312,
  "manual_keyframe" : false,
  "t_00" : 0.07542368,
  "cy" : 387.57596,
  "t_01" : 0.997116,
  "t_11" : 0.06462503,
  "height" : 768,
  "t_02" : 0.008410516,
  "t_12" : 0.42694622
}