{
  "t_00" : 0.21656093,
  "fx" : 707.9682,
  "t_20" : -0.10590072,
  "width" : 1024,
  "t_13" : 0.028589586,
  "t_03" : -4.7444496,
  "t_02" : 0.87291074,
  "blur_score" : 1862.1787,
  "height" : 768,
  "t_10" : -0.9705084,
  "center_depth" : 5.1166134,
  "t_21" : -0.8993727,
  "fy" : 707.9682,
  "t_01" : -0.43718237,
  "angular_velocity" : 3.4028235e+38,
  "timestamp" : 239619475963,
  "manual_keyframe" : false,
  "cy" : 387.28928,
  "cx" : 514.52295,
  "t_11" : 0.0005848372,
  "t_22" : -0.4241625,
  "t_23" : -8.58349,
  "t_12" : 0.24106692
}