{
  "manual_keyframe" : false,
  "t_22" : 0.90871,
  "t_02" : -0.025741179,
  "width" : 1024,
  "t_00" : 0.01898321,
  "height" : 768,
  "t_03" : -2.296141,
  "t_12" : 0.4166338,
  "fy" : 708.5812,
  "t_10" : -0.90864354,
  "t_11" : 0.02798793,
  "t_21" : 0.015480493,
  "t_23" : -6.5135355,
  "t_01" : 0.9994884,
  "cy" : 387.33224,
  "t_20" : 0.4171411,
  "t_13" : -0.107823566,
  "blur_score" : 3311.3235,
  "fx" : 708.5812,
  "cx" : 514.277,
  "angular_velocity" : 3.4028235e+38,
  "timestamp" : 239608271299,
  "center_depth" : 2.606643
}