{
  "cy" : 387.33255,
  "width" : 1024,
  "angular_velocity" : 3.4028235e+38,
  "height" : 768,
  "t_11" : -0.020287642,
  "timestamp" : 239693740141,
  "t_21" : -0.9897171,
  "cx" : 514.6948,
  "manual_keyframe" : false,
  "t_00" : 0.009971989,
  "t_13" : 0.013037934,
  "center_depth" : 5.2853565,
  "t_02" : 0.9898749,
  "fx" : 707.7013,
  "t_01" : -0.14159119,
  "t_03" : 1.3837769,
  "fy" : 707.7013,
  "t_12" : 0.007169722,
  "t_20" : 0.019067062,
  "t_23" : 0.58568543,
  "blur_score" : 1053.5859,
  "t_22" : -0.14176077,
  "t_10" : -0.99976844
}