{
  "t_13" : -0.0050099827,
  "blur_score" : 2213.562,
  "center_depth" : 1.9336638,
  "height" : 768,
  "t_12" : 0.21026425,
  "t_23" : -6.1171975,
  "cx" : 514.4538,
  "timestamp" : 239606253792,
  "t_10" : -0.9774888,
  "width" : 1024,
  "manual_keyframe" : false,
  "t_00" : -0.004902532,
  "t_22" : 0.9719539,
  "t_01" : 0.9944251,
  "angular_velocity" : 3.4028235e+38,
  "t_11" : 0.017452398,
  "fx" : 709.1593,
  "t_03" : -1.7183222,
  "t_21" : 0.10399037,
  "cy" : 387.33023,
  "fy" : 709.1593,
  "t_02" : -0.10533068,
  "t_20" : 0.21093033
}