{
  "t_13" : 0.030368969,
  "blur_score" : 2542.7986,
  "center_depth" : 3.1176772,
  "height" : 768,
  "t_12" : 0.13244842,
  "t_23" : -5.3147416,
  "cx" : 514.6058,
  "timestamp" : 239603519321,
  "t_10" : -0.9911786,
  "width" : 1024,
  "manual_keyframe" : false,
  "t_00" : 0.0042072837,
  "t_22" : 0.9911812,
  "t_01" : 0.99998254,
  "angular_velocity" : 3.4028235e+38,
  "t_11" : 0.0047178078,
  "t_03" : -0.87141955,
  "fx" : 707.7347,
  "t_21" : 0.0035403883,
  "cy" : 387.4947,
  "t_02" : -0.0041341167,
  "fy" : 707.7347,
  "t_20" : 0.13246563
}