{
  "t_02" : -0.36773083,
  "t_10" : -0.92005485,
  "blur_score" : 1195.2203,
  "angular_velocity" : 3.4028235e+38,
  "fy" : 706.79126,
  "t_12" : 0.3917408,
  "cy" : 387.6055,
  "t_11" : -0.006202423,
  "t_22" : -0.843394,
  "center_depth" : 2.0912223,
  "height" : 768,
  "cx" : 514.45447,
  "t_23" : -4.6735554,
  "t_01" : -0.9176918,
  "t_00" : -0.1503859,
  "t_21" : 0.3972448,
  "t_13" : -0.06451717,
  "fx" : 706.79126,
  "t_03" : -5.975413,
  "timestamp" : 239644152897,
  "t_20" : -0.36177808,
  "width" : 1024,
  "manual_keyframe" : false
}