{
  "width" : 1024,
  "angular_velocity" : 3.4028235e+38,
  "height" : 768,
  "t_20" : 0.06308787,
  "t_10" : -0.94692755,
  "blur_score" : 2846.1594,
  "timestamp" : 239654773981,
  "manual_keyframe" : false,
  "center_depth" : 4.193052,
  "fy" : 707.42175,
  "fx" : 707.42175,
  "t_12" : 0.32141492,
  "t_13" : -0.033781458,
  "t_21" : 0.97781914,
  "t_23" : -3.9122894,
  "t_03" : -4.7352047,
  "t_01" : 0.2094011,
  "cx" : 514.2844,
  "t_11" : -0.0045555388,
  "t_00" : -0.31519553,
  "t_02" : -0.92563653,
  "t_22" : 0.19972357,
  "cy" : 387.36536
}