{
  "t_10" : -0.96241957,
  "t_01" : -0.36803102,
  "t_03" : -4.2260475,
  "t_21" : 0.92980754,
  "fy" : 707.13434,
  "t_22" : -0.35336336,
  "cx" : 514.5282,
  "t_11" : -0.0033301949,
  "t_00" : -0.2513094,
  "t_23" : -3.229997,
  "cy" : 387.33908,
  "t_12" : 0.2715467,
  "t_13" : -0.01218993,
  "manual_keyframe" : false,
  "fx" : 707.13434,
  "angular_velocity" : 3.4028235e+38,
  "t_20" : -0.10291881,
  "blur_score" : 3305.5007,
  "t_02" : -0.8952077,
  "center_depth" : 4.707755,
  "width" : 1024,
  "height" : 768,
  "timestamp" : 239659225830
}