{
  "width" : 1024,
  "angular_velocity" : 3.4028235e+38,
  "height" : 768,
  "t_20" : 0.004879564,
  "t_10" : -0.96921885,
  "blur_score" : 3373.8655,
  "timestamp" : 239658375477,
  "manual_keyframe" : false,
  "center_depth" : 4.410444,
  "fy" : 707.1518,
  "fx" : 707.1518,
  "t_13" : -0.022332663,
  "t_12" : 0.24619502,
  "t_21" : 0.9999126,
  "t_23" : -3.448249,
  "t_03" : -4.4684415,
  "t_01" : 0.013111515,
  "t_00" : -0.24615254,
  "cx" : 514.53827,
  "t_11" : 0.0017041579,
  "t_02" : -0.9691425,
  "t_22" : 0.012288455,
  "cy" : 387.41235
}