{
  "t_10" : -0.93485737,
  "t_01" : -0.68738985,
  "t_03" : -5.2535477,
  "t_21" : 0.72593176,
  "fy" : 707.9046,
  "t_22" : -0.6488028,
  "t_11" : 0.0227653,
  "cx" : 514.5789,
  "t_00" : -0.27196273,
  "t_23" : -3.9912946,
  "cy" : 387.5587,
  "t_12" : 0.354293,
  "t_13" : -0.06932341,
  "manual_keyframe" : false,
  "fx" : 707.9046,
  "angular_velocity" : 3.4028235e+38,
  "t_20" : -0.22820619,
  "blur_score" : 1512.8069,
  "t_02" : -0.67344743,
  "center_depth" : 3.8791802,
  "width" : 1024,
  "height" : 768,
  "timestamp" : 239653089947
}