{
  "t_10" : -0.9765985,
  "t_01" : 0.23885436,
  "t_03" : -0.36269832,
  "t_21" : 0.970501,
  "fy" : 707.4075,
  "t_22" : 0.24029039,
  "t_11" : -0.032804064,
  "cx" : 514.58167,
  "t_00" : -0.21416645,
  "t_23" : -1.5674942,
  "cy" : 387.3076,
  "t_12" : 0.21255404,
  "t_13" : -0.040526252,
  "manual_keyframe" : false,
  "fx" : 707.4075,
  "angular_velocity" : 3.4028235e+38,
  "t_20" : 0.019699302,
  "blur_score" : 2529.3464,
  "t_02" : -0.9471437,
  "center_depth" : 5.4461255,
  "width" : 1024,
  "height" : 768,
  "timestamp" : 239673031561
}