{
  "t_20" : 0.2498991,
  "t_21" : 0.022357617,
  "t_10" : -0.96823364,
  "fy" : 709.1831,
  "fx" : 709.1831,
  "t_23" : -6.2404575,
  "t_22" : 0.9680138,
  "angular_velocity" : 3.4028235e+38,
  "blur_score" : 2344.8374,
  "center_depth" : 3.430683,
  "width" : 1024,
  "timestamp" : 239606703980,
  "t_13" : -0.024392964,
  "t_03" : -1.8548334,
  "cx" : 514.6195,
  "manual_keyframe" : false,
  "t_00" : 0.008609254,
  "cy" : 387.47885,
  "t_01" : 0.9996426,
  "t_11" : 0.014658989,
  "height" : 768,
  "t_02" : -0.025310678,
  "t_12" : 0.24961731
}