{
  "t_13" : -0.04559186,
  "blur_score" : 3698.3186,
  "center_depth" : 1.9650311,
  "height" : 768,
  "t_12" : 0.38501486,
  "t_23" : -4.9391255,
  "cx" : 514.4073,
  "timestamp" : 239601301731,
  "t_10" : -0.9227103,
  "width" : 1024,
  "manual_keyframe" : false,
  "t_00" : 0.27353093,
  "t_22" : 0.6139969,
  "t_01" : 0.67112553,
  "angular_velocity" : 3.4028235e+38,
  "t_11" : -0.019220693,
  "fx" : 707.42334,
  "t_03" : -0.21382158,
  "t_21" : -0.7410944,
  "cy" : 387.27808,
  "fy" : 707.42334,
  "t_02" : 0.6890366,
  "t_20" : 0.27163705
}