{
  "cy" : 387.11905,
  "width" : 1024,
  "angular_velocity" : 3.4028235e+38,
  "height" : 768,
  "t_11" : -0.020659303,
  "timestamp" : 239672247902,
  "t_21" : 0.9471164,
  "cx" : 514.39185,
  "manual_keyframe" : false,
  "t_00" : -0.33566102,
  "t_13" : -0.08369646,
  "center_depth" : 3.9811208,
  "t_02" : -0.88588256,
  "fx" : 707.4487,
  "t_01" : 0.32022446,
  "t_03" : -0.5355163,
  "fy" : 707.4487,
  "t_12" : 0.34770432,
  "t_20" : 0.09304173,
  "t_23" : -1.2515804,
  "blur_score" : 2959.54,
  "t_22" : 0.30710548,
  "t_10" : -0.9373767
}