{
  "t_20" : 0.23756564,
  "t_21" : -0.33915937,
  "t_10" : -0.9694226,
  "fy" : 707.41705,
  "fx" : 707.41705,
  "t_23" : -8.346486,
  "t_22" : 0.91023827,
  "angular_velocity" : 3.4028235e+38,
  "blur_score" : 3174.816,
  "center_depth" : 2.743247,
  "width" : 1024,
  "timestamp" : 239616408020,
  "t_13" : -0.019061286,
  "t_03" : -4.129913,
  "cx" : 514.5825,
  "manual_keyframe" : false,
  "t_00" : 0.061502732,
  "cy" : 387.44986,
  "t_01" : 0.9404366,
  "t_11" : -0.02345025,
  "height" : 768,
  "t_02" : 0.33435974,
  "t_12" : 0.24427466
}