{
  "t_20" : -0.034563754,
  "t_21" : 0.42333707,
  "cx" : 514.45734,
  "center_depth" : 4.295428,
  "fx" : 707.6918,
  "manual_keyframe" : false,
  "width" : 1024,
  "t_11" : -0.049760748,
  "t_23" : -6.0230455,
  "t_22" : -0.9053127,
  "t_01" : -0.9046046,
  "t_13" : 0.18519172,
  "t_03" : -8.215717,
  "t_00" : 0.038758904,
  "angular_velocity" : 3.4028235e+38,
  "height" : 768,
  "timestamp" : 239635499297,
  "cy" : 387.0261,
  "t_10" : -0.9986507,
  "blur_score" : 887.503,
  "t_12" : 0.014858453,
  "fy" : 707.6918,
  "t_02" : -0.42448577
}