{
  "t_20" : 0.24564499,
  "t_21" : -0.4570481,
  "t_10" : -0.96065086,
  "fy" : 707.4552,
  "fx" : 707.4552,
  "t_23" : -8.450024,
  "t_22" : 0.8548484,
  "angular_velocity" : 3.4028235e+38,
  "blur_score" : 2842.989,
  "center_depth" : 2.5302198,
  "width" : 1024,
  "timestamp" : 239616658124,
  "cx" : 514.63367,
  "t_03" : -4.154732,
  "t_13" : -0.0069350637,
  "manual_keyframe" : false,
  "t_00" : 0.12964796,
  "cy" : 387.33966,
  "t_01" : 0.8894363,
  "t_11" : 0.003166649,
  "height" : 768,
  "t_02" : 0.43828577,
  "t_12" : 0.27774096
}