{
  "cy" : 387.2625,
  "width" : 1024,
  "angular_velocity" : 3.4028235e+38,
  "height" : 768,
  "t_11" : -0.009211544,
  "timestamp" : 239692206173,
  "t_21" : -0.84466225,
  "cx" : 514.45996,
  "manual_keyframe" : false,
  "t_00" : 0.26017857,
  "t_13" : -0.10450176,
  "center_depth" : 4.262213,
  "t_02" : 0.8036457,
  "fx" : 708.2699,
  "t_01" : -0.5352204,
  "t_03" : 1.8264139,
  "fy" : 708.2699,
  "t_12" : 0.30243734,
  "t_20" : -0.1544678,
  "t_23" : 0.26577216,
  "blur_score" : 2052.2195,
  "t_22" : -0.5125286,
  "t_10" : -0.9531248
}