{
  "t_00" : 0.16048151,
  "t_13" : -0.13653636,
  "cx" : 514.41565,
  "t_20" : -0.25338432,
  "t_21" : -0.53804433,
  "fy" : 709.9915,
  "t_10" : -0.9539612,
  "t_11" : 0.0011107619,
  "t_12" : 0.29992783,
  "center_depth" : 4.3085093,
  "t_03" : 2.2404387,
  "timestamp" : 239690955655,
  "fx" : 709.9915,
  "t_22" : -0.8039306,
  "width" : 1024,
  "t_02" : 0.51355493,
  "t_01" : -0.8429156,
  "angular_velocity" : 3.4028235e+38,
  "height" : 768,
  "t_23" : 0.0019049825,
  "blur_score" : 1642.3846,
  "manual_keyframe" : false,
  "cy" : 387.5251
}