{
  "t_00" : 0.0503648,
  "t_02" : 0.76180124,
  "height" : 768,
  "t_11" : -0.047531195,
  "width" : 1024,
  "t_01" : -0.6458501,
  "cy" : 387.25558,
  "t_12" : 0.025719529,
  "cx" : 514.63947,
  "fx" : 706.54663,
  "t_20" : 0.019598363,
  "t_21" : -0.7619833,
  "angular_velocity" : 3.4028235e+38,
  "timestamp" : 239628863202,
  "fy" : 706.54663,
  "t_10" : -0.9985387,
  "t_23" : -7.0344977,
  "center_depth" : 5.972881,
  "manual_keyframe" : false,
  "t_22" : -0.6473002,
  "t_03" : -6.8964496,
  "blur_score" : 2086.1462,
  "t_13" : 0.120581254
}