{
  "t_10" : -0.95647395,
  "t_01" : -0.1797618,
  "t_03" : 1.2856201,
  "t_21" : 0.98265445,
  "fy" : 707.4107,
  "t_22" : -0.15936255,
  "cx" : 514.5106,
  "t_11" : -0.04556488,
  "t_00" : -0.27597788,
  "t_23" : -2.7633917,
  "t_12" : 0.2882389,
  "cy" : 387.11874,
  "t_13" : -0.049002457,
  "manual_keyframe" : false,
  "fx" : 707.4107,
  "angular_velocity" : 3.4028235e+38,
  "t_20" : -0.0948369,
  "blur_score" : 3447.8574,
  "t_02" : -0.94420457,
  "center_depth" : 3.5904987,
  "width" : 1024,
  "height" : 768,
  "timestamp" : 239676883158
}