{
  "cx" : 514.5607,
  "center_depth" : 5.1530175,
  "height" : 768,
  "fx" : 707.1502,
  "t_13" : 0.001858378,
  "timestamp" : 239657458430,
  "manual_keyframe" : false,
  "width" : 1024,
  "t_03" : -4.6323185,
  "t_02" : -0.772731,
  "angular_velocity" : 3.4028235e+38,
  "t_12" : 0.20118114,
  "fy" : 707.1502,
  "t_00" : -0.1562099,
  "cy" : 387.3109,
  "t_21" : 0.7883521,
  "t_22" : 0.6020073,
  "t_23" : -3.6483781,
  "blur_score" : 2141.0454,
  "t_10" : -0.97954595,
  "t_20" : 0.12683888,
  "t_11" : 0.00397283,
  "t_01" : 0.6152114
}