{
  "width" : 1024,
  "angular_velocity" : 3.4028235e+38,
  "height" : 768,
  "t_20" : 0.12883247,
  "t_10" : -0.98709625,
  "blur_score" : 547.4673,
  "timestamp" : 239651239178,
  "manual_keyframe" : false,
  "center_depth" : 2.1183777,
  "fy" : 709.4547,
  "fx" : 709.4547,
  "t_13" : 0.11707507,
  "t_12" : -0.14828971,
  "t_21" : 0.25028396,
  "t_23" : -4.329078,
  "t_03" : -5.6927176,
  "t_01" : -0.96628493,
  "t_00" : 0.09509508,
  "cx" : 514.42725,
  "t_11" : -0.060423937,
  "t_02" : -0.23926982,
  "t_22" : -0.95956236,
  "cy" : 386.85233
}