{
  "t_00" : 0.19275951,
  "t_02" : 0.8218665,
  "height" : 768,
  "t_11" : -0.014989046,
  "width" : 1024,
  "t_01" : -0.53607774,
  "cy" : 387.3398,
  "t_12" : 0.2190393,
  "cx" : 514.58673,
  "fx" : 707.3916,
  "t_20" : -0.105103105,
  "t_21" : -0.84403557,
  "angular_velocity" : 3.4028235e+38,
  "timestamp" : 239620026192,
  "fy" : 707.3916,
  "t_10" : -0.97560096,
  "t_23" : -8.54542,
  "center_depth" : 6.2322497,
  "manual_keyframe" : false,
  "t_22" : -0.52588725,
  "t_03" : -4.844561,
  "blur_score" : 1499.3356,
  "t_13" : 0.028994413
}