{
  "cy" : 387.2579,
  "width" : 1024,
  "angular_velocity" : 3.4028235e+38,
  "height" : 768,
  "t_11" : 0.019095663,
  "timestamp" : 239697341631,
  "t_21" : -0.9995141,
  "cx" : 514.60175,
  "manual_keyframe" : false,
  "t_00" : 0.30331188,
  "t_13" : -0.03597206,
  "center_depth" : 3.0632455,
  "t_02" : 0.9525729,
  "fx" : 708.3001,
  "t_01" : -0.024637071,
  "t_03" : 0.12092921,
  "fy" : 708.3001,
  "t_12" : 0.30379704,
  "t_20" : -0.025674684,
  "t_23" : 1.5653443,
  "blur_score" : 1286.4003,
  "t_22" : -0.017676,
  "t_10" : -0.95254546
}