{
  "cx" : 514.4968,
  "center_depth" : 3.6175506,
  "height" : 768,
  "fx" : 707.69653,
  "t_13" : -0.010280389,
  "timestamp" : 239670230399,
  "manual_keyframe" : false,
  "width" : 1024,
  "t_03" : -1.2062455,
  "t_02" : -0.94152004,
  "angular_velocity" : 3.4028235e+38,
  "t_12" : 0.20197017,
  "fy" : 707.69653,
  "t_00" : -0.19748873,
  "cy" : 387.00232,
  "t_21" : 0.96193564,
  "t_22" : 0.26971874,
  "t_23" : -0.5559026,
  "blur_score" : 2684.825,
  "t_10" : -0.9793196,
  "t_20" : 0.043948576,
  "t_11" : -0.011887944,
  "t_01" : 0.2730171
}