{
  "t_00" : -0.1642269,
  "t_13" : -0.08866167,
  "cx" : 514.51074,
  "t_20" : -0.18056545,
  "t_21" : 0.6412164,
  "fy" : 708.53986,
  "t_10" : -0.9697554,
  "t_12" : 0.24385062,
  "t_11" : 0.010546733,
  "center_depth" : 3.0541809,
  "t_03" : 2.624391,
  "timestamp" : 239682785605,
  "fx" : 708.53986,
  "t_22" : -0.74581337,
  "width" : 1024,
  "t_02" : -0.6199187,
  "t_01" : -0.76728755,
  "angular_velocity" : 3.4028235e+38,
  "height" : 768,
  "t_23" : -2.1158051,
  "blur_score" : 1532.7655,
  "manual_keyframe" : false,
  "cy" : 387.3666
}