{
  "manual_keyframe" : false,
  "fy" : 707.10095,
  "t_20" : -0.1891138,
  "t_03" : -6.54649,
  "cy" : 387.35764,
  "t_11" : -0.0105184615,
  "t_02" : -0.5703935,
  "t_13" : 0.03453824,
  "blur_score" : 1632.179,
  "t_21" : 0.58346426,
  "t_00" : -0.12325795,
  "cx" : 514.4019,
  "t_01" : -0.8120707,
  "angular_velocity" : 3.4028235e+38,
  "t_10" : -0.9741887,
  "width" : 1024,
  "t_22" : -0.7898137,
  "timestamp" : 239641635183,
  "t_23" : -5.2131085,
  "height" : 768,
  "t_12" : 0.22549039,
  "fx" : 707.10095,
  "center_depth" : 5.716966
}