{
  "t_00" : -0.038808692,
  "fx" : 706.7992,
  "t_20" : -0.2966482,
  "width" : 1024,
  "t_13" : 0.00063507963,
  "t_03" : -5.2273164,
  "t_02" : -0.19070019,
  "blur_score" : 1924.8201,
  "height" : 768,
  "t_10" : -0.954198,
  "center_depth" : 5.071665,
  "t_21" : 0.19354966,
  "fy" : 706.7992,
  "t_01" : -0.98088086,
  "angular_velocity" : 3.4028235e+38,
  "timestamp" : 239622960747,
  "manual_keyframe" : false,
  "cy" : 387.35132,
  "cx" : 514.4364,
  "t_11" : -0.02027823,
  "t_22" : -0.93516755,
  "t_23" : -8.501687,
  "t_12" : 0.29848796
}