{
  "t_22" : -0.6273992,
  "fx" : 706.46094,
  "cx" : 514.5656,
  "height" : 768,
  "manual_keyframe" : false,
  "fy" : 706.46094,
  "width" : 1024,
  "t_03" : -6.5523047,
  "t_13" : 0.037790146,
  "t_02" : 0.73823214,
  "timestamp" : 239627545987,
  "center_depth" : 5.2504053,
  "cy" : 387.3508,
  "t_23" : -7.5034723,
  "t_00" : 0.17641628,
  "t_21" : -0.75879425,
  "angular_velocity" : 3.4028235e+38,
  "t_20" : -0.17493276,
  "blur_score" : 1669.5197,
  "t_10" : -0.96864635,
  "t_01" : -0.6510687,
  "t_12" : 0.24775694,
  "t_11" : 0.018457567
}