{
  "t_10" : -0.9660836,
  "t_01" : -0.4028326,
  "t_03" : 1.9298168,
  "t_21" : 0.91432166,
  "fy" : 708.0094,
  "t_22" : -0.38010764,
  "cx" : 514.3226,
  "t_11" : -0.041735493,
  "t_00" : -0.21713702,
  "t_23" : -2.725948,
  "t_12" : 0.25483483,
  "cy" : 387.27124,
  "t_13" : -0.05042447,
  "manual_keyframe" : false,
  "fx" : 708.0094,
  "angular_velocity" : 3.4028235e+38,
  "t_20" : -0.13976464,
  "blur_score" : 1965.8691,
  "t_02" : -0.8891443,
  "center_depth" : 2.7002459,
  "width" : 1024,
  "height" : 768,
  "timestamp" : 239678417127
}