{
  "blur_score" : 1328.846,
  "t_23" : -4.157605,
  "width" : 1024,
  "t_21" : 0.52298975,
  "t_00" : -0.14156175,
  "t_12" : 0.27355987,
  "t_11" : -0.0018390919,
  "fx" : 708.87506,
  "t_02" : -0.50346994,
  "angular_velocity" : 3.4028235e+38,
  "fy" : 708.87506,
  "t_10" : -0.96185327,
  "height" : 768,
  "t_22" : -0.8195628,
  "timestamp" : 239652439677,
  "t_01" : -0.852337,
  "t_03" : -5.3925295,
  "t_13" : -0.03910082,
  "cy" : 387.19843,
  "cx" : 514.5807,
  "t_20" : -0.23409112,
  "center_depth" : 4.743443,
  "manual_keyframe" : false
}