{
  "t_00" : -0.4228416,
  "t_13" : -0.17898378,
  "cx" : 514.2641,
  "t_20" : 0.0817403,
  "t_21" : 0.9948647,
  "fy" : 709.9851,
  "t_11" : 0.0484777,
  "t_10" : -0.9025096,
  "t_12" : 0.42793274,
  "center_depth" : 1.7496512,
  "t_03" : 2.8897197,
  "timestamp" : 239686553832,
  "fx" : 709.9851,
  "t_22" : 0.059688445,
  "width" : 1024,
  "t_02" : -0.9018376,
  "t_01" : 0.08884871,
  "angular_velocity" : 3.4028235e+38,
  "height" : 768,
  "t_23" : -1.2410992,
  "blur_score" : 1471.7988,
  "manual_keyframe" : false,
  "cy" : 387.77432
}