{
  "blur_score" : 1393.6841,
  "t_23" : -4.029201,
  "width" : 1024,
  "t_21" : 0.66999024,
  "t_00" : -0.24485405,
  "t_12" : 0.35181314,
  "t_11" : 0.013099494,
  "fx" : 708.246,
  "t_02" : -0.6237828,
  "angular_velocity" : 3.4028235e+38,
  "fy" : 708.246,
  "t_10" : -0.93597865,
  "height" : 768,
  "t_22" : -0.69794166,
  "timestamp" : 239652956558,
  "t_03" : -5.2815175,
  "t_01" : -0.7422543,
  "t_13" : -0.07459713,
  "cy" : 387.53494,
  "cx" : 514.59283,
  "t_20" : -0.2529636,
  "center_depth" : 3.9116201,
  "manual_keyframe" : false
}