{
  "t_10" : -0.96299464,
  "t_01" : -0.1925132,
  "t_03" : -4.3493023,
  "t_21" : 0.9812834,
  "fy" : 707.1057,
  "t_22" : -0.18417215,
  "t_11" : -0.004617166,
  "cx" : 514.54395,
  "t_00" : -0.26358673,
  "t_23" : -3.3418224,
  "cy" : 387.35416,
  "t_12" : 0.2694808,
  "t_13" : -0.022606881,
  "manual_keyframe" : false,
  "fx" : 707.1057,
  "angular_velocity" : 3.4028235e+38,
  "t_20" : -0.05624289,
  "blur_score" : 3129.057,
  "t_02" : -0.9452305,
  "center_depth" : 4.2774124,
  "width" : 1024,
  "height" : 768,
  "timestamp" : 239658808990
}