{
  "width" : 1024,
  "angular_velocity" : 3.4028235e+38,
  "height" : 768,
  "t_20" : 0.013015386,
  "t_10" : -0.9389411,
  "blur_score" : 3783.0686,
  "timestamp" : 239674398794,
  "manual_keyframe" : false,
  "center_depth" : 4.186837,
  "fy" : 707.11365,
  "fx" : 707.11365,
  "t_12" : 0.3438873,
  "t_13" : -0.06570008,
  "t_21" : 0.9975482,
  "t_23" : -2.0353446,
  "t_03" : 0.19584861,
  "t_01" : 0.06903882,
  "t_11" : -0.011453611,
  "t_00" : -0.34383172,
  "cx" : 514.392,
  "t_02" : -0.93649,
  "t_22" : 0.06876151,
  "cy" : 387.20102
}