{
  "width" : 1024,
  "angular_velocity" : 3.4028235e+38,
  "height" : 768,
  "t_20" : 0.10412972,
  "t_10" : -0.97601634,
  "blur_score" : 2354.6863,
  "timestamp" : 239657691860,
  "manual_keyframe" : false,
  "center_depth" : 4.851037,
  "fy" : 707.09784,
  "fx" : 707.09784,
  "t_12" : 0.21765022,
  "t_13" : -0.004755515,
  "t_21" : 0.88768524,
  "t_23" : -3.6064663,
  "t_03" : -4.594151,
  "t_11" : 0.004518969,
  "t_00" : -0.19117804,
  "cx" : 514.5693,
  "t_01" : 0.46042848,
  "t_02" : -0.86686593,
  "t_22" : 0.44852185,
  "cy" : 387.31567
}