{
  "t_10" : -0.8698795,
  "t_01" : 0.2504948,
  "t_03" : 2.8264196,
  "t_21" : 0.96592647,
  "fy" : 709.71356,
  "t_22" : 0.18794955,
  "t_11" : 0.065102726,
  "cx" : 514.2689,
  "t_00" : -0.46005315,
  "t_23" : -1.3767723,
  "t_12" : 0.48894936,
  "cy" : 387.65234,
  "t_13" : -0.20866244,
  "manual_keyframe" : false,
  "fx" : 709.71356,
  "angular_velocity" : 3.4028235e+38,
  "t_20" : 0.1779353,
  "blur_score" : 1429.8502,
  "t_02" : -0.8518237,
  "center_depth" : 1.5822481,
  "width" : 1024,
  "height" : 768,
  "timestamp" : 239686203687
}