{
  "cx" : 514.47473,
  "center_depth" : 1.9434551,
  "height" : 768,
  "fx" : 709.6882,
  "t_13" : -0.10522003,
  "timestamp" : 239687854370,
  "manual_keyframe" : false,
  "width" : 1024,
  "t_03" : 2.892172,
  "t_02" : -0.7116127,
  "angular_velocity" : 3.4028235e+38,
  "t_12" : 0.26897368,
  "t_00" : -0.1773237,
  "fy" : 709.6882,
  "cy" : 387.301,
  "t_21" : 0.73274064,
  "t_22" : -0.6490459,
  "t_23" : -0.8657977,
  "blur_score" : 624.6872,
  "t_10" : -0.9626661,
  "t_20" : -0.20452487,
  "t_11" : -0.030451251,
  "t_01" : -0.67982626
}