{
  "t_20" : 0.07330643,
  "t_21" : -0.7005761,
  "cx" : 514.69714,
  "center_depth" : 2.7514713,
  "fx" : 708.3001,
  "manual_keyframe" : false,
  "width" : 1024,
  "t_11" : -0.057523876,
  "t_23" : -4.4139204,
  "t_22" : -0.70980215,
  "t_01" : -0.7112552,
  "t_13" : 0.05979061,
  "t_03" : -5.9163833,
  "t_00" : 0.0084502855,
  "angular_velocity" : 3.4028235e+38,
  "height" : 768,
  "timestamp" : 239649538470,
  "cy" : 387.2246,
  "t_10" : -0.9972737,
  "blur_score" : 917.7357,
  "fy" : 708.3001,
  "t_12" : -0.046219513,
  "t_02" : 0.702883
}