{
  "cy" : 387.4171,
  "width" : 1024,
  "angular_velocity" : 3.4028235e+38,
  "height" : 768,
  "t_11" : 0.0132950265,
  "timestamp" : 239680334588,
  "t_21" : 0.8997855,
  "cx" : 514.50275,
  "manual_keyframe" : false,
  "t_00" : -0.39028546,
  "t_13" : -0.13374777,
  "center_depth" : 2.2187312,
  "t_02" : -0.81084406,
  "fx" : 708.26825,
  "t_01" : -0.4361298,
  "t_03" : 2.5473852,
  "fy" : 708.26825,
  "t_12" : 0.42785332,
  "t_20" : -0.17581938,
  "t_23" : -2.7937448,
  "blur_score" : 2041.1023,
  "t_22" : -0.3993414,
  "t_10" : -0.9037505
}