{
  "t_10" : -0.96289414,
  "t_01" : -0.9495908,
  "t_03" : 2.7279468,
  "t_21" : 0.309593,
  "fy" : 709.7295,
  "t_22" : -0.91252345,
  "t_11" : -0.049289074,
  "cx" : 514.45496,
  "t_00" : -0.03717009,
  "t_23" : -0.61517745,
  "cy" : 387.20166,
  "t_12" : 0.2653404,
  "t_13" : -0.103777856,
  "manual_keyframe" : false,
  "fx" : 709.7295,
  "angular_velocity" : 3.4028235e+38,
  "t_20" : -0.26730755,
  "blur_score" : 749.154,
  "t_02" : -0.31128058,
  "center_depth" : 2.0018063,
  "width" : 1024,
  "height" : 768,
  "timestamp" : 239688721396
}