{
  "t_00" : 0.11561244,
  "t_13" : 0.029035503,
  "cx" : 514.46857,
  "t_20" : -0.004010403,
  "t_21" : -0.9826047,
  "fy" : 707.6473,
  "t_10" : -0.9932863,
  "t_11" : -0.017551376,
  "t_12" : 0.114342764,
  "center_depth" : 4.189753,
  "t_03" : 0.77415925,
  "timestamp" : 239695707622,
  "fx" : 707.6473,
  "t_22" : -0.18566582,
  "width" : 1024,
  "t_02" : 0.9759374,
  "t_01" : -0.18487784,
  "angular_velocity" : 3.4028235e+38,
  "height" : 768,
  "t_23" : 1.193043,
  "blur_score" : 1084.7174,
  "manual_keyframe" : false,
  "cy" : 387.2791
}