{
  "manual_keyframe" : false,
  "t_22" : 0.9253798,
  "t_02" : -0.25005746,
  "width" : 1024,
  "t_00" : -0.07716724,
  "height" : 768,
  "t_03" : -1.1892465,
  "t_12" : 0.28485733,
  "fy" : 708.84485,
  "t_10" : -0.95856583,
  "t_11" : -0.0028380833,
  "t_21" : 0.26167816,
  "t_23" : -5.758271,
  "t_01" : 0.965151,
  "cy" : 387.3697,
  "t_20" : 0.27422068,
  "t_13" : -0.0054051117,
  "blur_score" : 2456.3425,
  "fx" : 708.84485,
  "cx" : 514.47394,
  "angular_velocity" : 3.4028235e+38,
  "timestamp" : 239604753168,
  "center_depth" : 2.7599823
}