{
  "t_00" : 0.1693307,
  "t_13" : -0.046371393,
  "cx" : 514.465,
  "t_20" : -0.0526323,
  "t_21" : -0.9777493,
  "fy" : 707.9205,
  "t_10" : -0.984153,
  "t_12" : 0.17657061,
  "t_11" : 0.016305445,
  "center_depth" : 4.350629,
  "t_03" : 1.6120042,
  "timestamp" : 239693073198,
  "fx" : 707.9205,
  "t_22" : -0.20306662,
  "width" : 1024,
  "t_02" : 0.96311307,
  "t_01" : -0.2091419,
  "angular_velocity" : 3.4028235e+38,
  "height" : 768,
  "t_23" : 0.47061384,
  "blur_score" : 1358.9347,
  "manual_keyframe" : false,
  "cy" : 387.44666
}