{
  "cx" : 514.23676,
  "center_depth" : 3.0203228,
  "height" : 768,
  "fx" : 707.128,
  "t_13" : -0.031592123,
  "timestamp" : 239641184995,
  "manual_keyframe" : false,
  "width" : 1024,
  "t_03" : -6.68671,
  "t_02" : -0.46825576,
  "angular_velocity" : 3.4028235e+38,
  "t_12" : 0.42219478,
  "fy" : 707.128,
  "t_00" : -0.23570906,
  "cy" : 387.33377,
  "t_21" : 0.523901,
  "t_22" : -0.7762012,
  "t_23" : -5.2862616,
  "blur_score" : 1091.7507,
  "t_10" : -0.9063121,
  "t_20" : -0.35077006,
  "t_11" : 0.018707529,
  "t_01" : -0.8515738
}