{
  "t_23" : -6.0319033,
  "t_11" : -0.04474542,
  "t_20" : 0.018430997,
  "t_21" : 0.24816795,
  "t_03" : -8.290279,
  "angular_velocity" : 3.4028235e+38,
  "center_depth" : 4.3631663,
  "blur_score" : 738.2786,
  "t_13" : 0.18569534,
  "cx" : 514.6925,
  "cy" : 387.21783,
  "t_10" : -0.9985338,
  "t_01" : -0.967683,
  "fy" : 707.97296,
  "t_00" : 0.050898686,
  "t_22" : -0.9685417,
  "t_02" : -0.24697939,
  "timestamp" : 239634532228,
  "height" : 768,
  "t_12" : -0.03046679,
  "width" : 1024,
  "manual_keyframe" : false,
  "fx" : 707.97296
}