{
  "blur_score" : 1643.0778,
  "t_23" : -6.117493,
  "width" : 1024,
  "t_21" : 0.82482785,
  "t_00" : -0.2198183,
  "t_12" : 0.26968038,
  "t_11" : -0.0048249206,
  "fx" : 707.41547,
  "t_02" : -0.7950122,
  "angular_velocity" : 3.4028235e+38,
  "fy" : 707.41547,
  "t_10" : -0.9629379,
  "height" : 768,
  "t_22" : -0.5433492,
  "timestamp" : 239637766907,
  "t_01" : -0.56536335,
  "t_03" : -7.696288,
  "t_13" : 0.061780468,
  "cy" : 387.4539,
  "cx" : 514.5316,
  "t_20" : -0.15630329,
  "center_depth" : 5.909722,
  "manual_keyframe" : false
}