{
  "cx" : 514.37415,
  "center_depth" : 2.0988152,
  "height" : 768,
  "fx" : 709.6866,
  "t_13" : -0.1785749,
  "timestamp" : 239685820195,
  "manual_keyframe" : false,
  "width" : 1024,
  "t_03" : 2.772386,
  "t_02" : -0.8434582,
  "angular_velocity" : 3.4028235e+38,
  "t_12" : 0.45509604,
  "t_00" : -0.4153347,
  "fy" : 709.6866,
  "cy" : 387.3161,
  "t_21" : 0.93921655,
  "t_22" : 0.28542206,
  "t_23" : -1.4756603,
  "blur_score" : 1826.3756,
  "t_10" : -0.8894327,
  "t_20" : 0.19080465,
  "t_11" : 0.042390067,
  "t_01" : 0.34069815
}