{
  "t_00" : 0.059092123,
  "fx" : 707.5743,
  "t_20" : 0.12992941,
  "width" : 1024,
  "t_13" : 0.023036096,
  "t_03" : -3.3487828,
  "t_02" : 0.38694778,
  "blur_score" : 3583.8984,
  "height" : 768,
  "t_10" : -0.9897608,
  "center_depth" : 4.5618677,
  "t_21" : -0.39141768,
  "fy" : 707.5743,
  "t_01" : 0.9202062,
  "angular_velocity" : 3.4028235e+38,
  "timestamp" : 239612256291,
  "manual_keyframe" : false,
  "cy" : 387.56223,
  "cx" : 514.6366,
  "t_11" : 0.003556677,
  "t_22" : 0.91099423,
  "t_23" : -6.7009788,
  "t_12" : 0.14269157
}