{
  "t_00" : 0.06185081,
  "fx" : 706.77545,
  "t_20" : -0.24269885,
  "width" : 1024,
  "t_13" : 0.04875306,
  "t_03" : -5.28223,
  "t_02" : 0.19548917,
  "blur_score" : 1082.4664,
  "height" : 768,
  "t_10" : -0.9681279,
  "center_depth" : 5.6176863,
  "t_21" : -0.2047339,
  "fy" : 706.77545,
  "t_01" : -0.97875345,
  "angular_velocity" : 3.4028235e+38,
  "timestamp" : 239621977004,
  "manual_keyframe" : false,
  "cy" : 387.13013,
  "cx" : 514.54645,
  "t_11" : -0.011205136,
  "t_22" : -0.9482516,
  "t_23" : -8.352155,
  "t_12" : 0.2502053
}