{
  "blur_score" : 1477.365,
  "t_23" : -4.7918334,
  "width" : 1024,
  "t_21" : 0.7237655,
  "t_00" : -0.25083444,
  "t_12" : 0.30530575,
  "t_11" : 0.04482645,
  "fx" : 706.4958,
  "t_02" : -0.68038815,
  "angular_velocity" : 3.4028235e+38,
  "fy" : 706.4958,
  "t_10" : -0.95119876,
  "height" : 768,
  "t_22" : -0.6662284,
  "timestamp" : 239643485953,
  "t_03" : -6.122828,
  "t_01" : -0.68858844,
  "t_13" : -0.016792336,
  "cy" : 387.2766,
  "cx" : 514.5095,
  "t_20" : -0.17973062,
  "center_depth" : 4.724415,
  "manual_keyframe" : false
}