{
  "cy" : 387.07788,
  "width" : 1024,
  "angular_velocity" : 3.4028235e+38,
  "height" : 768,
  "t_11" : -0.006052352,
  "timestamp" : 239672598048,
  "t_21" : 0.95331717,
  "cx" : 514.4552,
  "manual_keyframe" : false,
  "t_00" : -0.31618446,
  "t_13" : -0.09344317,
  "center_depth" : 4.3789015,
  "t_02" : -0.8993764,
  "fx" : 707.3932,
  "t_01" : 0.30190998,
  "t_03" : -0.46042237,
  "fy" : 707.3932,
  "t_12" : 0.32984602,
  "t_20" : 0.094140485,
  "t_23" : -1.3856692,
  "blur_score" : 2833.1194,
  "t_22" : 0.28692138,
  "t_10" : -0.94401544
}