{
  "blur_score" : 1112.2043,
  "t_23" : -4.393096,
  "width" : 1024,
  "t_21" : -0.9119451,
  "t_00" : 0.41787887,
  "t_12" : 0.45274562,
  "t_11" : -0.013467621,
  "fx" : 708.8226,
  "t_02" : 0.8106803,
  "angular_velocity" : 3.4028235e+38,
  "fy" : 708.8226,
  "t_10" : -0.8915381,
  "height" : 768,
  "t_22" : -0.37123978,
  "timestamp" : 239648054520,
  "t_01" : -0.41009122,
  "t_03" : -5.9800787,
  "t_13" : -0.06894853,
  "cy" : 387.2354,
  "cx" : 514.15826,
  "t_20" : -0.17474908,
  "center_depth" : 1.9605374,
  "manual_keyframe" : false
}