{
  "t_00" : -0.29459882,
  "t_13" : -0.057050668,
  "cx" : 514.4051,
  "t_20" : -0.2057806,
  "t_21" : 0.8386731,
  "fy" : 707.9188,
  "t_10" : -0.93320197,
  "t_11" : -0.013051675,
  "t_12" : 0.35911527,
  "center_depth" : 3.8798013,
  "t_03" : -5.182543,
  "timestamp" : 239653390072,
  "fx" : 707.9188,
  "t_22" : -0.5042636,
  "width" : 1024,
  "t_02" : -0.7853372,
  "t_01" : -0.5444787,
  "angular_velocity" : 3.4028235e+38,
  "height" : 768,
  "t_23" : -3.9396603,
  "blur_score" : 1525.2356,
  "manual_keyframe" : false,
  "cy" : 387.3206
}