{
  "t_22" : -0.854901,
  "fx" : 707.1327,
  "cx" : 514.5235,
  "height" : 768,
  "manual_keyframe" : false,
  "fy" : 707.1327,
  "width" : 1024,
  "t_03" : -8.246373,
  "t_13" : 0.07484377,
  "t_02" : 0.46478754,
  "timestamp" : 239632514721,
  "center_depth" : 2.9542248,
  "cy" : 387.30334,
  "t_23" : -6.1633396,
  "t_00" : 0.12938449,
  "t_21" : -0.48198494,
  "angular_velocity" : 3.4028235e+38,
  "t_20" : -0.19192338,
  "blur_score" : 1867.7758,
  "t_10" : -0.97284377,
  "t_01" : -0.8759178,
  "t_12" : 0.2304705,
  "t_11" : -0.021407343
}