{
  "t_00" : 0.08856359,
  "fx" : 706.5848,
  "t_20" : -0.044063214,
  "width" : 1024,
  "t_13" : 0.09524844,
  "t_03" : -5.201376,
  "t_02" : 0.55157834,
  "blur_score" : 1480.4843,
  "height" : 768,
  "t_10" : -0.9950954,
  "center_depth" : 7.146024,
  "t_21" : -0.55647457,
  "fy" : 706.5848,
  "t_01" : -0.82940793,
  "angular_velocity" : 3.4028235e+38,
  "timestamp" : 239621310060,
  "manual_keyframe" : false,
  "cy" : 387.29077,
  "cx" : 514.54193,
  "t_11" : -0.049176484,
  "t_22" : -0.82969534,
  "t_23" : -8.349621,
  "t_12" : 0.08582978
}