{
  "cy" : 387.4592,
  "width" : 1024,
  "angular_velocity" : 3.4028235e+38,
  "height" : 768,
  "t_11" : -0.024773318,
  "timestamp" : 239646987409,
  "t_21" : -0.75738275,
  "cx" : 514.0118,
  "manual_keyframe" : false,
  "t_00" : 0.3719076,
  "t_13" : -0.06957072,
  "center_depth" : 2.750474,
  "t_02" : 0.66024774,
  "fx" : 708.6114,
  "t_01" : -0.652501,
  "t_03" : -5.873752,
  "fy" : 708.6114,
  "t_12" : 0.47193274,
  "t_20" : -0.29158008,
  "t_23" : -4.274801,
  "blur_score" : 702.5192,
  "t_22" : -0.5842538,
  "t_10" : -0.88128656
}