{
  "cy" : 387.4757,
  "width" : 1024,
  "angular_velocity" : 3.4028235e+38,
  "height" : 768,
  "t_11" : 0.022107603,
  "timestamp" : 239683719325,
  "t_21" : 0.92134184,
  "cx" : 514.4335,
  "manual_keyframe" : false,
  "t_00" : -0.34779155,
  "t_13" : -0.14697255,
  "center_depth" : 2.24922,
  "t_02" : -0.8534639,
  "fx" : 708.578,
  "t_01" : -0.38812435,
  "t_03" : 2.6455324,
  "fy" : 708.578,
  "t_12" : 0.36864457,
  "t_20" : -0.12421186,
  "t_23" : -1.9345746,
  "blur_score" : 1353.1132,
  "t_22" : -0.36837572,
  "t_10" : -0.9293076
}