{
  "t_13" : -0.037894472,
  "blur_score" : 3146.6091,
  "center_depth" : 2.577215,
  "height" : 768,
  "t_12" : 0.33958268,
  "t_23" : -5.078895,
  "cx" : 514.5076,
  "timestamp" : 239601952002,
  "t_10" : -0.9405171,
  "width" : 1024,
  "manual_keyframe" : false,
  "t_00" : 0.23844759,
  "t_22" : 0.691421,
  "t_01" : 0.7324766,
  "angular_velocity" : 3.4028235e+38,
  "t_11" : 0.010543617,
  "fx" : 707.976,
  "t_03" : -0.4241377,
  "t_21" : -0.68071043,
  "cy" : 387.43152,
  "fy" : 707.976,
  "t_02" : 0.63766825,
  "t_20" : 0.24201305
}