{
  "t_20" : -0.19101563,
  "t_21" : -0.73756075,
  "t_10" : -0.9541971,
  "fy" : 706.796,
  "fx" : 706.796,
  "t_23" : -6.568953,
  "t_22" : -0.64770144,
  "angular_velocity" : 3.4028235e+38,
  "blur_score" : 1531.1017,
  "center_depth" : 3.338245,
  "width" : 1024,
  "timestamp" : 239630613931,
  "cx" : 514.41064,
  "t_13" : 0.02396837,
  "t_03" : -7.5631847,
  "manual_keyframe" : false,
  "t_00" : 0.23026274,
  "cy" : 387.57663,
  "t_01" : -0.67510813,
  "t_11" : -0.015265847,
  "height" : 768,
  "t_02" : 0.70086235,
  "t_12" : 0.29878896
}