{
  "t_00" : -0.061807003,
  "t_13" : 0.072626986,
  "cx" : 514.47815,
  "t_20" : -0.13104667,
  "t_21" : 0.61906576,
  "fy" : 707.1153,
  "t_10" : -0.9894478,
  "t_11" : -0.032977846,
  "t_12" : 0.1410879,
  "center_depth" : 7.7905846,
  "t_03" : -6.4470763,
  "timestamp" : 239642085370,
  "fx" : 707.1153,
  "t_22" : -0.7743285,
  "width" : 1024,
  "t_02" : -0.6168548,
  "t_01" : -0.7846466,
  "angular_velocity" : 3.4028235e+38,
  "height" : 768,
  "t_23" : -5.1373253,
  "blur_score" : 2141.852,
  "manual_keyframe" : false,
  "cy" : 387.3738
}