{
  "t_13" : 0.02552315,
  "blur_score" : 2694.5203,
  "center_depth" : 3.8292463,
  "height" : 768,
  "t_12" : 0.14016682,
  "t_23" : -5.22886,
  "cx" : 514.63586,
  "timestamp" : 239603152501,
  "t_10" : -0.98960716,
  "width" : 1024,
  "manual_keyframe" : false,
  "t_00" : -0.008848638,
  "t_22" : 0.97653276,
  "t_01" : 0.98650116,
  "angular_velocity" : 3.4028235e+38,
  "t_11" : -0.032109503,
  "t_03" : -0.8066423,
  "fx" : 707.7061,
  "t_21" : -0.16057536,
  "cy" : 387.52686,
  "fy" : 707.7061,
  "t_02" : 0.16351505,
  "t_20" : 0.14352512
}