{
  "t_20" : 0.12506506,
  "t_21" : -0.7999221,
  "t_10" : -0.9826527,
  "fy" : 708.60815,
  "fx" : 708.60815,
  "t_23" : -8.556733,
  "t_22" : 0.58692706,
  "angular_velocity" : 3.4028235e+38,
  "blur_score" : 2367.1538,
  "center_depth" : 2.193558,
  "width" : 1024,
  "timestamp" : 239617375089,
  "t_13" : 0.03324365,
  "t_03" : -4.312524,
  "cx" : 514.4535,
  "manual_keyframe" : false,
  "t_00" : 0.13693976,
  "cy" : 387.22827,
  "t_01" : 0.59982723,
  "t_11" : -0.018218137,
  "height" : 768,
  "t_02" : 0.7883241,
  "t_12" : 0.18455857
}