{
  "t_00" : 0.08042965,
  "t_02" : 0.33754417,
  "height" : 768,
  "t_11" : -0.01648858,
  "width" : 1024,
  "t_01" : -0.93786734,
  "cy" : 387.3652,
  "t_12" : 0.18817562,
  "fx" : 707.0708,
  "cx" : 514.5383,
  "t_20" : -0.17091814,
  "t_21" : -0.34660217,
  "angular_velocity" : 3.4028235e+38,
  "timestamp" : 239632848193,
  "fy" : 707.0708,
  "t_10" : -0.981997,
  "t_23" : -6.1078715,
  "center_depth" : 2.9058557,
  "manual_keyframe" : false,
  "t_22" : -0.92230904,
  "t_03" : -8.32327,
  "blur_score" : 1646.6967,
  "t_13" : 0.08925393
}