{
  "cy" : 387.31464,
  "width" : 1024,
  "angular_velocity" : 3.4028235e+38,
  "height" : 768,
  "t_11" : -0.003316162,
  "timestamp" : 239691739313,
  "t_21" : -0.7266102,
  "cx" : 514.3471,
  "manual_keyframe" : false,
  "t_00" : 0.1847418,
  "t_13" : -0.082402565,
  "center_depth" : 5.212686,
  "t_02" : 0.70274025,
  "fx" : 708.54626,
  "t_01" : -0.68704176,
  "t_03" : 1.9472723,
  "fy" : 708.54626,
  "t_12" : 0.25121376,
  "t_20" : -0.17026396,
  "t_23" : 0.19059527,
  "blur_score" : 1970.3942,
  "t_22" : -0.6656183,
  "t_10" : -0.9679259
}