{
  "manual_keyframe" : false,
  "fy" : 707.64575,
  "t_20" : 0.0510298,
  "t_03" : 1.047709,
  "cy" : 386.96884,
  "t_11" : -0.033980694,
  "t_02" : 0.9782322,
  "t_13" : 0.08462579,
  "blur_score" : 920.72046,
  "t_21" : -0.9814354,
  "cx" : 514.5278,
  "t_00" : -0.08620914,
  "t_01" : -0.18875839,
  "angular_velocity" : 3.4028235e+38,
  "t_10" : -0.99496937,
  "width" : 1024,
  "t_22" : -0.18487938,
  "timestamp" : 239694790575,
  "t_23" : 0.8704866,
  "height" : 768,
  "t_12" : -0.09424102,
  "fx" : 707.64575,
  "center_depth" : 4.7420216
}