{
  "width" : 1024,
  "angular_velocity" : 3.4028235e+38,
  "height" : 768,
  "t_20" : -0.22849333,
  "t_10" : -0.95642364,
  "blur_score" : 2620.707,
  "timestamp" : 239661410071,
  "manual_keyframe" : false,
  "center_depth" : 4.420192,
  "fy" : 707.0676,
  "fx" : 707.0676,
  "t_12" : 0.29196015,
  "t_13" : -0.050823078,
  "t_21" : 0.6131988,
  "t_23" : -2.4027119,
  "t_03" : -3.7031336,
  "t_11" : 0.0036402424,
  "t_00" : -0.18178222,
  "cx" : 514.5383,
  "t_01" : -0.7899203,
  "t_02" : -0.58564615,
  "t_22" : -0.75616014,
  "cy" : 387.22644
}