{
  "t_20" : 0.3490989,
  "t_21" : -0.44097936,
  "t_10" : -0.9026729,
  "fx" : 708.85596,
  "fy" : 708.85596,
  "t_23" : -6.417583,
  "t_22" : 0.8268418,
  "angular_velocity" : 3.4028235e+38,
  "blur_score" : 1226.1665,
  "center_depth" : 0.90581465,
  "width" : 1024,
  "timestamp" : 239610088722,
  "cx" : 514.27704,
  "t_03" : -2.8341815,
  "t_13" : -0.09539095,
  "manual_keyframe" : false,
  "t_00" : 0.2516182,
  "cy" : 387.41803,
  "t_01" : 0.8940624,
  "t_11" : 0.078674085,
  "height" : 768,
  "t_02" : 0.37059507,
  "t_12" : 0.42307463
}