{
  "t_10" : -0.96385825,
  "t_01" : 0.06488664,
  "t_03" : -1.3601627,
  "t_21" : 0.9978571,
  "fy" : 707.9856,
  "t_22" : 0.06478317,
  "t_11" : -0.008419064,
  "cx" : 514.4799,
  "t_00" : -0.26625746,
  "t_23" : -0.49427697,
  "t_12" : 0.26628268,
  "cy" : 387.2863,
  "t_13" : -0.023777802,
  "manual_keyframe" : false,
  "fx" : 707.9856,
  "angular_velocity" : 3.4028235e+38,
  "t_20" : 0.009181447,
  "blur_score" : 2456.2578,
  "t_02" : -0.9617156,
  "center_depth" : 5.378706,
  "width" : 1024,
  "height" : 768,
  "timestamp" : 239669546782
}