{
  "t_20" : 0.33623087,
  "t_21" : 0.21193904,
  "t_10" : -0.94034743,
  "fy" : 707.12476,
  "fx" : 707.12476,
  "t_23" : -7.2554007,
  "t_22" : 0.9176222,
  "angular_velocity" : 3.4028235e+38,
  "blur_score" : 2295.9785,
  "center_depth" : 3.5503492,
  "width" : 1024,
  "timestamp" : 239613973673,
  "cx" : 514.52435,
  "t_03" : -3.6642725,
  "t_13" : -0.044974975,
  "manual_keyframe" : false,
  "t_00" : -0.05191769,
  "cy" : 387.43674,
  "t_01" : 0.9770388,
  "t_11" : 0.021837508,
  "height" : 768,
  "t_02" : -0.20663883,
  "t_12" : 0.339514
}