{
  "cx" : 514.2986,
  "center_depth" : 3.556302,
  "height" : 768,
  "fx" : 707.66956,
  "t_13" : -0.05974909,
  "timestamp" : 239653823586,
  "manual_keyframe" : false,
  "width" : 1024,
  "t_03" : -5.0363283,
  "t_02" : -0.8772086,
  "angular_velocity" : 3.4028235e+38,
  "t_12" : 0.3694764,
  "fy" : 707.66956,
  "t_00" : -0.34039807,
  "cy" : 387.0944,
  "t_21" : 0.9406496,
  "t_22" : -0.3065821,
  "t_23" : -3.9058743,
  "blur_score" : 1673.5936,
  "t_10" : -0.9289475,
  "t_20" : -0.14555351,
  "t_11" : -0.023320824,
  "t_01" : -0.3385772
}