{
  "t_10" : -0.9508309,
  "t_01" : -0.8573164,
  "t_03" : -3.6575193,
  "t_21" : 0.5147361,
  "fy" : 707.39636,
  "t_22" : -0.8140214,
  "t_11" : -0.007444877,
  "cx" : 514.5568,
  "t_00" : -0.15331306,
  "t_23" : -2.297629,
  "cy" : 387.34933,
  "t_12" : 0.30962142,
  "t_13" : -0.041530244,
  "manual_keyframe" : false,
  "fx" : 707.39636,
  "angular_velocity" : 3.4028235e+38,
  "t_20" : -0.26910213,
  "blur_score" : 2229.7678,
  "t_02" : -0.49143046,
  "center_depth" : 2.377702,
  "width" : 1024,
  "height" : 768,
  "timestamp" : 239661643501
}