{
  "t_00" : -0.036600325,
  "fx" : 706.86273,
  "t_20" : 0.20707944,
  "width" : 1024,
  "t_13" : 0.016471235,
  "t_03" : -3.6013541,
  "t_02" : -0.17716189,
  "blur_score" : 2310.1726,
  "height" : 768,
  "t_10" : -0.9776393,
  "center_depth" : 3.7381263,
  "t_21" : 0.18089683,
  "fy" : 706.86273,
  "t_01" : 0.98350096,
  "angular_velocity" : 3.4028235e+38,
  "timestamp" : 239613390096,
  "manual_keyframe" : false,
  "cy" : 387.48694,
  "cx" : 514.61505,
  "t_11" : 0.0014970414,
  "t_22" : 0.9614544,
  "t_23" : -7.102008,
  "t_12" : 0.21028371
}