{
  "cx" : 514.4037,
  "center_depth" : 3.433695,
  "height" : 768,
  "fx" : 707.7204,
  "t_13" : -0.054679852,
  "timestamp" : 239654123710,
  "manual_keyframe" : false,
  "width" : 1024,
  "t_03" : -4.9097276,
  "t_02" : -0.92311287,
  "angular_velocity" : 3.4028235e+38,
  "t_12" : 0.35433164,
  "t_00" : -0.34985688,
  "fy" : 707.7204,
  "cy" : 387.15753,
  "t_21" : 0.9871864,
  "t_22" : -0.14937107,
  "t_23" : -3.8936956,
  "blur_score" : 1763.197,
  "t_10" : -0.9351197,
  "t_20" : -0.056135934,
  "t_11" : 0.00043869464,
  "t_01" : -0.15957056
}