{
  "t_13" : -0.09952302,
  "blur_score" : 1152.1509,
  "center_depth" : 2.3209248,
  "height" : 768,
  "t_12" : 0.42128304,
  "t_23" : -6.429968,
  "cx" : 514.2859,
  "timestamp" : 239609955333,
  "t_10" : -0.9037104,
  "width" : 1024,
  "manual_keyframe" : false,
  "t_00" : 0.19631901,
  "t_22" : 0.87199736,
  "t_01" : 0.94832355,
  "angular_velocity" : 3.4028235e+38,
  "t_11" : 0.07634262,
  "t_03" : -2.7959611,
  "fx" : 708.0079,
  "t_21" : -0.30798393,
  "cy" : 387.40283,
  "fy" : 708.0079,
  "t_02" : 0.24928135,
  "t_20" : 0.38048184
}