{
  "width" : 1024,
  "angular_velocity" : 3.4028235e+38,
  "height" : 768,
  "t_20" : -0.11035119,
  "t_10" : -0.9482099,
  "blur_score" : 2447.8384,
  "timestamp" : 239668863164,
  "manual_keyframe" : false,
  "center_depth" : 4.2209053,
  "fy" : 708.00146,
  "fx" : 708.00146,
  "t_12" : 0.31760222,
  "t_13" : -0.04093723,
  "t_21" : 0.9322083,
  "t_23" : -0.5597642,
  "t_03" : -1.5553293,
  "t_01" : -0.3618849,
  "t_11" : 0.0051896004,
  "cx" : 514.40326,
  "t_00" : -0.29786026,
  "t_02" : -0.88335645,
  "t_22" : -0.34468862,
  "cy" : 387.44418
}