{
  "width" : 1024,
  "angular_velocity" : 3.4028235e+38,
  "height" : 768,
  "t_20" : 0.05455433,
  "t_10" : -0.96883196,
  "blur_score" : 3494.0576,
  "timestamp" : 239658092026,
  "manual_keyframe" : false,
  "center_depth" : 4.9209957,
  "fy" : 707.13745,
  "fx" : 707.13745,
  "t_13" : -0.0167988,
  "t_12" : 0.24742201,
  "t_21" : 0.98472697,
  "t_23" : -3.51438,
  "t_03" : -4.524531,
  "t_01" : 0.17368282,
  "t_00" : -0.24163741,
  "t_11" : 0.012130945,
  "cx" : 514.5488,
  "t_02" : -0.9546967,
  "t_22" : 0.16533819,
  "cy" : 387.4202
}