{
  "cy" : 387.23624,
  "width" : 1024,
  "angular_velocity" : 3.4028235e+38,
  "height" : 768,
  "t_11" : -0.0068106935,
  "timestamp" : 239689738484,
  "t_21" : -0.20322376,
  "cx" : 514.4468,
  "manual_keyframe" : false,
  "t_00" : 0.08796848,
  "t_13" : -0.16644593,
  "center_depth" : 1.4775456,
  "t_02" : 0.18332441,
  "fx" : 711.47644,
  "t_01" : -0.9791087,
  "t_03" : 2.522269,
  "fy" : 711.47644,
  "t_12" : 0.40281266,
  "t_20" : -0.39314875,
  "t_23" : -0.3742638,
  "blur_score" : 1197.0466,
  "t_22" : -0.89673537,
  "t_10" : -0.91525716
}