{
  "t_13" : 0.003145202,
  "blur_score" : 2301.9424,
  "center_depth" : 4.131285,
  "height" : 768,
  "t_12" : 0.17840528,
  "t_23" : -5.187212,
  "cx" : 514.455,
  "timestamp" : 239602752335,
  "t_10" : -0.98374003,
  "width" : 1024,
  "manual_keyframe" : false,
  "t_00" : 0.08976692,
  "t_22" : 0.90389997,
  "t_01" : 0.9169544,
  "angular_velocity" : 3.4028235e+38,
  "t_11" : 0.020666266,
  "t_03" : -0.6668854,
  "fx" : 707.9888,
  "t_21" : -0.39845613,
  "cy" : 387.41336,
  "fy" : 707.9888,
  "t_02" : 0.3887625,
  "t_20" : 0.15555525
}