{
  "manual_keyframe" : false,
  "fy" : 707.41223,
  "t_20" : -0.4193633,
  "t_03" : -5.963818,
  "cy" : 387.58542,
  "t_11" : 0.014463122,
  "t_02" : -0.13462716,
  "t_13" : -0.08030959,
  "blur_score" : 621.4483,
  "t_21" : 0.15557323,
  "t_00" : -0.07929527,
  "cx" : 514.31757,
  "t_01" : -0.9877184,
  "angular_velocity" : 3.4028235e+38,
  "t_10" : -0.90434885,
  "width" : 1024,
  "t_22" : -0.8943889,
  "timestamp" : 239644469695,
  "t_23" : -4.617177,
  "height" : 768,
  "t_12" : 0.42654908,
  "fx" : 707.41223,
  "center_depth" : 2.0740244
}