{
  "blur_score" : 871.7115,
  "t_23" : -4.3389835,
  "width" : 1024,
  "t_21" : -0.8502734,
  "t_00" : 0.4147898,
  "t_12" : 0.47927314,
  "t_11" : -0.015544142,
  "fx" : 708.6002,
  "t_02" : 0.7423988,
  "angular_velocity" : 3.4028235e+38,
  "fy" : 708.6002,
  "t_10" : -0.87752825,
  "height" : 768,
  "t_22" : -0.46812546,
  "timestamp" : 239647504291,
  "t_01" : -0.5261117,
  "t_03" : -5.935668,
  "t_13" : -0.06976481,
  "cy" : 387.38007,
  "cx" : 514.1547,
  "t_20" : -0.24061124,
  "center_depth" : 2.5702229,
  "manual_keyframe" : false
}