{
  "cy" : 387.47235,
  "width" : 1024,
  "angular_velocity" : 3.4028235e+38,
  "height" : 768,
  "t_11" : 0.01369799,
  "timestamp" : 239697775143,
  "t_21" : -0.9978687,
  "cx" : 514.5032,
  "manual_keyframe" : false,
  "t_00" : 0.13916701,
  "t_13" : 0.031497136,
  "center_depth" : 3.6838355,
  "t_02" : 0.98821175,
  "fx" : 708.24927,
  "t_01" : 0.063798524,
  "t_03" : -0.03945873,
  "fy" : 708.24927,
  "t_12" : 0.13857082,
  "t_20" : -0.004695902,
  "t_23" : 1.6456443,
  "blur_score" : 900.2976,
  "t_22" : 0.06508329,
  "t_10" : -0.9902578
}