{
  "t_20" : -0.39372632,
  "t_21" : 0.44851834,
  "cx" : 514.28656,
  "center_depth" : 2.6504755,
  "fx" : 710.61884,
  "manual_keyframe" : false,
  "width" : 1024,
  "t_11" : 0.041357867,
  "t_23" : -1.4565163,
  "t_22" : -0.8023784,
  "t_01" : -0.89281625,
  "t_13" : -0.12933403,
  "t_03" : -2.8256555,
  "t_00" : -0.23891172,
  "angular_velocity" : 3.4028235e+38,
  "height" : 768,
  "timestamp" : 239664394643,
  "cy" : 387.46936,
  "t_10" : -0.8876378,
  "blur_score" : 1335.6298,
  "fy" : 710.61884,
  "t_12" : 0.45868152,
  "t_02" : -0.38183817
}