{
  "t_00" : 0.16848174,
  "fx" : 707.6918,
  "t_20" : 0.19074169,
  "width" : 1024,
  "t_13" : 0.0078618275,
  "t_03" : -4.19178,
  "t_02" : 0.5704787,
  "blur_score" : 2797.1187,
  "height" : 768,
  "t_10" : -0.96707374,
  "center_depth" : 2.353135,
  "t_21" : -0.59440035,
  "fy" : 707.6918,
  "t_01" : 0.80384576,
  "angular_velocity" : 3.4028235e+38,
  "timestamp" : 239616891554,
  "manual_keyframe" : false,
  "cy" : 387.09567,
  "cx" : 514.51984,
  "t_11" : 0.022807367,
  "t_22" : 0.78122073,
  "t_23" : -8.499055,
  "t_12" : 0.2534725
}