{
  "t_22" : 0.9879888,
  "fx" : 707.0724,
  "cx" : 514.61273,
  "height" : 768,
  "manual_keyframe" : false,
  "fy" : 707.0724,
  "width" : 1024,
  "t_03" : -3.9614522,
  "t_13" : 0.0038559204,
  "t_02" : 0.057501204,
  "timestamp" : 239615490971,
  "center_depth" : 3.733741,
  "cy" : 387.00488,
  "t_23" : -7.9348626,
  "t_00" : -0.031172184,
  "t_21" : -0.05239113,
  "angular_velocity" : 3.4028235e+38,
  "t_20" : 0.14537342,
  "blur_score" : 3130.017,
  "t_10" : -0.9888857,
  "t_01" : 0.99785864,
  "t_12" : 0.14342897,
  "t_11" : -0.03915691
}