{
  "t_00" : -0.2105669,
  "t_13" : -0.07448433,
  "cx" : 514.446,
  "t_20" : -0.013624379,
  "t_21" : 0.9912843,
  "fy" : 709.1974,
  "t_10" : -0.9774846,
  "t_11" : -0.040800486,
  "t_12" : 0.20702502,
  "center_depth" : 1.7419007,
  "t_03" : 2.7526476,
  "timestamp" : 239684753086,
  "fx" : 709.1974,
  "t_22" : 0.13103376,
  "width" : 1024,
  "t_02" : -0.9695209,
  "t_01" : 0.12526286,
  "angular_velocity" : 3.4028235e+38,
  "height" : 768,
  "t_23" : -1.7672894,
  "blur_score" : 1071.3573,
  "manual_keyframe" : false,
  "cy" : 387.23834
}