{
  "t_20" : 0.35082486,
  "t_21" : -0.003661267,
  "t_10" : -0.9358299,
  "fy" : 709.118,
  "fx" : 709.118,
  "t_23" : -6.461098,
  "t_22" : 0.936434,
  "angular_velocity" : 3.4028235e+38,
  "blur_score" : 3029.8982,
  "center_depth" : 3.1935928,
  "width" : 1024,
  "timestamp" : 239607504313,
  "cx" : 514.3781,
  "t_03" : -2.0671918,
  "t_13" : -0.052128557,
  "manual_keyframe" : false,
  "t_00" : 0.033829708,
  "cy" : 387.38162,
  "t_01" : 0.9993892,
  "t_11" : 0.034754805,
  "height" : 768,
  "t_02" : -0.008766538,
  "t_12" : 0.35073444
}