{
  "width" : 1024,
  "angular_velocity" : 3.4028235e+38,
  "height" : 768,
  "t_20" : 0.25411084,
  "t_10" : -0.960385,
  "blur_score" : 302.90033,
  "timestamp" : 239650872358,
  "manual_keyframe" : false,
  "center_depth" : 1.569989,
  "fy" : 708.5526,
  "fx" : 708.5526,
  "t_12" : -0.25820184,
  "t_13" : 0.14221916,
  "t_21" : 0.05089535,
  "t_23" : -4.3657475,
  "t_03" : -5.7724276,
  "t_01" : -0.99318534,
  "cx" : 514.51807,
  "t_00" : 0.11440457,
  "t_11" : -0.10484532,
  "t_02" : -0.02223679,
  "t_22" : -0.9658351,
  "cy" : 386.88217
}