{
  "t_10" : -0.9639069,
  "t_01" : -0.96840054,
  "t_03" : -2.197449,
  "t_21" : 0.24637933,
  "fy" : 709.6993,
  "t_22" : -0.9373631,
  "cx" : 514.45123,
  "t_11" : 0.038696613,
  "t_00" : -0.10117211,
  "t_23" : -0.7662527,
  "cy" : 387.39908,
  "t_12" : 0.26341227,
  "t_13" : -0.046915032,
  "manual_keyframe" : false,
  "fx" : 709.6993,
  "angular_velocity" : 3.4028235e+38,
  "t_20" : -0.24626741,
  "blur_score" : 1459.7422,
  "t_02" : -0.22795703,
  "center_depth" : 5.4186854,
  "width" : 1024,
  "height" : 768,
  "timestamp" : 239666895681
}