{
  "manual_keyframe" : false,
  "t_22" : 0.6704025,
  "t_02" : 0.71492183,
  "width" : 1024,
  "t_00" : 0.13027577,
  "height" : 768,
  "t_03" : -0.04726978,
  "t_12" : 0.19861336,
  "fy" : 707.0612,
  "t_10" : -0.9798556,
  "t_11" : -0.020876866,
  "t_21" : -0.7263946,
  "t_23" : -4.8663054,
  "cy" : 387.41684,
  "t_01" : 0.68696064,
  "t_20" : 0.15136491,
  "t_13" : 0.027271746,
  "blur_score" : 3207.0164,
  "cx" : 514.616,
  "fx" : 707.0612,
  "angular_velocity" : 3.4028235e+38,
  "timestamp" : 239600468051,
  "center_depth" : 4.329329
}