{
  "t_10" : -0.94544023,
  "t_01" : -0.9944184,
  "t_03" : -2.2802339,
  "t_21" : 0.101784505,
  "fy" : 710.0042,
  "t_22" : -0.9418081,
  "t_11" : 0.027782772,
  "cx" : 514.24097,
  "t_00" : -0.059206203,
  "t_23" : -0.87740105,
  "cy" : 387.3984,
  "t_12" : 0.32460904,
  "t_13" : -0.07424408,
  "manual_keyframe" : false,
  "fx" : 710.0042,
  "angular_velocity" : 3.4028235e+38,
  "t_20" : -0.3203709,
  "blur_score" : 1082.0192,
  "t_02" : -0.08733034,
  "center_depth" : 3.5555081,
  "width" : 1024,
  "height" : 768,
  "timestamp" : 239666512188
}