{
  "width" : 1024,
  "angular_velocity" : 3.4028235e+38,
  "height" : 768,
  "t_20" : -0.043140933,
  "t_10" : -0.958303,
  "blur_score" : 2278.5198,
  "timestamp" : 239669313351,
  "manual_keyframe" : false,
  "center_depth" : 5.2668767,
  "fy" : 708.0396,
  "fx" : 708.0396,
  "t_12" : 0.28437206,
  "t_13" : -0.029849203,
  "t_21" : 0.99796855,
  "t_23" : -0.5203049,
  "t_03" : -1.4184903,
  "t_01" : -0.057189718,
  "cx" : 514.5132,
  "t_11" : -0.02806881,
  "t_00" : -0.28247866,
  "t_02" : -0.9575673,
  "t_22" : -0.04687623,
  "cy" : 387.4154
}