{
  "width" : 1024,
  "angular_velocity" : 3.4028235e+38,
  "height" : 768,
  "t_20" : 0.0050448296,
  "t_10" : -0.9781878,
  "blur_score" : 2828.8523,
  "timestamp" : 239673865240,
  "manual_keyframe" : false,
  "center_depth" : 5.0989842,
  "fy" : 707.44244,
  "fx" : 707.44244,
  "t_13" : -0.037344642,
  "t_12" : 0.20629108,
  "t_21" : 0.9900308,
  "t_23" : -1.8555548,
  "t_03" : -0.025118427,
  "t_11" : -0.024345525,
  "t_01" : 0.1387308,
  "t_00" : -0.2076614,
  "cx" : 514.6327,
  "t_02" : -0.9683133,
  "t_22" : 0.14076042,
  "cy" : 387.25607
}