{
  "width" : 1024,
  "angular_velocity" : 3.4028235e+38,
  "height" : 768,
  "t_20" : -0.04544657,
  "t_10" : -0.9894426,
  "blur_score" : 1046.2106,
  "timestamp" : 239648938220,
  "manual_keyframe" : false,
  "center_depth" : 2.86687,
  "fy" : 708.2842,
  "fx" : 708.2842,
  "t_12" : 0.14271419,
  "t_13" : 0.0041861115,
  "t_21" : -0.8810738,
  "t_23" : -4.4563375,
  "t_03" : -5.9538774,
  "t_01" : -0.47230592,
  "cx" : 514.46576,
  "t_11" : -0.02522116,
  "t_00" : 0.1376156,
  "t_02" : 0.87062573,
  "t_22" : -0.47079045,
  "cy" : 387.16757
}