{
  "t_20" : 0.18407331,
  "t_21" : 0.295931,
  "t_10" : -0.97896457,
  "fy" : 709.44995,
  "fx" : 709.44995,
  "t_23" : -6.0155783,
  "t_22" : 0.9373057,
  "angular_velocity" : 3.4028235e+38,
  "blur_score" : 1509.19,
  "center_depth" : 2.7355623,
  "width" : 1024,
  "timestamp" : 239605770258,
  "cx" : 514.5728,
  "t_03" : -1.5360371,
  "t_13" : 0.020343594,
  "manual_keyframe" : false,
  "t_00" : -0.08800849,
  "cy" : 387.42502,
  "t_01" : 0.95473224,
  "t_11" : -0.030186523,
  "height" : 768,
  "t_02" : -0.28414947,
  "t_12" : 0.20178519
}