{
  "t_20" : 0.12648875,
  "t_21" : -0.68393975,
  "t_10" : -0.98616827,
  "fy" : 707.0931,
  "fx" : 707.0931,
  "t_23" : -4.8310695,
  "t_22" : 0.7184893,
  "angular_velocity" : 3.4028235e+38,
  "blur_score" : 2941.056,
  "center_depth" : 4.3214912,
  "width" : 1024,
  "timestamp" : 239600217947,
  "t_13" : 0.034337133,
  "t_03" : 0.036310673,
  "cx" : 514.64685,
  "manual_keyframe" : false,
  "t_00" : 0.10711094,
  "cy" : 387.33902,
  "t_01" : 0.7294889,
  "t_11" : -0.0084919,
  "height" : 768,
  "t_02" : 0.67555386,
  "t_12" : 0.1655296
}