{
  "t_20" : 0.41597673,
  "t_21" : -0.21947715,
  "t_10" : -0.8972474,
  "fy" : 707.9935,
  "fx" : 707.9935,
  "t_23" : -6.439035,
  "t_22" : 0.88249254,
  "angular_velocity" : 3.4028235e+38,
  "blur_score" : 1463.8926,
  "center_depth" : 2.8885813,
  "width" : 1024,
  "timestamp" : 239609871965,
  "t_13" : -0.100724824,
  "t_03" : -2.771077,
  "cx" : 514.3012,
  "manual_keyframe" : false,
  "t_00" : 0.1480217,
  "cy" : 387.48135,
  "t_01" : 0.9738377,
  "t_11" : 0.058904294,
  "height" : 768,
  "t_02" : 0.17242248,
  "t_12" : 0.43758127
}