{
  "t_20" : 0.18648385,
  "t_21" : 0.20200616,
  "t_10" : -0.9816953,
  "fy" : 709.4706,
  "fx" : 709.4706,
  "t_23" : -6.059316,
  "t_22" : 0.9614663,
  "angular_velocity" : 3.4028235e+38,
  "blur_score" : 1673.7853,
  "center_depth" : 2.9079688,
  "width" : 1024,
  "timestamp" : 239605987015,
  "t_13" : 0.014223107,
  "t_03" : -1.6256726,
  "cx" : 514.44916,
  "manual_keyframe" : false,
  "t_00" : -0.038706873,
  "cy" : 387.27823,
  "t_01" : 0.9793842,
  "t_11" : -0.00024245649,
  "height" : 768,
  "t_02" : -0.19826329,
  "t_12" : 0.19045837
}