{
  "t_13" : 0.13642325,
  "t_12" : 0.11195214,
  "fy" : 707.9935,
  "t_10" : -0.9931452,
  "blur_score" : 788.7392,
  "cx" : 514.6439,
  "t_22" : -0.98660004,
  "t_02" : -0.11868973,
  "angular_velocity" : 3.4028235e+38,
  "center_depth" : 3.518574,
  "width" : 1024,
  "t_11" : -0.03360546,
  "height" : 768,
  "timestamp" : 239633948651,
  "manual_keyframe" : false,
  "t_00" : 0.020211983,
  "t_23" : -6.040056,
  "t_20" : -0.11512639,
  "t_03" : -8.336681,
  "t_01" : -0.9927256,
  "cy" : 387.1997,
  "fx" : 707.9935,
  "t_21" : 0.11561336
}