{
  "t_00" : -0.27635074,
  "t_13" : -0.116042614,
  "cx" : 514.2982,
  "t_20" : -0.07798623,
  "t_21" : 0.9736859,
  "fy" : 709.6628,
  "t_11" : -0.013642895,
  "t_10" : -0.95788753,
  "t_12" : 0.28681958,
  "center_depth" : 2.3940313,
  "t_03" : 2.9252741,
  "timestamp" : 239687104060,
  "fx" : 709.6628,
  "t_22" : -0.21413513,
  "width" : 1024,
  "t_02" : -0.9337456,
  "t_01" : -0.22748533,
  "angular_velocity" : 3.4028235e+38,
  "height" : 768,
  "t_23" : -1.0771866,
  "blur_score" : 676.7946,
  "manual_keyframe" : false,
  "cy" : 387.35626
}