{
  "t_22" : -0.98189723,
  "fx" : 707.6981,
  "cx" : 514.5202,
  "height" : 768,
  "manual_keyframe" : false,
  "fy" : 707.6981,
  "width" : 1024,
  "t_03" : -8.379406,
  "t_13" : 0.11577102,
  "t_02" : 0.10739556,
  "timestamp" : 239633381749,
  "center_depth" : 2.9186914,
  "cy" : 387.1477,
  "t_23" : -6.0652246,
  "t_00" : 0.02778069,
  "t_21" : -0.110408485,
  "angular_velocity" : 3.4028235e+38,
  "t_20" : -0.15390876,
  "blur_score" : 1231.437,
  "t_10" : -0.98769444,
  "t_01" : -0.9938282,
  "t_12" : 0.1560261,
  "t_11" : -0.01074866
}