{
  "cx" : 514.4317,
  "center_depth" : 4.6859035,
  "height" : 768,
  "fx" : 707.1423,
  "t_13" : -0.027775927,
  "timestamp" : 239659809406,
  "manual_keyframe" : false,
  "width" : 1024,
  "t_03" : -4.098614,
  "t_02" : -0.81533134,
  "angular_velocity" : 3.4028235e+38,
  "t_12" : 0.3030218,
  "t_00" : -0.25134423,
  "fy" : 707.1423,
  "cy" : 387.35025,
  "t_21" : 0.85307014,
  "t_22" : -0.49336874,
  "t_23" : -3.072131,
  "blur_score" : 3518.187,
  "t_10" : -0.95287335,
  "t_20" : -0.16987811,
  "t_11" : -0.014501575,
  "t_01" : -0.52159464
}