{
  "t_10" : -0.9578992,
  "t_01" : -0.90015286,
  "t_03" : -3.6071298,
  "t_21" : 0.43557405,
  "fy" : 707.70447,
  "t_22" : -0.86229366,
  "t_11" : 0.00030240777,
  "cx" : 514.47107,
  "t_00" : -0.12531614,
  "t_23" : -2.1610432,
  "cy" : 387.439,
  "t_12" : 0.28710476,
  "t_13" : -0.034316577,
  "manual_keyframe" : false,
  "fx" : 707.70447,
  "angular_velocity" : 3.4028235e+38,
  "t_20" : -0.25831202,
  "blur_score" : 1750.6945,
  "t_02" : -0.41715795,
  "center_depth" : 2.566001,
  "width" : 1024,
  "height" : 768,
  "timestamp" : 239661943625
}