{
  "t_13" : -0.022976438,
  "blur_score" : 2275.8547,
  "center_depth" : 4.6203866,
  "height" : 768,
  "t_12" : 0.2186356,
  "t_23" : -6.405677,
  "cx" : 514.4944,
  "timestamp" : 239611606020,
  "t_10" : -0.97549844,
  "width" : 1024,
  "manual_keyframe" : false,
  "t_00" : 0.1560261,
  "t_22" : 0.76250297,
  "t_01" : 0.7777326,
  "angular_velocity" : 3.4028235e+38,
  "t_11" : 0.024521085,
  "fx" : 708.26514,
  "t_03" : -3.2106097,
  "t_21" : -0.6281168,
  "cy" : 387.74814,
  "fy" : 708.26514,
  "t_02" : 0.60892355,
  "t_20" : 0.15510856
}