{
  "width" : 1024,
  "angular_velocity" : 3.4028235e+38,
  "height" : 768,
  "t_20" : 0.19340162,
  "t_10" : -0.97461224,
  "blur_score" : 429.70978,
  "timestamp" : 239651072442,
  "manual_keyframe" : false,
  "center_depth" : 1.8135206,
  "fy" : 709.2085,
  "fx" : 709.2085,
  "t_13" : 0.13201004,
  "t_12" : -0.20848303,
  "t_21" : 0.16218081,
  "t_23" : -4.3445992,
  "t_03" : -5.730113,
  "t_01" : -0.9833775,
  "t_00" : 0.11281355,
  "cx" : 514.44543,
  "t_11" : -0.081645064,
  "t_02" : -0.14227313,
  "t_22" : -0.9676225,
  "cy" : 386.8509
}