{
  "t_20" : 0.117691666,
  "t_21" : 0.046377357,
  "t_10" : -0.9929853,
  "fy" : 706.8087,
  "fx" : 706.8087,
  "t_23" : -7.0027246,
  "t_22" : 0.9919667,
  "angular_velocity" : 3.4028235e+38,
  "blur_score" : 3377.575,
  "center_depth" : 4.0872293,
  "width" : 1024,
  "timestamp" : 239613006603,
  "t_13" : 0.03022149,
  "t_03" : -3.5231996,
  "cx" : 514.6617,
  "manual_keyframe" : false,
  "t_00" : -0.011357118,
  "cy" : 387.44806,
  "t_01" : 0.99890643,
  "t_11" : -0.0059280526,
  "height" : 768,
  "t_02" : -0.045354366,
  "t_12" : 0.11808968
}