{
  "t_10" : -0.9549476,
  "t_01" : -0.34120622,
  "t_03" : -5.9899993,
  "t_21" : -0.9399754,
  "fy" : 708.5574,
  "t_22" : -0.32446095,
  "cx" : 514.2621,
  "t_11" : 0.00495153,
  "t_00" : 0.27731547,
  "t_23" : -4.4463797,
  "cy" : 387.32986,
  "t_12" : 0.29673338,
  "t_13" : -0.04180476,
  "manual_keyframe" : false,
  "fx" : 708.5574,
  "angular_velocity" : 3.4028235e+38,
  "t_20" : -0.10569451,
  "blur_score" : 1108.432,
  "t_02" : 0.8981506,
  "center_depth" : 3.107991,
  "width" : 1024,
  "height" : 768,
  "timestamp" : 239648454686
}