{
  "cx" : 514.56195,
  "center_depth" : 4.219923,
  "height" : 768,
  "fx" : 707.75696,
  "t_13" : -0.04345975,
  "timestamp" : 239676016132,
  "manual_keyframe" : false,
  "width" : 1024,
  "t_03" : 0.85223866,
  "t_02" : -0.964002,
  "angular_velocity" : 3.4028235e+38,
  "t_12" : 0.26374826,
  "fy" : 707.75696,
  "t_00" : -0.26281986,
  "cy" : 387.44644,
  "t_21" : 0.9989933,
  "t_22" : -0.03372125,
  "t_23" : -2.5705373,
  "blur_score" : 2775.4885,
  "t_10" : -0.9643913,
  "t_20" : -0.029584864,
  "t_11" : -0.019657252,
  "t_01" : -0.04032344
}