{
  "blur_score" : 1899.4531,
  "t_23" : -1.79084,
  "width" : 1024,
  "t_21" : 0.5034203,
  "t_00" : -0.13478978,
  "t_12" : 0.26932114,
  "t_11" : -0.00095186627,
  "fx" : 708.55414,
  "t_02" : -0.48504078,
  "angular_velocity" : 3.4028235e+38,
  "fy" : 708.55414,
  "t_10" : -0.96305,
  "height" : 768,
  "t_22" : -0.8319866,
  "timestamp" : 239663160797,
  "t_03" : -3.2317154,
  "t_01" : -0.86404115,
  "t_13" : -0.033841148,
  "cy" : 387.16913,
  "cx" : 514.5441,
  "t_20" : -0.23316626,
  "center_depth" : 3.6275742,
  "manual_keyframe" : false
}