{
  "width" : 1024,
  "angular_velocity" : 3.4028235e+38,
  "height" : 768,
  "t_20" : 0.035549786,
  "t_10" : -0.9725962,
  "blur_score" : 2878.7356,
  "timestamp" : 239670030316,
  "manual_keyframe" : false,
  "center_depth" : 4.628791,
  "fy" : 708.01105,
  "fx" : 708.01105,
  "t_12" : 0.23167449,
  "t_13" : -0.014298486,
  "t_21" : 0.9721984,
  "t_23" : -0.5121656,
  "t_03" : -1.2551686,
  "t_01" : 0.23333746,
  "t_11" : -0.019588672,
  "t_00" : -0.22976728,
  "cx" : 514.48755,
  "t_02" : -0.94486016,
  "t_22" : 0.23144397,
  "cy" : 387.05386
}