{
  "width" : 1024,
  "angular_velocity" : 3.4028235e+38,
  "height" : 768,
  "t_20" : -0.42819235,
  "t_10" : -0.88696516,
  "blur_score" : 1212.9253,
  "timestamp" : 239665361711,
  "manual_keyframe" : false,
  "center_depth" : 2.4976673,
  "fy" : 710.94763,
  "fx" : 710.94763,
  "t_13" : -0.12155072,
  "t_12" : 0.4601642,
  "t_21" : 0.3034108,
  "t_23" : -1.1834295,
  "t_03" : -2.5519946,
  "t_01" : -0.9520504,
  "t_00" : -0.17304413,
  "t_11" : 0.039267138,
  "cx" : 514.21234,
  "t_02" : -0.2523009,
  "t_22" : -0.85123044,
  "cy" : 387.39795
}