{
  "blur_score" : 1783.3422,
  "t_23" : -1.862667,
  "width" : 1024,
  "t_21" : 0.4879945,
  "t_00" : -0.12564643,
  "t_12" : 0.23464626,
  "t_11" : 0.013107014,
  "fx" : 708.2635,
  "t_02" : -0.47172388,
  "angular_velocity" : 3.4028235e+38,
  "fy" : 708.2635,
  "t_10" : -0.9719925,
  "height" : 768,
  "t_22" : -0.8499517,
  "timestamp" : 239662843999,
  "t_01" : -0.8727483,
  "t_03" : -3.3896794,
  "t_13" : -0.009877064,
  "cy" : 387.0957,
  "cx" : 514.38855,
  "t_20" : -0.19860424,
  "center_depth" : 3.7962759,
  "manual_keyframe" : false
}