{
  "cx" : 514.56165,
  "center_depth" : 3.0446568,
  "height" : 768,
  "fx" : 707.4265,
  "t_13" : -0.0010225326,
  "timestamp" : 239671147446,
  "manual_keyframe" : false,
  "width" : 1024,
  "t_03" : -0.9456745,
  "t_02" : -0.949545,
  "angular_velocity" : 3.4028235e+38,
  "t_12" : 0.14542744,
  "t_00" : -0.14948122,
  "fy" : 707.4265,
  "cy" : 387.14005,
  "t_21" : 0.9605938,
  "t_22" : 0.27787605,
  "t_23" : -0.8902269,
  "blur_score" : 2556.3457,
  "t_10" : -0.9887421,
  "t_20" : 0.006661517,
  "t_11" : -0.035211843,
  "t_01" : 0.27571648
}