{
  "t_00" : 0.032389104,
  "t_13" : -0.10757982,
  "cx" : 514.22125,
  "t_20" : -0.5203423,
  "t_21" : -0.062145155,
  "fy" : 707.9538,
  "t_10" : -0.8533434,
  "t_11" : 1.2021394e-05,
  "t_12" : 0.5213493,
  "center_depth" : 2.3271675,
  "t_03" : -5.969745,
  "timestamp" : 239644853188,
  "fx" : 707.9538,
  "t_22" : -0.85169363,
  "width" : 1024,
  "t_02" : 0.05303743,
  "t_01" : -0.9980671,
  "angular_velocity" : 3.4028235e+38,
  "height" : 768,
  "t_23" : -4.550637,
  "blur_score" : 516.42615,
  "manual_keyframe" : false,
  "cy" : 387.47983
}