{
  "manual_keyframe" : false,
  "fy" : 709.66907,
  "t_20" : -0.23782578,
  "t_03" : 2.781233,
  "cy" : 387.2637,
  "t_11" : -0.046767548,
  "t_02" : -0.42551795,
  "t_13" : -0.09677077,
  "blur_score" : 724.9635,
  "t_21" : 0.42751995,
  "cx" : 514.51135,
  "t_00" : -0.062409993,
  "t_01" : -0.90279526,
  "angular_velocity" : 3.4028235e+38,
  "t_10" : -0.9693007,
  "width" : 1024,
  "t_22" : -0.87216145,
  "timestamp" : 239688504640,
  "t_23" : -0.66759324,
  "height" : 768,
  "t_12" : 0.24138953,
  "fx" : 709.66907,
  "center_depth" : 1.9941331
}