{
  "t_00" : -0.22466527,
  "t_13" : 0.055703223,
  "cx" : 514.4354,
  "t_20" : -0.2149321,
  "t_21" : 0.7334441,
  "fy" : 707.6981,
  "t_10" : -0.95043665,
  "t_11" : -0.0051859957,
  "t_12" : 0.3108752,
  "center_depth" : 4.9689083,
  "t_03" : -7.829823,
  "timestamp" : 239637350066,
  "fx" : 707.6981,
  "t_22" : -0.6448751,
  "width" : 1024,
  "t_02" : -0.6982067,
  "t_01" : -0.67972994,
  "angular_velocity" : 3.4028235e+38,
  "height" : 768,
  "t_23" : -6.1435857,
  "blur_score" : 1335.1809,
  "manual_keyframe" : false,
  "cy" : 387.22238
}