{
  "cx" : 514.5041,
  "center_depth" : 2.37981,
  "height" : 768,
  "fx" : 708.01733,
  "t_13" : -0.040741235,
  "timestamp" : 239679867728,
  "manual_keyframe" : false,
  "width" : 1024,
  "t_03" : 2.3771317,
  "t_02" : -0.9204338,
  "angular_velocity" : 3.4028235e+38,
  "t_12" : 0.22226861,
  "fy" : 708.01733,
  "t_00" : -0.1987005,
  "cy" : 387.2554,
  "t_21" : 0.94107383,
  "t_22" : -0.32155636,
  "t_23" : -2.8667696,
  "blur_score" : 1944.358,
  "t_10" : -0.97444165,
  "t_20" : -0.10479387,
  "t_11" : -0.032562405,
  "t_01" : -0.33663023
}