{
  "t_20" : -0.3636087,
  "t_21" : 0.44746497,
  "cx" : 514.3547,
  "center_depth" : 2.5715427,
  "fx" : 709.50555,
  "manual_keyframe" : false,
  "width" : 1024,
  "t_11" : 0.017098587,
  "t_23" : -1.6589807,
  "t_22" : -0.8170458,
  "t_01" : -0.8941379,
  "t_13" : -0.08994535,
  "t_03" : -2.9892142,
  "t_00" : -0.19936667,
  "angular_velocity" : 3.4028235e+38,
  "height" : 768,
  "timestamp" : 239663794394,
  "cy" : 387.4871,
  "t_10" : -0.90996796,
  "blur_score" : 1448.1536,
  "t_02" : -0.40096155,
  "t_12" : 0.41432595,
  "fy" : 709.50555
}