{
  "manual_keyframe" : false,
  "t_22" : 0.850863,
  "t_02" : 0.49852365,
  "width" : 1024,
  "t_00" : 0.10315617,
  "height" : 768,
  "t_03" : -3.2907627,
  "t_12" : 0.16585095,
  "fy" : 707.6172,
  "t_10" : -0.9859032,
  "t_11" : 0.022099465,
  "t_21" : -0.5086046,
  "t_23" : -6.5493636,
  "t_01" : 0.86071664,
  "cy" : 387.68463,
  "t_20" : 0.13173355,
  "t_13" : -0.005989449,
  "blur_score" : 3040.5273,
  "fx" : 707.6172,
  "cx" : 514.5688,
  "angular_velocity" : 3.4028235e+38,
  "timestamp" : 239611939492,
  "center_depth" : 4.5413547
}