{
  "width" : 1024,
  "angular_velocity" : 3.4028235e+38,
  "height" : 768,
  "t_20" : -0.022599531,
  "t_10" : -0.99413073,
  "blur_score" : 857.1613,
  "timestamp" : 239649238345,
  "manual_keyframe" : false,
  "center_depth" : 2.7774975,
  "fy" : 708.3001,
  "fx" : 708.3001,
  "t_12" : 0.09717791,
  "t_13" : 0.021909563,
  "t_21" : -0.7871628,
  "t_23" : -4.4266815,
  "t_03" : -5.9344172,
  "t_01" : -0.6149099,
  "t_00" : 0.10579926,
  "t_11" : -0.04754656,
  "cx" : 514.5331,
  "t_02" : 0.78146815,
  "t_22" : -0.61633116,
  "cy" : 387.10944
}