{
  "t_13" : -0.09069838,
  "blur_score" : 1602.8043,
  "center_depth" : 3.07222,
  "height" : 768,
  "t_12" : 0.42889968,
  "t_23" : -6.3960667,
  "cx" : 514.2918,
  "timestamp" : 239610405520,
  "t_10" : -0.9004769,
  "width" : 1024,
  "manual_keyframe" : false,
  "t_00" : 0.3268035,
  "t_22" : 0.710367,
  "t_01" : 0.7627422,
  "angular_velocity" : 3.4028235e+38,
  "t_11" : 0.0720166,
  "t_03" : -2.9125426,
  "fx" : 710.95557,
  "t_21" : -0.6426801,
  "cy" : 387.70056,
  "fy" : 710.95557,
  "t_02" : 0.55805343,
  "t_20" : 0.28695077
}