{
  "t_00" : 0.0026564803,
  "t_02" : -0.16644678,
  "height" : 768,
  "t_11" : -0.023779718,
  "width" : 1024,
  "t_01" : -0.9860468,
  "cy" : 387.51978,
  "t_12" : 0.12504324,
  "cx" : 514.6222,
  "fx" : 706.82776,
  "t_20" : -0.12725656,
  "t_21" : 0.16476077,
  "angular_velocity" : 3.4028235e+38,
  "timestamp" : 239624027857,
  "fy" : 706.82776,
  "t_10" : -0.99186635,
  "t_23" : -8.617692,
  "center_depth" : 8.662214,
  "manual_keyframe" : false,
  "t_22" : -0.97808987,
  "t_03" : -5.4697623,
  "blur_score" : 1610.0057,
  "t_13" : 0.077641256
}