{
  "t_20" : 0.1227644,
  "t_21" : 0.099038295,
  "t_10" : -0.9923729,
  "fy" : 706.8389,
  "fx" : 706.8389,
  "t_23" : -7.032721,
  "t_22" : 0.98748183,
  "angular_velocity" : 3.4028235e+38,
  "blur_score" : 3206.2754,
  "center_depth" : 3.9228644,
  "width" : 1024,
  "timestamp" : 239613106645,
  "t_13" : 0.029928962,
  "t_03" : -3.5473325,
  "cx" : 514.6591,
  "manual_keyframe" : false,
  "t_00" : -0.011175892,
  "cy" : 387.42126,
  "t_01" : 0.9950829,
  "t_11" : 0.0010454118,
  "height" : 768,
  "t_02" : -0.09841127,
  "t_12" : 0.12326762
}