{
  "t_10" : -0.98267037,
  "t_01" : -0.11704966,
  "t_03" : 2.7120044,
  "t_21" : 0.99301255,
  "fy" : 708.8497,
  "t_22" : -0.11229304,
  "t_11" : -0.015008432,
  "cx" : 514.4752,
  "t_00" : -0.18177685,
  "t_23" : -1.8232899,
  "cy" : 387.40097,
  "t_12" : 0.18475313,
  "t_13" : -0.077541955,
  "manual_keyframe" : false,
  "fx" : 708.8497,
  "angular_velocity" : 3.4028235e+38,
  "t_20" : -0.03627875,
  "blur_score" : 1510.1056,
  "t_02" : -0.97634864,
  "center_depth" : 1.6403818,
  "width" : 1024,
  "height" : 768,
  "timestamp" : 239684302900
}