{
  "t_00" : 0.15655005,
  "t_02" : 0.7411633,
  "height" : 768,
  "t_11" : -0.028136767,
  "width" : 1024,
  "t_01" : -0.6528162,
  "cy" : 387.20392,
  "t_12" : 0.18279526,
  "cx" : 514.5096,
  "fx" : 706.50854,
  "t_20" : -0.09847777,
  "t_21" : -0.7569936,
  "angular_velocity" : 3.4028235e+38,
  "timestamp" : 239629380084,
  "fy" : 706.50854,
  "t_10" : -0.9827483,
  "t_23" : -6.874385,
  "center_depth" : 3.9336977,
  "manual_keyframe" : false,
  "t_22" : -0.6459588,
  "t_03" : -7.0486016,
  "blur_score" : 1814.7886,
  "t_13" : 0.072358154
}