{
  "blur_score" : 2858.8772,
  "t_23" : -2.585424,
  "width" : 1024,
  "t_21" : 0.71361536,
  "t_00" : -0.18467474,
  "t_12" : 0.2830581,
  "t_11" : -0.025991064,
  "fx" : 707.12,
  "t_02" : -0.68979543,
  "angular_velocity" : 3.4028235e+38,
  "fy" : 707.12,
  "t_10" : -0.9587505,
  "height" : 768,
  "t_22" : -0.66637844,
  "timestamp" : 239661009904,
  "t_01" : -0.70005524,
  "t_03" : -3.8171768,
  "t_13" : -0.027836472,
  "cy" : 387.23416,
  "cx" : 514.4076,
  "t_20" : -0.21608485,
  "center_depth" : 5.1604004,
  "manual_keyframe" : false
}