{
  "cx" : 514.36163,
  "center_depth" : 3.8357043,
  "height" : 768,
  "fx" : 707.41223,
  "t_13" : -0.04374176,
  "timestamp" : 239654423835,
  "manual_keyframe" : false,
  "width" : 1024,
  "t_03" : -4.8016777,
  "t_02" : -0.93900037,
  "angular_velocity" : 3.4028235e+38,
  "t_12" : 0.34370807,
  "fy" : 707.41223,
  "t_00" : -0.34356672,
  "cy" : 387.20987,
  "t_21" : 0.9998513,
  "t_22" : 0.011956567,
  "t_23" : -3.9018617,
  "blur_score" : 2171.356,
  "t_10" : -0.93904614,
  "t_20" : 0.012415724,
  "t_11" : 0.0075504906,
  "t_01" : 0.015495141
}