{
  "cy" : 387.17368,
  "width" : 1024,
  "angular_velocity" : 3.4028235e+38,
  "height" : 768,
  "t_11" : -0.053367488,
  "timestamp" : 239671797716,
  "t_21" : 0.94677615,
  "cx" : 514.6456,
  "manual_keyframe" : false,
  "t_00" : -0.2683755,
  "t_13" : -0.050769635,
  "center_depth" : 4.827138,
  "t_02" : -0.9095097,
  "fx" : 707.4281,
  "t_01" : 0.31743777,
  "t_03" : -0.6573396,
  "fy" : 707.4281,
  "t_12" : 0.2654302,
  "t_20" : 0.035719335,
  "t_23" : -1.1175503,
  "blur_score" : 3032.6575,
  "t_22" : 0.31990463,
  "t_10" : -0.96265197
}