{
  "t_10" : -0.99848163,
  "t_01" : -0.19231509,
  "t_03" : 0.8313179,
  "t_21" : -0.9809939,
  "fy" : 707.7299,
  "t_22" : -0.19338396,
  "cx" : 514.4909,
  "t_11" : -0.025806207,
  "t_00" : 0.052733064,
  "t_23" : 1.1500963,
  "cy" : 387.23425,
  "t_12" : 0.048667546,
  "t_13" : 0.060180523,
  "manual_keyframe" : false,
  "fx" : 707.7299,
  "angular_velocity" : 3.4028235e+38,
  "t_20" : 0.015928397,
  "blur_score" : 1074.0157,
  "t_02" : 0.9799154,
  "center_depth" : 4.2264357,
  "width" : 1024,
  "height" : 768,
  "timestamp" : 239695540886
}