{
  "t_10" : -0.96632147,
  "t_01" : -0.23641959,
  "t_03" : 2.6688766,
  "t_21" : 0.9713774,
  "fy" : 708.8639,
  "t_22" : -0.23432274,
  "t_11" : 0.023058549,
  "cx" : 514.49634,
  "t_00" : -0.25437006,
  "t_23" : -1.8842516,
  "cy" : 387.5587,
  "t_12" : 0.25630298,
  "t_13" : -0.10720574,
  "manual_keyframe" : false,
  "fx" : 708.8639,
  "angular_velocity" : 3.4028235e+38,
  "t_20" : -0.03897157,
  "blur_score" : 1054.3384,
  "t_02" : -0.9377643,
  "center_depth" : 1.9792547,
  "width" : 1024,
  "height" : 768,
  "timestamp" : 239683969428
}