{
  "width" : 1024,
  "angular_velocity" : 3.4028235e+38,
  "height" : 768,
  "t_20" : -0.56050533,
  "t_10" : -0.80124867,
  "blur_score" : 449.21017,
  "timestamp" : 239645420091,
  "manual_keyframe" : false,
  "center_depth" : 2.543439,
  "fy" : 708.58594,
  "fx" : 708.58594,
  "t_12" : 0.59769285,
  "t_13" : -0.14627558,
  "t_21" : -0.31486884,
  "t_23" : -4.3991065,
  "t_03" : -5.927611,
  "t_11" : -0.027640942,
  "t_00" : 0.20936666,
  "cx" : 513.9948,
  "t_01" : -0.9487326,
  "t_02" : 0.23679538,
  "t_22" : -0.76595783,
  "cy" : 387.23288
}