{
  "t_00" : 0.008818719,
  "t_02" : 0.121770635,
  "height" : 768,
  "t_11" : 0.00080691994,
  "width" : 1024,
  "t_01" : -0.99251914,
  "cy" : 387.24084,
  "t_12" : 0.078772664,
  "cx" : 514.5591,
  "fx" : 706.5164,
  "t_20" : -0.07828164,
  "t_21" : -0.12208685,
  "angular_velocity" : 3.4028235e+38,
  "timestamp" : 239624411350,
  "fy" : 706.5164,
  "t_10" : -0.99689233,
  "t_23" : -8.610399,
  "center_depth" : 6.676182,
  "manual_keyframe" : false,
  "t_22" : -0.9894275,
  "t_03" : -5.633345,
  "blur_score" : 1059.7855,
  "t_13" : 0.09659294
}