{
  "t_20" : 0.12690039,
  "t_21" : -0.25984874,
  "t_10" : -0.988544,
  "fy" : 707.363,
  "fx" : 707.363,
  "t_23" : -6.800568,
  "t_22" : 0.9572747,
  "angular_velocity" : 3.4028235e+38,
  "blur_score" : 3736.9807,
  "center_depth" : 4.7607512,
  "width" : 1024,
  "timestamp" : 239612506395,
  "cx" : 514.5632,
  "t_03" : -3.399042,
  "t_13" : 0.027592998,
  "manual_keyframe" : false,
  "t_00" : 0.08171301,
  "cy" : 387.33713,
  "t_01" : 0.9645351,
  "t_11" : 0.046371397,
  "height" : 768,
  "t_02" : 0.25098735,
  "t_12" : 0.14363293
}