{
  "cy" : 387.45847,
  "width" : 1024,
  "angular_velocity" : 3.4028235e+38,
  "height" : 768,
  "t_11" : 0.027819425,
  "timestamp" : 239668546366,
  "t_21" : 0.85063744,
  "cx" : 514.39276,
  "manual_keyframe" : false,
  "t_00" : -0.26920328,
  "t_13" : -0.034853313,
  "center_depth" : 4.5235567,
  "t_02" : -0.80739564,
  "fx" : 708.0094,
  "t_01" : -0.52501607,
  "t_03" : -1.6451399,
  "fy" : 708.0094,
  "t_12" : 0.29985428,
  "t_20" : -0.13496704,
  "t_23" : -0.55998963,
  "blur_score" : 2725.441,
  "t_22" : -0.5081336,
  "t_10" : -0.9535793
}