{
  "cx" : 514.624,
  "center_depth" : 3.0370858,
  "height" : 768,
  "fx" : 708.20953,
  "t_13" : 0.09627378,
  "timestamp" : 239649888616,
  "manual_keyframe" : false,
  "width" : 1024,
  "t_03" : -5.8997025,
  "t_02" : 0.54561585,
  "angular_velocity" : 3.4028235e+38,
  "t_12" : -0.14658414,
  "fy" : 708.20953,
  "t_00" : -0.028024353,
  "cy" : 387.14038,
  "t_21" : -0.54275316,
  "t_22" : -0.82511604,
  "t_23" : -4.3996534,
  "blur_score" : 664.40045,
  "t_10" : -0.9872245,
  "t_20" : 0.15685178,
  "t_11" : -0.062457453,
  "t_01" : -0.8375667
}