{
  "t_00" : 0.13783383,
  "t_13" : -0.09332024,
  "cx" : 514.62366,
  "t_20" : -0.17979564,
  "t_21" : -0.6079347,
  "fy" : 709.4706,
  "t_10" : -0.9739996,
  "t_12" : 0.22654939,
  "t_11" : -0.00013780754,
  "center_depth" : 5.931786,
  "t_03" : 2.1050756,
  "timestamp" : 239691272453,
  "fx" : 709.4706,
  "t_22" : -0.77336204,
  "width" : 1024,
  "t_02" : 0.59210354,
  "t_01" : -0.7939868,
  "angular_velocity" : 3.4028235e+38,
  "height" : 768,
  "t_23" : 0.10254702,
  "blur_score" : 1648.0642,
  "manual_keyframe" : false,
  "cy" : 387.48825
}