{
  "t_10" : -0.91077316,
  "t_01" : -0.29779255,
  "t_03" : 1.5245566,
  "t_21" : 0.95399857,
  "fy" : 707.42975,
  "t_22" : -0.25789875,
  "cx" : 514.39667,
  "t_11" : -0.034734473,
  "t_00" : -0.38355872,
  "t_23" : -2.7973993,
  "cy" : 387.3275,
  "t_12" : 0.4114437,
  "t_13" : -0.097473375,
  "manual_keyframe" : false,
  "fx" : 707.42975,
  "angular_velocity" : 3.4028235e+38,
  "t_20" : -0.15288928,
  "blur_score" : 3710.2263,
  "t_02" : -0.8741869,
  "center_depth" : 3.1990817,
  "width" : 1024,
  "height" : 768,
  "timestamp" : 239677400039
}