{
  "blur_score" : 1268.8458,
  "t_23" : -4.7166986,
  "width" : 1024,
  "t_21" : 0.56662285,
  "t_00" : -0.23351102,
  "t_12" : 0.36771536,
  "t_11" : 0.032551307,
  "fx" : 706.5245,
  "t_02" : -0.51729465,
  "angular_velocity" : 3.4028235e+38,
  "fy" : 706.5245,
  "t_10" : -0.92936856,
  "height" : 768,
  "t_22" : -0.77278185,
  "timestamp" : 239643919466,
  "t_03" : -6.013088,
  "t_01" : -0.82333404,
  "t_13" : -0.057239868,
  "cy" : 387.58194,
  "cx" : 514.5379,
  "t_20" : -0.28591394,
  "center_depth" : 3.8990338,
  "manual_keyframe" : false
}