{
  "manual_keyframe" : false,
  "t_22" : 0.9616737,
  "t_02" : -0.23353016,
  "width" : 1024,
  "t_00" : -0.045430426,
  "height" : 768,
  "t_03" : -1.0271142,
  "t_12" : 0.1436925,
  "fy" : 707.9665,
  "t_10" : -0.9895528,
  "t_11" : -0.011736244,
  "t_21" : 0.23761843,
  "t_23" : -5.5675664,
  "t_01" : 0.9712876,
  "cy" : 387.1693,
  "t_20" : 0.13682598,
  "t_13" : 0.02033582,
  "blur_score" : 2367.145,
  "fx" : 707.9665,
  "cx" : 514.63837,
  "angular_velocity" : 3.4028235e+38,
  "timestamp" : 239604186265,
  "center_depth" : 2.4352179
}