{
  "t_00" : -0.06319288,
  "t_13" : -0.045088705,
  "cx" : 514.3852,
  "t_20" : -0.16073002,
  "t_21" : 0.53566486,
  "fy" : 708.59863,
  "t_10" : -0.9849734,
  "t_12" : 0.16947013,
  "t_11" : -0.033276908,
  "center_depth" : 3.165488,
  "t_03" : 2.7033598,
  "timestamp" : 239682085314,
  "fx" : 708.59863,
  "t_22" : -0.82899284,
  "width" : 1024,
  "t_02" : -0.5329643,
  "t_01" : -0.84377474,
  "angular_velocity" : 3.4028235e+38,
  "height" : 768,
  "t_23" : -2.317638,
  "blur_score" : 1441.9023,
  "manual_keyframe" : false,
  "cy" : 387.18497
}