{
  "t_10" : -0.95730865,
  "t_01" : -0.17606288,
  "t_03" : 0.44535416,
  "t_21" : -0.98427397,
  "fy" : 708.03,
  "t_22" : -0.17266586,
  "cx" : 514.66406,
  "t_11" : -0.014370488,
  "t_00" : 0.28665146,
  "t_23" : 1.3570974,
  "cy" : 387.2756,
  "t_12" : 0.28871045,
  "t_13" : -0.025797486,
  "manual_keyframe" : false,
  "fx" : 708.03,
  "angular_velocity" : 3.4028235e+38,
  "t_20" : -0.03729825,
  "blur_score" : 1174.2076,
  "t_02" : 0.941718,
  "center_depth" : 3.4623656,
  "width" : 1024,
  "height" : 768,
  "timestamp" : 239696441258
}