{
  "t_10" : -0.9799994,
  "t_01" : 0.1639427,
  "t_03" : -0.22946551,
  "t_21" : 0.9862571,
  "fy" : 707.4313,
  "t_22" : 0.16473153,
  "t_11" : -0.020482376,
  "cx" : 514.42694,
  "t_00" : -0.19859701,
  "t_23" : -1.7105374,
  "cy" : 387.3492,
  "t_12" : 0.19794323,
  "t_13" : -0.030481044,
  "manual_keyframe" : false,
  "fx" : 707.4313,
  "angular_velocity" : 3.4028235e+38,
  "t_20" : 0.012659798,
  "blur_score" : 2815.5273,
  "t_02" : -0.9662722,
  "center_depth" : 5.2206664,
  "width" : 1024,
  "height" : 768,
  "timestamp" : 239673465074
}