{
  "t_10" : -0.96438974,
  "t_01" : 0.39295593,
  "t_03" : -4.6796484,
  "t_21" : 0.91921705,
  "fy" : 707.49164,
  "t_22" : 0.38525626,
  "cx" : 514.40656,
  "t_11" : -0.025007447,
  "t_00" : -0.25166434,
  "t_23" : -3.8843286,
  "cy" : 387.44373,
  "t_12" : 0.26330018,
  "t_13" : -0.020180332,
  "manual_keyframe" : false,
  "fx" : 707.49164,
  "angular_velocity" : 3.4028235e+38,
  "t_20" : 0.08134757,
  "blur_score" : 2337.2397,
  "t_02" : -0.8844493,
  "center_depth" : 4.8866153,
  "width" : 1024,
  "height" : 768,
  "timestamp" : 239655124126
}