{
  "t_00" : 0.1323255,
  "t_13" : -0.13659205,
  "cx" : 514.2338,
  "t_20" : -0.31906843,
  "t_21" : -0.47264394,
  "fy" : 710.8523,
  "t_10" : -0.9384485,
  "t_11" : 0.036543015,
  "t_12" : 0.34348115,
  "center_depth" : 3.7464328,
  "t_03" : 2.3550878,
  "timestamp" : 239690538815,
  "fx" : 710.8523,
  "t_22" : -0.8214641,
  "width" : 1024,
  "t_02" : 0.45521173,
  "t_01" : -0.88049555,
  "angular_velocity" : 3.4028235e+38,
  "height" : 768,
  "t_23" : -0.10977389,
  "blur_score" : 1519.3867,
  "manual_keyframe" : false,
  "cy" : 387.52994
}