{
  "t_10" : -0.94788826,
  "t_01" : -0.8136031,
  "t_03" : -2.00069,
  "t_21" : 0.5807577,
  "fy" : 709.11646,
  "t_22" : -0.7769198,
  "cx" : 514.4131,
  "t_11" : 0.027756514,
  "t_00" : -0.20589231,
  "t_23" : -0.67816466,
  "cy" : 387.3721,
  "t_12" : 0.31739175,
  "t_13" : -0.054054998,
  "manual_keyframe" : false,
  "fx" : 709.11646,
  "angular_velocity" : 3.4028235e+38,
  "t_20" : -0.24313846,
  "blur_score" : 1967.7001,
  "t_02" : -0.54374474,
  "center_depth" : 4.5040026,
  "width" : 1024,
  "height" : 768,
  "timestamp" : 239667529277
}