{
  "t_22" : -0.62965935,
  "fx" : 706.5118,
  "cx" : 514.72876,
  "height" : 768,
  "manual_keyframe" : false,
  "fy" : 706.5118,
  "width" : 1024,
  "t_03" : -6.326748,
  "t_13" : 0.04680629,
  "t_02" : 0.7423277,
  "timestamp" : 239626678960,
  "center_depth" : 6.143067,
  "cy" : 387.41943,
  "t_23" : -7.871047,
  "t_00" : 0.17847137,
  "t_21" : -0.7634593,
  "angular_velocity" : 3.4028235e+38,
  "t_20" : -0.14373292,
  "blur_score" : 1612.7869,
  "t_10" : -0.9733904,
  "t_01" : -0.645831,
  "t_12" : 0.22908282,
  "t_11" : -0.0056792498
}