{
  "t_00" : 0.024917018,
  "t_02" : 0.46158943,
  "height" : 768,
  "t_11" : 0.009725617,
  "width" : 1024,
  "t_01" : -0.88674355,
  "cy" : 387.26456,
  "t_12" : 0.07251977,
  "cx" : 514.60364,
  "fx" : 706.491,
  "t_20" : -0.068795696,
  "t_21" : -0.4621591,
  "angular_velocity" : 3.4028235e+38,
  "timestamp" : 239625011600,
  "fy" : 706.491,
  "t_10" : -0.9973195,
  "t_23" : -8.532147,
  "center_depth" : 7.244605,
  "manual_keyframe" : false,
  "t_22" : -0.88412446,
  "t_03" : -5.794921,
  "blur_score" : 1336.2235,
  "t_13" : 0.088605806
}