{
  "cy" : 387.1484,
  "width" : 1024,
  "angular_velocity" : 3.4028235e+38,
  "height" : 768,
  "t_11" : -0.015714118,
  "timestamp" : 239672848151,
  "t_21" : 0.9620058,
  "cx" : 514.5718,
  "manual_keyframe" : false,
  "t_00" : -0.2613942,
  "t_13" : -0.06624128,
  "center_depth" : 5.0765867,
  "t_02" : -0.9259457,
  "fx" : 707.4487,
  "t_01" : 0.2725767,
  "t_03" : -0.40440667,
  "fy" : 707.4487,
  "t_12" : 0.26736102,
  "t_20" : 0.058325954,
  "t_23" : -1.4953527,
  "blur_score" : 2718.4973,
  "t_22" : 0.2667266,
  "t_10" : -0.96346843
}