{
  "t_20" : 0.24571618,
  "t_21" : 0.067719825,
  "t_10" : -0.9685061,
  "fx" : 707.1153,
  "fy" : 707.1153,
  "t_23" : -7.4334383,
  "t_22" : 0.9669735,
  "angular_velocity" : 3.4028235e+38,
  "blur_score" : 2874.0342,
  "center_depth" : 3.8241088,
  "width" : 1024,
  "timestamp" : 239614373839,
  "cx" : 514.6355,
  "t_03" : -3.7445076,
  "t_13" : -0.03450847,
  "manual_keyframe" : false,
  "t_00" : -0.04024424,
  "cy" : 387.3015,
  "t_01" : 0.99740916,
  "t_11" : -0.024264295,
  "height" : 768,
  "t_02" : -0.059624955,
  "t_12" : 0.24780494
}