{
  "width" : 1024,
  "angular_velocity" : 3.4028235e+38,
  "height" : 768,
  "t_20" : -0.2806422,
  "t_10" : -0.94139427,
  "blur_score" : 1171.5857,
  "timestamp" : 239641368405,
  "manual_keyframe" : false,
  "center_depth" : 3.8425314,
  "fy" : 707.1582,
  "fx" : 707.1582,
  "t_12" : 0.33728987,
  "t_13" : -9.403235e-05,
  "t_21" : 0.562906,
  "t_23" : -5.2550187,
  "t_03" : -6.6218305,
  "t_01" : -0.8265133,
  "t_00" : -0.18712763,
  "t_11" : -0.0035178938,
  "cx" : 514.4094,
  "t_02" : -0.5309038,
  "t_22" : -0.77741665,
  "cy" : 387.33136
}