{
  "t_23" : -5.8145294,
  "t_11" : -0.027902333,
  "t_20" : -0.06406969,
  "t_21" : 0.6568299,
  "t_03" : -7.2306194,
  "angular_velocity" : 3.4028235e+38,
  "center_depth" : 11.535567,
  "blur_score" : 1910.0643,
  "cx" : 514.6348,
  "t_13" : 0.12597567,
  "t_00" : -0.018901745,
  "t_10" : -0.9977663,
  "t_01" : -0.7535222,
  "fy" : 706.56573,
  "cy" : 387.1942,
  "t_22" : -0.7513118,
  "t_02" : -0.65715057,
  "timestamp" : 239639267531,
  "height" : 768,
  "t_12" : 0.060693175,
  "width" : 1024,
  "manual_keyframe" : false,
  "fx" : 706.56573
}