{
  "t_00" : 0.01578967,
  "t_02" : 0.30356935,
  "height" : 768,
  "t_11" : 0.0068675815,
  "width" : 1024,
  "t_01" : -0.95267856,
  "cy" : 387.1045,
  "t_12" : 0.073424004,
  "cx" : 514.55884,
  "fx" : 706.51013,
  "t_20" : -0.072034255,
  "t_21" : -0.30390212,
  "angular_velocity" : 3.4028235e+38,
  "timestamp" : 239624678128,
  "fy" : 706.51013,
  "t_10" : -0.9972772,
  "t_23" : -8.590763,
  "center_depth" : 7.1819777,
  "manual_keyframe" : false,
  "t_22" : -0.9499762,
  "t_03" : -5.713283,
  "blur_score" : 982.334,
  "t_13" : 0.095073506
}