{
  "t_00" : 0.014336085,
  "fx" : 706.8484,
  "t_20" : -0.3601202,
  "width" : 1024,
  "t_13" : -0.0127572,
  "t_03" : -5.260321,
  "t_02" : 0.01427338,
  "blur_score" : 1530.2725,
  "height" : 768,
  "t_10" : -0.9327958,
  "center_depth" : 4.022528,
  "t_21" : -0.01847959,
  "fy" : 706.8484,
  "t_01" : -0.9997953,
  "angular_velocity" : 3.4028235e+38,
  "timestamp" : 239622493886,
  "manual_keyframe" : false,
  "cy" : 387.15103,
  "cx" : 514.4583,
  "t_11" : -0.008231463,
  "t_22" : -0.932723,
  "t_23" : -8.375979,
  "t_12" : 0.36031145
}