{
  "cy" : 387.30832,
  "width" : 1024,
  "angular_velocity" : 3.4028235e+38,
  "height" : 768,
  "t_11" : 0.0023418008,
  "timestamp" : 239646470527,
  "t_21" : -0.6195601,
  "cx" : 513.94,
  "manual_keyframe" : false,
  "t_00" : 0.3274163,
  "t_13" : -0.10314341,
  "center_depth" : 3.3395443,
  "t_02" : 0.52598363,
  "fx" : 708.2779,
  "t_01" : -0.7849457,
  "t_03" : -5.8791823,
  "fy" : 708.2779,
  "t_12" : 0.53097695,
  "t_20" : -0.41801983,
  "t_23" : -4.2835855,
  "blur_score" : 553.668,
  "t_22" : -0.66438293,
  "t_10" : -0.8473831
}