{
  "blur_score" : 1615.3004,
  "t_23" : -3.9240346,
  "width" : 1024,
  "t_21" : 0.88476646,
  "t_00" : -0.31914636,
  "t_12" : 0.37117612,
  "t_11" : -0.02177286,
  "fx" : 707.67114,
  "t_02" : -0.8254886,
  "angular_velocity" : 3.4028235e+38,
  "fy" : 707.67114,
  "t_10" : -0.9283072,
  "height" : 768,
  "t_22" : -0.42520192,
  "timestamp" : 239653573482,
  "t_03" : -5.1300087,
  "t_01" : -0.46552545,
  "t_13" : -0.05829531,
  "cy" : 387.17236,
  "cx" : 514.3136,
  "t_20" : -0.1907652,
  "center_depth" : 3.695831,
  "manual_keyframe" : false
}