{
  "t_20" : -0.33078974,
  "t_21" : 0.5146948,
  "cx" : 514.5615,
  "center_depth" : 3.184593,
  "fx" : 706.8421,
  "manual_keyframe" : false,
  "width" : 1024,
  "t_11" : 0.019015584,
  "t_23" : -5.426867,
  "t_22" : -0.7909915,
  "t_01" : -0.8571626,
  "t_13" : -0.014557001,
  "t_03" : -6.861954,
  "t_00" : -0.21899115,
  "angular_velocity" : 3.4028235e+38,
  "height" : 768,
  "timestamp" : 239640518051,
  "cy" : 387.3306,
  "t_10" : -0.91794395,
  "blur_score" : 1124.6699,
  "fy" : 706.8421,
  "t_12" : 0.3962542,
  "t_02" : -0.46617082
}