{
  "manual_keyframe" : false,
  "t_22" : 0.91430265,
  "t_02" : -0.07177966,
  "width" : 1024,
  "t_00" : -0.008612232,
  "height" : 768,
  "t_03" : -2.6761975,
  "t_12" : 0.39862078,
  "fy" : 708.3191,
  "t_10" : -0.9168807,
  "t_11" : 0.020770816,
  "t_21" : 0.069246374,
  "t_23" : -6.4502187,
  "cy" : 387.72977,
  "t_01" : 0.99738336,
  "t_20" : 0.3990686,
  "t_13" : -0.08730199,
  "blur_score" : 3682.013,
  "fx" : 708.3191,
  "cx" : 514.2865,
  "angular_velocity" : 3.4028235e+38,
  "timestamp" : 239609238368,
  "center_depth" : 2.4018483
}