{
  "t_00" : 0.11676435,
  "t_02" : 0.76527226,
  "height" : 768,
  "t_11" : 0.017767388,
  "width" : 1024,
  "t_01" : -0.63302803,
  "cy" : 387.3155,
  "t_12" : 0.16515619,
  "cx" : 514.5154,
  "fx" : 706.52765,
  "t_20" : -0.11814539,
  "t_21" : -0.77392495,
  "angular_velocity" : 3.4028235e+38,
  "timestamp" : 239625945322,
  "fy" : 706.52765,
  "t_10" : -0.9861074,
  "t_23" : -8.180957,
  "center_depth" : 8.479668,
  "manual_keyframe" : false,
  "t_22" : -0.622159,
  "t_03" : -6.0676856,
  "blur_score" : 1628.85,
  "t_13" : 0.06934009
}