{
  "t_20" : -0.20962071,
  "t_21" : -0.7621601,
  "t_10" : -0.9543861,
  "fy" : 706.5721,
  "fx" : 706.5721,
  "t_23" : -6.637125,
  "t_22" : -0.61251223,
  "angular_velocity" : 3.4028235e+38,
  "blur_score" : 1497.8528,
  "center_depth" : 3.554219,
  "width" : 1024,
  "timestamp" : 239630130396,
  "t_13" : 0.028713768,
  "t_03" : -7.3411536,
  "cx" : 514.58624,
  "manual_keyframe" : false,
  "t_00" : 0.21261793,
  "cy" : 387.4351,
  "t_01" : -0.6469702,
  "t_11" : 0.023268403,
  "height" : 768,
  "t_02" : 0.73227257,
  "t_12" : 0.2976673
}