{
  "cx" : 514.36597,
  "center_depth" : 3.8464801,
  "height" : 768,
  "fx" : 707.7378,
  "t_13" : -0.10002743,
  "timestamp" : 239675716007,
  "manual_keyframe" : false,
  "width" : 1024,
  "t_03" : 0.6784416,
  "t_02" : -0.92889005,
  "angular_velocity" : 3.4028235e+38,
  "t_12" : 0.37029448,
  "fy" : 707.7378,
  "t_00" : -0.3702639,
  "cy" : 387.45187,
  "t_21" : 0.99996287,
  "t_22" : -0.0067395894,
  "t_23" : -2.5206492,
  "blur_score" : 3259.9697,
  "t_10" : -0.9289111,
  "t_20" : -0.00537324,
  "t_11" : -0.0024957214,
  "t_01" : -0.008250169
}