{
  "t_10" : -0.993404,
  "t_01" : -0.45898995,
  "t_03" : 2.0239792,
  "t_21" : 0.8861949,
  "fy" : 708.3159,
  "t_22" : -0.45241022,
  "t_11" : -0.06314134,
  "cx" : 514.46515,
  "t_00" : -0.056258243,
  "t_23" : -2.7491431,
  "t_12" : 0.09571713,
  "cy" : 387.0838,
  "t_13" : -0.007202436,
  "manual_keyframe" : false,
  "fx" : 708.3159,
  "angular_velocity" : 3.4028235e+38,
  "t_20" : -0.09991801,
  "blur_score" : 1601.5282,
  "t_02" : -0.88665855,
  "center_depth" : 2.7682889,
  "width" : 1024,
  "height" : 768,
  "timestamp" : 239678783946
}