{
  "cx" : 514.4266,
  "center_depth" : 2.1237001,
  "height" : 768,
  "fx" : 709.4404,
  "t_13" : -0.14430478,
  "timestamp" : 239685503397,
  "manual_keyframe" : false,
  "width" : 1024,
  "t_03" : 2.7565951,
  "t_02" : -0.87825996,
  "angular_velocity" : 3.4028235e+38,
  "t_12" : 0.3803073,
  "t_00" : -0.35139036,
  "fy" : 709.4404,
  "cy" : 387.322,
  "t_21" : 0.945524,
  "t_22" : 0.2898722,
  "t_23" : -1.5434217,
  "blur_score" : 1619.0576,
  "t_10" : -0.9244276,
  "t_20" : 0.14818403,
  "t_11" : 0.028285801,
  "t_01" : 0.32432127
}