{
  "cx" : 514.44226,
  "center_depth" : 4.5538073,
  "height" : 768,
  "fx" : 706.5419,
  "t_13" : 0.061708696,
  "timestamp" : 239639817760,
  "manual_keyframe" : false,
  "width" : 1024,
  "t_03" : -7.0740886,
  "t_02" : -0.54013556,
  "angular_velocity" : 3.4028235e+38,
  "t_12" : 0.23565248,
  "t_00" : -0.11952551,
  "fy" : 706.5419,
  "cy" : 387.3903,
  "t_21" : 0.5530407,
  "t_22" : -0.80791193,
  "t_23" : -5.6958914,
  "blur_score" : 1287.6741,
  "t_10" : -0.97174555,
  "t_20" : -0.20352994,
  "t_11" : -0.013367669,
  "t_01" : -0.83304703
}