{
  "t_10" : -0.9317424,
  "t_01" : -0.7902305,
  "t_03" : 2.6806943,
  "t_21" : 0.6116531,
  "fy" : 708.9005,
  "t_22" : -0.72901034,
  "t_11" : -0.037632268,
  "cx" : 514.2388,
  "t_00" : -0.1934733,
  "t_23" : -2.4908485,
  "t_12" : 0.36116484,
  "cy" : 387.33887,
  "t_13" : -0.11905902,
  "manual_keyframe" : false,
  "fx" : 708.9005,
  "angular_velocity" : 3.4028235e+38,
  "t_20" : -0.3072854,
  "blur_score" : 1538.6482,
  "t_02" : -0.581467,
  "center_depth" : 3.0822065,
  "width" : 1024,
  "height" : 768,
  "timestamp" : 239681451718
}