{
  "t_10" : -0.9268457,
  "t_01" : -0.37073874,
  "t_03" : 1.831421,
  "t_21" : 0.9286819,
  "fy" : 708.07294,
  "t_22" : -0.34012207,
  "cx" : 514.4034,
  "t_11" : -0.01012927,
  "t_00" : -0.3450946,
  "t_23" : -2.7380044,
  "cy" : 387.309,
  "t_12" : 0.37530592,
  "t_13" : -0.0918108,
  "manual_keyframe" : false,
  "fx" : 708.07294,
  "angular_velocity" : 3.4028235e+38,
  "t_20" : -0.14787433,
  "blur_score" : 3125.9507,
  "t_02" : -0.86224276,
  "center_depth" : 2.8098755,
  "width" : 1024,
  "height" : 768,
  "timestamp" : 239678050308
}