{
  "t_13" : -0.06383184,
  "blur_score" : 3565.2458,
  "center_depth" : 1.7191796,
  "height" : 768,
  "t_12" : 0.39903694,
  "t_23" : -4.9989915,
  "cx" : 514.4777,
  "timestamp" : 239601601856,
  "t_10" : -0.91680646,
  "width" : 1024,
  "manual_keyframe" : false,
  "t_00" : 0.29565936,
  "t_22" : 0.6442656,
  "t_01" : 0.697778,
  "angular_velocity" : 3.4028235e+38,
  "t_11" : 0.015349611,
  "fx" : 707.7077,
  "t_03" : -0.31174836,
  "t_21" : -0.7161495,
  "cy" : 387.23636,
  "fy" : 707.7077,
  "t_02" : 0.6524503,
  "t_20" : 0.26842436
}