{
  "manual_keyframe" : false,
  "fy" : 706.8135,
  "t_20" : -0.100679405,
  "t_03" : -7.425502,
  "cy" : 387.397,
  "t_11" : 0.00094481383,
  "t_02" : -0.76193386,
  "t_13" : 0.09340117,
  "blur_score" : 1717.8907,
  "t_21" : 0.77191144,
  "cx" : 514.55536,
  "t_00" : -0.123713486,
  "t_01" : -0.6357294,
  "angular_velocity" : 3.4028235e+38,
  "t_10" : -0.98719746,
  "width" : 1024,
  "t_22" : -0.6277073,
  "timestamp" : 239638683955,
  "t_23" : -5.899073,
  "height" : 768,
  "t_12" : 0.1595007,
  "fx" : 706.8135,
  "center_depth" : 10.095222
}