{
  "t_20" : -0.050416656,
  "t_21" : -0.96581674,
  "t_10" : -0.9716176,
  "fy" : 708.8337,
  "fx" : 708.8337,
  "t_23" : -8.563255,
  "t_22" : -0.2542757,
  "angular_velocity" : 3.4028235e+38,
  "blur_score" : 2439.2773,
  "center_depth" : 3.752756,
  "width" : 1024,
  "timestamp" : 239618992429,
  "t_13" : 0.031503998,
  "t_03" : -4.706032,
  "cx" : 514.5374,
  "manual_keyframe" : false,
  "t_00" : 0.23112239,
  "cy" : 387.2139,
  "t_01" : -0.25897107,
  "t_11" : -0.011486782,
  "height" : 768,
  "t_02" : 0.9378254,
  "t_12" : 0.23627834
}