{
  "cx" : 514.4804,
  "center_depth" : 1.918591,
  "height" : 768,
  "fx" : 709.7088,
  "t_13" : -0.10307389,
  "timestamp" : 239688204515,
  "manual_keyframe" : false,
  "width" : 1024,
  "t_03" : 2.8471677,
  "t_02" : -0.5712467,
  "angular_velocity" : 3.4028235e+38,
  "t_12" : 0.25165167,
  "fy" : 709.7088,
  "t_00" : -0.11064351,
  "cy" : 387.29977,
  "t_21" : 0.58010215,
  "t_22" : -0.7812482,
  "t_23" : -0.75909144,
  "blur_score" : 632.4708,
  "t_10" : -0.96676016,
  "t_20" : -0.23050559,
  "t_11" : -0.045235503,
  "t_01" : -0.8132868
}