{
  "t_02" : -0.7349039,
  "t_10" : -0.98981595,
  "blur_score" : 2320.3538,
  "angular_velocity" : 3.4028235e+38,
  "fy" : 706.858,
  "t_12" : 0.14232455,
  "cy" : 387.15274,
  "t_11" : -0.002877364,
  "t_22" : -0.6630687,
  "center_depth" : 10.425676,
  "height" : 768,
  "cx" : 514.5085,
  "t_23" : -4.873222,
  "t_01" : -0.6701924,
  "t_00" : -0.103722796,
  "t_21" : 0.7421818,
  "t_13" : 0.06553968,
  "fx" : 706.858,
  "t_03" : -6.257928,
  "timestamp" : 239642969071,
  "t_20" : -0.09749944,
  "width" : 1024,
  "manual_keyframe" : false
}