{
  "t_00" : 0.1391604,
  "fx" : 709.13385,
  "t_20" : 0.056829285,
  "width" : 1024,
  "t_13" : 0.051927656,
  "t_03" : -4.5662127,
  "t_02" : 0.9720654,
  "blur_score" : 3083.673,
  "height" : 768,
  "t_10" : -0.98863786,
  "center_depth" : 2.3665254,
  "t_21" : -0.9815231,
  "fy" : 709.13385,
  "t_01" : 0.18900582,
  "angular_velocity" : 3.4028235e+38,
  "timestamp" : 239618208769,
  "manual_keyframe" : false,
  "cy" : 387.17807,
  "cx" : 514.5702,
  "t_11" : -0.029815907,
  "t_22" : 0.1827091,
  "t_23" : -8.579384,
  "t_12" : 0.14733022
}