{
  "cx" : 514.7007,
  "center_depth" : 4.1945662,
  "height" : 768,
  "fx" : 707.71405,
  "t_13" : 0.12750463,
  "timestamp" : 239635966158,
  "manual_keyframe" : false,
  "width" : 1024,
  "t_03" : -8.162683,
  "t_02" : -0.51386523,
  "angular_velocity" : 3.4028235e+38,
  "t_12" : 0.1629369,
  "t_00" : -0.04929584,
  "fy" : 707.71405,
  "cy" : 387.20578,
  "t_21" : 0.5145918,
  "t_22" : -0.8422555,
  "t_23" : -6.0301104,
  "blur_score" : 855.3108,
  "t_10" : -0.98578346,
  "t_20" : -0.16062714,
  "t_11" : -0.041021008,
  "t_01" : -0.8564534
}