{
  "cx" : 514.36365,
  "center_depth" : 2.0265598,
  "height" : 768,
  "fx" : 709.6993,
  "t_13" : -0.10844796,
  "timestamp" : 239687570920,
  "manual_keyframe" : false,
  "width" : 1024,
  "t_03" : 2.914617,
  "t_02" : -0.8219592,
  "angular_velocity" : 3.4028235e+38,
  "t_12" : 0.27465087,
  "fy" : 709.6993,
  "t_00" : -0.22191805,
  "cy" : 387.287,
  "t_21" : 0.8510597,
  "t_22" : -0.49894875,
  "t_23" : -0.94946605,
  "blur_score" : 515.5025,
  "t_10" : -0.9612518,
  "t_20" : -0.16354598,
  "t_11" : -0.023702405,
  "t_01" : -0.5245334
}