{
  "t_22" : -0.58901757,
  "fx" : 706.5292,
  "cx" : 514.52966,
  "height" : 768,
  "manual_keyframe" : false,
  "fy" : 706.5292,
  "width" : 1024,
  "t_03" : -6.6592574,
  "t_13" : 0.06998143,
  "t_02" : 0.78424644,
  "timestamp" : 239628012848,
  "center_depth" : 5.8537874,
  "cy" : 387.48434,
  "t_23" : -7.319465,
  "t_00" : 0.16114672,
  "t_21" : -0.8005854,
  "angular_velocity" : 3.4028235e+38,
  "t_20" : -0.1100965,
  "blur_score" : 1888.6388,
  "t_10" : -0.9807704,
  "t_01" : -0.5991572,
  "t_12" : 0.19497684,
  "t_11" : -0.008575476
}