{
  "cy" : 387.06656,
  "width" : 1024,
  "angular_velocity" : 3.4028235e+38,
  "height" : 768,
  "t_11" : -0.035223674,
  "timestamp" : 239689254950,
  "t_21" : 0.014144996,
  "cx" : 514.40186,
  "manual_keyframe" : false,
  "t_00" : 0.02666075,
  "t_13" : -0.15702227,
  "center_depth" : 1.2223263,
  "t_02" : -0.027018366,
  "fx" : 710.6109,
  "t_01" : -0.9992793,
  "t_03" : 2.6198015,
  "fy" : 710.6109,
  "t_12" : 0.39831296,
  "t_20" : -0.39897755,
  "t_23" : -0.5146294,
  "blur_score" : 1221.9309,
  "t_22" : -0.9168516,
  "t_10" : -0.91657305
}