{
  "width" : 1024,
  "angular_velocity" : 3.4028235e+38,
  "height" : 768,
  "t_20" : -0.44057676,
  "t_10" : -0.87284935,
  "blur_score" : 1241.2736,
  "timestamp" : 239664978219,
  "manual_keyframe" : false,
  "center_depth" : 2.2135246,
  "fy" : 711.1907,
  "fx" : 711.1907,
  "t_12" : 0.48677772,
  "t_13" : -0.123525426,
  "t_21" : 0.37339792,
  "t_23" : -1.2883908,
  "t_03" : -2.6848173,
  "t_01" : -0.92703414,
  "cx" : 514.137,
  "t_00" : -0.20982437,
  "t_11" : 0.034374673,
  "t_02" : -0.31077543,
  "t_22" : -0.8163739,
  "cy" : 387.42413
}