{
  "t_20" : 0.09840827,
  "t_21" : -0.8698626,
  "t_10" : -0.98819405,
  "fy" : 708.8766,
  "fx" : 708.8766,
  "t_23" : -8.571642,
  "t_22" : 0.48337868,
  "angular_velocity" : 3.4028235e+38,
  "blur_score" : 2314.6653,
  "center_depth" : 2.1740382,
  "width" : 1024,
  "timestamp" : 239617575172,
  "cx" : 514.53613,
  "t_03" : -4.3773627,
  "t_13" : 0.04238221,
  "manual_keyframe" : false,
  "t_00" : 0.11742462,
  "cy" : 387.191,
  "t_01" : 0.492493,
  "t_11" : -0.028102642,
  "height" : 768,
  "t_02" : 0.8623585,
  "t_12" : 0.15060866
}