{
  "manual_keyframe" : false,
  "fy" : 707.44086,
  "t_20" : -0.12815887,
  "t_03" : -7.6192303,
  "cy" : 387.43826,
  "t_11" : 0.013864046,
  "t_02" : -0.8166712,
  "t_13" : 0.059260316,
  "blur_score" : 1712.3667,
  "t_21" : 0.84857285,
  "t_00" : -0.23090324,
  "cx" : 514.53876,
  "t_01" : -0.5288968,
  "angular_velocity" : 3.4028235e+38,
  "t_10" : -0.9644994,
  "width" : 1024,
  "t_22" : -0.51332194,
  "timestamp" : 239637966990,
  "t_23" : -6.077345,
  "height" : 768,
  "t_12" : 0.26372108,
  "fx" : 707.44086,
  "center_depth" : 5.8509884
}