{
  "t_20" : 0.1734043,
  "t_21" : 0.0018906826,
  "t_10" : -0.9841073,
  "fx" : 707.1153,
  "fy" : 707.1153,
  "t_23" : -7.5286064,
  "t_22" : 0.984849,
  "angular_velocity" : 3.4028235e+38,
  "blur_score" : 3149.9497,
  "center_depth" : 4.0090346,
  "width" : 1024,
  "timestamp" : 239614590596,
  "cx" : 514.654,
  "t_03" : -3.783162,
  "t_13" : -0.0021985997,
  "manual_keyframe" : false,
  "t_00" : -0.03825991,
  "cy" : 387.3657,
  "t_01" : 0.9992562,
  "t_11" : -0.038515717,
  "height" : 768,
  "t_02" : 0.004818146,
  "t_12" : 0.17334767
}