{
  "blur_score" : 778.0849,
  "t_23" : -4.287222,
  "width" : 1024,
  "t_21" : 0.39168864,
  "t_00" : 0.08357406,
  "t_12" : -0.059752822,
  "t_11" : -0.065428235,
  "fx" : 709.4769,
  "t_02" : -0.38822192,
  "angular_velocity" : 3.4028235e+38,
  "fy" : 709.4769,
  "t_10" : -0.9960667,
  "height" : 768,
  "t_22" : -0.91962683,
  "timestamp" : 239651605997,
  "t_01" : -0.91776854,
  "t_03" : -5.6129174,
  "t_13" : 0.08672138,
  "cy" : 387.0521,
  "cx" : 514.5802,
  "t_20" : 0.029438587,
  "center_depth" : 3.0379112,
  "manual_keyframe" : false
}