{
  "t_10" : -0.9368388,
  "t_01" : -0.03939454,
  "t_03" : 2.9190395,
  "t_21" : 0.9990205,
  "fy" : 710.0408,
  "t_22" : -0.043951392,
  "t_11" : 0.02014464,
  "cx" : 514.25275,
  "t_00" : -0.3497242,
  "t_23" : -1.1589009,
  "t_12" : 0.34918082,
  "cy" : 387.5492,
  "t_13" : -0.1466504,
  "manual_keyframe" : false,
  "fx" : 710.0408,
  "angular_velocity" : 3.4028235e+38,
  "t_20" : 0.005100055,
  "blur_score" : 1037.8344,
  "t_02" : -0.936024,
  "center_depth" : 2.0676222,
  "width" : 1024,
  "height" : 768,
  "timestamp" : 239686803935
}