{
  "manual_keyframe" : false,
  "fy" : 711.49396,
  "t_20" : -0.34750357,
  "t_03" : 2.4514446,
  "cy" : 387.28503,
  "t_11" : 0.022243794,
  "t_02" : 0.31551468,
  "t_13" : -0.1408194,
  "blur_score" : 1259.1838,
  "t_21" : -0.33010814,
  "t_00" : 0.09958259,
  "cx" : 514.4277,
  "t_01" : -0.943681,
  "angular_velocity" : 3.4028235e+38,
  "t_10" : -0.93237585,
  "width" : 1024,
  "t_22" : -0.8776503,
  "timestamp" : 239690071955,
  "t_23" : -0.23464309,
  "height" : 768,
  "t_12" : 0.36080557,
  "fx" : 711.49396,
  "center_depth" : 2.5612621
}