{
  "manual_keyframe" : false,
  "fy" : 707.9825,
  "t_20" : -0.084402665,
  "t_03" : 1.7050029,
  "cy" : 387.22913,
  "t_11" : -0.0019107991,
  "t_02" : 0.90399146,
  "t_13" : -0.07116631,
  "blur_score" : 1637.5305,
  "t_21" : -0.93008006,
  "cx" : 514.5856,
  "t_00" : 0.21875145,
  "t_01" : -0.3673519,
  "angular_velocity" : 3.4028235e+38,
  "t_10" : -0.9721235,
  "width" : 1024,
  "t_22" : -0.35752943,
  "timestamp" : 239692673033,
  "t_23" : 0.39871445,
  "height" : 768,
  "t_12" : 0.23446183,
  "fx" : 707.9825,
  "center_depth" : 4.3477716
}