{
  "t_00" : -0.06760501,
  "t_13" : 0.007616947,
  "cx" : 514.5711,
  "t_20" : -0.12853387,
  "t_21" : 0.44322693,
  "fy" : 707.95703,
  "t_11" : 0.0036704848,
  "t_10" : -0.98939806,
  "t_12" : 0.1451824,
  "center_depth" : 7.064926,
  "t_03" : -3.5429003,
  "timestamp" : 239662343792,
  "fx" : 707.95703,
  "t_22" : -0.8871465,
  "width" : 1024,
  "t_02" : -0.43805614,
  "t_01" : -0.8964019,
  "angular_velocity" : 3.4028235e+38,
  "height" : 768,
  "t_23" : -1.9965923,
  "blur_score" : 1837.0955,
  "manual_keyframe" : false,
  "cy" : 387.31512
}