{
  "cy" : 387.13116,
  "width" : 1024,
  "angular_velocity" : 3.4028235e+38,
  "height" : 768,
  "t_11" : -0.022822754,
  "timestamp" : 239689421686,
  "t_21" : -0.06257875,
  "cx" : 514.4183,
  "manual_keyframe" : false,
  "t_00" : 0.04647897,
  "t_13" : -0.16681878,
  "center_depth" : 1.267344,
  "t_02" : 0.047714632,
  "fx" : 710.8968,
  "t_01" : -0.997779,
  "t_03" : 2.5877452,
  "fy" : 710.8968,
  "t_12" : 0.41064772,
  "t_20" : -0.40864673,
  "t_23" : -0.47705925,
  "blur_score" : 1268.1565,
  "t_22" : -0.9105449,
  "t_10" : -0.91150844
}