{
  "cy" : 387.21295,
  "width" : 1024,
  "angular_velocity" : 3.4028235e+38,
  "height" : 768,
  "t_11" : 0.050311726,
  "timestamp" : 239683335832,
  "t_21" : 0.83935,
  "cx" : 514.4609,
  "manual_keyframe" : false,
  "t_00" : -0.3664211,
  "t_13" : -0.1492465,
  "center_depth" : 2.3150816,
  "t_02" : -0.7568192,
  "fx" : 708.6225,
  "t_01" : -0.5412581,
  "t_03" : 2.6085942,
  "fy" : 708.6225,
  "t_12" : 0.40584168,
  "t_20" : -0.1815882,
  "t_23" : -1.9957393,
  "blur_score" : 1781.1227,
  "t_22" : -0.51236445,
  "t_10" : -0.9125576
}