{
  "t_20" : 0.32501948,
  "t_21" : 0.15051621,
  "t_10" : -0.94503677,
  "fy" : 707.128,
  "fx" : 707.128,
  "t_23" : -7.33427,
  "t_22" : 0.9336527,
  "angular_velocity" : 3.4028235e+38,
  "blur_score" : 2444.0845,
  "center_depth" : 3.5917845,
  "width" : 1024,
  "timestamp" : 239614157083,
  "cx" : 514.59515,
  "t_03" : -3.70111,
  "t_13" : -0.054565966,
  "manual_keyframe" : false,
  "t_00" : -0.035607807,
  "cy" : 387.3013,
  "t_01" : 0.9885009,
  "t_11" : 0.014520455,
  "height" : 768,
  "t_02" : -0.14696284,
  "t_12" : 0.32664156
}