{
  "t_00" : 0.13575283,
  "fx" : 707.1486,
  "t_20" : -0.18724348,
  "width" : 1024,
  "t_13" : 0.0696803,
  "t_03" : -8.190073,
  "t_02" : 0.55959487,
  "blur_score" : 1904.2301,
  "height" : 768,
  "t_10" : -0.97288805,
  "center_depth" : 2.7159014,
  "t_21" : -0.57581645,
  "fy" : 707.1486,
  "t_01" : -0.8175725,
  "angular_velocity" : 3.4028235e+38,
  "timestamp" : 239632214596,
  "manual_keyframe" : false,
  "cy" : 387.15897,
  "cx" : 514.5524,
  "t_11" : -0.0032582313,
  "t_22" : -0.79584885,
  "t_23" : -6.240506,
  "t_12" : 0.23125385
}