{
  "t_10" : -0.86972517,
  "t_01" : -0.6734122,
  "t_03" : 2.644107,
  "t_21" : 0.739171,
  "fy" : 708.61926,
  "t_22" : -0.59011394,
  "t_11" : 0.011918101,
  "cx" : 514.1794,
  "t_00" : -0.37173453,
  "t_23" : -2.6307907,
  "cy" : 387.62244,
  "t_12" : 0.49339256,
  "t_13" : -0.16724788,
  "manual_keyframe" : false,
  "fx" : 708.61926,
  "angular_velocity" : 3.4028235e+38,
  "t_20" : -0.32464084,
  "blur_score" : 2148.243,
  "t_02" : -0.6390065,
  "center_depth" : 1.9923468,
  "width" : 1024,
  "height" : 768,
  "timestamp" : 239680968184
}