{
  "t_13" : 0.021340873,
  "blur_score" : 2479.4695,
  "center_depth" : 2.6145215,
  "height" : 768,
  "t_12" : 0.14230886,
  "t_23" : -5.4220653,
  "cx" : 514.59937,
  "timestamp" : 239603836119,
  "t_10" : -0.989811,
  "width" : 1024,
  "manual_keyframe" : false,
  "t_00" : -0.017600052,
  "t_22" : 0.9775489,
  "t_01" : 0.9876962,
  "angular_velocity" : 3.4028235e+38,
  "t_11" : 0.0047512837,
  "fx" : 707.6854,
  "t_03" : -0.9186471,
  "t_21" : 0.15631257,
  "cy" : 387.3944,
  "fy" : 707.6854,
  "t_02" : -0.15539125,
  "t_20" : 0.14129622
}