{
  "t_20" : 0.09891916,
  "t_21" : -0.17147699,
  "t_10" : -0.99378145,
  "fy" : 707.3678,
  "fx" : 707.3678,
  "t_23" : -6.8619847,
  "t_22" : 0.9802095,
  "angular_velocity" : 3.4028235e+38,
  "blur_score" : 3661.5396,
  "center_depth" : 4.8453526,
  "width" : 1024,
  "timestamp" : 239612656458,
  "t_13" : 0.023339598,
  "t_03" : -3.431415,
  "cx" : 514.54364,
  "manual_keyframe" : false,
  "t_00" : 0.051121913,
  "cy" : 387.35034,
  "t_01" : 0.98461556,
  "t_11" : 0.033581905,
  "height" : 768,
  "t_02" : 0.16708873,
  "t_12" : 0.10616358
}