{
  "cx" : 514.5757,
  "center_depth" : 2.8557327,
  "height" : 768,
  "fx" : 708.254,
  "t_13" : 0.11954264,
  "timestamp" : 239650205414,
  "manual_keyframe" : false,
  "width" : 1024,
  "t_03" : -5.8725357,
  "t_02" : 0.35721555,
  "angular_velocity" : 3.4028235e+38,
  "t_12" : -0.23700926,
  "fy" : 708.254,
  "t_00" : -0.022434238,
  "cy" : 387.0571,
  "t_21" : -0.35151887,
  "t_22" : -0.9034509,
  "t_23" : -4.399039,
  "blur_score" : 443.5658,
  "t_10" : -0.9691676,
  "t_20" : 0.24537893,
  "t_11" : -0.067384936,
  "t_01" : -0.93375236
}