{
  "cx" : 514.53174,
  "center_depth" : 2.3815048,
  "height" : 768,
  "fx" : 708.2779,
  "t_13" : 0.031869404,
  "timestamp" : 239679250806,
  "manual_keyframe" : false,
  "width" : 1024,
  "t_03" : 2.1642673,
  "t_02" : -0.9188048,
  "angular_velocity" : 3.4028235e+38,
  "t_12" : -0.0021697266,
  "fy" : 708.2779,
  "t_00" : 0.041197628,
  "cy" : 386.87656,
  "t_21" : 0.9143463,
  "t_22" : -0.39470628,
  "t_23" : -2.8347468,
  "blur_score" : 1477.8463,
  "t_10" : -0.9950503,
  "t_20" : -0.090430774,
  "t_11" : -0.099349186,
  "t_01" : -0.39255637
}