{
  "t_20" : 0.03814431,
  "t_21" : -0.9989964,
  "t_10" : -0.97869813,
  "fy" : 709.15607,
  "fx" : 709.15607,
  "t_23" : -8.561367,
  "t_22" : -0.023473028,
  "angular_velocity" : 3.4028235e+38,
  "blur_score" : 3208.138,
  "center_depth" : 2.7732239,
  "width" : 1024,
  "timestamp" : 239618625609,
  "t_13" : 0.04367555,
  "t_03" : -4.64587,
  "cx" : 514.5566,
  "manual_keyframe" : false,
  "t_00" : 0.20172992,
  "cy" : 387.18143,
  "t_01" : -0.0153081445,
  "t_11" : -0.042090755,
  "height" : 768,
  "t_02" : 0.9793215,
  "t_12" : 0.20094356
}