{
  "cx" : 514.5698,
  "center_depth" : 4.5214167,
  "height" : 768,
  "fx" : 707.7188,
  "t_13" : 0.066798985,
  "timestamp" : 239636733143,
  "manual_keyframe" : false,
  "width" : 1024,
  "t_03" : -8.0083065,
  "t_02" : -0.57713175,
  "angular_velocity" : 3.4028235e+38,
  "t_12" : 0.30285007,
  "fy" : 707.7188,
  "t_00" : -0.15852554,
  "cy" : 387.03818,
  "t_21" : 0.5977713,
  "t_22" : -0.75842005,
  "t_23" : -6.0788217,
  "blur_score" : 1011.82715,
  "t_10" : -0.95257604,
  "t_20" : -0.25974733,
  "t_11" : -0.029679496,
  "t_01" : -0.8011172
}