{
  "t_00" : 0.11977342,
  "fx" : 709.1879,
  "t_20" : 0.06908745,
  "width" : 1024,
  "t_13" : 0.05247142,
  "t_03" : -4.481843,
  "t_02" : 0.93445474,
  "blur_score" : 2440.8005,
  "height" : 768,
  "t_10" : -0.9903945,
  "center_depth" : 2.2311583,
  "t_21" : -0.9417639,
  "fy" : 709.1879,
  "t_01" : 0.33533335,
  "angular_velocity" : 3.4028235e+38,
  "timestamp" : 239617875297,
  "manual_keyframe" : false,
  "cy" : 387.1832,
  "cx" : 514.59467,
  "t_11" : -0.025141543,
  "t_22" : 0.329101,
  "t_23" : -8.583251,
  "t_12" : 0.13596562
}