{
  "t_00" : 0.094589,
  "fx" : 706.81824,
  "t_20" : -0.037142307,
  "width" : 1024,
  "t_13" : 0.0898747,
  "t_03" : -5.0934205,
  "t_02" : 0.73549485,
  "blur_score" : 1547.8752,
  "height" : 768,
  "t_10" : -0.99482334,
  "center_depth" : 8.859554,
  "t_21" : -0.74067134,
  "fy" : 706.81824,
  "t_01" : -0.670895,
  "angular_velocity" : 3.4028235e+38,
  "timestamp" : 239620776505,
  "manual_keyframe" : false,
  "cy" : 387.18634,
  "cx" : 514.57874,
  "t_11" : -0.03613611,
  "t_22" : -0.6708401,
  "t_23" : -8.406771,
  "t_12" : 0.09497795
}