{
  "t_20" : -0.09590204,
  "t_21" : 0.83598757,
  "cx" : 514.55804,
  "center_depth" : 1.5988048,
  "fx" : 711.22565,
  "manual_keyframe" : false,
  "width" : 1024,
  "t_11" : -0.01316509,
  "t_23" : 11.047045,
  "t_22" : -0.5403033,
  "t_01" : -0.5485904,
  "t_13" : 0.066585116,
  "t_03" : -8.254828,
  "t_00" : -0.12243744,
  "angular_velocity" : 3.4028235e+38,
  "height" : 768,
  "timestamp" : 239747478990,
  "cy" : 387.0606,
  "t_10" : -0.987832,
  "blur_score" : 414.58408,
  "t_12" : 0.15496711,
  "t_02" : -0.8270778,
  "fy" : 711.22565
}