{
  "t_00" : -0.030032884,
  "t_13" : 0.047265623,
  "cx" : 514.38617,
  "t_20" : 0.27243716,
  "t_21" : 0.03543645,
  "fy" : 708.6114,
  "t_11" : -0.021163546,
  "t_12" : 0.27326927,
  "t_10" : -0.96170473,
  "center_depth" : 3.8872092,
  "t_03" : -1.9751439,
  "timestamp" : 239774590124,
  "fx" : 708.6114,
  "t_22" : 0.9615208,
  "width" : 1024,
  "t_02" : -0.028313676,
  "t_01" : 0.9991477,
  "angular_velocity" : 3.4028235e+38,
  "height" : 768,
  "t_23" : 4.115633,
  "blur_score" : 2588.3508,
  "manual_keyframe" : false,
  "cy" : 387.38925
}