{
  "t_02" : 0.76912004,
  "t_10" : -0.96019465,
  "blur_score" : 2080.2656,
  "angular_velocity" : 3.4028235e+38,
  "fy" : 708.5939,
  "cy" : 387.17786,
  "t_12" : 0.27933022,
  "t_11" : -0.00088479917,
  "t_22" : -0.5748295,
  "center_depth" : 4.8923626,
  "height" : 768,
  "cx" : 514.4989,
  "t_23" : 5.5039563,
  "t_01" : -0.59845257,
  "t_00" : 0.22429617,
  "t_21" : -0.8011576,
  "t_13" : 0.030061956,
  "fx" : 708.5939,
  "t_03" : -3.383706,
  "timestamp" : 239714515396,
  "t_20" : -0.1664854,
  "width" : 1024,
  "manual_keyframe" : false
}