{
  "t_20" : 0.10361928,
  "t_21" : 0.2958075,
  "cx" : 514.57635,
  "center_depth" : 3.059759,
  "fx" : 709.16406,
  "manual_keyframe" : false,
  "width" : 1024,
  "t_11" : -0.03814932,
  "t_23" : 7.3191576,
  "t_22" : 0.949611,
  "t_01" : 0.9544855,
  "t_13" : 0.14425428,
  "t_03" : -5.059735,
  "t_00" : -0.07176267,
  "angular_velocity" : 3.4028235e+38,
  "height" : 768,
  "timestamp" : 239765969926,
  "cy" : 387.1046,
  "t_10" : -0.99202484,
  "blur_score" : 2392.6926,
  "t_12" : 0.12013103,
  "fy" : 709.16406,
  "t_02" : -0.2894954
}