{
  "t_00" : -0.1256445,
  "t_13" : -0.031274967,
  "cx" : 513.7611,
  "t_20" : -0.47034857,
  "t_21" : 0.16824901,
  "fy" : 710.64905,
  "t_10" : -0.8734906,
  "t_11" : 0.051004328,
  "t_12" : 0.48416203,
  "center_depth" : 2.094842,
  "t_03" : -8.389631,
  "timestamp" : 239745861657,
  "fx" : 710.64905,
  "t_22" : -0.86629355,
  "width" : 1024,
  "t_02" : -0.1229741,
  "t_01" : -0.98442405,
  "angular_velocity" : 3.4028235e+38,
  "height" : 768,
  "t_23" : 10.812444,
  "blur_score" : 1715.9083,
  "manual_keyframe" : false,
  "cy" : 387.59924
}