{
  "t_10" : -0.9407146,
  "t_01" : -0.5062556,
  "t_03" : -2.9287837,
  "t_21" : -0.862372,
  "fy" : 708.8305,
  "t_22" : -0.4749546,
  "t_11" : 0.004433714,
  "cx" : 514.4839,
  "t_00" : 0.2903849,
  "t_23" : 5.1576195,
  "t_12" : 0.33916998,
  "cy" : 387.40582,
  "t_13" : -0.005682959,
  "manual_keyframe" : false,
  "fx" : 708.8305,
  "angular_velocity" : 3.4028235e+38,
  "t_20" : -0.17530702,
  "blur_score" : 1984.6931,
  "t_02" : 0.8120232,
  "center_depth" : 3.935631,
  "width" : 1024,
  "height" : 768,
  "timestamp" : 239713098145
}