{
  "t_20" : -0.35443443,
  "t_21" : -0.4606812,
  "cx" : 514.3289,
  "center_depth" : 1.8340678,
  "fx" : 710.31866,
  "manual_keyframe" : false,
  "width" : 1024,
  "t_11" : -0.05916228,
  "t_23" : 9.4235935,
  "t_22" : 0.81372535,
  "t_01" : 0.8855916,
  "t_13" : 0.44390333,
  "t_03" : -7.3348236,
  "t_00" : -0.2446675,
  "angular_velocity" : 3.4028235e+38,
  "height" : 768,
  "timestamp" : 239736324396,
  "cy" : 387.0331,
  "t_10" : -0.9025043,
  "blur_score" : 125.77136,
  "fy" : 710.31866,
  "t_02" : 0.39479765,
  "t_12" : -0.42659795
}