{
  "blur_score" : 1954.9196,
  "t_23" : 3.4440365,
  "width" : 1024,
  "t_21" : -0.28764057,
  "t_00" : 0.09316247,
  "t_12" : 0.32471836,
  "t_11" : -0.00026464276,
  "fx" : 708.605,
  "t_02" : 0.27213588,
  "angular_velocity" : 3.4028235e+38,
  "fy" : 708.605,
  "t_10" : -0.9458107,
  "height" : 768,
  "t_22" : 0.90581447,
  "timestamp" : 239776240799,
  "t_03" : -1.6391604,
  "t_01" : 0.9577382,
  "t_13" : 0.009171373,
  "cy" : 387.36444,
  "cx" : 514.43884,
  "t_20" : 0.31106725,
  "center_depth" : 2.8041258,
  "manual_keyframe" : false
}