{
  "t_20" : -0.56803465,
  "t_21" : -0.23361452,
  "cx" : 514.2573,
  "center_depth" : 1.837252,
  "fx" : 711.7512,
  "manual_keyframe" : false,
  "width" : 1024,
  "t_11" : 0.007275819,
  "t_23" : 10.849548,
  "t_22" : -0.78915215,
  "t_01" : -0.9723021,
  "t_13" : -0.061566472,
  "t_03" : -8.261154,
  "t_00" : 0.13040057,
  "angular_velocity" : 3.4028235e+38,
  "height" : 768,
  "timestamp" : 239752297640,
  "cy" : 387.37122,
  "t_10" : -0.8126085,
  "blur_score" : 2224.3257,
  "fy" : 711.7512,
  "t_12" : 0.5827646,
  "t_02" : 0.19397007
}