{
  "t_20" : 0.27192858,
  "t_21" : -0.22347063,
  "cx" : 514.43066,
  "center_depth" : 3.1758468,
  "fx" : 708.6272,
  "manual_keyframe" : false,
  "width" : 1024,
  "t_11" : -0.0099498695,
  "t_23" : 3.6592968,
  "t_22" : 0.9360105,
  "t_01" : 0.97465974,
  "t_13" : 0.03794394,
  "t_03" : -1.7223878,
  "t_00" : 0.052538738,
  "angular_velocity" : 3.4028235e+38,
  "height" : 768,
  "timestamp" : 239775723921,
  "cy" : 387.22995,
  "t_10" : -0.9608821,
  "blur_score" : 2076.0366,
  "t_02" : 0.21743459,
  "fy" : 708.6272,
  "t_12" : 0.27677873
}