{
  "t_20" : 0.30319798,
  "t_21" : 0.47157767,
  "cx" : 514.3176,
  "center_depth" : 4.0138264,
  "fx" : 709.1862,
  "manual_keyframe" : false,
  "width" : 1024,
  "t_11" : -0.027108267,
  "t_23" : 6.425835,
  "t_22" : 0.8280614,
  "t_01" : 0.88140774,
  "t_13" : 0.051154062,
  "t_03" : -4.1571164,
  "t_00" : -0.19093293,
  "angular_velocity" : 3.4028235e+38,
  "height" : 768,
  "timestamp" : 239768587666,
  "cy" : 387.40085,
  "t_10" : -0.93360364,
  "blur_score" : 4726.3804,
  "fy" : 709.1862,
  "t_12" : 0.35728073,
  "t_02" : -0.4320475
}