{
  "cy" : 387.19592,
  "width" : 1024,
  "angular_velocity" : 3.4028235e+38,
  "height" : 768,
  "t_11" : -0.031941798,
  "timestamp" : 239765052884,
  "t_21" : 0.25558305,
  "cx" : 514.4673,
  "manual_keyframe" : false,
  "t_00" : -0.11273408,
  "t_13" : 0.078098714,
  "center_depth" : 3.4978354,
  "t_02" : -0.2315902,
  "fx" : 709.11646,
  "t_01" : 0.96625936,
  "t_03" : -5.322012,
  "fy" : 709.11646,
  "t_12" : 0.3265622,
  "t_20" : 0.30814636,
  "t_23" : 7.698521,
  "blur_score" : 4080.2986,
  "t_22" : 0.91636425,
  "t_10" : -0.9446359
}