{
  "t_02" : 0.83457047,
  "t_10" : -0.9973021,
  "blur_score" : 1536.4437,
  "angular_velocity" : 3.4028235e+38,
  "fy" : 708.28735,
  "t_12" : 0.07336093,
  "cy" : 387.1556,
  "t_11" : -0.0025965485,
  "t_22" : -0.5459949,
  "center_depth" : 5.769774,
  "height" : 768,
  "cx" : 514.48694,
  "t_23" : 6.69547,
  "t_01" : -0.54730827,
  "t_00" : 0.06281544,
  "t_21" : -0.83692706,
  "t_13" : 0.14975287,
  "fx" : 708.28735,
  "t_03" : -4.9010777,
  "timestamp" : 239718600415,
  "t_20" : -0.037984047,
  "width" : 1024,
  "manual_keyframe" : false
}