{
  "t_00" : -0.20118749,
  "t_13" : 0.3529913,
  "cx" : 514.5219,
  "t_20" : -0.058933947,
  "t_21" : -0.9055647,
  "fy" : 710.60614,
  "t_11" : -0.032447778,
  "t_12" : -0.20711532,
  "t_10" : -0.9777782,
  "center_depth" : 1.6591613,
  "t_03" : -7.518828,
  "timestamp" : 239737641605,
  "fx" : 710.60614,
  "t_22" : 0.42009398,
  "width" : 1024,
  "t_02" : 0.8835294,
  "t_01" : 0.4229649,
  "angular_velocity" : 3.4028235e+38,
  "height" : 768,
  "t_23" : 9.577244,
  "blur_score" : 196.748,
  "manual_keyframe" : false,
  "cy" : 387.0845
}