{
  "t_02" : 0.4945076,
  "t_10" : -0.83073366,
  "blur_score" : 2170.7095,
  "angular_velocity" : 3.4028235e+38,
  "t_12" : 0.55631196,
  "cy" : 387.4715,
  "fy" : 708.8591,
  "t_11" : 0.019966455,
  "t_22" : -0.66781676,
  "center_depth" : 2.2568314,
  "height" : 768,
  "cx" : 514.27094,
  "t_23" : 3.0802014,
  "t_01" : -0.8113784,
  "t_00" : 0.3116524,
  "t_21" : -0.58417994,
  "t_13" : -0.13130662,
  "fx" : 708.8591,
  "t_03" : -0.92818505,
  "timestamp" : 239704911427,
  "t_20" : -0.46125314,
  "width" : 1024,
  "manual_keyframe" : false
}