{
  "t_20" : -0.07488536,
  "t_21" : -0.69601035,
  "cx" : 514.5068,
  "center_depth" : 3.9326088,
  "fx" : 708.04596,
  "manual_keyframe" : false,
  "width" : 1024,
  "t_11" : -0.031715177,
  "t_23" : 8.6004715,
  "t_22" : -0.71411604,
  "t_01" : -0.7173309,
  "t_13" : 0.16864836,
  "t_03" : -6.9913416,
  "t_00" : 0.11644661,
  "angular_velocity" : 3.4028235e+38,
  "height" : 768,
  "timestamp" : 239725169793,
  "cy" : 387.0449,
  "t_10" : -0.99036986,
  "blur_score" : 2137.8762,
  "fy" : 708.04596,
  "t_02" : 0.6869327,
  "t_12" : 0.13476564
}