{
  "manual_keyframe" : false,
  "fy" : 707.976,
  "t_20" : -0.03227702,
  "t_03" : -4.3456097,
  "cy" : 387.38876,
  "t_11" : -0.017819574,
  "t_02" : 0.87327915,
  "t_13" : 0.11831921,
  "blur_score" : 1494.4073,
  "t_21" : -0.87841254,
  "cx" : 514.64795,
  "t_00" : 0.09648762,
  "t_01" : -0.47757047,
  "angular_velocity" : 3.4028235e+38,
  "t_10" : -0.99481064,
  "width" : 1024,
  "t_22" : -0.47681162,
  "timestamp" : 239717166490,
  "t_23" : 6.2888246,
  "height" : 768,
  "t_12" : 0.10017051,
  "fx" : 707.976,
  "center_depth" : 4.29719
}