{
  "t_20" : -0.4360848,
  "t_21" : 0.59635687,
  "cx" : 513.8831,
  "center_depth" : 1.8070877,
  "fx" : 710.90796,
  "manual_keyframe" : false,
  "width" : 1024,
  "t_11" : -0.011617935,
  "t_23" : 11.018844,
  "t_22" : -0.6739352,
  "t_01" : -0.8026354,
  "t_13" : -0.077353835,
  "t_03" : -8.189553,
  "t_00" : -0.3117913,
  "angular_velocity" : 3.4028235e+38,
  "height" : 768,
  "timestamp" : 239750113408,
  "cy" : 387.5222,
  "t_10" : -0.8441661,
  "blur_score" : 939.12396,
  "t_12" : 0.53595597,
  "fy" : 710.90796,
  "t_02" : -0.5084907
}