{
  "cx" : 514.6189,
  "center_depth" : 1.6974075,
  "height" : 768,
  "fx" : 709.4706,
  "t_13" : 0.23088032,
  "timestamp" : 239702443740,
  "manual_keyframe" : false,
  "width" : 1024,
  "t_03" : -1.0208267,
  "t_02" : 0.9724845,
  "angular_velocity" : 3.4028235e+38,
  "t_12" : -0.23087944,
  "fy" : 709.4706,
  "t_00" : -0.23267686,
  "cy" : 386.901,
  "t_21" : -0.9962883,
  "t_22" : 0.03112194,
  "t_23" : 2.5671515,
  "blur_score" : 699.079,
  "t_10" : -0.9692371,
  "t_20" : 0.08025593,
  "t_11" : -0.085289,
  "t_01" : 0.011635102
}