{
  "t_20" : -0.09382951,
  "t_21" : -0.8100362,
  "cx" : 514.64484,
  "center_depth" : 6.7370477,
  "fx" : 708.03,
  "manual_keyframe" : false,
  "width" : 1024,
  "t_11" : -0.013973746,
  "t_23" : 5.986722,
  "t_22" : -0.5788242,
  "t_01" : -0.58621347,
  "t_13" : 0.09547476,
  "t_03" : -3.8866599,
  "t_00" : 0.15310448,
  "angular_velocity" : 3.4028235e+38,
  "height" : 768,
  "timestamp" : 239715999342,
  "cy" : 387.35733,
  "t_10" : -0.98374546,
  "blur_score" : 1924.5662,
  "fy" : 708.03,
  "t_12" : 0.17902426,
  "t_02" : 0.7955583
}