{
  "t_20" : 0.009843402,
  "t_21" : 0.22732754,
  "cx" : 514.5314,
  "center_depth" : 2.7584307,
  "fx" : 710.6411,
  "manual_keyframe" : false,
  "width" : 1024,
  "t_11" : -0.039353598,
  "t_23" : 9.842959,
  "t_22" : 0.9737687,
  "t_01" : 0.9730229,
  "t_13" : 0.16556501,
  "t_03" : -7.3196154,
  "t_00" : -0.04270554,
  "angular_velocity" : 3.4028235e+38,
  "height" : 768,
  "timestamp" : 239759133787,
  "cy" : 387.0995,
  "t_10" : -0.99903923,
  "blur_score" : 1277.4384,
  "t_12" : 0.019286001,
  "fy" : 710.6411,
  "t_02" : -0.2267218
}