{
  "t_02" : 0.8993056,
  "t_10" : -0.9829289,
  "blur_score" : 1487.4636,
  "angular_velocity" : 3.4028235e+38,
  "fy" : 708.0619,
  "t_12" : 0.18301538,
  "cy" : 387.4443,
  "t_11" : 0.018876286,
  "t_22" : -0.39718378,
  "center_depth" : 4.4738073,
  "height" : 768,
  "cx" : 514.55145,
  "t_23" : 3.7198048,
  "t_01" : -0.40714738,
  "t_00" : 0.15962632,
  "t_21" : -0.9131675,
  "t_13" : -0.011881789,
  "fx" : 708.0619,
  "t_03" : -1.3918594,
  "timestamp" : 239708579611,
  "t_20" : -0.09148978,
  "width" : 1024,
  "manual_keyframe" : false
}