{
  "t_20" : -0.10232926,
  "t_21" : 0.47061625,
  "cx" : 514.5027,
  "center_depth" : 1.654002,
  "fx" : 711.1493,
  "manual_keyframe" : false,
  "width" : 1024,
  "t_11" : -0.048551414,
  "t_23" : 11.077152,
  "t_22" : -0.876384,
  "t_01" : -0.88100106,
  "t_13" : 0.07287917,
  "t_03" : -8.339055,
  "t_00" : 0.0001574692,
  "angular_velocity" : 3.4028235e+38,
  "height" : 768,
  "timestamp" : 239746795375,
  "cy" : 387.36798,
  "t_10" : -0.99475056,
  "blur_score" : 727.31104,
  "t_02" : -0.47311404,
  "t_12" : 0.09007809,
  "fy" : 711.1493
}