{
  "t_20" : 0.050804097,
  "t_21" : -0.9729374,
  "cx" : 514.3639,
  "center_depth" : 2.0954406,
  "fx" : 711.1715,
  "manual_keyframe" : false,
  "width" : 1024,
  "t_11" : -0.06900099,
  "t_23" : 10.350889,
  "t_22" : -0.22541398,
  "t_01" : -0.22052522,
  "t_13" : 0.13790463,
  "t_03" : -8.223248,
  "t_00" : 0.08715449,
  "angular_velocity" : 3.4028235e+38,
  "height" : 768,
  "timestamp" : 239754665281,
  "cy" : 386.7915,
  "t_10" : -0.99489844,
  "blur_score" : 1226.061,
  "fy" : 711.1715,
  "t_02" : 0.97147954,
  "t_12" : 0.07359229
}