{
  "t_20" : 0.0594485,
  "t_21" : -0.9889023,
  "cx" : 514.48065,
  "center_depth" : 2.4265852,
  "fx" : 710.6459,
  "manual_keyframe" : false,
  "width" : 1024,
  "t_11" : -0.001793241,
  "t_23" : 10.37677,
  "t_22" : 0.13615498,
  "t_01" : 0.14855666,
  "t_13" : 0.009519048,
  "t_03" : -7.986769,
  "t_00" : 0.3846135,
  "angular_velocity" : 3.4028235e+38,
  "height" : 768,
  "timestamp" : 239755882449,
  "cy" : 387.4999,
  "t_10" : -0.92116153,
  "blur_score" : 3412.2854,
  "t_02" : 0.91104525,
  "t_12" : 0.38917664,
  "fy" : 710.6459
}