{
  "blur_score" : 2386.395,
  "t_23" : 10.759284,
  "width" : 1024,
  "t_21" : -0.41190323,
  "t_00" : 0.24837591,
  "t_12" : 0.6090241,
  "t_11" : 0.0034398146,
  "fx" : 711.76874,
  "t_02" : 0.32861158,
  "angular_velocity" : 3.4028235e+38,
  "fy" : 711.76874,
  "t_10" : -0.7931444,
  "height" : 768,
  "t_22" : -0.7218754,
  "timestamp" : 239752631111,
  "t_01" : -0.91122115,
  "t_03" : -8.303331,
  "t_13" : -0.066892564,
  "cy" : 387.46753,
  "cx" : 514.10425,
  "t_20" : -0.55608594,
  "center_depth" : 1.5596504,
  "manual_keyframe" : false
}