{
  "t_02" : -0.8677577,
  "t_10" : -0.94724756,
  "blur_score" : 903.09485,
  "angular_velocity" : 3.4028235e+38,
  "t_12" : 0.31849906,
  "cy" : 387.17007,
  "fy" : 709.49286,
  "t_11" : -0.035784952,
  "t_22" : -0.3815168,
  "center_depth" : 2.1810033,
  "height" : 768,
  "cx" : 514.4462,
  "t_23" : 9.5556555,
  "t_01" : -0.41319638,
  "t_00" : -0.27616197,
  "t_21" : 0.9099386,
  "t_13" : 0.111135535,
  "fx" : 709.49286,
  "t_03" : -7.3429823,
  "timestamp" : 239729171445,
  "t_20" : -0.16265534,
  "width" : 1024,
  "manual_keyframe" : false
}