{
  "t_00" : 0.17679815,
  "t_13" : 0.1873557,
  "cx" : 514.55444,
  "t_20" : -0.027533166,
  "t_21" : -0.97345585,
  "fy" : 709.69293,
  "t_10" : -0.983862,
  "t_12" : 0.17839536,
  "t_11" : -0.0138114,
  "center_depth" : 3.029701,
  "t_03" : -7.5912733,
  "timestamp" : 239739275611,
  "fx" : 709.69293,
  "t_22" : -0.22721231,
  "width" : 1024,
  "t_02" : 0.957366,
  "t_01" : -0.2284573,
  "angular_velocity" : 3.4028235e+38,
  "height" : 768,
  "t_23" : 9.823348,
  "blur_score" : 1593.0809,
  "manual_keyframe" : false,
  "cy" : 387.11456
}