{
  "t_20" : 0.41231,
  "t_21" : 0.4477201,
  "cx" : 514.1234,
  "center_depth" : 3.8983572,
  "fx" : 709.49286,
  "manual_keyframe" : false,
  "width" : 1024,
  "t_11" : -0.001993219,
  "t_23" : 1.3972185,
  "t_22" : 0.79344016,
  "t_01" : 0.89417154,
  "t_13" : 0.3822075,
  "t_03" : -2.442366,
  "t_00" : -0.2084245,
  "angular_velocity" : 3.4028235e+38,
  "height" : 768,
  "timestamp" : 239782493357,
  "cy" : 387.29904,
  "t_10" : -0.8868821,
  "blur_score" : 3402.0076,
  "t_12" : 0.46199173,
  "fy" : 709.49286,
  "t_02" : -0.39625317
}