{
  "t_00" : 0.071951546,
  "t_13" : 0.2746073,
  "cx" : 514.4107,
  "t_20" : 0.2971264,
  "t_21" : -0.14113732,
  "fy" : 710.02014,
  "t_10" : -0.95212346,
  "t_11" : 0.030732738,
  "t_12" : 0.30416548,
  "center_depth" : 2.851959,
  "t_03" : -2.4206188,
  "timestamp" : 239781109458,
  "fx" : 710.02014,
  "t_22" : 0.94434965,
  "width" : 1024,
  "t_02" : 0.12524861,
  "t_01" : 0.9895129,
  "angular_velocity" : 3.4028235e+38,
  "height" : 768,
  "t_23" : 1.682694,
  "blur_score" : 1941.5546,
  "manual_keyframe" : false,
  "cy" : 387.4474
}