{
  "cy" : 387.31198,
  "width" : 1024,
  "angular_velocity" : 3.4028235e+38,
  "height" : 768,
  "t_11" : -0.03581203,
  "timestamp" : 239722335290,
  "t_21" : -0.72009546,
  "cx" : 514.6,
  "manual_keyframe" : false,
  "t_00" : 0.12204942,
  "t_13" : 0.13482365,
  "center_depth" : 5.2206993,
  "t_02" : 0.71058005,
  "fx" : 708.2969,
  "t_01" : -0.69295007,
  "t_03" : -5.9938545,
  "fy" : 708.2969,
  "t_12" : 0.13514969,
  "t_20" : -0.068204686,
  "t_23" : 7.8632226,
  "blur_score" : 2187.3008,
  "t_22" : -0.6905147,
  "t_10" : -0.9901778
}