{
  "manual_keyframe" : false,
  "fy" : 709.172,
  "t_20" : 0.30399576,
  "t_03" : -6.520028,
  "cy" : 387.02798,
  "t_11" : -0.035811383,
  "t_02" : -0.30265614,
  "t_13" : 0.059399635,
  "blur_score" : 4949.436,
  "t_21" : 0.3329007,
  "cx" : 514.458,
  "t_00" : -0.14319432,
  "t_01" : 0.94228166,
  "angular_velocity" : 3.4028235e+38,
  "t_10" : -0.94185036,
  "width" : 1024,
  "t_22" : 0.8926164,
  "timestamp" : 239761884917,
  "t_23" : 8.949251,
  "height" : 768,
  "t_12" : 0.3341191,
  "fx" : 709.172,
  "center_depth" : 3.9286578
}