{
  "t_20" : -0.13475695,
  "t_21" : -0.79966086,
  "cx" : 514.4369,
  "center_depth" : 1.6501839,
  "fx" : 710.5617,
  "manual_keyframe" : false,
  "width" : 1024,
  "t_11" : -0.04532391,
  "t_23" : 9.51509,
  "t_22" : 0.5851348,
  "t_01" : 0.5987387,
  "t_13" : 0.3874251,
  "t_03" : -7.458469,
  "t_00" : -0.2525102,
  "angular_velocity" : 3.4028235e+38,
  "height" : 768,
  "timestamp" : 239737224767,
  "cy" : 386.978,
  "t_10" : -0.95816445,
  "blur_score" : 211.34045,
  "t_12" : -0.28260678,
  "t_02" : 0.760099,
  "fy" : 710.5617
}