{
  "t_13" : 0.022687664,
  "t_12" : 0.37109643,
  "fy" : 708.62085,
  "t_10" : -0.92858964,
  "blur_score" : 4036.7424,
  "cx" : 514.4182,
  "t_22" : 0.89493406,
  "t_02" : -0.24775097,
  "angular_velocity" : 3.4028235e+38,
  "center_depth" : 3.5934787,
  "width" : 1024,
  "t_11" : -0.0029693383,
  "height" : 768,
  "timestamp" : 239771705610,
  "manual_keyframe" : false,
  "t_00" : -0.102090575,
  "t_23" : 5.35962,
  "t_20" : 0.35678968,
  "t_03" : -2.817099,
  "t_01" : 0.9634298,
  "cy" : 387.19128,
  "fx" : 708.62085,
  "t_21" : 0.2679444
}