{
  "t_13" : 0.009035775,
  "t_12" : 0.47118697,
  "fy" : 711.52734,
  "t_10" : -0.8815483,
  "blur_score" : 1880.5526,
  "cx" : 513.9888,
  "t_22" : -0.47102994,
  "t_02" : 0.74573034,
  "angular_velocity" : 3.4028235e+38,
  "center_depth" : 1.8856328,
  "width" : 1024,
  "t_11" : -0.029248884,
  "height" : 768,
  "timestamp" : 239753798258,
  "manual_keyframe" : false,
  "t_00" : 0.4158628,
  "t_23" : 10.40545,
  "t_20" : -0.223452,
  "t_03" : -8.324679,
  "t_01" : -0.52052325,
  "fx" : 711.52734,
  "cy" : 387.09406,
  "t_21" : -0.8533464
}