{
  "t_00" : 0.008727875,
  "t_13" : 0.25391653,
  "cx" : 514.83105,
  "t_20" : 0.001733488,
  "t_21" : -0.34633726,
  "fy" : 710.02014,
  "t_11" : 0.0075873677,
  "t_12" : 0.004648938,
  "t_10" : -0.99996036,
  "center_depth" : 2.392155,
  "t_03" : -2.2755706,
  "timestamp" : 239780142395,
  "fx" : 710.02014,
  "t_22" : 0.9381085,
  "width" : 1024,
  "t_02" : 0.3463104,
  "t_01" : 0.93807936,
  "angular_velocity" : 3.4028235e+38,
  "height" : 768,
  "t_23" : 2.0066688,
  "blur_score" : 1110.8085,
  "manual_keyframe" : false,
  "cy" : 387.21924
}