{
  "manual_keyframe" : false,
  "fy" : 709.7549,
  "t_20" : -0.13532802,
  "t_03" : -1.9791595,
  "cy" : 387.24265,
  "t_11" : -0.03819242,
  "t_02" : 0.6053841,
  "t_13" : 0.1922273,
  "blur_score" : 599.7096,
  "t_21" : -0.6240122,
  "cx" : 514.76447,
  "t_00" : -0.15607686,
  "t_01" : 0.7804806,
  "angular_velocity" : 3.4028235e+38,
  "t_10" : -0.9784305,
  "width" : 1024,
  "t_22" : 0.7696071,
  "timestamp" : 239778808516,
  "t_23" : 2.5717444,
  "height" : 768,
  "t_12" : -0.20301479,
  "fx" : 709.7549,
  "center_depth" : 3.3438623
}