{
  "manual_keyframe" : false,
  "fy" : 710.04865,
  "t_20" : 0.43220645,
  "t_03" : -2.4377005,
  "cy" : 387.55545,
  "t_11" : 0.0007133764,
  "t_02" : -0.0022131358,
  "t_13" : 0.3195559,
  "blur_score" : 2183.5256,
  "t_21" : 0.0021122792,
  "cx" : 514.6556,
  "t_00" : -0.000269641,
  "t_01" : 0.99999744,
  "angular_velocity" : 3.4028235e+38,
  "t_10" : -0.9017747,
  "width" : 1024,
  "t_22" : 0.90177226,
  "timestamp" : 239781526295,
  "t_23" : 1.4993434,
  "height" : 768,
  "t_12" : 0.43220595,
  "fx" : 710.04865,
  "center_depth" : 3.1264536
}