{
  "t_00" : -0.1575092,
  "manual_keyframe" : false,
  "t_02" : -0.351417,
  "fx" : 708.8178,
  "t_12" : 0.4021978,
  "cy" : 387.23615,
  "t_22" : 0.8454249,
  "t_03" : -3.8436155,
  "t_23" : 6.2422204,
  "cx" : 514.3716,
  "height" : 768,
  "width" : 1024,
  "t_01" : 0.9228743,
  "center_depth" : 3.54052,
  "timestamp" : 239769271280,
  "t_13" : 0.049901344,
  "t_11" : -0.003107714,
  "fy" : 708.8178,
  "blur_score" : 5694.907,
  "t_10" : -0.9155476,
  "t_20" : 0.37008592,
  "angular_velocity" : 3.4028235e+38,
  "t_21" : 0.38508877
}