{
  "manual_keyframe" : false,
  "fy" : 710.84753,
  "t_20" : -0.011485171,
  "t_03" : -8.115312,
  "cy" : 387.06082,
  "t_11" : -0.022794629,
  "t_02" : 0.9649416,
  "t_13" : 0.091464415,
  "blur_score" : 1565.8875,
  "t_21" : -0.9861284,
  "cx" : 514.3278,
  "t_00" : 0.20458838,
  "t_01" : -0.16441207,
  "angular_velocity" : 3.4028235e+38,
  "t_10" : -0.97878075,
  "width" : 1024,
  "t_22" : -0.16558689,
  "timestamp" : 239755265529,
  "t_23" : 10.442291,
  "height" : 768,
  "t_12" : 0.2036387,
  "fx" : 710.84753,
  "center_depth" : 2.2394643
}