{
  "t_02" : -0.9434444,
  "t_10" : -0.96902716,
  "blur_score" : 1737.1344,
  "angular_velocity" : 3.4028235e+38,
  "fy" : 709.145,
  "t_12" : 0.24683703,
  "cy" : 387.31326,
  "t_11" : 0.0076080393,
  "t_22" : 0.2213242,
  "center_depth" : 3.8418074,
  "height" : 768,
  "cx" : 514.5306,
  "t_23" : 9.514007,
  "t_01" : 0.23027095,
  "t_00" : -0.23851249,
  "t_21" : 0.9730968,
  "t_13" : 0.13523982,
  "fx" : 709.145,
  "t_03" : -7.3769736,
  "timestamp" : 239730538677,
  "t_20" : 0.064017154,
  "width" : 1024,
  "manual_keyframe" : false
}