{
  "manual_keyframe" : false,
  "fy" : 710.614,
  "t_20" : 0.15107115,
  "t_03" : -7.8845553,
  "cy" : 387.42996,
  "t_11" : -0.01621196,
  "t_02" : 0.8601101,
  "t_13" : -0.003207502,
  "blur_score" : 3347.5793,
  "t_21" : -0.94487536,
  "cx" : 514.27954,
  "t_00" : 0.3914882,
  "t_01" : 0.3270287,
  "angular_velocity" : 3.4028235e+38,
  "t_10" : -0.90769744,
  "width" : 1024,
  "t_22" : 0.2904963,
  "timestamp" : 239756149225,
  "t_23" : 10.331633,
  "height" : 768,
  "t_12" : 0.41931218,
  "fx" : 710.614,
  "center_depth" : 2.2985618
}