{
  "cy" : 387.30408,
  "width" : 1024,
  "angular_velocity" : 3.4028235e+38,
  "height" : 768,
  "t_11" : -0.022938672,
  "timestamp" : 239707112338,
  "t_21" : -0.2741891,
  "cx" : 514.5211,
  "manual_keyframe" : false,
  "t_00" : 0.064733386,
  "t_13" : 0.020917315,
  "center_depth" : 3.9084077,
  "t_02" : 0.26742372,
  "fx" : 709.4372,
  "t_01" : -0.9614022,
  "t_03" : -0.9672387,
  "fy" : 709.4372,
  "t_12" : 0.15654826,
  "t_20" : -0.1443715,
  "t_23" : 3.1926658,
  "blur_score" : 1470.1903,
  "t_22" : -0.9507773,
  "t_10" : -0.9874039
}