{
  "manual_keyframe" : false,
  "fy" : 709.1989,
  "t_20" : 0.13987948,
  "t_03" : -4.820379,
  "cy" : 387.24667,
  "t_11" : -0.030280747,
  "t_02" : -0.27516487,
  "t_13" : 0.12561345,
  "blur_score" : 2579.5325,
  "t_21" : 0.2829336,
  "cx" : 514.5621,
  "t_00" : -0.07247524,
  "t_01" : 0.9586614,
  "angular_velocity" : 3.4028235e+38,
  "t_10" : -0.98751265,
  "width" : 1024,
  "t_22" : 0.94888484,
  "timestamp" : 239766736907,
  "t_23" : 7.0573096,
  "height" : 768,
  "t_12" : 0.1546027,
  "fx" : 709.1989,
  "center_depth" : 3.1772811
}