{
  "blur_score" : 3702.0823,
  "t_23" : 5.8933287,
  "width" : 1024,
  "t_21" : 0.37549058,
  "t_00" : -0.115569726,
  "t_12" : 0.28774685,
  "t_11" : -0.008467313,
  "fx" : 708.8655,
  "t_02" : -0.3573633,
  "angular_velocity" : 3.4028235e+38,
  "fy" : 708.8655,
  "t_10" : -0.95766914,
  "height" : 768,
  "t_22" : 0.88853437,
  "timestamp" : 239770188322,
  "t_03" : -3.4480217,
  "t_01" : 0.9267875,
  "t_13" : 0.07260853,
  "cy" : 387.41473,
  "cx" : 514.5049,
  "t_20" : 0.26365426,
  "center_depth" : 4.768579,
  "manual_keyframe" : false
}