{
  "manual_keyframe" : false,
  "fy" : 708.2699,
  "t_20" : -0.3423722,
  "t_03" : -7.383631,
  "cy" : 387.33008,
  "t_11" : 0.0066859457,
  "t_02" : -0.039937597,
  "t_13" : 0.09603949,
  "blur_score" : 2146.877,
  "t_21" : 0.044954818,
  "t_00" : -0.021693898,
  "cx" : 514.50714,
  "t_01" : -0.99896663,
  "angular_velocity" : 3.4028235e+38,
  "t_10" : -0.939314,
  "width" : 1024,
  "t_22" : -0.9384884,
  "timestamp" : 239727170619,
  "t_23" : 9.295782,
  "height" : 768,
  "t_12" : 0.3429937,
  "fx" : 708.2699,
  "center_depth" : 3.071104
}