{
  "t_00" : -0.4567048,
  "manual_keyframe" : false,
  "t_02" : -0.60905796,
  "fx" : 710.89844,
  "t_12" : 0.59605443,
  "cy" : 387.62366,
  "t_22" : -0.523228,
  "t_03" : -8.137087,
  "t_23" : 10.965549,
  "cx" : 513.9271,
  "height" : 768,
  "width" : 1024,
  "t_01" : -0.6484359,
  "center_depth" : 1.7393205,
  "timestamp" : 239749846631,
  "t_13" : -0.09571783,
  "t_11" : 0.005656043,
  "fy" : 710.89844,
  "blur_score" : 1113.7988,
  "t_10" : -0.80292416,
  "t_20" : -0.38305825,
  "angular_velocity" : 3.4028235e+38,
  "t_21" : 0.76124823
}