{
  "t_00" : -0.17075771,
  "t_13" : -0.049281716,
  "cx" : 513.9142,
  "t_20" : -0.61583805,
  "t_21" : 0.19791171,
  "fy" : 710.4172,
  "t_11" : 0.058763236,
  "t_10" : -0.76914597,
  "t_12" : 0.63636595,
  "center_depth" : 1.564751,
  "t_03" : -8.465399,
  "timestamp" : 239745144694,
  "fx" : 710.4172,
  "t_22" : -0.7626104,
  "width" : 1024,
  "t_02" : -0.11603435,
  "t_01" : -0.97845685,
  "angular_velocity" : 3.4028235e+38,
  "height" : 768,
  "t_23" : 10.550049,
  "blur_score" : 3226.5974,
  "manual_keyframe" : false,
  "cy" : 387.48877
}