{
  "t_20" : 0.2071009,
  "t_21" : -0.8809491,
  "cx" : 514.29144,
  "center_depth" : 2.1929703,
  "fx" : 710.576,
  "manual_keyframe" : false,
  "width" : 1024,
  "t_11" : -0.0212997,
  "t_23" : 10.301582,
  "t_22" : 0.42548558,
  "t_01" : 0.47273147,
  "t_13" : 0.0016928436,
  "t_03" : -7.798394,
  "t_00" : 0.3446853,
  "angular_velocity" : 3.4028235e+38,
  "height" : 768,
  "timestamp" : 239756382655,
  "cy" : 387.24512,
  "t_10" : -0.915588,
  "blur_score" : 2404.697,
  "t_12" : 0.4015533,
  "t_02" : 0.8109976,
  "fy" : 710.576
}