{
  "t_02" : -0.08530939,
  "t_10" : -0.8519008,
  "blur_score" : 2768.416,
  "angular_velocity" : 3.4028235e+38,
  "t_12" : 0.52343214,
  "cy" : 387.23938,
  "fy" : 710.32184,
  "t_11" : 0.016850784,
  "t_22" : -0.84778607,
  "center_depth" : 2.221034,
  "height" : 768,
  "cx" : 514.2172,
  "t_23" : 10.243818,
  "t_01" : -0.9937444,
  "t_00" : -0.072073005,
  "t_21" : 0.11040047,
  "t_13" : 0.062292807,
  "fx" : 710.32184,
  "t_03" : -8.578688,
  "timestamp" : 239744361038,
  "t_20" : -0.51872015,
  "width" : 1024,
  "manual_keyframe" : false
}