{
  "t_00" : -0.15866852,
  "t_13" : 0.3318839,
  "cx" : 514.55927,
  "t_20" : -0.020411326,
  "t_21" : -0.95386356,
  "fy" : 710.56647,
  "t_10" : -0.9871209,
  "t_11" : -0.028321426,
  "t_12" : -0.15744911,
  "center_depth" : 1.7420659,
  "t_03" : -7.549492,
  "timestamp" : 239737908381,
  "fx" : 710.56647,
  "t_22" : 0.29954585,
  "width" : 1024,
  "t_02" : 0.9410007,
  "t_01" : 0.29890174,
  "angular_velocity" : 3.4028235e+38,
  "height" : 768,
  "t_23" : 9.621756,
  "blur_score" : 297.73865,
  "manual_keyframe" : false,
  "cy" : 387.1385
}