{
  "t_20" : -0.14587002,
  "t_21" : 0.34777042,
  "cx" : 514.3225,
  "center_depth" : 1.4972824,
  "fx" : 711.2208,
  "manual_keyframe" : false,
  "width" : 1024,
  "t_11" : -0.0640228,
  "t_23" : 11.08494,
  "t_22" : -0.92616296,
  "t_01" : -0.9353913,
  "t_13" : 0.075818926,
  "t_03" : -8.327326,
  "t_00" : 0.013473355,
  "angular_velocity" : 3.4028235e+38,
  "height" : 768,
  "timestamp" : 239750863717,
  "cy" : 387.04816,
  "t_10" : -0.98921204,
  "blur_score" : 1271.7511,
  "fy" : 711.2208,
  "t_02" : -0.3533577,
  "t_12" : 0.13175988
}