{
  "cx" : 514.3271,
  "center_depth" : 2.5773108,
  "height" : 768,
  "fx" : 709.4182,
  "t_13" : 0.085660785,
  "timestamp" : 239741076352,
  "manual_keyframe" : false,
  "width" : 1024,
  "t_03" : -7.9546976,
  "t_02" : 0.85909426,
  "angular_velocity" : 3.4028235e+38,
  "t_12" : 0.35097715,
  "fy" : 709.4182,
  "t_00" : 0.30026704,
  "cy" : 387.70032,
  "t_21" : -0.9086774,
  "t_22" : -0.37252146,
  "t_23" : 9.931269,
  "blur_score" : 2133.2068,
  "t_10" : -0.93504363,
  "t_20" : -0.1885026,
  "t_11" : 0.050085537,
  "t_01" : -0.41448385
}