{
  "cy" : 387.19766,
  "width" : 1024,
  "angular_velocity" : 3.4028235e+38,
  "height" : 768,
  "t_11" : -0.056476798,
  "timestamp" : 239764502658,
  "t_21" : 0.32187837,
  "cx" : 514.39325,
  "manual_keyframe" : false,
  "t_00" : -0.16391589,
  "t_13" : 0.06818313,
  "center_depth" : 3.7296877,
  "t_02" : -0.28271347,
  "fx" : 709.1831,
  "t_01" : 0.9450951,
  "t_03" : -5.560771,
  "fy" : 709.1831,
  "t_12" : 0.35273904,
  "t_20" : 0.31740516,
  "t_23" : 7.9172935,
  "blur_score" : 4736.013,
  "t_22" : 0.8919913,
  "t_10" : -0.93401587
}