{
  "blur_score" : 4861.175,
  "t_23" : 6.0938973,
  "width" : 1024,
  "t_21" : 0.36582413,
  "t_00" : -0.12570143,
  "t_12" : 0.35110554,
  "t_11" : 0.0031473835,
  "fx" : 708.8718,
  "t_02" : -0.3435642,
  "angular_velocity" : 3.4028235e+38,
  "fy" : 708.8718,
  "t_10" : -0.9363306,
  "height" : 768,
  "t_22" : 0.87102735,
  "timestamp" : 239769688117,
  "t_01" : 0.93067867,
  "t_03" : -3.6730201,
  "t_13" : 0.039182566,
  "cy" : 387.28302,
  "cx" : 514.279,
  "t_20" : 0.32784775,
  "center_depth" : 3.9752958,
  "manual_keyframe" : false
}