{
  "t_20" : -0.40933874,
  "t_21" : 0.4689033,
  "cx" : 513.9889,
  "center_depth" : 1.8026282,
  "fx" : 710.9302,
  "manual_keyframe" : false,
  "width" : 1024,
  "t_11" : -0.025440076,
  "t_23" : 11.05604,
  "t_22" : -0.7826696,
  "t_01" : -0.88288313,
  "t_13" : -0.04450371,
  "t_03" : -8.237119,
  "t_00" : -0.19169845,
  "angular_velocity" : 3.4028235e+38,
  "height" : 768,
  "timestamp" : 239750330164,
  "cy" : 387.3881,
  "t_10" : -0.8920166,
  "blur_score" : 727.9577,
  "fy" : 710.9302,
  "t_02" : -0.42868313,
  "t_12" : 0.4512863
}