{
  "t_02" : 0.21349473,
  "t_10" : -0.9617913,
  "blur_score" : 2229.4165,
  "angular_velocity" : 3.4028235e+38,
  "fy" : 708.246,
  "t_12" : 0.27349877,
  "cy" : 387.19186,
  "t_11" : -0.012495761,
  "t_22" : -0.93787986,
  "center_depth" : 3.7090807,
  "height" : 768,
  "cx" : 514.4237,
  "t_23" : 9.199398,
  "t_01" : -0.97418547,
  "t_00" : 0.073367,
  "t_21" : -0.2254031,
  "t_13" : 0.114851326,
  "fx" : 708.246,
  "t_03" : -7.3041677,
  "timestamp" : 239726753780,
  "t_20" : -0.26377076,
  "width" : 1024,
  "manual_keyframe" : false
}