{
  "blur_score" : 3127.2563,
  "t_23" : 9.300136,
  "width" : 1024,
  "t_21" : 0.3621183,
  "t_00" : -0.11615356,
  "t_12" : 0.16296358,
  "t_11" : -0.06190682,
  "fx" : 709.38007,
  "t_02" : -0.34852618,
  "angular_velocity" : 3.4028235e+38,
  "fy" : 709.38007,
  "t_10" : -0.984688,
  "height" : 768,
  "t_22" : 0.92302346,
  "timestamp" : 239760617730,
  "t_01" : 0.9300741,
  "t_03" : -6.994825,
  "t_13" : 0.1188865,
  "cy" : 387.1678,
  "cx" : 514.54193,
  "t_20" : 0.12999207,
  "center_depth" : 3.3248756,
  "manual_keyframe" : false
}