{
  "t_00" : -0.093510315,
  "t_13" : 0.30428463,
  "cx" : 514.59143,
  "t_20" : 0.028230364,
  "t_21" : -0.98856026,
  "fy" : 710.2727,
  "t_11" : -0.04166172,
  "t_10" : -0.99521804,
  "t_12" : -0.08834837,
  "center_depth" : 1.9360313,
  "t_03" : -7.5732226,
  "timestamp" : 239738225179,
  "fx" : 710.2727,
  "t_22" : 0.14816073,
  "width" : 1024,
  "t_02" : 0.98500913,
  "t_01" : 0.14495811,
  "angular_velocity" : 3.4028235e+38,
  "height" : 768,
  "t_23" : 9.671719,
  "blur_score" : 297.96573,
  "manual_keyframe" : false,
  "cy" : 387.20694
}