{
  "t_00" : -0.036690652,
  "t_13" : 0.048646394,
  "cx" : 514.48944,
  "t_20" : -0.1281946,
  "t_21" : 0.30286106,
  "fy" : 710.9492,
  "t_11" : -0.0038927451,
  "t_12" : 0.13328506,
  "t_10" : -0.99107015,
  "center_depth" : 1.7293434,
  "t_03" : -8.352166,
  "timestamp" : 239746511924,
  "fx" : 710.9492,
  "t_22" : -0.9443734,
  "width" : 1024,
  "t_02" : -0.30065557,
  "t_01" : -0.9530267,
  "angular_velocity" : 3.4028235e+38,
  "height" : 768,
  "t_23" : 11.017909,
  "blur_score" : 994.47064,
  "manual_keyframe" : false,
  "cy" : 387.571
}