{
  "manual_keyframe" : false,
  "fy" : 708.5112,
  "t_20" : -0.10709596,
  "t_03" : -1.1160284,
  "cy" : 387.33633,
  "t_11" : -0.0088923,
  "t_02" : 0.6440076,
  "t_13" : 0.0071551483,
  "blur_score" : 1583.571,
  "t_21" : -0.6522525,
  "cx" : 514.6331,
  "t_00" : 0.10376215,
  "t_01" : -0.75794965,
  "angular_velocity" : 3.4028235e+38,
  "t_10" : -0.98881954,
  "width" : 1024,
  "t_22" : -0.7503981,
  "timestamp" : 239707795954,
  "t_23" : 3.4716475,
  "height" : 768,
  "t_12" : 0.14885247,
  "fx" : 708.5112,
  "center_depth" : 9.387239
}