{
  "t_10" : -0.9993716,
  "t_01" : 0.83824664,
  "t_03" : -1.7590158,
  "t_21" : -0.5442867,
  "fy" : 709.12585,
  "t_22" : 0.8384082,
  "t_11" : -0.03307797,
  "cx" : 514.61945,
  "t_00" : -0.020801747,
  "t_23" : 2.8901994,
  "t_12" : 0.012734268,
  "cy" : 387.0073,
  "t_13" : 0.09995308,
  "manual_keyframe" : false,
  "fx" : 709.12585,
  "angular_velocity" : 3.4028235e+38,
  "t_20" : 0.02869845,
  "blur_score" : 985.2918,
  "t_02" : 0.54489416,
  "center_depth" : 3.4235754,
  "width" : 1024,
  "height" : 768,
  "timestamp" : 239777974842
}