{
  "t_20" : -0.074051864,
  "t_21" : 0.9284709,
  "cx" : 514.61597,
  "center_depth" : 1.6801476,
  "fx" : 711.1907,
  "manual_keyframe" : false,
  "width" : 1024,
  "t_11" : -0.01978022,
  "t_23" : 10.986391,
  "t_22" : -0.36394787,
  "t_01" : -0.37087795,
  "t_13" : 0.067420006,
  "t_03" : -8.203275,
  "t_00" : -0.13267012,
  "angular_velocity" : 3.4028235e+38,
  "height" : 768,
  "timestamp" : 239747862481,
  "cy" : 387.26483,
  "t_10" : -0.98839015,
  "blur_score" : 483.3259,
  "fy" : 711.1907,
  "t_02" : -0.9191563,
  "t_12" : 0.15064457
}