{
  "cx" : 514.472,
  "fy" : 708.6018,
  "t_11" : -0.06371591,
  "t_23" : 9.238283,
  "fx" : 708.6018,
  "t_10" : -0.99244046,
  "angular_velocity" : 3.4028235e+38,
  "t_00" : -0.085266165,
  "blur_score" : 1728.8905,
  "timestamp" : 239733039709,
  "t_03" : -7.2738686,
  "t_20" : 0.08826972,
  "t_01" : 0.97268516,
  "width" : 1024,
  "t_22" : 0.970765,
  "manual_keyframe" : false,
  "t_12" : 0.10489111,
  "cy" : 386.9133,
  "center_depth" : 1.9804585,
  "height" : 768,
  "t_13" : 0.18236141,
  "t_02" : -0.2159007,
  "t_21" : 0.22321223
}