{
  "cx" : 514.15765,
  "center_depth" : 1.6966553,
  "height" : 768,
  "fx" : 710.2949,
  "t_13" : 0.42990768,
  "timestamp" : 239736624520,
  "manual_keyframe" : false,
  "width" : 1024,
  "t_03" : -7.3708653,
  "t_02" : 0.54463315,
  "angular_velocity" : 3.4028235e+38,
  "t_12" : -0.39172283,
  "fy" : 710.2949,
  "t_00" : -0.28412777,
  "cy" : 386.85455,
  "t_21" : -0.6113327,
  "t_22" : 0.7415713,
  "t_23" : 9.450945,
  "blur_score" : 162.84193,
  "t_10" : -0.91811067,
  "t_20" : -0.27630454,
  "t_11" : -0.060216416,
  "t_01" : 0.78907925
}