{
  "t_20" : 0.021258075,
  "t_21" : -0.87438625,
  "cx" : 514.54877,
  "center_depth" : 4.802009,
  "fx" : 708.2826,
  "manual_keyframe" : false,
  "width" : 1024,
  "t_11" : -0.019167123,
  "t_23" : 6.4770355,
  "t_22" : -0.48476443,
  "t_01" : -0.48485157,
  "t_13" : 0.14632101,
  "t_03" : -4.62359,
  "t_00" : 0.0011859454,
  "angular_velocity" : 3.4028235e+38,
  "height" : 768,
  "timestamp" : 239717833432,
  "cy" : 387.25665,
  "t_10" : -0.9997733,
  "blur_score" : 1182.8612,
  "fy" : 708.2826,
  "t_12" : -0.009270038,
  "t_02" : 0.87459564
}