{
  "t_00" : -0.043469977,
  "t_13" : 0.0759944,
  "cx" : 514.46735,
  "t_20" : -0.115956865,
  "t_21" : 0.6373537,
  "fy" : 711.2192,
  "t_10" : -0.9923026,
  "t_12" : 0.11693364,
  "t_11" : -0.04076957,
  "center_depth" : 1.5861298,
  "t_03" : -8.318276,
  "timestamp" : 239746995457,
  "fx" : 711.2192,
  "t_22" : -0.7617967,
  "width" : 1024,
  "t_02" : -0.6371754,
  "t_01" : -0.76949203,
  "angular_velocity" : 3.4028235e+38,
  "height" : 768,
  "t_23" : 11.085617,
  "blur_score" : 633.60693,
  "manual_keyframe" : false,
  "cy" : 387.11246
}