{
  "t_02" : -0.92325455,
  "t_10" : -0.93585813,
  "blur_score" : 906.9803,
  "angular_velocity" : 3.4028235e+38,
  "fy" : 710.911,
  "cy" : 387.45615,
  "t_12" : 0.35108593,
  "t_11" : 0.030137418,
  "t_22" : -0.15601228,
  "center_depth" : 2.036706,
  "height" : 768,
  "cx" : 514.46954,
  "t_23" : 10.878578,
  "t_01" : -0.15539019,
  "t_00" : -0.35136172,
  "t_21" : 0.9873934,
  "t_13" : 0.013433974,
  "fx" : 710.911,
  "t_03" : -8.12035,
  "timestamp" : 239748862893,
  "t_20" : -0.026730798,
  "width" : 1024,
  "manual_keyframe" : false
}