{
  "cx" : 514.35284,
  "center_depth" : 3.4570713,
  "height" : 768,
  "fx" : 708.8861,
  "t_13" : 0.03377202,
  "timestamp" : 239772155794,
  "manual_keyframe" : false,
  "width" : 1024,
  "t_03" : -2.6619563,
  "t_02" : -0.24965008,
  "angular_velocity" : 3.4028235e+38,
  "t_12" : 0.39942193,
  "t_00" : -0.12580049,
  "fy" : 708.8861,
  "cy" : 387.32306,
  "t_21" : 0.27908248,
  "t_22" : 0.88212085,
  "t_23" : 5.170534,
  "blur_score" : 3533.226,
  "t_10" : -0.91662335,
  "t_20" : 0.37944165,
  "t_11" : -0.016243592,
  "t_01" : 0.96012974
}