{
  "cx" : 514.4208,
  "center_depth" : 2.8182142,
  "height" : 768,
  "fx" : 709.81525,
  "t_13" : 0.25528464,
  "timestamp" : 239779325394,
  "manual_keyframe" : false,
  "width" : 1024,
  "t_03" : -2.048701,
  "t_02" : 0.5540878,
  "angular_velocity" : 3.4028235e+38,
  "t_12" : -0.1585435,
  "fy" : 709.81525,
  "t_00" : -0.11995096,
  "cy" : 387.11237,
  "t_21" : -0.5657122,
  "t_22" : 0.8172214,
  "t_23" : 2.3456476,
  "blur_score" : 680.90857,
  "t_10" : -0.98665744,
  "t_20" : -0.11008613,
  "t_11" : -0.037029095,
  "t_01" : 0.82377094
}