{
  "manual_keyframe" : false,
  "fy" : 707.9872,
  "t_20" : -0.20654447,
  "t_03" : -6.6367655,
  "cy" : 387.37686,
  "t_11" : -0.013748516,
  "t_02" : 0.71918243,
  "t_13" : 0.07491069,
  "blur_score" : 2840.4143,
  "t_21" : -0.76709217,
  "cx" : 514.35626,
  "t_00" : 0.26720002,
  "t_01" : -0.64138967,
  "angular_velocity" : 3.4028235e+38,
  "t_10" : -0.9412458,
  "width" : 1024,
  "t_22" : -0.60737896,
  "timestamp" : 239724086012,
  "t_23" : 8.280428,
  "height" : 768,
  "t_12" : 0.33744252,
  "fx" : 707.9872,
  "center_depth" : 3.8837771
}