{
  "t_02" : 0.90951526,
  "t_10" : -0.99608004,
  "blur_score" : 1111.243,
  "angular_velocity" : 3.4028235e+38,
  "t_12" : 0.0881244,
  "cy" : 387.1501,
  "fy" : 708.85596,
  "t_11" : -0.0076610446,
  "t_22" : -0.40622205,
  "center_depth" : 3.4932024,
  "height" : 768,
  "cx" : 514.57025,
  "t_23" : 4.7407722,
  "t_01" : -0.40717772,
  "t_00" : 0.08359758,
  "t_21" : -0.91331685,
  "t_13" : 0.08659227,
  "fx" : 708.85596,
  "t_03" : -2.5435667,
  "timestamp" : 239711897649,
  "t_20" : -0.028914455,
  "width" : 1024,
  "manual_keyframe" : false
}