{
  "cy" : 387.137,
  "width" : 1024,
  "angular_velocity" : 3.4028235e+38,
  "height" : 768,
  "t_11" : -0.0016733973,
  "timestamp" : 239728387788,
  "t_21" : 0.6593546,
  "cx" : 514.4158,
  "manual_keyframe" : false,
  "t_00" : -0.1686171,
  "t_13" : 0.12724452,
  "center_depth" : 2.119768,
  "t_02" : -0.63743204,
  "fx" : 708.8813,
  "t_01" : -0.7518302,
  "t_03" : -7.395212,
  "fy" : 708.8813,
  "t_12" : 0.2575735,
  "t_20" : -0.19471821,
  "t_23" : 9.459846,
  "blur_score" : 723.87244,
  "t_22" : -0.72617924,
  "t_10" : -0.96625733
}