{
  "cx" : 514.5765,
  "center_depth" : 2.9083622,
  "height" : 768,
  "fx" : 709.78186,
  "t_13" : 0.13413337,
  "timestamp" : 239739742470,
  "manual_keyframe" : false,
  "width" : 1024,
  "t_03" : -7.633942,
  "t_02" : 0.8943291,
  "angular_velocity" : 3.4028235e+38,
  "t_12" : 0.29976618,
  "fy" : 709.78186,
  "t_00" : 0.29122126,
  "cy" : 387.33908,
  "t_21" : -0.9401236,
  "t_22" : -0.3321383,
  "t_23" : 9.878484,
  "blur_score" : 2069.3284,
  "t_10" : -0.95359254,
  "t_20" : -0.076495685,
  "t_11" : -0.028313423,
  "t_01" : -0.3396554
}