{
  "t_00" : 0.010394737,
  "t_13" : -0.07832761,
  "cx" : 514.06464,
  "t_20" : -0.44255272,
  "t_21" : 0.048791915,
  "fy" : 709.4976,
  "t_10" : -0.8966822,
  "t_12" : 0.44123676,
  "t_11" : -0.035652243,
  "center_depth" : 2.6157546,
  "t_03" : -0.8338739,
  "timestamp" : 239705995209,
  "fx" : 709.4976,
  "t_22" : -0.89541405,
  "width" : 1024,
  "t_02" : -0.059528835,
  "t_01" : -0.9981723,
  "angular_velocity" : 3.4028235e+38,
  "height" : 768,
  "t_23" : 3.1162837,
  "blur_score" : 1472.219,
  "manual_keyframe" : false,
  "cy" : 387.49963
}