{
  "cy" : 387.37195,
  "width" : 1024,
  "angular_velocity" : 3.4028235e+38,
  "height" : 768,
  "t_11" : 0.0025561168,
  "timestamp" : 239715098971,
  "t_21" : -0.82008815,
  "cx" : 514.4381,
  "manual_keyframe" : false,
  "t_00" : 0.09235335,
  "t_13" : 0.0934217,
  "center_depth" : 7.466265,
  "t_02" : 0.8148755,
  "fx" : 708.246,
  "t_01" : -0.5722315,
  "t_03" : -3.561724,
  "fy" : 708.246,
  "t_12" : 0.11438506,
  "t_20" : -0.06753765,
  "t_23" : 5.671036,
  "blur_score" : 1674.458,
  "t_22" : -0.5682378,
  "t_10" : -0.9934333
}