{
  "t_00" : -0.07329971,
  "t_13" : 0.14227782,
  "cx" : 514.4284,
  "t_20" : -0.25364307,
  "t_21" : 0.45667195,
  "fy" : 708.5256,
  "t_10" : -0.9645167,
  "t_12" : 0.25872886,
  "t_11" : -0.052602254,
  "center_depth" : 2.2961342,
  "t_03" : -7.422344,
  "timestamp" : 239727987623,
  "fx" : 708.5256,
  "t_22" : -0.852711,
  "width" : 1024,
  "t_02" : -0.45380992,
  "t_01" : -0.8880787,
  "angular_velocity" : 3.4028235e+38,
  "height" : 768,
  "t_23" : 9.381234,
  "blur_score" : 741.78644,
  "manual_keyframe" : false,
  "cy" : 387.19257
}