{
  "blur_score" : 4656.03,
  "t_23" : 8.697798,
  "width" : 1024,
  "t_21" : 0.35648847,
  "t_00" : -0.16005296,
  "t_12" : 0.31259346,
  "t_11" : -0.054428425,
  "fx" : 709.1275,
  "t_02" : -0.3231556,
  "angular_velocity" : 3.4028235e+38,
  "fy" : 709.1275,
  "t_10" : -0.9483264,
  "height" : 768,
  "t_22" : 0.8932278,
  "timestamp" : 239762585204,
  "t_03" : -6.272206,
  "t_01" : 0.9327131,
  "t_13" : 0.07003592,
  "cy" : 387.21762,
  "cx" : 514.3305,
  "t_20" : 0.27397114,
  "center_depth" : 4.013357,
  "manual_keyframe" : false
}