{
  "cy" : 387.23505,
  "width" : 1024,
  "angular_velocity" : 3.4028235e+38,
  "height" : 768,
  "t_11" : -0.019711062,
  "timestamp" : 239703927687,
  "t_21" : -0.9077667,
  "cx" : 514.6353,
  "manual_keyframe" : false,
  "t_00" : 0.20393485,
  "t_13" : 0.043688804,
  "center_depth" : 3.6614249,
  "t_02" : 0.88478225,
  "fx" : 709.1847,
  "t_01" : -0.41901198,
  "t_03" : -0.9218802,
  "fy" : 709.1847,
  "t_12" : 0.21568589,
  "t_20" : -0.07293498,
  "t_23" : 2.9067492,
  "blur_score" : 1302.0258,
  "t_22" : -0.413086,
  "t_10" : -0.9762639
}