{
  "t_00" : -0.10832317,
  "t_13" : -0.014891094,
  "cx" : 513.9084,
  "t_20" : -0.3678139,
  "t_21" : 0.19839652,
  "fy" : 710.9302,
  "t_11" : 0.03586717,
  "t_10" : -0.92356867,
  "t_12" : 0.38175192,
  "center_depth" : 2.0947385,
  "t_03" : -8.36992,
  "timestamp" : 239746061739,
  "fx" : 710.9302,
  "t_22" : -0.90848875,
  "width" : 1024,
  "t_02" : -0.17004035,
  "t_01" : -0.9794653,
  "angular_velocity" : 3.4028235e+38,
  "height" : 768,
  "t_23" : 10.873797,
  "blur_score" : 1403.827,
  "manual_keyframe" : false,
  "cy" : 387.59854
}