{
  "t_00" : -0.55481154,
  "t_13" : -0.08751087,
  "cx" : 514.1089,
  "t_20" : -0.23567249,
  "t_21" : 0.9015849,
  "fy" : 710.881,
  "t_10" : -0.79789895,
  "t_11" : 0.03359933,
  "t_12" : 0.6018542,
  "center_depth" : 1.8794194,
  "t_03" : -8.101693,
  "timestamp" : 239749529834,
  "fx" : 710.881,
  "t_22" : -0.36277136,
  "width" : 1024,
  "t_02" : -0.71145517,
  "t_01" : -0.43129534,
  "angular_velocity" : 3.4028235e+38,
  "height" : 768,
  "t_23" : 10.912382,
  "blur_score" : 1588.7758,
  "manual_keyframe" : false,
  "cy" : 387.54254
}