{
  "manual_keyframe" : false,
  "fy" : 709.4451,
  "t_20" : -0.20926738,
  "t_03" : -0.87158734,
  "cy" : 387.2184,
  "t_11" : -0.029554646,
  "t_02" : -0.005688214,
  "t_13" : 0.0037896335,
  "blur_score" : 1154.034,
  "t_21" : -0.0005080666,
  "cx" : 514.30914,
  "t_00" : 0.029006545,
  "t_01" : -0.9995629,
  "angular_velocity" : 3.4028235e+38,
  "t_10" : -0.97742814,
  "width" : 1024,
  "t_22" : -0.9778583,
  "timestamp" : 239706528763,
  "t_23" : 3.1039429,
  "height" : 768,
  "t_12" : 0.20919067,
  "fx" : 709.4451,
  "center_depth" : 2.5974045
}