{
  "t_00" : -0.03477179,
  "t_13" : 0.22610416,
  "cx" : 514.41644,
  "t_20" : -0.054452874,
  "t_21" : -0.45760727,
  "fy" : 709.72473,
  "t_11" : -0.006011308,
  "t_10" : -0.99791074,
  "t_12" : -0.06432773,
  "center_depth" : 2.5345573,
  "t_03" : -2.1336732,
  "timestamp" : 239779725558,
  "fx" : 709.72473,
  "t_22" : 0.88748556,
  "width" : 1024,
  "t_02" : 0.4563239,
  "t_01" : 0.88913405,
  "angular_velocity" : 3.4028235e+38,
  "height" : 768,
  "t_23" : 2.1919746,
  "blur_score" : 831.5781,
  "manual_keyframe" : false,
  "cy" : 387.0489
}