{
  "manual_keyframe" : false,
  "fy" : 708.00464,
  "t_20" : -0.074343204,
  "t_03" : -6.8006454,
  "cy" : 387.22348,
  "t_11" : -0.042589027,
  "t_02" : 0.76688087,
  "t_13" : 0.12812515,
  "blur_score" : 2299.0662,
  "t_21" : -0.78246194,
  "cx" : 514.3859,
  "t_00" : 0.16110356,
  "t_01" : -0.62124026,
  "angular_velocity" : 3.4028235e+38,
  "t_10" : -0.9841335,
  "width" : 1024,
  "t_22" : -0.6182446,
  "timestamp" : 239724586219,
  "t_23" : 8.404755,
  "height" : 768,
  "t_12" : 0.1722424,
  "fx" : 708.00464,
  "center_depth" : 4.272391
}