{
  "t_02" : 0.9246062,
  "t_10" : -0.9961877,
  "blur_score" : 933.8402,
  "angular_velocity" : 3.4028235e+38,
  "fy" : 709.43085,
  "t_12" : 0.07944042,
  "cy" : 387.31213,
  "t_11" : -0.036047686,
  "t_22" : -0.37254906,
  "center_depth" : 3.5806413,
  "height" : 768,
  "cx" : 514.593,
  "t_23" : 2.87067,
  "t_01" : -0.37082112,
  "t_00" : 0.087150596,
  "t_21" : -0.9280045,
  "t_13" : 0.10501504,
  "fx" : 709.43085,
  "t_03" : -0.9333844,
  "timestamp" : 239703627563,
  "t_20" : 0.0038717238,
  "width" : 1024,
  "manual_keyframe" : false
}