{
  "t_00" : -0.11604354,
  "t_13" : 0.18120137,
  "cx" : 514.73083,
  "t_20" : -0.023558754,
  "t_21" : -0.88089055,
  "fy" : 708.4732,
  "t_10" : -0.99296474,
  "t_12" : -0.113343224,
  "t_11" : -0.03427,
  "center_depth" : 4.308115,
  "t_03" : -1.0229828,
  "timestamp" : 239701209897,
  "fx" : 708.4732,
  "t_22" : 0.47273347,
  "width" : 1024,
  "t_02" : 0.87388587,
  "t_01" : 0.47207782,
  "angular_velocity" : 3.4028235e+38,
  "height" : 768,
  "t_23" : 2.2871027,
  "blur_score" : 687.2784,
  "manual_keyframe" : false,
  "cy" : 387.3645
}