{
  "t_00" : 0.044742998,
  "t_13" : 0.31014526,
  "cx" : 514.6916,
  "t_20" : 0.12501995,
  "t_21" : -0.22990024,
  "fy" : 710.0042,
  "t_10" : -0.99114484,
  "t_12" : 0.13194332,
  "t_11" : 0.014929479,
  "center_depth" : 3.669151,
  "t_03" : -2.3682942,
  "timestamp" : 239780559232,
  "fx" : 710.0042,
  "t_22" : 0.9651507,
  "width" : 1024,
  "t_02" : 0.22599798,
  "t_01" : 0.97309965,
  "angular_velocity" : 3.4028235e+38,
  "height" : 768,
  "t_23" : 1.870166,
  "blur_score" : 1461.1754,
  "manual_keyframe" : false,
  "cy" : 387.50598
}