{
  "t_00" : 0.039926324,
  "t_13" : 0.06068106,
  "cx" : 514.5664,
  "t_20" : 0.26559323,
  "t_21" : -0.10599899,
  "fy" : 708.57635,
  "t_10" : -0.963258,
  "t_11" : 0.011986286,
  "t_12" : 0.2683099,
  "center_depth" : 3.8501182,
  "t_03" : -1.8260782,
  "timestamp" : 239775073655,
  "fx" : 708.57635,
  "t_22" : 0.9582403,
  "width" : 1024,
  "t_02" : 0.098920904,
  "t_01" : 0.99429387,
  "angular_velocity" : 3.4028235e+38,
  "height" : 768,
  "t_23" : 3.8990934,
  "blur_score" : 2283.8308,
  "manual_keyframe" : false,
  "cy" : 387.28836
}