{
  "cy" : 387.33273,
  "width" : 1024,
  "angular_velocity" : 3.4028235e+38,
  "height" : 768,
  "t_11" : -0.014346812,
  "timestamp" : 239730855474,
  "t_21" : 0.9473623,
  "cx" : 514.5556,
  "manual_keyframe" : false,
  "t_00" : -0.15408146,
  "t_13" : 0.1612464,
  "center_depth" : 4.465291,
  "t_02" : -0.9348584,
  "fx" : 709.16876,
  "t_01" : 0.31984177,
  "t_03" : -7.349187,
  "fy" : 709.16876,
  "t_12" : 0.15782665,
  "t_20" : 0.03706732,
  "t_23" : 9.466583,
  "blur_score" : 1497.7131,
  "t_22" : 0.3180104,
  "t_10" : -0.9873627
}