{
  "cx" : 514.1793,
  "center_depth" : 1.701168,
  "height" : 768,
  "fx" : 710.30914,
  "t_13" : 0.012850962,
  "timestamp" : 239744644488,
  "manual_keyframe" : false,
  "width" : 1024,
  "t_03" : -8.539447,
  "t_02" : -0.13177744,
  "angular_velocity" : 3.4028235e+38,
  "t_12" : 0.60835314,
  "fy" : 710.30914,
  "t_00" : -0.12827133,
  "cy" : 387.30627,
  "t_21" : 0.1825815,
  "t_22" : -0.78265,
  "t_23" : 10.323246,
  "blur_score" : 3141.7573,
  "t_10" : -0.7933622,
  "t_20" : -0.5950822,
  "t_11" : 0.021973148,
  "t_01" : -0.9829451
}