{
  "blur_score" : 2356.7205,
  "t_23" : 10.428165,
  "width" : 1024,
  "t_21" : -0.99963534,
  "t_00" : 0.3402039,
  "t_12" : 0.3403388,
  "t_11" : 0.00042787197,
  "fx" : 710.9063,
  "t_02" : 0.93996406,
  "angular_velocity" : 3.4028235e+38,
  "fy" : 710.9063,
  "t_10" : -0.94030285,
  "height" : 768,
  "t_22" : -0.025241405,
  "timestamp" : 239755565652,
  "t_03" : -8.067578,
  "t_01" : -0.026998706,
  "t_13" : 0.03970144,
  "cy" : 387.3788,
  "cx" : 514.495,
  "t_20" : -0.009590896,
  "center_depth" : 2.6046643,
  "manual_keyframe" : false
}