{
  "t_02" : 0.6111901,
  "t_10" : -0.9414,
  "blur_score" : 3384.4236,
  "angular_velocity" : 3.4028235e+38,
  "t_12" : 0.33649024,
  "cy" : 387.09415,
  "fy" : 708.0031,
  "t_11" : -0.023248734,
  "t_22" : -0.71639454,
  "center_depth" : 4.0497284,
  "height" : 768,
  "cx" : 514.3989,
  "t_23" : 7.9990416,
  "t_01" : -0.7551328,
  "t_00" : 0.23711005,
  "t_21" : -0.6551594,
  "t_13" : 0.07609957,
  "fx" : 708.0031,
  "t_03" : -6.2583075,
  "timestamp" : 239723068926,
  "t_20" : -0.2398854,
  "width" : 1024,
  "manual_keyframe" : false
}