{
  "t_02" : 0.34614813,
  "t_10" : -0.96016943,
  "blur_score" : 1815.293,
  "angular_velocity" : 3.4028235e+38,
  "fy" : 710.09155,
  "cy" : 386.9075,
  "t_12" : 0.2771812,
  "t_11" : -0.0352894,
  "t_22" : -0.8962991,
  "center_depth" : 2.0557036,
  "height" : 768,
  "cx" : 514.47577,
  "t_23" : 10.036755,
  "t_01" : -0.9285533,
  "t_00" : 0.13405327,
  "t_21" : -0.36951786,
  "t_13" : 0.14922942,
  "fx" : 710.09155,
  "t_03" : -8.533492,
  "timestamp" : 239743093850,
  "t_20" : -0.24516216,
  "width" : 1024,
  "manual_keyframe" : false
}