{
  "blur_score" : 1291.7736,
  "t_23" : 9.5895405,
  "width" : 1024,
  "t_21" : 0.99991554,
  "t_00" : -0.31272724,
  "t_12" : 0.31264383,
  "t_11" : 0.011061681,
  "fx" : 709.39276,
  "t_02" : -0.94981855,
  "angular_velocity" : 3.4028235e+38,
  "fy" : 709.39276,
  "t_10" : -0.949806,
  "height" : 768,
  "t_22" : -0.009922558,
  "timestamp" : 239729855061,
  "t_01" : -0.0068048392,
  "t_03" : -7.4007063,
  "t_13" : 0.11183585,
  "cy" : 387.26172,
  "cx" : 514.4384,
  "t_20" : 0.008379105,
  "center_depth" : 2.8284593,
  "manual_keyframe" : false
}