{
  "cx" : 514.5423,
  "center_depth" : 4.0043902,
  "height" : 768,
  "fx" : 708.5335,
  "t_13" : 0.12616378,
  "timestamp" : 239700126115,
  "manual_keyframe" : false,
  "width" : 1024,
  "t_03" : -0.7668966,
  "t_02" : 0.89561164,
  "angular_velocity" : 3.4028235e+38,
  "t_12" : 0.11030494,
  "fy" : 708.5335,
  "t_00" : 0.085847035,
  "cy" : 387.31326,
  "t_21" : -0.8991841,
  "t_22" : 0.43094397,
  "t_23" : 2.1905046,
  "blur_score" : 875.2425,
  "t_10" : -0.99341583,
  "t_20" : 0.07586386,
  "t_11" : -0.030949296,
  "t_01" : 0.43647468
}