{
  "cx" : 514.58435,
  "center_depth" : 2.0106373,
  "height" : 768,
  "fx" : 710.2964,
  "t_13" : 0.19015434,
  "timestamp" : 239734506981,
  "manual_keyframe" : false,
  "width" : 1024,
  "t_03" : -7.3682237,
  "t_02" : 0.092618026,
  "angular_velocity" : 3.4028235e+38,
  "t_12" : 0.011443189,
  "t_00" : -0.023858864,
  "fy" : 710.2964,
  "cy" : 387.2415,
  "t_21" : -0.09230994,
  "t_22" : 0.995636,
  "t_23" : 9.433819,
  "blur_score" : 489.25598,
  "t_10" : -0.9996214,
  "t_20" : 0.013708443,
  "t_11" : -0.02502439,
  "t_01" : 0.9954158
}