{
  "t_20" : -0.5177527,
  "t_21" : -0.068471454,
  "cx" : 514.3498,
  "center_depth" : 2.0771108,
  "fx" : 711.7846,
  "manual_keyframe" : false,
  "width" : 1024,
  "t_11" : -0.032664787,
  "t_23" : 10.925765,
  "t_22" : -0.852786,
  "t_01" : -0.9971181,
  "t_13" : -0.033904828,
  "t_03" : -8.25306,
  "t_00" : 0.063502915,
  "angular_velocity" : 3.4028235e+38,
  "height" : 768,
  "timestamp" : 239752080884,
  "cy" : 387.28928,
  "t_10" : -0.8531704,
  "blur_score" : 1633.0898,
  "fy" : 711.7846,
  "t_12" : 0.5206088,
  "t_02" : 0.041505538
}