{
  "manual_keyframe" : false,
  "fy" : 708.2762,
  "t_20" : 0.03212246,
  "t_03" : -5.7176065,
  "cy" : 387.15808,
  "t_11" : -0.03910937,
  "t_02" : 0.8805474,
  "t_13" : 0.17781691,
  "blur_score" : 1269.4958,
  "t_21" : -0.8799749,
  "t_00" : 0.022838715,
  "cx" : 514.5899,
  "t_01" : -0.47340733,
  "angular_velocity" : 3.4028235e+38,
  "t_10" : -0.99922293,
  "width" : 1024,
  "t_22" : -0.47393274,
  "timestamp" : 239721401571,
  "t_23" : 7.552601,
  "height" : 768,
  "t_12" : 0.0048904833,
  "fx" : 708.2762,
  "center_depth" : 5.1149154
}