{
  "cx" : 514.4602,
  "center_depth" : 3.2309895,
  "height" : 768,
  "fx" : 709.145,
  "t_13" : 0.05546943,
  "timestamp" : 239777541331,
  "manual_keyframe" : false,
  "width" : 1024,
  "t_03" : -1.6482456,
  "t_02" : 0.5560194,
  "angular_velocity" : 3.4028235e+38,
  "t_12" : 0.1760332,
  "fy" : 709.145,
  "t_00" : 0.066132866,
  "cy" : 387.08618,
  "t_21" : -0.5585346,
  "t_22" : 0.8123145,
  "t_23" : 3.018067,
  "blur_score" : 1143.5204,
  "t_10" : -0.9835865,
  "t_20" : 0.16788167,
  "t_11" : -0.039624773,
  "t_01" : 0.8285342
}