{
  "cy" : 387.023,
  "width" : 1024,
  "angular_velocity" : 3.4028235e+38,
  "height" : 768,
  "t_11" : -0.046117593,
  "timestamp" : 239754281790,
  "t_21" : -0.9488418,
  "cx" : 514.25616,
  "manual_keyframe" : false,
  "t_00" : 0.28837246,
  "t_13" : 0.0853456,
  "center_depth" : 2.0245876,
  "t_02" : 0.9051349,
  "fx" : 711.17316,
  "t_01" : -0.3123652,
  "t_03" : -8.298727,
  "fy" : 711.17316,
  "t_12" : 0.2887554,
  "t_20" : -0.048454512,
  "t_23" : 10.313092,
  "blur_score" : 1725.4513,
  "t_22" : -0.31201127,
  "t_10" : -0.95629144
}