{
  "t_00" : 0.056909446,
  "t_13" : 0.15817478,
  "cx" : 514.4213,
  "t_20" : -0.27441108,
  "t_21" : -0.1681511,
  "fy" : 710.30597,
  "t_11" : -0.01036901,
  "t_10" : -0.959927,
  "t_12" : 0.2800582,
  "center_depth" : 2.212656,
  "t_03" : -8.589494,
  "timestamp" : 239743460667,
  "fx" : 710.30597,
  "t_22" : -0.94679654,
  "width" : 1024,
  "t_02" : 0.15856744,
  "t_01" : -0.98570657,
  "angular_velocity" : 3.4028235e+38,
  "height" : 768,
  "t_23" : 10.104897,
  "blur_score" : 1803.3081,
  "manual_keyframe" : false,
  "cy" : 387.22617
}