{
  "cy" : 387.1843,
  "width" : 1024,
  "angular_velocity" : 3.4028235e+38,
  "height" : 768,
  "t_11" : -0.0286332,
  "timestamp" : 239726336941,
  "t_21" : -0.4125995,
  "cx" : 514.5312,
  "manual_keyframe" : false,
  "t_00" : 0.09904695,
  "t_13" : 0.1479142,
  "center_depth" : 3.7307153,
  "t_02" : 0.40155694,
  "fx" : 708.24927,
  "t_01" : -0.9104624,
  "t_03" : -7.2492495,
  "fy" : 708.24927,
  "t_12" : 0.17770764,
  "t_20" : -0.15029827,
  "t_23" : 9.063141,
  "blur_score" : 2079.9636,
  "t_22" : -0.89842755,
  "t_10" : -0.9836667
}