{
  "t_00" : -0.09028127,
  "t_13" : 0.07084723,
  "cx" : 514.47394,
  "t_20" : -0.09462556,
  "t_21" : 0.74651647,
  "fy" : 711.2065,
  "t_10" : -0.99141085,
  "t_12" : 0.13034908,
  "t_11" : -0.01066873,
  "center_depth" : 1.5716958,
  "t_03" : -8.286871,
  "timestamp" : 239747245560,
  "fx" : 711.2065,
  "t_22" : -0.65860385,
  "width" : 1024,
  "t_02" : -0.74111396,
  "t_01" : -0.6652813,
  "angular_velocity" : 3.4028235e+38,
  "height" : 768,
  "t_23" : 11.071071,
  "blur_score" : 488.28564,
  "manual_keyframe" : false,
  "cy" : 386.97272
}