{
  "t_00" : 0.21373756,
  "t_13" : 0.15718614,
  "cx" : 514.344,
  "t_20" : -0.12020445,
  "t_21" : -0.7699754,
  "fy" : 709.41656,
  "t_11" : -0.04485805,
  "t_10" : -0.9694675,
  "t_12" : 0.24108218,
  "center_depth" : 2.1482513,
  "t_03" : -8.226097,
  "timestamp" : 239742010070,
  "fx" : 709.41656,
  "t_22" : -0.626649,
  "width" : 1024,
  "t_02" : 0.7410739,
  "t_01" : -0.6364949,
  "angular_velocity" : 3.4028235e+38,
  "height" : 768,
  "t_23" : 9.876064,
  "blur_score" : 1774.5317,
  "manual_keyframe" : false,
  "cy" : 387.22043
}