{
  "manual_keyframe" : false,
  "fy" : 709.18,
  "t_20" : -0.19419974,
  "t_03" : -0.9126732,
  "cy" : 387.2006,
  "t_11" : 0.008935801,
  "t_02" : 0.80184287,
  "t_13" : -0.031606555,
  "blur_score" : 1546.0698,
  "t_21" : -0.8600227,
  "cx" : 514.5629,
  "t_00" : 0.31107405,
  "t_01" : -0.5101774,
  "angular_velocity" : 3.4028235e+38,
  "t_10" : -0.9303329,
  "width" : 1024,
  "t_22" : -0.47185507,
  "timestamp" : 239704261159,
  "t_23" : 2.9616745,
  "height" : 768,
  "t_12" : 0.3666071,
  "fx" : 709.18,
  "center_depth" : 3.370984
}