{
  "blur_score" : 2634.571,
  "t_23" : 7.0138845,
  "width" : 1024,
  "t_21" : 0.26773387,
  "t_00" : -0.06543766,
  "t_12" : 0.16373512,
  "t_11" : -0.022702169,
  "fx" : 709.1895,
  "t_02" : -0.26060462,
  "angular_velocity" : 3.4028235e+38,
  "fy" : 709.1895,
  "t_10" : -0.9862431,
  "height" : 768,
  "t_22" : 0.95146,
  "timestamp" : 239766870296,
  "t_01" : 0.96322536,
  "t_03" : -4.763045,
  "t_13" : 0.12890534,
  "cy" : 387.24344,
  "cx" : 514.6824,
  "t_20" : 0.15179753,
  "center_depth" : 3.1661472,
  "manual_keyframe" : false
}