{
  "t_20" : 0.15503936,
  "t_21" : 0.19111982,
  "cx" : 514.60675,
  "center_depth" : 2.595263,
  "fx" : 711.4495,
  "manual_keyframe" : false,
  "width" : 1024,
  "t_11" : -0.024033386,
  "t_23" : 9.960882,
  "t_22" : 0.96924514,
  "t_01" : 0.98127246,
  "t_13" : 0.0965634,
  "t_03" : -7.45397,
  "t_00" : -0.054355863,
  "angular_velocity" : 3.4028235e+38,
  "height" : 768,
  "timestamp" : 239758650254,
  "cy" : 387.40723,
  "t_10" : -0.9864118,
  "blur_score" : 1893.6976,
  "t_02" : -0.18479672,
  "fy" : 711.4495,
  "t_12" : 0.16252433
}