{
  "t_20" : 0.25854534,
  "t_21" : 0.26982963,
  "cx" : 514.5659,
  "center_depth" : 3.5479193,
  "fx" : 709.1434,
  "manual_keyframe" : false,
  "width" : 1024,
  "t_11" : -0.044788875,
  "t_23" : 8.142181,
  "t_22" : 0.92754865,
  "t_01" : 0.9618659,
  "t_13" : 0.07838388,
  "t_03" : -5.7399254,
  "t_00" : -0.11717821,
  "angular_velocity" : 3.4028235e+38,
  "height" : 768,
  "timestamp" : 239763985779,
  "cy" : 387.13672,
  "t_10" : -0.9588658,
  "blur_score" : 3876.1091,
  "t_12" : 0.2803041,
  "t_02" : -0.24715045,
  "fy" : 709.1434
}