{
  "t_10" : -0.89596075,
  "t_01" : 0.9825707,
  "t_03" : -2.4234443,
  "t_21" : 0.18581177,
  "fy" : 709.72314,
  "t_22" : 0.8799266,
  "cx" : 514.0727,
  "t_11" : 0.0053747436,
  "t_00" : -0.07778979,
  "t_23" : 1.4306322,
  "cy" : 387.3565,
  "t_12" : 0.44410092,
  "t_13" : 0.37186757,
  "manual_keyframe" : false,
  "fx" : 709.72314,
  "angular_velocity" : 3.4028235e+38,
  "t_20" : 0.4372679,
  "blur_score" : 2500.1152,
  "t_02" : -0.16883026,
  "center_depth" : 4.0090733,
  "width" : 1024,
  "height" : 768,
  "timestamp" : 239781959805
}