{
  "cy" : 387.08282,
  "width" : 1024,
  "angular_velocity" : 3.4028235e+38,
  "height" : 768,
  "t_11" : -0.047236368,
  "timestamp" : 239759934116,
  "t_21" : 0.2971792,
  "cx" : 514.7241,
  "manual_keyframe" : false,
  "t_00" : -0.044064753,
  "t_13" : 0.1755268,
  "center_depth" : 2.8959315,
  "t_02" : -0.29766604,
  "fx" : 709.7485,
  "t_01" : 0.9536526,
  "t_03" : -7.1490955,
  "fy" : 709.7485,
  "t_12" : -0.0034662355,
  "t_20" : -0.017366245,
  "t_23" : 9.50726,
  "blur_score" : 1617.9354,
  "t_22" : 0.9546638,
  "t_10" : -0.9988778
}