{
  "t_13" : -0.048088998,
  "t_12" : 0.58942056,
  "fy" : 711.7957,
  "t_10" : -0.8069936,
  "blur_score" : 2309.5732,
  "cx" : 513.85,
  "t_22" : -0.65777487,
  "t_02" : 0.46895167,
  "angular_velocity" : 3.4028235e+38,
  "center_depth" : 1.445566,
  "width" : 1024,
  "t_11" : -0.036671434,
  "height" : 768,
  "timestamp" : 239753047949,
  "manual_keyframe" : false,
  "t_00" : 0.37877527,
  "t_23" : 10.6592455,
  "t_20" : -0.4530902,
  "t_03" : -8.350826,
  "t_01" : -0.79788077,
  "cy" : 387.33395,
  "fx" : 711.7957,
  "t_21" : -0.6016989
}