{
  "manual_keyframe" : false,
  "fy" : 709.14813,
  "t_20" : 0.21169078,
  "t_03" : -6.027254,
  "cy" : 387.25745,
  "t_11" : -0.014908396,
  "t_02" : -0.25764915,
  "t_13" : 0.08449729,
  "blur_score" : 3652.7227,
  "t_21" : 0.26761866,
  "cx" : 514.54034,
  "t_00" : -0.07388472,
  "t_01" : 0.9634095,
  "angular_velocity" : 3.4028235e+38,
  "t_10" : -0.97453994,
  "width" : 1024,
  "t_22" : 0.93998265,
  "timestamp" : 239763135430,
  "t_23" : 8.515425,
  "height" : 768,
  "t_12" : 0.22371787,
  "fx" : 709.14813,
  "center_depth" : 3.342924
}