{
  "t_02" : -0.009590683,
  "t_10" : -0.9287866,
  "blur_score" : 2077.6633,
  "angular_velocity" : 3.4028235e+38,
  "fy" : 710.31866,
  "cy" : 387.1055,
  "t_12" : 0.3701394,
  "t_11" : 0.018773561,
  "t_22" : -0.92892677,
  "center_depth" : 2.601281,
  "height" : 768,
  "cx" : 514.31213,
  "t_23" : 10.17286,
  "t_01" : -0.99966526,
  "t_00" : -0.024028309,
  "t_21" : 0.01780153,
  "t_13" : 0.13547336,
  "fx" : 710.31866,
  "t_03" : -8.608315,
  "timestamp" : 239743944200,
  "t_20" : -0.36983544,
  "width" : 1024,
  "manual_keyframe" : false
}