{
  "t_20" : -0.12378655,
  "t_21" : -0.8615822,
  "cx" : 514.6563,
  "center_depth" : 3.7178779,
  "fx" : 708.3191,
  "manual_keyframe" : false,
  "width" : 1024,
  "t_11" : 0.0044142697,
  "t_23" : 7.303077,
  "t_22" : -0.49229357,
  "t_01" : -0.5075988,
  "t_13" : 0.082690224,
  "t_03" : -5.4637747,
  "t_00" : 0.20166196,
  "angular_velocity" : 3.4028235e+38,
  "height" : 768,
  "timestamp" : 239720434505,
  "cy" : 387.4543,
  "t_10" : -0.9716015,
  "blur_score" : 1949.1194,
  "fy" : 708.3191,
  "t_02" : 0.837661,
  "t_12" : 0.23658228
}