{
  "manual_keyframe" : false,
  "fy" : 708.5431,
  "t_20" : -0.2953464,
  "t_03" : -7.431995,
  "cy" : 387.2575,
  "t_11" : -0.007181136,
  "t_02" : -0.26269358,
  "t_13" : 0.121400565,
  "blur_score" : 1138.237,
  "t_21" : 0.27362758,
  "t_00" : -0.07691384,
  "cx" : 514.4523,
  "t_01" : -0.96180886,
  "angular_velocity" : 3.4028235e+38,
  "t_10" : -0.9522892,
  "width" : 1024,
  "t_22" : -0.91536796,
  "timestamp" : 239727637478,
  "t_23" : 9.3446045,
  "height" : 768,
  "t_12" : 0.30511257,
  "fx" : 708.5431,
  "center_depth" : 2.6025748
}