{
  "cx" : 514.4127,
  "center_depth" : 2.6293154,
  "height" : 768,
  "fx" : 708.8766,
  "t_13" : 0.0056190556,
  "timestamp" : 239777057800,
  "manual_keyframe" : false,
  "width" : 1024,
  "t_03" : -1.6150507,
  "t_02" : 0.46160105,
  "angular_velocity" : 3.4028235e+38,
  "t_12" : 0.29994574,
  "t_00" : 0.124114804,
  "fy" : 708.8766,
  "cy" : 387.2366,
  "t_21" : -0.47744834,
  "t_22" : 0.8348396,
  "t_23" : 3.1478674,
  "blur_score" : 1442.6534,
  "t_10" : -0.9536821,
  "t_20" : 0.27401835,
  "t_11" : -0.022871204,
  "t_01" : 0.8783621
}