{
  "t_03" : -7.2954607,
  "t_10" : -0.9621452,
  "t_13" : 0.12117399,
  "t_20" : 0.26093715,
  "blur_score" : 2233.214,
  "t_23" : 9.229598,
  "t_12" : 0.26753995,
  "center_depth" : 1.6970422,
  "t_02" : -0.090117306,
  "fy" : 709.1673,
  "cx" : 514.4818,
  "timestamp" : 239733389854,
  "t_11" : -0.05195136,
  "width" : 1024,
  "t_01" : 0.99281937,
  "height" : 768,
  "fx" : 709.1673,
  "cy" : 386.94815,
  "manual_keyframe" : false,
  "t_00" : -0.078666195,
  "t_21" : 0.10775227,
  "t_22" : 0.9593233,
  "angular_velocity" : 3.4028235e+38
}