{
  "blur_score" : 1706.4205,
  "t_23" : 9.46833,
  "width" : 1024,
  "t_21" : 0.3041488,
  "t_00" : -0.05472939,
  "t_12" : 0.0075857593,
  "t_11" : -0.055031978,
  "fx" : 709.6993,
  "t_02" : -0.30420342,
  "angular_velocity" : 3.4028235e+38,
  "fy" : 709.6993,
  "t_10" : -0.9984558,
  "height" : 768,
  "t_22" : 0.95257694,
  "timestamp" : 239760034157,
  "t_03" : -7.1285276,
  "t_01" : 0.9510336,
  "t_13" : 0.17279448,
  "cy" : 387.12927,
  "cx" : 514.655,
  "t_20" : -0.009526604,
  "center_depth" : 2.9027092,
  "manual_keyframe" : false
}