{
  "t_20" : 0.3186791,
  "t_21" : 0.1805259,
  "cx" : 514.3776,
  "center_depth" : 3.7335021,
  "fx" : 708.55896,
  "manual_keyframe" : false,
  "width" : 1024,
  "t_11" : 0.008936598,
  "t_23" : 4.764821,
  "t_22" : 0.93051285,
  "t_01" : 0.9835296,
  "t_13" : 0.049462393,
  "t_03" : -2.262753,
  "t_00" : -0.04989267,
  "angular_velocity" : 3.4028235e+38,
  "height" : 768,
  "timestamp" : 239773256245,
  "cy" : 387.17166,
  "t_10" : -0.94654876,
  "blur_score" : 2630.1584,
  "t_12" : 0.32243726,
  "fy" : 708.55896,
  "t_02" : -0.1737245
}