{
  "cy" : 387.16266,
  "width" : 1024,
  "angular_velocity" : 3.4028235e+38,
  "height" : 768,
  "t_11" : -0.039829753,
  "timestamp" : 239711280728,
  "t_21" : -0.93229824,
  "cx" : 514.58655,
  "manual_keyframe" : false,
  "t_00" : -0.037766274,
  "t_13" : 0.14675382,
  "center_depth" : 2.9593554,
  "t_02" : 0.93238413,
  "fx" : 708.8845,
  "t_01" : -0.3594909,
  "t_03" : -2.3420699,
  "fy" : 708.8845,
  "t_12" : -0.055766642,
  "t_20" : 0.057184234,
  "t_23" : 4.5478387,
  "blur_score" : 760.9953,
  "t_22" : -0.3571416,
  "t_10" : -0.99764913
}