{
  "t_20" : -0.025444213,
  "t_21" : -0.8812061,
  "cx" : 514.4569,
  "center_depth" : 4.7516756,
  "fx" : 708.2699,
  "manual_keyframe" : false,
  "width" : 1024,
  "t_11" : -0.008920175,
  "t_23" : 7.413461,
  "t_22" : -0.47204694,
  "t_01" : -0.47264796,
  "t_13" : 0.15132837,
  "t_03" : -5.604035,
  "t_00" : 0.06626341,
  "angular_velocity" : 3.4028235e+38,
  "height" : 768,
  "timestamp" : 239721018080,
  "cy" : 387.30585,
  "t_10" : -0.99747765,
  "blur_score" : 1404.1868,
  "t_02" : 0.8787564,
  "t_12" : 0.07041788,
  "fy" : 708.2699
}