{
  "t_10" : -0.97003734,
  "t_01" : -0.43652618,
  "t_03" : -2.707029,
  "t_21" : -0.8993362,
  "fy" : 708.867,
  "t_22" : -0.4292153,
  "t_11" : -0.025282593,
  "cx" : 514.5975,
  "t_00" : 0.22816469,
  "t_23" : 4.939661,
  "t_12" : 0.2416371,
  "cy" : 387.19968,
  "t_13" : 0.040784113,
  "manual_keyframe" : false,
  "fx" : 708.867,
  "angular_velocity" : 3.4028235e+38,
  "t_20" : -0.08347802,
  "blur_score" : 1561.4673,
  "t_02" : 0.8702792,
  "center_depth" : 4.9150147,
  "width" : 1024,
  "height" : 768,
  "timestamp" : 239712364508
}