{
  "manual_keyframe" : false,
  "fy" : 710.6634,
  "t_20" : 0.31693792,
  "t_03" : -7.693946,
  "cy" : 387.1924,
  "t_11" : -0.018856984,
  "t_02" : 0.18020435,
  "t_13" : 0.016900659,
  "blur_score" : 2428.9124,
  "t_21" : -0.18387105,
  "t_00" : 0.041116137,
  "cx" : 514.3571,
  "t_01" : 0.9827695,
  "angular_velocity" : 3.4028235e+38,
  "t_10" : -0.9475547,
  "width" : 1024,
  "t_22" : 0.93045247,
  "timestamp" : 239757249678,
  "t_23" : 10.18732,
  "height" : 768,
  "t_12" : 0.31903702,
  "fx" : 710.6634,
  "center_depth" : 1.7304254
}