{
  "manual_keyframe" : false,
  "fy" : 709.36096,
  "t_20" : 0.25978437,
  "t_03" : -6.7582335,
  "cy" : 387.19824,
  "t_11" : -0.020298349,
  "t_02" : -0.28659263,
  "t_13" : 0.07634235,
  "blur_score" : 4021.3933,
  "t_21" : 0.30398965,
  "cx" : 514.59845,
  "t_00" : -0.103375115,
  "t_01" : 0.95245904,
  "angular_velocity" : 3.4028235e+38,
  "t_10" : -0.9601176,
  "width" : 1024,
  "t_22" : 0.9165711,
  "timestamp" : 239761234650,
  "t_23" : 9.148996,
  "height" : 768,
  "t_12" : 0.27885893,
  "fx" : 709.36096,
  "center_depth" : 3.8503885
}