{
  "cx" : 514.55646,
  "center_depth" : 1.862735,
  "height" : 768,
  "fx" : 711.15405,
  "t_13" : 0.067449845,
  "timestamp" : 239748145931,
  "manual_keyframe" : false,
  "width" : 1024,
  "t_03" : -8.174674,
  "t_02" : -0.9593415,
  "angular_velocity" : 3.4028235e+38,
  "t_12" : 0.17154449,
  "fy" : 711.15405,
  "t_00" : -0.1639106,
  "cy" : 387.24432,
  "t_21" : 0.9731496,
  "t_22" : -0.22413528,
  "t_23" : 10.937701,
  "blur_score" : 477.1192,
  "t_10" : -0.9850838,
  "t_20" : -0.052376736,
  "t_11" : -0.013509018,
  "t_01" : -0.22977695
}