{
  "manual_keyframe" : false,
  "fy" : 709.1879,
  "t_20" : 0.26339307,
  "t_03" : -4.5602617,
  "cy" : 387.0416,
  "t_11" : -0.02805781,
  "t_02" : -0.28498054,
  "t_13" : 0.09072262,
  "blur_score" : 3350.2524,
  "t_21" : 0.30516154,
  "cx" : 514.43524,
  "t_00" : -0.11268061,
  "t_01" : 0.9518871,
  "angular_velocity" : 3.4028235e+38,
  "t_10" : -0.9580851,
  "width" : 1024,
  "t_22" : 0.9151506,
  "timestamp" : 239767503889,
  "t_23" : 6.835465,
  "height" : 768,
  "t_12" : 0.28510627,
  "fx" : 709.1879,
  "center_depth" : 3.2033377
}