{
  "cx" : 513.77704,
  "fy" : 711.7782,
  "t_11" : -0.046170138,
  "t_23" : 10.578918,
  "t_10" : -0.83010143,
  "fx" : 711.7782,
  "angular_velocity" : 3.4028235e+38,
  "t_00" : 0.42022797,
  "blur_score" : 1986.9016,
  "timestamp" : 239753314726,
  "t_03" : -8.353939,
  "t_20" : -0.36652443,
  "t_01" : -0.7068511,
  "width" : 1024,
  "t_22" : -0.6061602,
  "manual_keyframe" : false,
  "t_12" : 0.55569774,
  "cy" : 387.1955,
  "center_depth" : 1.5950265,
  "height" : 768,
  "t_13" : -0.035597697,
  "t_02" : 0.5690079,
  "t_21" : -0.7058539
}