{
  "blur_score" : 1723.0311,
  "t_23" : 9.418371,
  "width" : 1024,
  "t_21" : 0.90073586,
  "t_00" : -0.11882721,
  "t_12" : 0.11230587,
  "t_11" : -0.040694233,
  "fx" : 708.8528,
  "t_02" : -0.8937904,
  "angular_velocity" : 3.4028235e+38,
  "fy" : 708.8528,
  "t_10" : -0.9928401,
  "height" : 768,
  "t_22" : 0.4341961,
  "timestamp" : 239731122251,
  "t_01" : 0.43245685,
  "t_03" : -7.3378983,
  "t_13" : 0.17354986,
  "cy" : 387.2678,
  "cx" : 514.4891,
  "t_20" : 0.012195336,
  "center_depth" : 6.082353,
  "manual_keyframe" : false
}