{
  "manual_keyframe" : false,
  "fy" : 709.469,
  "t_20" : -0.07412793,
  "t_03" : -7.359296,
  "cy" : 387.23746,
  "t_11" : 0.0021095083,
  "t_02" : -0.9181341,
  "t_13" : 0.10065131,
  "blur_score" : 1040.5002,
  "t_21" : 0.9733063,
  "t_00" : -0.32304722,
  "cx" : 514.3896,
  "t_01" : -0.22950032,
  "angular_velocity" : 3.4028235e+38,
  "t_10" : -0.9434753,
  "width" : 1024,
  "t_22" : -0.21720935,
  "timestamp" : 239729488243,
  "t_23" : 9.583864,
  "height" : 768,
  "t_12" : 0.33143628,
  "fx" : 709.469,
  "center_depth" : 2.382115
}