{
  "t_20" : -0.29999635,
  "t_21" : 0.20588018,
  "cx" : 514.3157,
  "center_depth" : 1.8244344,
  "fx" : 711.48285,
  "manual_keyframe" : false,
  "width" : 1024,
  "t_11" : -0.0052790213,
  "t_23" : 11.035939,
  "t_22" : -0.9314588,
  "t_01" : -0.97856283,
  "t_13" : 0.04886458,
  "t_03" : -8.298336,
  "t_00" : -0.05797965,
  "angular_velocity" : 3.4028235e+38,
  "height" : 768,
  "timestamp" : 239751664046,
  "cy" : 387.05942,
  "t_10" : -0.9521767,
  "blur_score" : 1067.0415,
  "fy" : 711.48285,
  "t_02" : -0.197618,
  "t_12" : 0.3055022
}