{
  "cx" : 514.4424,
  "center_depth" : 2.3325238,
  "height" : 768,
  "fx" : 709.46265,
  "t_13" : 0.16021676,
  "timestamp" : 239741559885,
  "manual_keyframe" : false,
  "width" : 1024,
  "t_03" : -8.085428,
  "t_02" : 0.8319189,
  "angular_velocity" : 3.4028235e+38,
  "t_12" : 0.23630954,
  "fy" : 709.46265,
  "t_00" : 0.21303472,
  "cy" : 387.461,
  "t_21" : -0.8585239,
  "t_22" : -0.50206465,
  "t_23" : 9.881185,
  "blur_score" : 1872.9368,
  "t_10" : -0.97146726,
  "t_20" : -0.10424831,
  "t_11" : -0.020231076,
  "t_01" : -0.5123742
}