{
  "t_00" : 0.31676546,
  "t_13" : -0.031854764,
  "cx" : 514.38806,
  "t_20" : -0.13304852,
  "t_21" : -0.95924544,
  "fy" : 708.2906,
  "t_10" : -0.93912613,
  "t_12" : 0.34104168,
  "t_11" : 0.041627005,
  "center_depth" : 2.591219,
  "t_03" : -1.6088463,
  "timestamp" : 239709163186,
  "fx" : 708.2906,
  "t_22" : -0.24929155,
  "width" : 1024,
  "t_02" : 0.9063909,
  "t_01" : -0.27949125,
  "angular_velocity" : 3.4028235e+38,
  "height" : 768,
  "t_23" : 3.9141166,
  "blur_score" : 1927.4124,
  "manual_keyframe" : false,
  "cy" : 387.51562
}