{
  "t_00" : -0.14730865,
  "t_13" : -0.054554038,
  "cx" : 513.7711,
  "t_20" : -0.5936822,
  "t_21" : 0.14718698,
  "fy" : 710.61255,
  "t_11" : 0.073217206,
  "t_10" : -0.79110163,
  "t_12" : 0.60728705,
  "center_depth" : 1.5885072,
  "t_03" : -8.434051,
  "timestamp" : 239745444818,
  "fx" : 710.61255,
  "t_22" : -0.7911243,
  "width" : 1024,
  "t_02" : -0.0729721,
  "t_01" : -0.9863951,
  "angular_velocity" : 3.4028235e+38,
  "height" : 768,
  "t_23" : 10.685654,
  "blur_score" : 2785.7625,
  "manual_keyframe" : false,
  "cy" : 387.56995
}