{
  "t_00" : 0.15483685,
  "t_13" : 0.0038687568,
  "cx" : 514.56085,
  "t_20" : -0.1335326,
  "t_21" : -0.8068494,
  "fy" : 707.9952,
  "t_10" : -0.9788742,
  "t_12" : 0.203784,
  "t_11" : 0.016657988,
  "center_depth" : 6.61339,
  "t_03" : -1.2090218,
  "timestamp" : 239708129425,
  "fx" : 707.9952,
  "t_22" : -0.5754678,
  "width" : 1024,
  "t_02" : 0.7920285,
  "t_01" : -0.5905223,
  "angular_velocity" : 3.4028235e+38,
  "height" : 768,
  "t_23" : 3.5721612,
  "blur_score" : 1580.7377,
  "manual_keyframe" : false,
  "cy" : 387.48642
}