{
  "t_02" : 0.45744896,
  "t_10" : -0.9908978,
  "blur_score" : 1837.1853,
  "angular_velocity" : 3.4028235e+38,
  "fy" : 708.8131,
  "cy" : 387.2165,
  "t_12" : 0.13434345,
  "t_11" : 0.008576595,
  "t_22" : -0.8790293,
  "center_depth" : 6.3915367,
  "height" : 768,
  "cx" : 514.54944,
  "t_23" : 3.329239,
  "t_01" : -0.88757414,
  "t_00" : 0.054337494,
  "t_21" : -0.46058497,
  "t_13" : 0.006905487,
  "fx" : 708.8131,
  "t_03" : -1.0419989,
  "timestamp" : 239707462483,
  "t_20" : -0.123163134,
  "width" : 1024,
  "manual_keyframe" : false
}