{
  "t_20" : -0.40626648,
  "t_21" : 0.1033513,
  "cx" : 514.35986,
  "center_depth" : 1.9326385,
  "fx" : 711.4877,
  "manual_keyframe" : false,
  "width" : 1024,
  "t_11" : -0.02263406,
  "t_23" : 10.999744,
  "t_22" : -0.90789104,
  "t_01" : -0.99438727,
  "t_13" : 0.00992176,
  "t_03" : -8.272328,
  "t_00" : -0.021432169,
  "angular_velocity" : 3.4028235e+38,
  "height" : 768,
  "timestamp" : 239751847455,
  "cy" : 387.1576,
  "t_10" : -0.9135033,
  "blur_score" : 1383.6667,
  "fy" : 711.4877,
  "t_02" : -0.10360722,
  "t_12" : 0.40620127
}