{
  "t_00" : -0.073228315,
  "t_13" : 0.01722383,
  "cx" : 514.248,
  "t_20" : -0.19516225,
  "t_21" : 0.24810383,
  "fy" : 710.892,
  "t_10" : -0.97803336,
  "t_12" : 0.20717512,
  "t_11" : 0.02300353,
  "center_depth" : 1.8295469,
  "t_03" : -8.354034,
  "timestamp" : 239746295169,
  "fx" : 710.892,
  "t_22" : -0.9488711,
  "width" : 1024,
  "t_02" : -0.23816441,
  "t_01" : -0.96846026,
  "angular_velocity" : 3.4028235e+38,
  "height" : 768,
  "t_23" : 10.948631,
  "blur_score" : 944.4289,
  "manual_keyframe" : false,
  "cy" : 387.5572
}