{
  "t_00" : -0.28026247,
  "t_13" : 0.4113429,
  "cx" : 514.2873,
  "t_20" : -0.20166498,
  "t_21" : -0.7062867,
  "fy" : 710.5569,
  "t_10" : -0.93850106,
  "t_12" : -0.34021443,
  "t_11" : -0.058906414,
  "center_depth" : 1.7013584,
  "t_03" : -7.410574,
  "timestamp" : 239736907970,
  "fx" : 710.5569,
  "t_22" : 0.6785944,
  "width" : 1024,
  "t_02" : 0.6509715,
  "t_01" : 0.70547086,
  "angular_velocity" : 3.4028235e+38,
  "height" : 768,
  "t_23" : 9.476686,
  "blur_score" : 175.83105,
  "manual_keyframe" : false,
  "cy" : 386.9161
}