{
  "blur_score" : 2883.635,
  "t_23" : 10.094697,
  "width" : 1024,
  "t_21" : 0.15176447,
  "t_00" : -0.059885535,
  "t_12" : 0.2859228,
  "t_11" : -0.017399244,
  "fx" : 711.7735,
  "t_02" : -0.14053087,
  "angular_velocity" : 3.4028235e+38,
  "fy" : 711.7735,
  "t_10" : -0.9580947,
  "height" : 768,
  "t_22" : 0.94789207,
  "timestamp" : 239758166722,
  "t_01" : 0.9882635,
  "t_03" : -7.603875,
  "t_13" : 0.037277833,
  "cy" : 387.32187,
  "cx" : 514.4456,
  "t_20" : 0.28012192,
  "center_depth" : 3.1887655,
  "manual_keyframe" : false
}