{
  "blur_score" : 1522.4933,
  "t_23" : 10.888871,
  "width" : 1024,
  "t_21" : 0.95789534,
  "t_00" : -0.49561188,
  "t_12" : 0.5089536,
  "t_11" : 0.030998018,
  "fx" : 710.90155,
  "t_02" : -0.82030076,
  "angular_velocity" : 3.4028235e+38,
  "fy" : 710.90155,
  "t_10" : -0.8602357,
  "height" : 768,
  "t_22" : -0.26090828,
  "timestamp" : 239749163017,
  "t_01" : -0.28543952,
  "t_03" : -8.102208,
  "t_13" : -0.04481906,
  "cy" : 387.52646,
  "cx" : 514.32245,
  "t_20" : -0.119847775,
  "center_depth" : 2.0067446,
  "manual_keyframe" : false
}