{
  "t_20" : 0.21059637,
  "t_21" : 0.26315838,
  "cx" : 514.4002,
  "center_depth" : 2.996118,
  "fx" : 709.13544,
  "manual_keyframe" : false,
  "width" : 1024,
  "t_11" : -0.043964457,
  "t_23" : 7.504854,
  "t_22" : 0.94148654,
  "t_01" : 0.9637504,
  "t_13" : 0.10722119,
  "t_03" : -5.164464,
  "t_00" : -0.101857014,
  "angular_velocity" : 3.4028235e+38,
  "height" : 768,
  "timestamp" : 239765569762,
  "cy" : 387.02985,
  "t_10" : -0.9722522,
  "blur_score" : 3126.9714,
  "t_12" : 0.22976685,
  "fy" : 709.13544,
  "t_02" : -0.24659759
}