{
  "t_20" : -0.034906466,
  "t_21" : 0.35011283,
  "cx" : 514.40857,
  "center_depth" : 1.6734565,
  "fx" : 711.48444,
  "manual_keyframe" : false,
  "width" : 1024,
  "t_11" : -0.036176994,
  "t_23" : 11.067214,
  "t_22" : -0.936057,
  "t_01" : -0.9360087,
  "t_13" : 0.11515899,
  "t_03" : -8.349201,
  "t_00" : 0.025557376,
  "angular_velocity" : 3.4028235e+38,
  "height" : 768,
  "timestamp" : 239751130493,
  "cy" : 386.92157,
  "t_10" : -0.9990638,
  "blur_score" : 1265.8998,
  "t_12" : 0.023724789,
  "t_02" : -0.35104784,
  "fy" : 711.48444
}