{
  "t_13" : 0.078899406,
  "t_12" : 0.26236913,
  "fy" : 708.8242,
  "t_10" : -0.9649654,
  "blur_score" : 3749.5244,
  "cx" : 514.53784,
  "t_22" : 0.92342454,
  "t_02" : -0.28008834,
  "angular_velocity" : 3.4028235e+38,
  "center_depth" : 4.8159175,
  "width" : 1024,
  "t_11" : -0.002035066,
  "height" : 768,
  "timestamp" : 239770988650,
  "manual_keyframe" : false,
  "t_00" : -0.07817239,
  "t_23" : 5.6548448,
  "t_20" : 0.25046113,
  "t_03" : -3.072863,
  "t_01" : 0.95678604,
  "fx" : 708.8242,
  "cy" : 387.2,
  "t_21" : 0.29078555
}