{
  "cy" : 387.1651,
  "width" : 1024,
  "angular_velocity" : 3.4028235e+38,
  "height" : 768,
  "t_11" : 0.021916954,
  "timestamp" : 239756849514,
  "t_21" : -0.56924176,
  "cx" : 514.39966,
  "manual_keyframe" : false,
  "t_00" : 0.2062821,
  "t_13" : 0.014486819,
  "center_depth" : 1.9298444,
  "t_02" : 0.5310031,
  "fx" : 710.56323,
  "t_01" : 0.82187796,
  "t_03" : -7.713712,
  "fy" : 710.56323,
  "t_12" : 0.33236948,
  "t_20" : 0.2615292,
  "t_23" : 10.2194395,
  "blur_score" : 1894.4912,
  "t_22" : 0.77946544,
  "t_10" : -0.9428946
}