{
  "manual_keyframe" : false,
  "fy" : 708.02057,
  "t_20" : -0.295407,
  "t_03" : -6.49495,
  "cy" : 387.27267,
  "t_11" : -0.0052568307,
  "t_02" : 0.6293567,
  "t_13" : 0.036272638,
  "blur_score" : 3804.3933,
  "t_21" : -0.6932852,
  "t_00" : 0.29083034,
  "cx" : 514.512,
  "t_01" : -0.72064406,
  "angular_velocity" : 3.4028235e+38,
  "t_10" : -0.9100289,
  "width" : 1024,
  "t_22" : -0.6573357,
  "timestamp" : 239723719194,
  "t_23" : 8.187304,
  "height" : 768,
  "t_12" : 0.4145117,
  "fx" : 708.02057,
  "center_depth" : 3.2287672
}