{
  "t_20" : -0.12503359,
  "t_21" : -0.57059973,
  "cx" : 514.5521,
  "center_depth" : 3.7822244,
  "fx" : 707.98083,
  "manual_keyframe" : false,
  "width" : 1024,
  "t_11" : -0.026179565,
  "t_23" : 8.82603,
  "t_22" : -0.81165427,
  "t_01" : -0.8208109,
  "t_13" : 0.14004327,
  "t_03" : -7.121383,
  "t_00" : 0.11833765,
  "angular_velocity" : 3.4028235e+38,
  "height" : 768,
  "timestamp" : 239725736694,
  "cy" : 387.18686,
  "t_10" : -0.98507005,
  "blur_score" : 2378.0298,
  "fy" : 707.98083,
  "t_02" : 0.5588074,
  "t_12" : 0.17015237
}