{
  "t_00" : -0.19206198,
  "t_13" : 0.21687174,
  "cx" : 514.53296,
  "t_20" : -0.02349181,
  "t_21" : -0.91312957,
  "fy" : 708.55896,
  "t_10" : -0.9811017,
  "t_12" : -0.18485978,
  "t_11" : -0.057153564,
  "center_depth" : 3.5238853,
  "t_03" : -1.0513297,
  "timestamp" : 239701526695,
  "fx" : 708.55896,
  "t_22" : 0.4069921,
  "width" : 1024,
  "t_02" : 0.89453024,
  "t_01" : 0.40364325,
  "angular_velocity" : 3.4028235e+38,
  "height" : 768,
  "t_23" : 2.3122034,
  "blur_score" : 619.05743,
  "manual_keyframe" : false,
  "cy" : 387.21973
}