{
  "cy" : 387.09265,
  "width" : 1024,
  "angular_velocity" : 3.4028235e+38,
  "height" : 768,
  "t_11" : -0.051230054,
  "timestamp" : 239721785062,
  "t_21" : -0.8323461,
  "cx" : 514.55853,
  "manual_keyframe" : false,
  "t_00" : 0.09109795,
  "t_13" : 0.17109908,
  "center_depth" : 5.5869384,
  "t_02" : 0.82893056,
  "fx" : 708.2556,
  "t_01" : -0.5518834,
  "t_03" : -5.8118677,
  "fy" : 708.2556,
  "t_12" : 0.07533334,
  "t_20" : 0.00089094025,
  "t_23" : 7.707394,
  "blur_score" : 2077.1047,
  "t_22" : -0.5542554,
  "t_10" : -0.9958415
}