{
  "cy" : 387.21756,
  "width" : 1024,
  "angular_velocity" : 3.4028235e+38,
  "height" : 768,
  "t_11" : -0.030009966,
  "timestamp" : 239706828887,
  "t_21" : -0.11632157,
  "cx" : 514.43115,
  "manual_keyframe" : false,
  "t_00" : 0.04711018,
  "t_13" : 0.020135589,
  "center_depth" : 2.633678,
  "t_02" : 0.11050765,
  "fx" : 709.4515,
  "t_01" : -0.99275804,
  "t_03" : -0.9103623,
  "fy" : 709.4515,
  "t_12" : 0.15158822,
  "t_20" : -0.1471741,
  "t_23" : 3.128173,
  "blur_score" : 1079.6458,
  "t_22" : -0.982247,
  "t_10" : -0.9879881
}