{
  "t_20" : 0.023371708,
  "t_21" : -0.993013,
  "cx" : 514.58545,
  "center_depth" : 2.6777668,
  "fx" : 709.7295,
  "manual_keyframe" : false,
  "width" : 1024,
  "t_11" : -0.03272992,
  "t_23" : 9.7701235,
  "t_22" : -0.11566598,
  "t_01" : -0.113373734,
  "t_13" : 0.23030245,
  "t_03" : -7.584751,
  "t_00" : 0.08291028,
  "angular_velocity" : 3.4028235e+38,
  "height" : 768,
  "timestamp" : 239738958814,
  "cy" : 387.06686,
  "t_10" : -0.9962829,
  "blur_score" : 1108.7163,
  "t_02" : 0.990087,
  "fy" : 709.7295,
  "t_12" : 0.079681255
}