{
  "manual_keyframe" : false,
  "fy" : 708.59863,
  "t_20" : -0.011168062,
  "t_03" : -1.9642777,
  "cy" : 387.4871,
  "t_11" : -0.0023172582,
  "t_02" : 0.9696059,
  "t_13" : 0.07627073,
  "blur_score" : 792.5763,
  "t_21" : -0.97117347,
  "cx" : 514.4678,
  "t_00" : 0.05520888,
  "t_01" : -0.23836215,
  "angular_velocity" : 3.4028235e+38,
  "t_10" : -0.99841243,
  "width" : 1024,
  "t_22" : -0.23811164,
  "timestamp" : 239710330335,
  "t_23" : 4.29313,
  "height" : 768,
  "t_12" : 0.056279447,
  "fx" : 708.59863,
  "center_depth" : 2.8093948
}