{
  "t_00" : -0.12860335,
  "t_13" : 0.38236699,
  "cx" : 514.4316,
  "t_20" : -0.32049122,
  "t_21" : -0.24274701,
  "fy" : 710.63153,
  "t_10" : -0.93848103,
  "t_11" : -0.049860995,
  "t_12" : -0.34171236,
  "center_depth" : 1.963142,
  "t_03" : -7.366743,
  "timestamp" : 239735724149,
  "fx" : 710.63153,
  "t_22" : 0.91561973,
  "width" : 1024,
  "t_02" : 0.21183345,
  "t_01" : 0.96880734,
  "angular_velocity" : 3.4028235e+38,
  "height" : 768,
  "t_23" : 9.45024,
  "blur_score" : 166.63594,
  "manual_keyframe" : false,
  "cy" : 387.1493
}