{
  "cx" : 514.5402,
  "center_depth" : 1.9588612,
  "height" : 768,
  "fx" : 710.03284,
  "t_13" : 0.117999956,
  "timestamp" : 239734106816,
  "manual_keyframe" : false,
  "width" : 1024,
  "t_03" : -7.3668556,
  "t_02" : 0.08099535,
  "angular_velocity" : 3.4028235e+38,
  "t_12" : 0.22305,
  "fy" : 710.03284,
  "t_00" : -0.01333507,
  "cy" : 387.22394,
  "t_21" : -0.0759401,
  "t_22" : 0.9714363,
  "t_23" : 9.33893,
  "blur_score" : 1311.0013,
  "t_10" : -0.9743087,
  "t_20" : 0.22482136,
  "t_11" : -0.031163655,
  "t_01" : 0.99662524
}