{
  "t_20" : -0.2972448,
  "t_21" : 0.3901039,
  "cx" : 514.1528,
  "center_depth" : 1.748327,
  "fx" : 710.9285,
  "manual_keyframe" : false,
  "width" : 1024,
  "t_11" : -0.053050905,
  "t_23" : 11.080492,
  "t_22" : -0.87147266,
  "t_01" : -0.91924137,
  "t_13" : 0.009560229,
  "t_03" : -8.281957,
  "t_00" : -0.071193814,
  "angular_velocity" : 3.4028235e+38,
  "height" : 768,
  "timestamp" : 239750563593,
  "cy" : 387.21756,
  "t_10" : -0.95214343,
  "blur_score" : 717.1726,
  "fy" : 710.9285,
  "t_02" : -0.38720402,
  "t_12" : 0.30101267
}