{
  "cy" : 387.33838,
  "width" : 1024,
  "angular_velocity" : 3.4028235e+38,
  "height" : 768,
  "t_11" : -0.014476089,
  "timestamp" : 239719217337,
  "t_21" : -0.85876423,
  "cx" : 514.70215,
  "manual_keyframe" : false,
  "t_00" : 0.15056697,
  "t_13" : 0.10859869,
  "center_depth" : 4.27637,
  "t_02" : 0.84558576,
  "fx" : 708.26825,
  "t_01" : -0.5121662,
  "t_03" : -5.104442,
  "fy" : 708.26825,
  "t_12" : 0.16678135,
  "t_20" : -0.073179014,
  "t_23" : 6.956911,
  "blur_score" : 1812.4827,
  "t_22" : -0.50711805,
  "t_10" : -0.9858876
}