{
  "t_20" : 0.30822372,
  "t_21" : -0.028047873,
  "cx" : 514.4374,
  "center_depth" : 2.4209127,
  "fx" : 711.1748,
  "manual_keyframe" : false,
  "width" : 1024,
  "t_11" : -0.022783091,
  "t_23" : 10.179969,
  "t_22" : 0.9509003,
  "t_01" : 0.9993469,
  "t_13" : 0.023170544,
  "t_03" : -7.675185,
  "t_00" : -0.013035334,
  "angular_velocity" : 3.4028235e+38,
  "height" : 768,
  "timestamp" : 239757449761,
  "cy" : 387.2875,
  "t_10" : -0.9512247,
  "blur_score" : 2751.4966,
  "t_02" : 0.03370211,
  "t_12" : 0.30765682,
  "fy" : 711.1748
}