{
  "manual_keyframe" : false,
  "fy" : 708.2953,
  "t_20" : -0.13931753,
  "t_03" : -5.2200646,
  "cy" : 387.3606,
  "t_11" : -0.0023158703,
  "t_02" : 0.8343801,
  "t_13" : 0.068281464,
  "blur_score" : 2081.0076,
  "t_21" : -0.8717042,
  "t_00" : 0.25235593,
  "cx" : 514.4455,
  "t_01" : -0.490027,
  "angular_velocity" : 3.4028235e+38,
  "t_10" : -0.95755273,
  "width" : 1024,
  "t_22" : -0.4698111,
  "timestamp" : 239719684196,
  "t_23" : 7.1035085,
  "height" : 768,
  "t_12" : 0.28824908,
  "fx" : 708.2953,
  "center_depth" : 3.5652256
}