{
  "cy" : 387.32852,
  "width" : 1024,
  "angular_velocity" : 3.4028235e+38,
  "height" : 768,
  "t_11" : -0.0007300994,
  "timestamp" : 239716782999,
  "t_21" : -0.84586257,
  "cx" : 514.60614,
  "manual_keyframe" : false,
  "t_00" : 0.23810981,
  "t_13" : 0.036737107,
  "center_depth" : 4.418892,
  "t_02" : 0.81165755,
  "fx" : 708.01416,
  "t_01" : -0.5334004,
  "t_03" : -4.2006583,
  "fy" : 708.01416,
  "t_12" : 0.2810574,
  "t_20" : -0.14932354,
  "t_23" : 6.205471,
  "blur_score" : 2123.263,
  "t_22" : -0.5120733,
  "t_10" : -0.9596908
}