{
  "t_00" : -0.010001459,
  "t_13" : 0.26855448,
  "cx" : 514.6259,
  "t_20" : 0.058907647,
  "t_21" : -0.99791914,
  "fy" : 710.009,
  "t_10" : -0.9982133,
  "t_12" : -0.0084686205,
  "t_11" : -0.05914746,
  "center_depth" : 2.1855717,
  "t_03" : -7.59058,
  "timestamp" : 239738575323,
  "fx" : 710.009,
  "t_22" : 0.026213447,
  "width" : 1024,
  "t_02" : 0.9996204,
  "t_01" : 0.025667751,
  "angular_velocity" : 3.4028235e+38,
  "height" : 768,
  "t_23" : 9.720327,
  "blur_score" : 606.5846,
  "manual_keyframe" : false,
  "cy" : 387.16666
}