{
  "manual_keyframe" : false,
  "fy" : 708.8416,
  "t_20" : 0.06309701,
  "t_03" : -2.1390316,
  "cy" : 387.34006,
  "t_11" : -0.03859621,
  "t_02" : 0.9513126,
  "t_13" : 0.12000768,
  "blur_score" : 623.4623,
  "t_21" : -0.9532937,
  "t_00" : -0.07254621,
  "cx" : 514.6239,
  "t_01" : -0.2995687,
  "angular_velocity" : 3.4028235e+38,
  "t_10" : -0.9953672,
  "width" : 1024,
  "t_22" : -0.29538083,
  "timestamp" : 239710813868,
  "t_23" : 4.422278,
  "height" : 768,
  "t_12" : -0.08805973,
  "fx" : 708.8416,
  "center_depth" : 2.7355402
}