{
  "cy" : 387.45343,
  "width" : 1024,
  "angular_velocity" : 3.4028235e+38,
  "height" : 768,
  "t_11" : 0.028312856,
  "timestamp" : 239709830128,
  "t_21" : -0.96582687,
  "cx" : 514.63055,
  "manual_keyframe" : false,
  "t_00" : 0.22647919,
  "t_13" : 0.005065693,
  "center_depth" : 3.2568455,
  "t_02" : 0.93932444,
  "fx" : 708.52875,
  "t_01" : -0.25763682,
  "t_03" : -1.8211002,
  "fy" : 708.52875,
  "t_12" : 0.24163017,
  "t_20" : -0.088847786,
  "t_23" : 4.1528883,
  "blur_score" : 1539.7526,
  "t_22" : -0.24348398,
  "t_10" : -0.9699553
}