{
  "manual_keyframe" : false,
  "fy" : 709.1434,
  "t_20" : -0.02409251,
  "t_03" : -1.922917,
  "cy" : 387.1476,
  "t_11" : -0.052000903,
  "t_02" : 0.5836555,
  "t_13" : 0.13740312,
  "blur_score" : 807.2281,
  "t_21" : -0.58703876,
  "cx" : 514.62964,
  "t_00" : -0.0816394,
  "t_01" : 0.807887,
  "angular_velocity" : 3.4028235e+38,
  "t_10" : -0.9963708,
  "width" : 1024,
  "t_22" : 0.8092002,
  "timestamp" : 239778541740,
  "t_23" : 2.698103,
  "height" : 768,
  "t_12" : -0.06738952,
  "fx" : 709.1434,
  "center_depth" : 3.3108737
}