{
  "t_20" : -0.18666956,
  "t_21" : -0.1363258,
  "cx" : 514.617,
  "center_depth" : 2.0614922,
  "fx" : 710.63153,
  "manual_keyframe" : false,
  "width" : 1024,
  "t_11" : -0.050573573,
  "t_23" : 9.509771,
  "t_22" : 0.97291815,
  "t_01" : 0.98937225,
  "t_13" : 0.2819149,
  "t_03" : -7.3802543,
  "t_00" : -0.075789906,
  "angular_velocity" : 3.4028235e+38,
  "height" : 768,
  "timestamp" : 239735040534,
  "cy" : 387.11285,
  "t_10" : -0.97949505,
  "blur_score" : 180.72649,
  "t_12" : -0.19501783,
  "fy" : 710.63153,
  "t_02" : 0.12408989
}