{
  "t_00" : -0.11001441,
  "t_13" : 0.17729305,
  "cx" : 514.55035,
  "t_20" : 0.025090411,
  "t_21" : 0.7960043,
  "fy" : 708.23175,
  "t_11" : -0.046718366,
  "t_10" : -0.99361324,
  "t_12" : 0.10271365,
  "center_depth" : 11.850664,
  "t_03" : -7.34078,
  "timestamp" : 239731522416,
  "fx" : 708.23175,
  "t_22" : 0.6047706,
  "width" : 1024,
  "t_02" : -0.7897483,
  "t_01" : 0.60348505,
  "angular_velocity" : 3.4028235e+38,
  "height" : 768,
  "t_23" : 9.329621,
  "blur_score" : 2470.052,
  "manual_keyframe" : false,
  "cy" : 387.0964
}