{
  "cy" : 387.35135,
  "width" : 1024,
  "angular_velocity" : 3.4028235e+38,
  "height" : 768,
  "t_11" : 0.018017305,
  "timestamp" : 239705278246,
  "t_21" : -0.33488584,
  "cx" : 514.01807,
  "manual_keyframe" : false,
  "t_00" : 0.18019997,
  "t_13" : -0.13879994,
  "center_depth" : 2.0876637,
  "t_02" : 0.2828447,
  "fx" : 709.1895,
  "t_01" : -0.94208646,
  "t_03" : -0.9171372,
  "fy" : 709.1895,
  "t_12" : 0.5792261,
  "t_20" : -0.55077714,
  "t_23" : 3.1155226,
  "blur_score" : 2448.4307,
  "t_22" : -0.76452345,
  "t_10" : -0.8149679
}