{
  "t_13" : -0.025315348,
  "t_12" : 0.52698964,
  "fy" : 711.7528,
  "t_10" : -0.8490185,
  "blur_score" : 1899.5054,
  "cx" : 513.77344,
  "t_22" : -0.54231554,
  "t_02" : 0.6543516,
  "angular_velocity" : 3.4028235e+38,
  "center_depth" : 1.7735236,
  "width" : 1024,
  "t_11" : -0.038075253,
  "height" : 768,
  "timestamp" : 239753531482,
  "manual_keyframe" : false,
  "t_00" : 0.433932,
  "t_23" : 10.499853,
  "t_20" : -0.30144784,
  "t_03" : -8.342046,
  "t_01" : -0.6192957,
  "cy" : 387.13855,
  "fx" : 711.7528,
  "t_21" : -0.7842341
}