{
  "blur_score" : 2168.7744,
  "t_23" : 10.198727,
  "width" : 1024,
  "t_21" : -0.3549953,
  "t_00" : 0.1160543,
  "t_12" : 0.32611606,
  "t_11" : 0.0003220343,
  "fx" : 710.60614,
  "t_02" : 0.33548948,
  "angular_velocity" : 3.4028235e+38,
  "fy" : 710.60614,
  "t_10" : -0.9453298,
  "height" : 768,
  "t_22" : 0.8837959,
  "timestamp" : 239757066270,
  "t_01" : 0.9348679,
  "t_03" : -7.704109,
  "t_13" : 0.01472276,
  "cy" : 387.13245,
  "cx" : 514.364,
  "t_20" : 0.30476743,
  "center_depth" : 1.5789927,
  "manual_keyframe" : false
}