{
  "t_20" : 0.2349866,
  "t_21" : 0.26640892,
  "cx" : 514.4126,
  "center_depth" : 3.4710248,
  "fx" : 709.1498,
  "manual_keyframe" : false,
  "width" : 1024,
  "t_11" : -0.04358377,
  "t_23" : 8.249074,
  "t_22" : 0.9347769,
  "t_01" : 0.96287423,
  "t_13" : 0.071687065,
  "t_03" : -5.8053184,
  "t_00" : -0.10873693,
  "angular_velocity" : 3.4028235e+38,
  "height" : 768,
  "timestamp" : 239763785697,
  "cy" : 387.10837,
  "t_10" : -0.9658973,
  "blur_score" : 3784.776,
  "fy" : 709.1498,
  "t_12" : 0.25523102,
  "t_02" : -0.2470821
}