{
  "t_20" : -0.5435268,
  "t_21" : -0.09339772,
  "cx" : 513.8355,
  "center_depth" : 2.1578639,
  "fx" : 709.4515,
  "manual_keyframe" : false,
  "width" : 1024,
  "t_11" : -0.0040289713,
  "t_23" : 3.1201854,
  "t_22" : -0.83417964,
  "t_01" : -0.9956207,
  "t_13" : -0.12783651,
  "t_03" : -0.858323,
  "t_00" : 0.05437708,
  "angular_velocity" : 3.4028235e+38,
  "height" : 768,
  "timestamp" : 239705595043,
  "cy" : 387.2581,
  "t_10" : -0.8376287,
  "blur_score" : 2305.225,
  "t_02" : 0.076042764,
  "t_12" : 0.54622525,
  "fy" : 709.4515
}