{
  "t_02" : 0.72533673,
  "t_10" : -0.9195913,
  "blur_score" : 2358.5627,
  "angular_velocity" : 3.4028235e+38,
  "fy" : 708.5653,
  "t_12" : 0.39279425,
  "cy" : 387.24234,
  "t_11" : -0.00804296,
  "t_22" : -0.5653312,
  "center_depth" : 3.398652,
  "height" : 768,
  "cx" : 514.26324,
  "t_23" : 5.312497,
  "t_01" : -0.6120071,
  "t_00" : 0.31517312,
  "t_21" : -0.7908115,
  "t_13" : 0.00014717132,
  "fx" : 708.5653,
  "t_03" : -3.1438057,
  "timestamp" : 239713731739,
  "t_20" : -0.23455898,
  "width" : 1024,
  "manual_keyframe" : false
}