{
  "blur_score" : 2086.912,
  "t_23" : 10.257737,
  "width" : 1024,
  "t_21" : -0.7481542,
  "t_00" : 0.27579412,
  "t_12" : 0.36867088,
  "t_11" : -4.6247234e-05,
  "fx" : 710.5919,
  "t_02" : 0.69546556,
  "angular_velocity" : 3.4028235e+38,
  "fy" : 710.5919,
  "t_10" : -0.92956007,
  "height" : 768,
  "t_22" : 0.61677337,
  "timestamp" : 239756632758,
  "t_03" : -7.7382855,
  "t_01" : 0.6635248,
  "t_13" : 0.012369461,
  "cy" : 387.19128,
  "cx" : 514.37274,
  "t_20" : 0.24465446,
  "center_depth" : 2.1899903,
  "manual_keyframe" : false
}