{
  "t_20" : 0.2825909,
  "t_21" : 0.3931435,
  "cx" : 514.6191,
  "center_depth" : 3.954534,
  "fx" : 709.12915,
  "manual_keyframe" : false,
  "width" : 1024,
  "t_11" : 0.0066476483,
  "t_23" : 6.6276107,
  "t_22" : 0.8749745,
  "t_01" : 0.9194529,
  "t_13" : 0.06852845,
  "t_03" : -4.397578,
  "t_00" : -0.11394516,
  "angular_velocity" : 3.4028235e+38,
  "height" : 768,
  "timestamp" : 239767970747,
  "cy" : 387.21896,
  "t_10" : -0.95244884,
  "blur_score" : 3448.5732,
  "t_12" : 0.30462587,
  "fy" : 709.12915,
  "t_02" : -0.37632766
}