{
  "t_10" : -0.9585716,
  "t_01" : 0.99263734,
  "t_03" : -2.0612552,
  "t_21" : 0.120942414,
  "fy" : 708.57635,
  "t_22" : 0.95178396,
  "t_11" : -0.006624927,
  "cx" : 514.36145,
  "t_00" : -0.040746827,
  "t_23" : 4.2464404,
  "t_12" : 0.28477454,
  "cy" : 387.35168,
  "t_13" : 0.059486233,
  "manual_keyframe" : false,
  "fx" : 708.57635,
  "angular_velocity" : 3.4028235e+38,
  "t_20" : 0.2819222,
  "blur_score" : 2750.702,
  "t_02" : -0.11406427,
  "center_depth" : 4.217662,
  "width" : 1024,
  "height" : 768,
  "timestamp" : 239774290001
}