{
  "t_02" : -0.7191145,
  "t_10" : -0.99375343,
  "blur_score" : 2712.8347,
  "angular_velocity" : 3.4028235e+38,
  "t_12" : 0.09853217,
  "cy" : 387.14145,
  "fy" : 708.0062,
  "t_11" : -0.05239703,
  "t_22" : 0.6878704,
  "center_depth" : 13.406777,
  "height" : 768,
  "cx" : 514.5895,
  "t_23" : 9.295334,
  "t_01" : 0.6865261,
  "t_00" : -0.107499346,
  "t_21" : 0.7252146,
  "t_13" : 0.18235716,
  "fx" : 708.0062,
  "t_03" : -7.342999,
  "timestamp" : 239731722499,
  "t_20" : 0.029965447,
  "width" : 1024,
  "manual_keyframe" : false
}