{
  "blur_score" : 1876.5605,
  "t_23" : 9.242606,
  "width" : 1024,
  "t_21" : 0.39663902,
  "t_00" : -0.07083266,
  "t_12" : 0.0078997025,
  "t_11" : -0.07376991,
  "fx" : 707.9475,
  "t_02" : -0.39717415,
  "angular_velocity" : 3.4028235e+38,
  "fy" : 707.9475,
  "t_10" : -0.997244,
  "height" : 768,
  "t_22" : 0.9177093,
  "timestamp" : 239732539503,
  "t_01" : 0.9150057,
  "t_03" : -7.2868586,
  "t_13" : 0.20476995,
  "cy" : 387.17532,
  "cx" : 514.6216,
  "t_20" : -0.022071224,
  "center_depth" : 2.8427105,
  "manual_keyframe" : false
}