{
  "t_00" : 0.20089099,
  "t_13" : 0.13563864,
  "cx" : 514.5994,
  "t_20" : -0.22153153,
  "t_21" : -0.55161726,
  "fy" : 710.01056,
  "t_11" : -0.047255445,
  "t_10" : -0.95423615,
  "t_12" : 0.295297,
  "center_depth" : 2.0194426,
  "t_03" : -8.484066,
  "timestamp" : 239742760379,
  "fx" : 710.01056,
  "t_22" : -0.8041407,
  "width" : 1024,
  "t_02" : 0.51590466,
  "t_01" : -0.8327576,
  "angular_velocity" : 3.4028235e+38,
  "height" : 768,
  "t_23" : 9.947557,
  "blur_score" : 1721.2352,
  "manual_keyframe" : false,
  "cy" : 386.9665
}