{
  "cx" : 514.3671,
  "center_depth" : 3.9424198,
  "height" : 768,
  "fx" : 708.8369,
  "t_13" : 0.04039587,
  "timestamp" : 239772706020,
  "manual_keyframe" : false,
  "width" : 1024,
  "t_03" : -2.420662,
  "t_02" : -0.224915,
  "angular_velocity" : 3.4028235e+38,
  "t_12" : 0.31830132,
  "fy" : 708.8369,
  "t_00" : -0.058445916,
  "cy" : 387.3143,
  "t_21" : 0.23178756,
  "t_22" : 0.92092216,
  "t_23" : 4.967425,
  "blur_score" : 2651.4302,
  "t_10" : -0.94784343,
  "t_20" : 0.3133321,
  "t_11" : 0.016648943,
  "t_01" : 0.97262394
}