{
  "t_02" : 0.009119594,
  "t_10" : -0.94469154,
  "blur_score" : 2148.7878,
  "angular_velocity" : 3.4028235e+38,
  "t_12" : 0.327957,
  "cy" : 387.3451,
  "fy" : 708.2477,
  "t_11" : -0.0014145429,
  "t_22" : -0.94464856,
  "center_depth" : 3.1006234,
  "height" : 768,
  "cx" : 514.50464,
  "t_23" : 9.280542,
  "t_01" : -0.99994737,
  "t_00" : 0.0046632183,
  "t_21" : -0.010144527,
  "t_13" : 0.09707975,
  "fx" : 708.2477,
  "t_03" : -7.3685327,
  "timestamp" : 239727087251,
  "t_20" : -0.32792687,
  "width" : 1024,
  "manual_keyframe" : false
}