{
  "t_00" : -0.09098833,
  "t_13" : 0.18534105,
  "cx" : 514.61615,
  "t_20" : 0.030551817,
  "t_21" : 0.5975461,
  "fy" : 707.68695,
  "t_10" : -0.99538326,
  "t_12" : 0.078809984,
  "t_11" : -0.054783907,
  "center_depth" : 10.151425,
  "t_03" : -7.328417,
  "timestamp" : 239732055970,
  "fx" : 707.68695,
  "t_22" : 0.80125237,
  "width" : 1024,
  "t_02" : -0.59311366,
  "t_01" : 0.7999608,
  "angular_velocity" : 3.4028235e+38,
  "height" : 768,
  "t_23" : 9.255478,
  "blur_score" : 2723.2932,
  "manual_keyframe" : false,
  "cy" : 387.22937
}