{
  "cy" : 387.28125,
  "width" : 1024,
  "angular_velocity" : 3.4028235e+38,
  "height" : 768,
  "t_11" : 0.0008262134,
  "timestamp" : 239770888609,
  "t_21" : 0.3038286,
  "cx" : 514.5237,
  "manual_keyframe" : false,
  "t_00" : -0.077561595,
  "t_13" : 0.07342534,
  "center_depth" : 4.937725,
  "t_02" : -0.29376304,
  "fx" : 708.85596,
  "t_01" : 0.9527263,
  "t_03" : -3.1131167,
  "fy" : 708.85596,
  "t_12" : 0.25778377,
  "t_20" : 0.2458401,
  "t_23" : 5.681843,
  "blur_score" : 3683.05,
  "t_22" : 0.9204623,
  "t_10" : -0.9662023
}