{
  "t_02" : 0.6611366,
  "t_10" : -0.8840286,
  "blur_score" : 1714.8358,
  "angular_velocity" : 3.4028235e+38,
  "t_12" : 0.46742895,
  "cy" : 387.30118,
  "fy" : 708.89087,
  "t_11" : 0.001880504,
  "t_22" : -0.5868633,
  "center_depth" : 2.7660894,
  "height" : 768,
  "cx" : 514.45715,
  "t_23" : 3.0260158,
  "t_01" : -0.66459155,
  "t_00" : 0.34816137,
  "t_21" : -0.7472044,
  "t_13" : -0.09252508,
  "fx" : 708.89087,
  "t_03" : -0.90680325,
  "timestamp" : 239704577956,
  "t_20" : -0.31189263,
  "width" : 1024,
  "manual_keyframe" : false
}