{
  "t_13" : 0.040873237,
  "t_12" : 0.4088126,
  "fy" : 711.5241,
  "t_10" : -0.9121477,
  "blur_score" : 1883.6818,
  "cx" : 514.1543,
  "t_22" : -0.4177971,
  "t_02" : 0.811368,
  "angular_velocity" : 3.4028235e+38,
  "center_depth" : 1.9354408,
  "width" : 1024,
  "t_11" : -0.029308012,
  "height" : 768,
  "timestamp" : 239753981667,
  "manual_keyframe" : false,
  "t_00" : 0.37797135,
  "t_23" : 10.354369,
  "t_20" : -0.15850675,
  "t_03" : -8.317933,
  "t_01" : -0.44589216,
  "fx" : 711.5241,
  "cy" : 387.09012,
  "t_21" : -0.89460677
}