{
  "cy" : 387.22507,
  "width" : 1024,
  "angular_velocity" : 3.4028235e+38,
  "height" : 768,
  "t_11" : -0.0117811905,
  "timestamp" : 239728721259,
  "t_21" : 0.7885036,
  "cx" : 514.5037,
  "manual_keyframe" : false,
  "t_00" : -0.21154982,
  "t_13" : 0.120136276,
  "center_depth" : 2.078811,
  "t_02" : -0.7596864,
  "fx" : 709.1244,
  "t_01" : -0.6149173,
  "t_03" : -7.3661456,
  "fy" : 709.1244,
  "t_12" : 0.27708274,
  "t_20" : -0.17933299,
  "t_23" : 9.514951,
  "blur_score" : 823.4002,
  "t_22" : -0.58830416,
  "t_10" : -0.9607739
}