{
  "cy" : 386.98184,
  "width" : 1024,
  "angular_velocity" : 3.4028235e+38,
  "height" : 768,
  "t_11" : -0.06685457,
  "timestamp" : 239702877253,
  "t_21" : -0.9796627,
  "cx" : 514.4902,
  "manual_keyframe" : false,
  "t_00" : -0.1841909,
  "t_13" : 0.22416943,
  "center_depth" : 2.2631814,
  "t_02" : 0.9645114,
  "fx" : 709.712,
  "t_01" : -0.18918587,
  "t_03" : -0.9834237,
  "fy" : 709.712,
  "t_12" : -0.19979498,
  "t_20" : 0.10228041,
  "t_23" : 2.707765,
  "blur_score" : 501.69485,
  "t_22" : -0.17262548,
  "t_10" : -0.97755426
}