{
  "t_00" : -0.2333671,
  "t_13" : 0.37356648,
  "cx" : 514.4778,
  "t_20" : -0.098270364,
  "t_21" : -0.85070914,
  "fy" : 710.6109,
  "t_10" : -0.9674103,
  "t_11" : -0.04001489,
  "t_12" : -0.25003216,
  "center_depth" : 1.6159931,
  "t_03" : -7.4839506,
  "timestamp" : 239737408176,
  "fx" : 710.6109,
  "t_22" : 0.5163688,
  "width" : 1024,
  "t_02" : 0.8190527,
  "t_01" : 0.5241113,
  "angular_velocity" : 3.4028235e+38,
  "height" : 768,
  "t_23" : 9.541228,
  "blur_score" : 226.03012,
  "manual_keyframe" : false,
  "cy" : 387.00403
}