{
  "t_20" : 0.051986802,
  "t_21" : 0.99491924,
  "cx" : 514.44006,
  "center_depth" : 3.1713564,
  "fx" : 709.442,
  "manual_keyframe" : false,
  "width" : 1024,
  "t_11" : 0.022303669,
  "t_23" : 9.572535,
  "t_22" : 0.08621407,
  "t_01" : 0.098173514,
  "t_13" : 0.11039232,
  "t_03" : -7.407118,
  "t_00" : -0.3112731,
  "angular_velocity" : 3.4028235e+38,
  "height" : 768,
  "timestamp" : 239730121838,
  "cy" : 387.26456,
  "t_10" : -0.94889754,
  "blur_score" : 1659.7527,
  "fy" : 709.442,
  "t_02" : -0.945236,
  "t_12" : 0.31479535
}