{
  "cy" : 387.08447,
  "width" : 1024,
  "angular_velocity" : 3.4028235e+38,
  "height" : 768,
  "t_11" : -0.045911267,
  "timestamp" : 239703194051,
  "t_21" : -0.9508361,
  "cx" : 514.4597,
  "manual_keyframe" : false,
  "t_00" : -0.095829554,
  "t_13" : 0.18477194,
  "center_depth" : 2.938021,
  "t_02" : 0.94710827,
  "fx" : 709.7628,
  "t_01" : -0.30627245,
  "t_03" : -0.95637345,
  "fy" : 709.7628,
  "t_12" : -0.115246244,
  "t_20" : 0.07877969,
  "t_23" : 2.8001459,
  "blur_score" : 661.6504,
  "t_22" : -0.299507,
  "t_10" : -0.9922755
}