{
  "cx" : 514.3828,
  "center_depth" : 2.354423,
  "height" : 768,
  "fx" : 708.894,
  "t_13" : -0.025576515,
  "timestamp" : 239776674310,
  "manual_keyframe" : false,
  "width" : 1024,
  "t_03" : -1.6189563,
  "t_02" : 0.31404674,
  "angular_velocity" : 3.4028235e+38,
  "t_12" : 0.40976146,
  "t_00" : 0.1282141,
  "fy" : 708.894,
  "cy" : 387.20135,
  "t_21" : -0.3389815,
  "t_22" : 0.85642874,
  "t_23" : 3.2806947,
  "blur_score" : 1908.3073,
  "t_10" : -0.9121074,
  "t_20" : 0.38938582,
  "t_11" : -0.012479099,
  "t_01" : 0.9407102
}