{
  "t_00" : 0.19810922,
  "t_13" : 0.13274734,
  "cx" : 514.4079,
  "t_20" : -0.14290117,
  "t_21" : -0.7037712,
  "fy" : 709.72473,
  "t_10" : -0.96970713,
  "t_11" : -0.04118316,
  "t_12" : 0.24077365,
  "center_depth" : 2.0764766,
  "t_03" : -8.315238,
  "timestamp" : 239742226826,
  "fx" : 709.72473,
  "t_22" : -0.69590604,
  "width" : 1024,
  "t_02" : 0.67656696,
  "t_01" : -0.7092318,
  "angular_velocity" : 3.4028235e+38,
  "height" : 768,
  "t_23" : 9.881974,
  "blur_score" : 1716.3986,
  "manual_keyframe" : false,
  "cy" : 387.2076
}