{
  "t_10" : -0.9535838,
  "t_01" : 0.9892587,
  "t_03" : -2.1835523,
  "t_21" : 0.14511052,
  "fy" : 708.6145,
  "t_22" : 0.9428652,
  "t_11" : 0.0176113,
  "cx" : 514.47144,
  "t_00" : -0.02701699,
  "t_23" : 4.5508685,
  "t_12" : 0.3006127,
  "cy" : 387.2674,
  "t_13" : 0.034498714,
  "manual_keyframe" : false,
  "fx" : 708.6145,
  "angular_velocity" : 3.4028235e+38,
  "t_20" : 0.29991373,
  "blur_score" : 2657.5046,
  "t_02" : -0.14365692,
  "center_depth" : 3.7002773,
  "width" : 1024,
  "height" : 768,
  "timestamp" : 239773623062
}