{
  "t_02" : 0.9518326,
  "t_10" : -0.9735482,
  "blur_score" : 721.821,
  "angular_velocity" : 3.4028235e+38,
  "fy" : 708.87506,
  "t_12" : -0.20693909,
  "cy" : 386.9352,
  "t_11" : -0.09685188,
  "t_22" : 0.2262545,
  "center_depth" : 2.360158,
  "height" : 768,
  "cx" : 514.516,
  "t_23" : 2.4254873,
  "t_01" : 0.21019387,
  "t_00" : -0.22323398,
  "t_21" : -0.97285056,
  "t_13" : 0.22254673,
  "fx" : 708.87506,
  "t_03" : -1.053253,
  "timestamp" : 239701993554,
  "t_20" : 0.048689455,
  "width" : 1024,
  "manual_keyframe" : false
}