{
  "t_20" : -0.09667395,
  "t_21" : 0.3438607,
  "cx" : 514.52264,
  "center_depth" : 1.6634521,
  "fx" : 711.16675,
  "manual_keyframe" : false,
  "width" : 1024,
  "t_11" : -0.009190872,
  "t_23" : 11.042809,
  "t_22" : -0.9340311,
  "t_01" : -0.93897563,
  "t_13" : 0.059330724,
  "t_03" : -8.349289,
  "t_00" : -0.025663702,
  "angular_velocity" : 3.4028235e+38,
  "height" : 768,
  "timestamp" : 239746611966,
  "cy" : 387.5047,
  "t_10" : -0.9949853,
  "blur_score" : 953.10016,
  "t_12" : 0.09959923,
  "fy" : 711.16675,
  "t_02" : -0.34302482
}