{"vertexCount":24135,"xMinusArea":2.5175838470458984,"bboxSize":[9.779485702514648,6.53717565536499,15.93048095703125],"totalArea":164.9293212890625,"yMinusArea":2.423142910003662,"bboxCenter":[-0.9579191207885742,1.8436973094940186,-2.6945598125457764],"alignmentTransform":[0.4177822470664978,0,0.9085471630096436,0,0,1,0,0,-0.9085471630096436,0,0.4177822470664978,0,-6.039813995361328,0,-0.6370269656181335,1],"georeferenceLatitude":45.639374753586324,"faceCount":142584,"horizontalUpArea":51.173118591308594,"xPlusArea":0.562288761138916,"georeferenceRotation":-2.3095321655273438,"zMinusArea":0.16756471991539001,"georeferenceAltitude":38.896095275878906,"zPlusArea":5.758064270019531,"georeferenceLongitude":-122.67162774077732,"yAlignmentRotation":-1.1397933959960938}