{"format_version":1,"windows":[],"doors":[{"identifier":"C143E34A-FAFB-4CB2-BA14-16E35D6BFE5B","parentIdentifier":"2","wall_thickness":0.1,"dimensions":[2.549360873324639,3.8563125,0.0],"transform":[-0.908547182550537,0.0,-0.4177822603695388,0.0,0.0,0.9999999999999999,0.0,0.0,0.4177822603695388,0.0,-0.908547182550537,0.0,1.4392737177099146,0.59625244,-5.221848773263539,1.0],"category":{"door":{}},"color":[null,null],"story":0}],"openings":[],"walls":[{"identifier":"1","wall_thickness":0.1,"dimensions":[0.9294831501463253,5.8500004,0.0],"transform":[-0.9285091227046441,0.0,0.3713095865369651,0.0,0.0,1.0,0.0,0.0,-0.3713095865369651,0.0,-0.9285091227046441,0.0,5.504995202068505,1.5930961,-4.492338444982561,1.0],"category":{"wall":{}},"color":[null,[0.9137254901960784,0.8549019607843137,0.8549019607843137]],"story":0},{"identifier":"2","wall_thickness":0.1,"dimensions":[2.955196017818881,3.9666667,0.0],"transform":[-0.908547182550537,0.0,-0.4177822603695388,0.0,0.0,0.9999999999999999,0.0,0.0,0.4177822603695388,0.0,-0.908547182550537,0.0,1.5706934113215032,0.65142953,-5.161417330947039,1.0],"category":{"wall":{}},"color":[null,[0.11372549019607843,0.16470588235294117,0.19607843137254902]],"story":0},{"identifier":"3","wall_thickness":0.1,"dimensions":[0.5680117320718655,5.45,0.0],"transform":[-0.3713098196875677,0.0,-0.9285090294679885,0.0,0.0,1.0,0.0,0.0,0.9285090294679885,0.0,-0.3713098196875677,0.0,4.968024243004933,1.3930961,-4.583477453931847,1.0],"category":{"wall":{}},"color":[null,[0.9137254901960784,0.8549019607843137,0.8549019607843137]],"story":0},{"identifier":"4","wall_thickness":0.1,"dimensions":[1.9728282608679062,5.45,0.0],"transform":[-0.9881291724708242,0.0,0.15362531859079814,0.0,0.0,0.9999999999999999,0.0,0.0,-0.15362531859079814,0.0,-0.9881291724708242,0.0,3.887865497677689,1.3930961,-4.695641279917705,1.0],"category":{"wall":{}},"color":[null,[0.11372549019607843,0.16470588235294117,0.19607843137254902]],"story":0}],"objects":[],"rooms":[],"floors":[{"story":0,"polygonCorners":[[-1.1755621300000003,-2.42517815,0.0],[-2.0626046700000003,-1.49072205,0.0],[2.06260467,2.42517815,0.0],[2.06260467,1.4456950499999999,0.0],[1.4843940699999996,1.4456950499999999,0.0],[1.0881132699999996,-0.27635942999999996,0.0],[0.8360526699999999,-0.5156305959999999,0.0]],"transform":[0.37130983152803054,-3.724030589458138e-8,0.9285090247329986,0.0,0.9285090247329986,5.5000001331073634e-8,-0.37130983152802843,0.0,-3.724030589458138e-8,0.9999999999999979,5.5000001331073634e-8,0.0,2.9374125391365524,-1.3319038646802077,-5.633131151812815,1.0]}],"joints":[{"id":"0","position":[5.073478409912949,4.319775442895608],"wall_endpoints":{"1":1.0,"3":0.0},"story":0},{"id":"1","position":[2.913160919258459,4.5441030948673236],"wall_endpoints":{"2":0.0,"4":1.0},"story":0},{"id":"2","position":[4.862570076096919,4.847179464968086],"wall_endpoints":{"3":1.0,"4":0.0},"story":0},{"id":"3","position":[5.9365119942240625,4.664901447069514],"wall_endpoints":{"1":0.0},"story":0},{"id":"4","position":[0.2282259033845473,5.778731567026754],"wall_endpoints":{"2":1.0},"story":0}],"latLonAlt":{"latitude":45.63938866372736,"longitude":-122.6715888465348,"altitude":39.09603073913604},"orientation":{"confidence":0.9884907754637103,"orientation_degrees":-162.33773288497417},"alignment_transform":{"t00":0.41778226036953814,"t10":0.0,"t20":0.9085471825505373,"t30":0.0,"t01":0.0,"t11":1.0,"t21":0.0,"t31":0.0,"t02":-0.9085471825505373,"t12":0.0,"t22":0.41778226036953814,"t32":0.0,"t03":-6.0398139729859075,"t13":0.0,"t23":-0.637026993436645,"t33":1.0}}