{"vertexCount":88754,"xPlusArea":59.666805267333984,"horizontalUpArea":81.13957214355469,"multistorySplit":true,"georeferenceLongitude":-122.67643329136988,"yAlignmentRotation":-0.11616665124893188,"bboxSize":[8.702150344848633,4.918981552124023,13.225318908691406],"xMinusArea":60.19135284423828,"yMinusArea":88.57440185546875,"bboxCenter":[-0.0026073455810546875,1.0798839330673218,0.06639814376831055],"totalArea":639.62109375,"alignmentTransform":[0.9932602643966675,0,0.11590555310249329,0,0,1,0,0,-0.11590555310249329,0,0.9932602643966675,0,1.5356113910675049,0,-1.4071574211120605,1],"georeferenceLatitude":45.64000432175643,"faceCount":532896,"georeferenceRotation":-0.015000934712588787,"zMinusArea":45.315120697021484,"georeferenceAltitude":34.65940856933594,"zPlusArea":46.11365509033203}