{
  "cx" : 514.7901,
  "t_02" : 0.032542884,
  "angular_velocity" : 3.4028235e+38,
  "t_00" : 0.06257842,
  "center_depth" : 5.052147,
  "width" : 1024,
  "fx" : 706.2385,
  "t_21" : -0.025367789,
  "timestamp" : 306984545544,
  "manual_keyframe" : false,
  "t_23" : -6.1280203,
  "t_12" : -0.11034759,
  "t_20" : -0.11221456,
  "t_11" : 0.06581469,
  "t_03" : -2.9407895,
  "t_13" : 0.27657032,
  "height" : 768,
  "cy" : 387.494,
  "t_22" : 0.99336016,
  "blur_score" : 307.81232,
  "t_01" : 0.9975093,
  "fy" : 706.2385,
  "t_10" : -0.9917116
}