{
  "t_01" : 0.31148937,
  "fy" : 706.2465,
  "t_21" : 0.9499676,
  "t_00" : -0.26632053,
  "t_10" : -0.95751166,
  "cy" : 387.17062,
  "t_02" : -0.9121665,
  "timestamp" : 306966752009,
  "fx" : 706.2465,
  "center_depth" : 4.347438,
  "t_23" : -2.325024,
  "t_22" : 0.29209018,
  "angular_velocity" : 3.4028235e+38,
  "t_11" : 0.023147197,
  "t_12" : 0.2874641,
  "cx" : 514.5248,
  "t_20" : 0.11065612,
  "blur_score" : 535.50745,
  "t_13" : 0.21977949,
  "width" : 1024,
  "height" : 768,
  "t_03" : 0.8930439,
  "manual_keyframe" : false
}