{
  "t_11" : 0.03704468,
  "t_21" : -0.04589756,
  "fx" : 705.94476,
  "fy" : 705.94476,
  "height" : 768,
  "angular_velocity" : 3.4028235e+38,
  "t_00" : 0.04280609,
  "t_22" : 0.9902296,
  "blur_score" : 374.57193,
  "center_depth" : 4.8242235,
  "timestamp" : 306986744744,
  "manual_keyframe" : false,
  "t_13" : 0.17534344,
  "cx" : 514.5149,
  "t_20" : 0.13167775,
  "t_23" : -7.486136,
  "t_12" : 0.1334132,
  "t_10" : -0.99036795,
  "t_01" : 0.998259,
  "width" : 1024,
  "t_03" : -3.2406325,
  "cy" : 387.0998,
  "t_02" : 0.040577494
}