{
  "center_depth" : 4.0348997,
  "fx" : 706.5451,
  "width" : 1024,
  "t_10" : -0.9067522,
  "manual_keyframe" : false,
  "height" : 768,
  "t_03" : 2.59116,
  "t_01" : 0.7335638,
  "t_00" : 0.20904435,
  "t_13" : 0.47697437,
  "t_02" : -0.64667207,
  "cy" : 386.57388,
  "fy" : 706.5451,
  "t_12" : -0.40908402,
  "t_22" : 0.6437902,
  "t_11" : -0.10222934,
  "t_23" : -1.8386801,
  "t_20" : -0.36619803,
  "blur_score" : 309.76825,
  "timestamp" : 306971300357,
  "cx" : 514.5208,
  "t_21" : 0.67188793,
  "angular_velocity" : 3.4028235e+38
}