{
  "fx" : 706.291,
  "t_11" : 0.014223759,
  "t_02" : -0.9252356,
  "center_depth" : 4.127511,
  "height" : 768,
  "t_01" : 0.23051769,
  "t_12" : 0.3128424,
  "angular_velocity" : 3.4028235e+38,
  "t_03" : -0.22776707,
  "t_13" : 0.12364478,
  "t_10" : -0.9496985,
  "timestamp" : 306964436183,
  "t_20" : 0.08527605,
  "manual_keyframe" : false,
  "t_21" : 0.9729641,
  "width" : 1024,
  "t_23" : -2.5869927,
  "fy" : 706.291,
  "t_00" : -0.30133152,
  "cy" : 387.16354,
  "t_22" : 0.21463619,
  "blur_score" : 446.5009,
  "cx" : 514.63556
}