{
  "t_10" : -0.9163462,
  "t_01" : 0.8240004,
  "width" : 1024,
  "timestamp" : 306954323183,
  "t_00" : -0.20577218,
  "t_20" : 0.34346402,
  "t_03" : 0.039928474,
  "cy" : 387.15256,
  "manual_keyframe" : false,
  "t_21" : 0.5659412,
  "t_23" : -0.44134367,
  "t_13" : 0.117712565,
  "angular_velocity" : 3.4028235e+38,
  "t_02" : -0.5279026,
  "blur_score" : 330.68552,
  "fy" : 707.7013,
  "t_11" : 0.02709028,
  "fx" : 707.7013,
  "t_12" : 0.39946944,
  "center_depth" : 3.3682015,
  "height" : 768,
  "t_22" : 0.7494952,
  "cx" : 514.1455
}