{
  "center_depth" : 3.094787,
  "fx" : 706.4562,
  "width" : 1024,
  "t_10" : -0.9849487,
  "manual_keyframe" : false,
  "height" : 768,
  "t_00" : 0.039966196,
  "t_01" : 0.9599253,
  "t_03" : -1.6321701,
  "t_13" : 0.25608853,
  "t_02" : -0.27739143,
  "cy" : 387.08496,
  "fy" : 706.4562,
  "t_12" : -0.1726187,
  "t_22" : 0.94512266,
  "t_11" : -0.008873916,
  "t_23" : -4.229772,
  "t_20" : -0.16816263,
  "blur_score" : 198.37106,
  "timestamp" : 306980263767,
  "cx" : 514.66077,
  "t_21" : 0.28011525,
  "angular_velocity" : 3.4028235e+38
}