{
  "blur_score" : 308.77353,
  "height" : 768,
  "fx" : 706.76746,
  "cx" : 513.9883,
  "t_03" : 2.0763533,
  "manual_keyframe" : false,
  "angular_velocity" : 3.4028235e+38,
  "t_00" : -0.17240088,
  "t_13" : 0.48105863,
  "width" : 1024,
  "t_10" : -0.9102793,
  "t_02" : 0.38650283,
  "t_12" : -0.413981,
  "t_01" : 0.9060317,
  "cy" : 386.818,
  "t_20" : -0.37639034,
  "t_21" : -0.42319614,
  "t_23" : -1.9718367,
  "center_depth" : 4.5364857,
  "timestamp" : 306973033061,
  "fy" : 706.76746,
  "t_22" : 0.82415736,
  "t_11" : 0.0033904903
}