{
  "t_11" : 0.007762253,
  "fx" : 706.24963,
  "t_02" : -0.82623845,
  "center_depth" : 3.7203348,
  "height" : 768,
  "t_01" : 0.51058966,
  "t_12" : 0.28118005,
  "angular_velocity" : 3.4028235e+38,
  "t_13" : 0.26367235,
  "t_03" : 1.6173905,
  "t_10" : -0.9596237,
  "timestamp" : 306968018216,
  "t_20" : 0.14998111,
  "manual_keyframe" : false,
  "t_21" : 0.8597894,
  "width" : 1024,
  "t_23" : -2.125733,
  "t_00" : -0.23796669,
  "fy" : 706.24963,
  "cy" : 386.97095,
  "t_22" : 0.48812678,
  "blur_score" : 460.06384,
  "cx" : 514.57886
}