{
  "blur_score" : 242.54735,
  "height" : 768,
  "fx" : 707.39795,
  "cx" : 513.7053,
  "t_03" : -1.848891,
  "manual_keyframe" : false,
  "angular_velocity" : 3.4028235e+38,
  "t_00" : 0.062342092,
  "t_13" : 0.4238017,
  "width" : 1024,
  "t_10" : -0.84081453,
  "t_02" : -0.1530318,
  "t_12" : -0.54045135,
  "cy" : 386.46457,
  "t_01" : 0.9862527,
  "t_20" : -0.53772146,
  "t_21" : 0.16236421,
  "t_23" : -4.53563,
  "center_depth" : 3.22305,
  "timestamp" : 306981396689,
  "fy" : 707.39795,
  "t_22" : 0.82734126,
  "t_11" : -0.0307103
}