{
  "timestamp" : 306985012041,
  "angular_velocity" : 3.4028235e+38,
  "t_11" : 0.01187441,
  "t_02" : -0.0044394163,
  "width" : 1024,
  "t_03" : -3.004981,
  "t_00" : 0.013781296,
  "t_10" : -0.95598435,
  "cy" : 387.20486,
  "fy" : 706.21155,
  "fx" : 706.21155,
  "center_depth" : 3.9317703,
  "t_12" : -0.29317716,
  "height" : 768,
  "t_01" : 0.99989504,
  "t_20" : -0.2930937,
  "t_23" : -6.4157753,
  "t_21" : 0.008284361,
  "blur_score" : 289.22427,
  "t_13" : 0.31990755,
  "t_22" : 0.9560477,
  "manual_keyframe" : false,
  "cx" : 514.41
}