{
  "blur_score" : 295.4103,
  "height" : 768,
  "fx" : 706.5292,
  "cx" : 514.5958,
  "t_03" : 0.035660204,
  "manual_keyframe" : false,
  "angular_velocity" : 3.4028235e+38,
  "t_00" : -0.07899677,
  "t_13" : 0.20506042,
  "width" : 1024,
  "t_10" : -0.9961145,
  "t_02" : -0.6053669,
  "t_12" : 0.078961425,
  "cy" : 386.92413,
  "t_01" : 0.79201674,
  "t_20" : 0.038929053,
  "t_21" : 0.6092524,
  "t_23" : -0.46287757,
  "center_depth" : 4.671267,
  "timestamp" : 306955522748,
  "fy" : 706.5292,
  "t_22" : 0.7920203,
  "t_11" : -0.03900068
}