{
  "blur_score" : 393.23856,
  "height" : 768,
  "fx" : 706.5848,
  "cx" : 514.4658,
  "t_03" : 1.1515788,
  "manual_keyframe" : false,
  "angular_velocity" : 3.4028235e+38,
  "t_00" : 0.24760005,
  "t_13" : 0.21279608,
  "width" : 1024,
  "t_10" : -0.9387454,
  "t_02" : 0.6294039,
  "t_12" : 0.3439296,
  "cy" : 386.99094,
  "t_01" : 0.73657644,
  "t_20" : 0.23969032,
  "t_21" : -0.6760069,
  "t_23" : -2.6633623,
  "center_depth" : 4.4153333,
  "timestamp" : 306975165620,
  "fy" : 706.5848,
  "t_22" : 0.6968237,
  "t_11" : 0.021671552
}