{
  "center_depth" : 3.1799698,
  "fx" : 706.52124,
  "width" : 1024,
  "t_10" : -0.95924973,
  "manual_keyframe" : false,
  "height" : 768,
  "t_03" : -1.6693231,
  "t_13" : 0.28870723,
  "t_00" : 0.06921299,
  "t_01" : 0.967684,
  "t_02" : -0.24248093,
  "fy" : 706.52124,
  "cy" : 387.08777,
  "t_12" : -0.282551,
  "t_22" : 0.92809904,
  "t_11" : -0.0021915028,
  "t_23" : -4.260918,
  "t_20" : -0.2739515,
  "blur_score" : 204.63855,
  "timestamp" : 306980413713,
  "cx" : 514.6432,
  "t_21" : 0.252156,
  "angular_velocity" : 3.4028235e+38
}