{
  "t_03" : 0.066626206,
  "t_10" : -0.8593412,
  "t_11" : 0.05616329,
  "t_00" : -0.1752706,
  "t_13" : 0.08705315,
  "t_22" : 0.76477396,
  "cx" : 514.04,
  "angular_velocity" : 3.4028235e+38,
  "height" : 768,
  "timestamp" : 306953690079,
  "t_01" : 0.90140873,
  "fy" : 708.20636,
  "t_20" : 0.48043007,
  "t_21" : 0.42931098,
  "t_23" : -0.37020004,
  "fx" : 708.20636,
  "t_02" : -0.39590713,
  "center_depth" : 2.622791,
  "width" : 1024,
  "cy" : 387.12305,
  "t_12" : 0.5083095,
  "manual_keyframe" : false,
  "blur_score" : 326.35007
}