{
  "center_depth" : 4.129854,
  "fx" : 706.33704,
  "width" : 1024,
  "t_10" : -0.96768177,
  "manual_keyframe" : false,
  "height" : 768,
  "t_01" : 0.4804442,
  "t_00" : -0.218367,
  "t_13" : 0.26360285,
  "t_03" : 1.2126839,
  "cy" : 386.90216,
  "t_02" : -0.8494053,
  "fy" : 706.33704,
  "t_12" : 0.25210613,
  "t_22" : 0.46363056,
  "t_11" : 0.005891489,
  "t_23" : -2.2332592,
  "t_20" : 0.1261272,
  "blur_score" : 475.04764,
  "timestamp" : 306967335131,
  "cx" : 514.2827,
  "t_21" : 0.8770055,
  "angular_velocity" : 3.4028235e+38
}