{
  "fy" : 706.80554,
  "t_12" : -0.501674,
  "t_10" : -0.86496717,
  "center_depth" : 4.1333003,
  "t_03" : 2.1803555,
  "fx" : 706.80554,
  "t_13" : 0.5098068,
  "cx" : 513.8579,
  "t_22" : 0.82291794,
  "angular_velocity" : 3.4028235e+38,
  "t_01" : 0.9489639,
  "t_02" : 0.26670069,
  "blur_score" : 326.72287,
  "cy" : 386.48642,
  "height" : 768,
  "manual_keyframe" : false,
  "t_20" : -0.47275105,
  "t_23" : -1.9283221,
  "t_21" : -0.31513885,
  "t_11" : -0.012446536,
  "t_00" : -0.16833945,
  "width" : 1024,
  "timestamp" : 306972783152
}