{
  "t_01" : 0.0012020692,
  "fy" : 706.2767,
  "t_21" : 0.99999434,
  "t_02" : -0.92854464,
  "t_10" : -0.92853934,
  "cy" : 387.0961,
  "t_00" : -0.37121892,
  "timestamp" : 306965552445,
  "fx" : 706.2767,
  "center_depth" : 3.5026236,
  "t_23" : -2.4227228,
  "t_22" : -5.1560808e-05,
  "angular_velocity" : 3.4028235e+38,
  "t_11" : 0.0031455855,
  "cx" : 514.42944,
  "t_12" : 0.3712209,
  "t_20" : 0.0033670433,
  "blur_score" : 466.13928,
  "t_13" : 0.11470378,
  "width" : 1024,
  "height" : 768,
  "t_03" : 0.19549201,
  "manual_keyframe" : false
}