{
  "center_depth" : 2.808076,
  "fx" : 706.8341,
  "width" : 1024,
  "t_10" : -0.8271073,
  "manual_keyframe" : false,
  "height" : 768,
  "t_03" : 2.4571214,
  "t_13" : 0.5229406,
  "t_00" : 0.013294376,
  "t_01" : 0.98748046,
  "fy" : 706.8341,
  "cy" : 386.37155,
  "t_02" : -0.15718049,
  "t_12" : -0.556679,
  "t_22" : 0.81572235,
  "t_11" : -0.077473134,
  "t_23" : -1.8435014,
  "t_20" : -0.5618869,
  "blur_score" : 315.597,
  "timestamp" : 306972083406,
  "cx" : 514.03644,
  "t_21" : 0.13740584,
  "angular_velocity" : 3.4028235e+38
}