{
  "blur_score" : 738.8648,
  "height" : 768,
  "fx" : 706.24493,
  "cx" : 514.22034,
  "t_03" : -0.3591146,
  "manual_keyframe" : false,
  "angular_velocity" : 3.4028235e+38,
  "t_00" : 0.10774218,
  "t_13" : 0.08924385,
  "width" : 1024,
  "t_10" : -0.9008122,
  "t_02" : 0.04490009,
  "t_12" : 0.4270696,
  "t_01" : 0.99316436,
  "cy" : 387.2651,
  "t_20" : 0.42062947,
  "t_21" : -0.086459905,
  "t_23" : -1.4526137,
  "center_depth" : 3.2222261,
  "timestamp" : 306960054439,
  "fy" : 706.24493,
  "t_22" : 0.9031033,
  "t_11" : 0.07841601
}