{
  "blur_score" : 239.09222,
  "height" : 768,
  "fx" : 707.43604,
  "cx" : 513.7289,
  "t_03" : -1.9697324,
  "manual_keyframe" : false,
  "angular_velocity" : 3.4028235e+38,
  "t_13" : 0.3792663,
  "t_00" : 0.015824208,
  "width" : 1024,
  "t_10" : -0.91217154,
  "t_02" : -0.094285995,
  "t_12" : -0.40909046,
  "cy" : 386.47253,
  "t_01" : 0.9954193,
  "t_20" : -0.40950283,
  "t_21" : 0.09247856,
  "t_23" : -4.651866,
  "center_depth" : 2.7276373,
  "timestamp" : 306981696580,
  "fy" : 707.43604,
  "t_22" : 0.9076095,
  "t_11" : -0.024248179
}