{
  "t_00" : -0.093116835,
  "t_23" : -1.8693786,
  "t_11" : -0.047719385,
  "t_21" : -0.09598923,
  "cy" : 386.42294,
  "angular_velocity" : 3.4028235e+38,
  "blur_score" : 305.5332,
  "center_depth" : 3.7894738,
  "width" : 1024,
  "manual_keyframe" : false,
  "t_10" : -0.8280821,
  "fx" : 706.7992,
  "t_02" : 0.053106774,
  "t_01" : 0.9942379,
  "timestamp" : 306972433279,
  "t_20" : -0.5528195,
  "t_13" : 0.5267277,
  "cx" : 513.9342,
  "t_03" : 2.3439157,
  "fy" : 706.7992,
  "t_22" : 0.827754,
  "height" : 768,
  "t_12" : -0.55857223
}