{
  "t_11" : 0.0064909337,
  "fx" : 706.4768,
  "t_02" : 0.6091049,
  "center_depth" : 3.8481686,
  "height" : 768,
  "t_01" : 0.7500355,
  "t_12" : 0.38291574,
  "angular_velocity" : 3.4028235e+38,
  "t_13" : 0.18870506,
  "t_03" : 0.7736036,
  "t_10" : -0.9237605,
  "timestamp" : 306975765402,
  "t_20" : 0.2832468,
  "manual_keyframe" : false,
  "t_21" : -0.66136557,
  "width" : 1024,
  "t_23" : -2.872232,
  "t_00" : 0.25775543,
  "fy" : 706.4768,
  "cy" : 387.0264,
  "t_22" : 0.6945263,
  "blur_score" : 548.25446,
  "cx" : 514.4377
}