{
  "center_depth" : 4.554022,
  "fx" : 706.4799,
  "width" : 1024,
  "t_10" : -0.96581256,
  "manual_keyframe" : false,
  "height" : 768,
  "t_01" : 0.6068304,
  "t_13" : 0.42945364,
  "t_03" : 2.6026282,
  "t_00" : 0.16384009,
  "cy" : 386.7074,
  "t_02" : -0.77776164,
  "fy" : 706.4799,
  "t_12" : -0.25174478,
  "t_22" : 0.5759439,
  "t_11" : -0.061893072,
  "t_23" : -1.8508853,
  "t_20" : -0.20090444,
  "blur_score" : 291.7342,
  "timestamp" : 306970967145,
  "cx" : 514.60376,
  "t_21" : 0.79241776,
  "angular_velocity" : 3.4028235e+38
}