{
  "t_22" : 0.65029293,
  "t_20" : 0.7089743,
  "t_00" : -0.1409049,
  "t_21" : 0.27290028,
  "t_13" : 0.01959153,
  "angular_velocity" : 3.4028235e+38,
  "t_03" : 0.011022575,
  "t_23" : -0.144907,
  "height" : 768,
  "fy" : 710.32825,
  "fx" : 710.32825,
  "cy" : 387.42938,
  "t_01" : 0.95831686,
  "t_10" : -0.69101465,
  "t_11" : 0.08458251,
  "t_02" : -0.24854492,
  "t_12" : 0.7178751,
  "center_depth" : 1.9315813,
  "blur_score" : 348.2184,
  "cx" : 513.33826,
  "width" : 1024,
  "timestamp" : 306951707461,
  "manual_keyframe" : false
}