{
  "t_01" : 0.9843423,
  "fy" : 705.9527,
  "t_21" : 0.16805707,
  "t_00" : -0.00235749,
  "t_10" : -0.9573078,
  "cy" : 386.58145,
  "t_02" : -0.17625152,
  "timestamp" : 306957721951,
  "fx" : 705.9527,
  "center_depth" : 5.2799745,
  "t_23" : -0.590983,
  "t_22" : 0.9424439,
  "angular_velocity" : 3.4028235e+38,
  "t_11" : -0.05316927,
  "cx" : 514.3818,
  "t_12" : -0.28413898,
  "t_20" : -0.2890612,
  "blur_score" : 321.55905,
  "t_13" : 0.33357882,
  "width" : 1024,
  "height" : 768,
  "t_03" : 0.0012075789,
  "manual_keyframe" : false
}