{
  "fy" : 706.2417,
  "t_10" : -0.94644415,
  "t_12" : 0.31493035,
  "center_depth" : 4.135246,
  "cx" : 514.2051,
  "t_03" : -0.41449553,
  "t_13" : 0.107538454,
  "fx" : 706.2417,
  "t_22" : 0.94888526,
  "angular_velocity" : 3.4028235e+38,
  "t_01" : 0.99642545,
  "t_02" : 0.020878712,
  "blur_score" : 547.78217,
  "cy" : 387.2076,
  "height" : 768,
  "manual_keyframe" : false,
  "t_20" : 0.31231907,
  "t_23" : -1.5582554,
  "t_21" : -0.04553958,
  "t_11" : 0.0711516,
  "t_00" : 0.08185651,
  "width" : 1024,
  "timestamp" : 306960387651
}