{
  "blur_score" : 253.26108,
  "height" : 768,
  "fx" : 707.14703,
  "cx" : 514.5686,
  "t_03" : -2.206613,
  "manual_keyframe" : false,
  "angular_velocity" : 3.4028235e+38,
  "t_13" : 0.23830406,
  "t_00" : 0.040233504,
  "width" : 1024,
  "t_10" : -0.99897563,
  "t_02" : 0.01872195,
  "cy" : 387.14758,
  "t_01" : 0.99901474,
  "t_12" : 0.02147481,
  "t_20" : 0.020707972,
  "t_21" : -0.01956678,
  "t_23" : -4.948516,
  "center_depth" : 4.3061705,
  "timestamp" : 306982346344,
  "fy" : 707.14703,
  "t_22" : 0.99959403,
  "t_11" : 0.039829478
}