{
  "blur_score" : 449.49957,
  "height" : 768,
  "fx" : 706.81195,
  "cx" : 514.3108,
  "t_03" : 2.5720532,
  "manual_keyframe" : false,
  "angular_velocity" : 3.4028235e+38,
  "t_00" : -0.09993685,
  "t_13" : 0.3357439,
  "width" : 1024,
  "t_10" : -0.9920099,
  "t_02" : -0.82312375,
  "t_12" : 0.12590338,
  "cy" : 386.9863,
  "t_01" : 0.5589989,
  "t_20" : 0.07699979,
  "t_21" : 0.8291294,
  "t_23" : -1.9382116,
  "center_depth" : 6.132814,
  "timestamp" : 306970284060,
  "fy" : 706.81195,
  "t_22" : 0.5537287,
  "t_11" : 0.008042453
}