{
  "blur_score" : 287.48514,
  "height" : 768,
  "fx" : 706.49744,
  "cx" : 514.30664,
  "t_03" : -1.3398714,
  "manual_keyframe" : false,
  "angular_velocity" : 3.4028235e+38,
  "t_00" : -0.008595303,
  "t_13" : 0.12162674,
  "width" : 1024,
  "t_10" : -0.9454679,
  "t_02" : -0.24762769,
  "t_12" : 0.3174847,
  "t_01" : 0.9688172,
  "cy" : 387.31735,
  "t_20" : 0.32560208,
  "t_21" : 0.23685288,
  "t_23" : -4.03857,
  "center_depth" : 3.2127426,
  "timestamp" : 306979514040,
  "fy" : 706.49744,
  "t_22" : 0.91536015,
  "t_11" : 0.07276028
}