{
  "blur_score" : 410.4114,
  "height" : 768,
  "fx" : 706.81506,
  "cx" : 514.41516,
  "t_03" : 2.59873,
  "manual_keyframe" : false,
  "angular_velocity" : 3.4028235e+38,
  "t_00" : 0.014161619,
  "t_13" : 0.37199092,
  "width" : 1024,
  "t_10" : -0.99967223,
  "t_02" : -0.84771866,
  "t_12" : -0.02331619,
  "t_01" : 0.53025717,
  "cy" : 386.99088,
  "t_20" : -0.021329992,
  "t_21" : 0.8477709,
  "t_23" : -1.893609,
  "center_depth" : 8.13549,
  "timestamp" : 306970550630,
  "fy" : 706.81506,
  "t_22" : 0.52993345,
  "t_11" : -0.010577115
}