{
  "center_depth" : 2.9161313,
  "fx" : 706.02893,
  "width" : 1024,
  "t_10" : -0.8794047,
  "manual_keyframe" : false,
  "height" : 768,
  "t_00" : 0.112742946,
  "t_01" : 0.9928798,
  "t_13" : 0.07112813,
  "t_03" : -0.28782663,
  "t_02" : 0.03845375,
  "cy" : 387.43774,
  "fy" : 706.02893,
  "t_12" : 0.46901363,
  "t_22" : 0.88235337,
  "t_11" : 0.081693,
  "t_23" : -1.2178279,
  "t_20" : 0.46253276,
  "blur_score" : 794.19574,
  "timestamp" : 306959554620,
  "cx" : 514.38544,
  "t_21" : -0.086694345,
  "angular_velocity" : 3.4028235e+38
}