{
  "center_depth" : 4.7668962,
  "fx" : 706.7627,
  "width" : 1024,
  "t_10" : -0.9859887,
  "manual_keyframe" : false,
  "height" : 768,
  "t_00" : 0.076835744,
  "t_03" : -2.3976567,
  "t_13" : 0.20786628,
  "t_01" : 0.99631286,
  "fy" : 706.7627,
  "t_02" : 0.038169093,
  "cy" : 387.0908,
  "t_12" : 0.15130195,
  "t_22" : 0.9877504,
  "t_11" : 0.070243105,
  "t_23" : -5.2341757,
  "t_20" : 0.14806297,
  "blur_score" : 327.89127,
  "timestamp" : 306982879483,
  "cx" : 514.8038,
  "t_21" : -0.04925964,
  "angular_velocity" : 3.4028235e+38
}