{
  "fx" : 706.8738,
  "cy" : 386.80997,
  "t_21" : 0.7862164,
  "timestamp" : 306969634296,
  "t_11" : 0.003881546,
  "t_10" : -0.8884703,
  "t_03" : 2.4108605,
  "manual_keyframe" : false,
  "t_02" : -0.6996413,
  "center_depth" : 2.8277402,
  "fy" : 706.8738,
  "t_00" : -0.35868293,
  "t_20" : 0.2862988,
  "height" : 768,
  "cx" : 514.32587,
  "width" : 1024,
  "t_12" : 0.45891765,
  "t_01" : 0.617939,
  "t_22" : 0.54762816,
  "blur_score" : 386.56137,
  "t_23" : -1.9929075,
  "t_13" : 0.21669397,
  "angular_velocity" : 3.4028235e+38
}