{
  "fx" : 706.21313,
  "cy" : 387.00827,
  "t_21" : 0.994644,
  "timestamp" : 306965002644,
  "t_03" : -0.015885305,
  "t_10" : -0.9469805,
  "t_11" : 0.032083917,
  "manual_keyframe" : false,
  "t_02" : -0.9438879,
  "center_depth" : 4.0822,
  "fy" : 706.21313,
  "t_00" : -0.31531242,
  "t_20" : 0.061693918,
  "height" : 768,
  "cx" : 514.3177,
  "width" : 1024,
  "t_12" : 0.31968528,
  "t_01" : 0.09825383,
  "t_22" : 0.082927994,
  "blur_score" : 449.5508,
  "t_23" : -2.5027387,
  "t_13" : 0.12727834,
  "angular_velocity" : 3.4028235e+38
}