{
  "t_13" : 0.1867506,
  "fx" : 705.92255,
  "manual_keyframe" : false,
  "height" : 768,
  "t_21" : -0.050819427,
  "timestamp" : 306986644780,
  "fy" : 705.92255,
  "t_22" : 0.9896773,
  "t_03" : -3.2201862,
  "t_11" : 0.042456027,
  "t_20" : 0.13400058,
  "angular_velocity" : 3.4028235e+38,
  "t_00" : 0.048939046,
  "t_10" : -0.98977214,
  "t_23" : -7.436089,
  "cy" : 387.10513,
  "blur_score" : 364.67502,
  "center_depth" : 4.862437,
  "t_01" : 0.997805,
  "t_02" : 0.044610586,
  "width" : 1024,
  "t_12" : 0.13619351,
  "cx" : 514.5917
}