{
  "blur_score" : 188.6602,
  "height" : 768,
  "fx" : 706.5499,
  "cx" : 514.6478,
  "t_03" : -1.5597479,
  "manual_keyframe" : false,
  "angular_velocity" : 3.4028235e+38,
  "t_00" : -0.0016389258,
  "t_13" : 0.21006745,
  "width" : 1024,
  "t_10" : -0.9998274,
  "t_02" : -0.3074453,
  "cy" : 387.09204,
  "t_12" : -0.017108662,
  "t_01" : 0.9515643,
  "t_20" : -0.018508896,
  "t_21" : 0.30736417,
  "t_23" : -4.186826,
  "center_depth" : 3.5969095,
  "timestamp" : 306980047179,
  "fy" : 706.5499,
  "t_22" : 0.951412,
  "t_11" : -0.0072497665
}