{
  "t_11" : 0.0740339,
  "fx" : 706.6277,
  "t_02" : 0.4741118,
  "center_depth" : 3.6355047,
  "height" : 768,
  "t_01" : 0.83484143,
  "t_12" : 0.40686166,
  "angular_velocity" : 3.4028235e+38,
  "t_13" : 0.18072057,
  "t_03" : 0.023233842,
  "t_10" : -0.91048485,
  "timestamp" : 306976848342,
  "t_20" : 0.30456463,
  "manual_keyframe" : false,
  "t_21" : -0.5454894,
  "width" : 1024,
  "t_23" : -3.2510588,
  "t_00" : 0.27974594,
  "fy" : 706.6277,
  "cy" : 387.29514,
  "t_22" : 0.7808212,
  "blur_score" : 554.6356,
  "cx" : 514.1919
}