{
  "blur_score" : 604.3939,
  "height" : 768,
  "fx" : 706.55615,
  "cx" : 514.3182,
  "t_03" : 0.54382694,
  "manual_keyframe" : false,
  "angular_velocity" : 3.4028235e+38,
  "t_00" : 0.34166685,
  "t_13" : 0.1670885,
  "width" : 1024,
  "t_10" : -0.8881128,
  "t_02" : 0.5456303,
  "t_12" : 0.45379713,
  "cy" : 386.9771,
  "t_01" : 0.7652132,
  "t_20" : 0.3074401,
  "t_21" : -0.6396286,
  "t_23" : -2.995052,
  "center_depth" : 3.1707952,
  "timestamp" : 306976115275,
  "fy" : 706.55615,
  "t_22" : 0.7045252,
  "t_11" : 0.07296426
}