{
  "blur_score" : 446.6178,
  "height" : 768,
  "fx" : 708.883,
  "cx" : 513.71234,
  "t_03" : 0.05353114,
  "manual_keyframe" : false,
  "angular_velocity" : 3.4028235e+38,
  "t_00" : -0.0964887,
  "t_13" : 0.059727766,
  "width" : 1024,
  "t_10" : -0.80492234,
  "t_02" : -0.22497271,
  "t_12" : 0.5906414,
  "t_01" : 0.9695757,
  "cy" : 387.2982,
  "t_20" : 0.5854826,
  "t_21" : 0.2380758,
  "t_23" : -0.2664816,
  "center_depth" : 2.2550662,
  "timestamp" : 306952890367,
  "fy" : 708.883,
  "t_22" : 0.7749387,
  "t_11" : 0.05694478
}