{
  "center_depth" : 3.6630278,
  "fx" : 706.28143,
  "width" : 1024,
  "t_10" : -0.99968106,
  "manual_keyframe" : false,
  "height" : 768,
  "t_00" : -0.02043762,
  "t_03" : -0.5307236,
  "t_01" : 0.99081254,
  "t_13" : 0.19006442,
  "cy" : 387.11374,
  "fy" : 706.28143,
  "t_02" : -0.13368909,
  "t_12" : 0.01743831,
  "t_22" : 0.99086994,
  "t_11" : -0.018267622,
  "t_23" : -1.7149944,
  "t_20" : 0.0148359155,
  "blur_score" : 309.34702,
  "timestamp" : 306960870809,
  "cx" : 514.64154,
  "t_21" : 0.13400285,
  "angular_velocity" : 3.4028235e+38
}