{
  "fx" : 706.2957,
  "t_02" : -0.059791885,
  "t_11" : 0.022136312,
  "center_depth" : 3.5379794,
  "height" : 768,
  "t_01" : 0.9981179,
  "t_12" : 0.14415343,
  "angular_velocity" : 3.4028235e+38,
  "t_13" : 0.14594711,
  "t_03" : -0.47097644,
  "t_10" : -0.98930776,
  "timestamp" : 306960637561,
  "t_20" : 0.14520569,
  "manual_keyframe" : false,
  "t_21" : 0.05718909,
  "width" : 1024,
  "t_23" : -1.6373614,
  "t_00" : 0.013621085,
  "fy" : 706.2957,
  "cy" : 387.20505,
  "t_22" : 0.98774725,
  "blur_score" : 400.40802,
  "cx" : 514.40344
}