{
  "center_depth" : 3.988782,
  "fx" : 706.24023,
  "width" : 1024,
  "t_10" : -0.9406717,
  "manual_keyframe" : false,
  "height" : 768,
  "t_01" : 0.06586169,
  "t_00" : -0.33678824,
  "t_03" : 0.44819355,
  "t_13" : 0.1760416,
  "t_02" : -0.93927425,
  "fy" : 706.24023,
  "cy" : 386.8374,
  "t_12" : 0.3387115,
  "t_22" : 0.05512346,
  "t_11" : 0.020282084,
  "t_23" : -2.3980076,
  "t_20" : 0.04135855,
  "blur_score" : 476.1571,
  "timestamp" : 306965968960,
  "cx" : 514.51685,
  "t_21" : 0.9976226,
  "angular_velocity" : 3.4028235e+38
}