{
  "blur_score" : 318.18814,
  "height" : 768,
  "fx" : 706.83093,
  "cx" : 513.85406,
  "t_03" : 2.260588,
  "manual_keyframe" : false,
  "angular_velocity" : 3.4028235e+38,
  "t_00" : -0.14267081,
  "t_13" : 0.5194763,
  "width" : 1024,
  "t_10" : -0.8453341,
  "t_02" : 0.17013808,
  "cy" : 386.41428,
  "t_12" : -0.5333596,
  "t_01" : 0.97503746,
  "t_20" : -0.51483524,
  "t_21" : -0.21991841,
  "t_23" : -1.8997135,
  "center_depth" : 3.8862774,
  "timestamp" : 306972616546,
  "fy" : 706.83093,
  "t_22" : 0.8286017,
  "t_11" : -0.030624159
}