{
  "fy" : 706.4768,
  "t_10" : -0.9415062,
  "t_12" : 0.32665688,
  "center_depth" : 4.4399548,
  "t_03" : -0.5022446,
  "t_13" : 0.17945148,
  "fx" : 706.4768,
  "cx" : 514.3206,
  "t_22" : 0.8919338,
  "angular_velocity" : 3.4028235e+38,
  "t_01" : 0.930601,
  "t_02" : 0.31264907,
  "blur_score" : 442.65152,
  "cy" : 387.1417,
  "height" : 768,
  "manual_keyframe" : false,
  "t_20" : 0.27808967,
  "t_23" : -3.5218067,
  "t_21" : -0.35653928,
  "t_11" : 0.08283272,
  "t_00" : 0.19034731,
  "width" : 1024,
  "timestamp" : 306977797997
}