{
  "blur_score" : 230.03261,
  "height" : 768,
  "fx" : 706.51013,
  "cx" : 514.4346,
  "t_03" : -1.4489348,
  "manual_keyframe" : false,
  "angular_velocity" : 3.4028235e+38,
  "t_00" : -0.031912792,
  "t_13" : 0.15412956,
  "width" : 1024,
  "t_10" : -0.98454326,
  "t_02" : -0.30657327,
  "t_12" : 0.1736346,
  "t_01" : 0.95131195,
  "cy" : 387.25223,
  "t_20" : 0.17220995,
  "t_21" : 0.3073758,
  "t_23" : -4.1187296,
  "center_depth" : 4.6818438,
  "timestamp" : 306979780610,
  "fy" : 706.51013,
  "t_22" : 0.935876,
  "t_11" : 0.022928549
}