{
  "fy" : 706.48315,
  "t_10" : -0.9572701,
  "t_12" : 0.28919053,
  "center_depth" : 5.416167,
  "t_13" : 0.17761792,
  "t_03" : -0.19949833,
  "cx" : 514.1842,
  "fx" : 706.48315,
  "t_22" : 0.83958834,
  "angular_velocity" : 3.4028235e+38,
  "t_01" : 0.87731117,
  "t_02" : 0.4598481,
  "blur_score" : 495.57587,
  "cy" : 387.33774,
  "height" : 768,
  "manual_keyframe" : false,
  "t_20" : 0.2544982,
  "t_23" : -3.3711283,
  "t_21" : -0.47991878,
  "t_11" : -0.0017138389,
  "t_00" : 0.13734908,
  "width" : 1024,
  "timestamp" : 306977231536
}