{
  "fx" : 706.64825,
  "t_02" : 0.51552105,
  "t_11" : 0.049888287,
  "center_depth" : 3.3502874,
  "height" : 768,
  "t_01" : 0.80595267,
  "t_12" : 0.43066642,
  "angular_velocity" : 3.4028235e+38,
  "t_13" : 0.16335408,
  "t_03" : 0.32206166,
  "t_10" : -0.90113133,
  "timestamp" : 306976398506,
  "t_20" : 0.3213783,
  "manual_keyframe" : false,
  "t_21" : -0.5898741,
  "width" : 1024,
  "t_23" : -3.1004906,
  "fy" : 706.64825,
  "t_00" : 0.29099548,
  "cy" : 387.10992,
  "t_22" : 0.7407865,
  "blur_score" : 573.0409,
  "cx" : 514.25446
}