{
  "t_11" : 0.031077404,
  "t_21" : 0.0015970825,
  "fx" : 706.26874,
  "fy" : 706.26874,
  "height" : 768,
  "angular_velocity" : 3.4028235e+38,
  "t_00" : 0.030959172,
  "t_22" : 0.98838836,
  "blur_score" : 326.81293,
  "center_depth" : 4.684221,
  "timestamp" : 306985695126,
  "manual_keyframe" : false,
  "t_13" : 0.30057514,
  "cx" : 514.3941,
  "t_20" : -0.15194045,
  "t_23" : -6.880344,
  "t_12" : -0.1519163,
  "t_10" : -0.98790467,
  "t_01" : 0.99951553,
  "width" : 1024,
  "t_03" : -3.1190681,
  "t_02" : 0.003144152,
  "cy" : 386.98828
}