{
  "t_11" : -0.0006800607,
  "fx" : 706.86755,
  "t_02" : 0.6241566,
  "center_depth" : 12.858927,
  "height" : 768,
  "t_01" : 0.78090966,
  "t_12" : -0.038650397,
  "angular_velocity" : 3.4028235e+38,
  "t_13" : 0.35390297,
  "t_03" : 1.8506961,
  "t_10" : -0.9992526,
  "timestamp" : 306973749468,
  "t_20" : -0.029758006,
  "manual_keyframe" : false,
  "t_21" : -0.6246437,
  "width" : 1024,
  "t_23" : -2.198319,
  "fy" : 706.86755,
  "t_00" : -0.024673404,
  "cy" : 387.12854,
  "t_22" : 0.7803428,
  "blur_score" : 290.696,
  "cx" : 514.39374
}