{
  "t_11" : -0.09201262,
  "fx" : 706.5229,
  "t_02" : -0.32639483,
  "center_depth" : 3.6081054,
  "height" : 768,
  "t_01" : 0.9393783,
  "t_12" : -0.53508675,
  "angular_velocity" : 3.4028235e+38,
  "t_03" : 2.5158374,
  "t_13" : 0.51783794,
  "t_10" : -0.8397714,
  "timestamp" : 306971833497,
  "t_20" : -0.5326814,
  "manual_keyframe" : false,
  "t_21" : 0.33030587,
  "width" : 1024,
  "t_23" : -1.8448628,
  "fy" : 706.5229,
  "t_00" : 0.105046295,
  "cy" : 386.31082,
  "t_22" : 0.7791975,
  "blur_score" : 296.85403,
  "cx" : 514.0803
}