{
  "fx" : 706.1814,
  "cy" : 386.91214,
  "t_21" : 0.21395467,
  "timestamp" : 306961437271,
  "t_11" : -0.022808073,
  "t_10" : -0.9659836,
  "t_03" : -0.64332116,
  "manual_keyframe" : false,
  "t_02" : -0.2125249,
  "center_depth" : 8.050687,
  "fy" : 706.1814,
  "t_00" : 0.033615135,
  "t_20" : -0.2564095,
  "height" : 768,
  "cx" : 514.52673,
  "width" : 1024,
  "t_01" : 0.9765774,
  "t_12" : -0.2575958,
  "t_22" : 0.9425911,
  "blur_score" : 275.8001,
  "t_23" : -1.9292983,
  "t_13" : 0.249938,
  "angular_velocity" : 3.4028235e+38
}