{
  "blur_score" : 352.4623,
  "height" : 768,
  "fx" : 706.4927,
  "cx" : 514.56415,
  "t_03" : -2.665503,
  "manual_keyframe" : false,
  "angular_velocity" : 3.4028235e+38,
  "t_00" : 0.0725113,
  "t_13" : 0.20381509,
  "width" : 1024,
  "t_10" : -0.99012846,
  "t_02" : 0.0144261755,
  "cy" : 387.26633,
  "t_12" : 0.121293895,
  "t_01" : 0.9972632,
  "t_20" : 0.119948685,
  "t_21" : -0.023078922,
  "t_23" : -5.5438123,
  "center_depth" : 4.773752,
  "timestamp" : 306983545908,
  "fy" : 706.4927,
  "t_22" : 0.99251175,
  "t_11" : 0.070237905
}