{
  "center_depth" : 3.4198618,
  "fx" : 706.2147,
  "width" : 1024,
  "t_10" : -0.99771297,
  "manual_keyframe" : false,
  "height" : 768,
  "t_00" : 0.0008655852,
  "t_13" : 0.20543437,
  "t_03" : -0.5323115,
  "t_01" : 0.42200884,
  "t_02" : -0.90659136,
  "fy" : 706.2147,
  "cy" : 386.86395,
  "t_12" : -0.029305905,
  "t_22" : 0.420991,
  "t_11" : -0.060910728,
  "t_23" : -2.5425255,
  "t_20" : -0.06758848,
  "blur_score" : 311.53793,
  "timestamp" : 306963269940,
  "cx" : 514.5388,
  "t_21" : 0.9045432,
  "angular_velocity" : 3.4028235e+38
}