{
  "fx" : 706.8532,
  "t_11" : 0.017543761,
  "t_02" : 0.70305115,
  "center_depth" : 4.857462,
  "height" : 768,
  "t_01" : 0.6668873,
  "t_12" : 0.3164896,
  "angular_velocity" : 3.4028235e+38,
  "t_13" : 0.23025072,
  "t_03" : 1.5481379,
  "t_10" : -0.9484337,
  "timestamp" : 306974515856,
  "t_20" : 0.19872874,
  "manual_keyframe" : false,
  "t_21" : -0.7449519,
  "width" : 1024,
  "t_23" : -2.4656084,
  "fy" : 706.8532,
  "t_00" : 0.24694198,
  "cy" : 386.8827,
  "t_22" : 0.63683075,
  "blur_score" : 672.8813,
  "cx" : 514.48364
}