{
  "fy" : 706.24817,
  "t_10" : -0.9335137,
  "t_12" : -0.3556764,
  "center_depth" : 4.0374727,
  "cx" : 514.39886,
  "t_03" : -0.65585375,
  "t_13" : 0.29363218,
  "fx" : 706.24817,
  "t_22" : 0.78210944,
  "angular_velocity" : 3.4028235e+38,
  "t_01" : 0.8452748,
  "t_02" : -0.5116632,
  "blur_score" : 299.6476,
  "cy" : 386.86166,
  "height" : 768,
  "manual_keyframe" : false,
  "t_20" : -0.32379147,
  "t_23" : -2.200141,
  "t_21" : 0.53241336,
  "t_11" : -0.045239158,
  "t_00" : 0.1539849,
  "width" : 1024,
  "timestamp" : 306962153678
}