{
  "fy" : 706.2227,
  "t_12" : -0.35066408,
  "t_10" : -0.93507326,
  "center_depth" : 9.257956,
  "t_13" : 0.28287327,
  "t_03" : -0.67034,
  "fx" : 706.2227,
  "cx" : 514.5032,
  "t_22" : 0.8732123,
  "angular_velocity" : 3.4028235e+38,
  "t_01" : 0.93799347,
  "t_02" : -0.3384304,
  "blur_score" : 259.96088,
  "cy" : 386.96646,
  "height" : 768,
  "manual_keyframe" : false,
  "t_20" : -0.3464175,
  "t_23" : -2.07637,
  "t_21" : 0.34277597,
  "t_11" : -0.051700052,
  "t_00" : 0.075054094,
  "width" : 1024,
  "timestamp" : 306961770483
}