{
  "fy" : 706.8341,
  "t_12" : -0.2873629,
  "t_10" : -0.95764196,
  "center_depth" : 4.0320406,
  "cx" : 514.1836,
  "t_03" : 1.9871893,
  "fx" : 706.8341,
  "t_13" : 0.4365894,
  "t_22" : 0.8204005,
  "angular_velocity" : 3.4028235e+38,
  "t_01" : 0.8592403,
  "t_02" : 0.49433368,
  "blur_score" : 255.20653,
  "cy" : 387.0424,
  "height" : 768,
  "manual_keyframe" : false,
  "t_20" : -0.25608897,
  "t_23" : -2.0289252,
  "t_21" : -0.51123536,
  "t_11" : 0.018560706,
  "t_00" : -0.13168287,
  "width" : 1024,
  "timestamp" : 306973316292
}