{
  "fx" : 706.8421,
  "cy" : 387.02292,
  "t_21" : 0.63173246,
  "timestamp" : 306955106233,
  "t_11" : -0.008528669,
  "t_10" : -0.98006713,
  "t_03" : 0.028297307,
  "manual_keyframe" : false,
  "t_02" : -0.6178731,
  "center_depth" : 5.261642,
  "fy" : 706.8421,
  "t_00" : -0.13187705,
  "t_20" : 0.14858258,
  "height" : 768,
  "cx" : 514.4506,
  "width" : 1024,
  "t_12" : 0.19848324,
  "t_01" : 0.7751394,
  "t_22" : 0.7608135,
  "blur_score" : 329.7889,
  "t_23" : -0.45574385,
  "t_13" : 0.16244192,
  "angular_velocity" : 3.4028235e+38
}