{
  "fx" : 706.8563,
  "cy" : 386.79056,
  "t_21" : 0.81262285,
  "timestamp" : 306970000829,
  "t_03" : 2.5182655,
  "t_11" : 0.018455183,
  "t_10" : -0.96241224,
  "manual_keyframe" : false,
  "t_02" : -0.7852586,
  "center_depth" : 3.1865354,
  "fy" : 706.8563,
  "t_00" : -0.20991807,
  "t_20" : 0.17232871,
  "height" : 768,
  "cx" : 514.3258,
  "width" : 1024,
  "t_12" : 0.27096528,
  "t_01" : 0.58249754,
  "t_22" : 0.5567287,
  "blur_score" : 452.94427,
  "t_23" : -1.9821583,
  "t_13" : 0.2881753,
  "angular_velocity" : 3.4028235e+38
}