{
  "blur_score" : 327.73767,
  "height" : 768,
  "fx" : 706.2274,
  "cx" : 514.6389,
  "t_03" : -2.8989668,
  "manual_keyframe" : false,
  "angular_velocity" : 3.4028235e+38,
  "t_00" : 0.0760061,
  "t_13" : 0.22940037,
  "width" : 1024,
  "t_10" : -0.9971017,
  "t_02" : 0.01600841,
  "t_12" : -0.00214838,
  "t_01" : 0.9969789,
  "cy" : 387.61047,
  "t_20" : -0.003359326,
  "t_21" : -0.015798684,
  "t_23" : -5.988616,
  "center_depth" : 4.978355,
  "timestamp" : 306984328956,
  "fy" : 706.2274,
  "t_22" : 0.9998696,
  "t_11" : 0.07604995
}