{
  "blur_score" : 315.4048,
  "height" : 768,
  "fx" : 705.9558,
  "cx" : 514.42914,
  "t_03" : -0.039946448,
  "manual_keyframe" : false,
  "angular_velocity" : 3.4028235e+38,
  "t_00" : 0.0040626214,
  "t_13" : 0.2733504,
  "width" : 1024,
  "t_10" : -0.9959586,
  "t_02" : -0.07585127,
  "cy" : 386.62482,
  "t_01" : 0.9971108,
  "t_12" : -0.0897709,
  "t_20" : -0.08972171,
  "t_21" : 0.075909406,
  "t_23" : -0.6833268,
  "center_depth" : 5.0782347,
  "timestamp" : 306958205109,
  "fy" : 705.9558,
  "t_22" : 0.9930699,
  "t_11" : -0.0027710383
}