{
  "cy" : 386.5043,
  "fx" : 706.24493,
  "t_01" : 0.865508,
  "fy" : 706.24493,
  "center_depth" : 4.872761,
  "blur_score" : 257.6722,
  "manual_keyframe" : false,
  "width" : 1024,
  "t_10" : -0.9733466,
  "t_12" : -0.20742768,
  "t_02" : -0.5005084,
  "angular_velocity" : 3.4028235e+38,
  "t_11" : -0.097826816,
  "height" : 768,
  "timestamp" : 306956555708,
  "t_21" : 0.49124902,
  "t_13" : 0.29719055,
  "cx" : 514.5811,
  "t_22" : 0.8405148,
  "t_23" : -0.49969143,
  "t_00" : 0.019673767,
  "t_20" : -0.2284935,
  "t_03" : 0.05786804
}