{
  "blur_score" : 239.93588,
  "height" : 768,
  "fx" : 707.39954,
  "cx" : 514.0797,
  "t_03" : -2.0730639,
  "manual_keyframe" : false,
  "angular_velocity" : 3.4028235e+38,
  "t_00" : 0.032784358,
  "t_13" : 0.32885638,
  "width" : 1024,
  "t_10" : -0.9782537,
  "t_02" : -0.056292854,
  "t_12" : -0.20639656,
  "t_01" : 0.99787575,
  "cy" : 386.7263,
  "t_20" : -0.20480436,
  "t_21" : 0.06183528,
  "t_23" : -4.7629094,
  "center_depth" : 3.3793347,
  "timestamp" : 306981946489,
  "fy" : 707.39954,
  "t_22" : 0.97684765,
  "t_11" : 0.020496301
}