{
  "center_depth" : 3.5666583,
  "fx" : 706.5593,
  "width" : 1024,
  "t_10" : -0.9377851,
  "manual_keyframe" : false,
  "height" : 768,
  "t_00" : 0.015464729,
  "t_03" : -1.1087186,
  "t_01" : 0.99913263,
  "t_13" : 0.11416014,
  "fy" : 706.5593,
  "cy" : 387.30746,
  "t_02" : -0.038662337,
  "t_12" : 0.34609294,
  "t_22" : 0.9374034,
  "t_11" : 0.027907524,
  "t_23" : -3.8270347,
  "t_20" : 0.3468717,
  "blur_score" : 320.8836,
  "timestamp" : 306978897597,
  "cx" : 514.3598,
  "t_21" : 0.030904712,
  "angular_velocity" : 3.4028235e+38
}