{
  "center_depth" : 12.027478,
  "fx" : 706.86273,
  "width" : 1024,
  "t_10" : -0.9885305,
  "manual_keyframe" : false,
  "height" : 768,
  "t_00" : 0.12031087,
  "t_03" : 1.715667,
  "t_01" : 0.7060658,
  "t_13" : 0.30373743,
  "cy" : 386.9295,
  "t_02" : 0.69785106,
  "fy" : 706.86273,
  "t_12" : 0.14961366,
  "t_22" : 0.7004424,
  "t_11" : 0.020568775,
  "t_23" : -2.345578,
  "t_20" : 0.091283165,
  "blur_score" : 390.4871,
  "timestamp" : 306974149323,
  "cx" : 514.6765,
  "t_21" : -0.70784724,
  "angular_velocity" : 3.4028235e+38
}