{
  "t_11" : -0.038450312,
  "t_02" : -0.6912659,
  "fx" : 706.2767,
  "center_depth" : 4.060282,
  "height" : 768,
  "t_01" : 0.70157105,
  "t_12" : -0.2792249,
  "angular_velocity" : 3.4028235e+38,
  "t_03" : -0.61550885,
  "t_13" : 0.27270982,
  "t_10" : -0.95945567,
  "timestamp" : 306962536872,
  "t_20" : -0.2224755,
  "manual_keyframe" : false,
  "t_21" : 0.7115614,
  "width" : 1024,
  "t_23" : -2.3227177,
  "fy" : 706.2767,
  "t_00" : 0.17305961,
  "cy" : 386.78836,
  "t_22" : 0.66647214,
  "blur_score" : 277.80112,
  "cx" : 514.31226
}