{
  "center_depth" : 3.7565744,
  "fx" : 706.2195,
  "width" : 1024,
  "t_10" : -0.992485,
  "manual_keyframe" : false,
  "height" : 768,
  "t_01" : 0.981641,
  "t_13" : 0.2242836,
  "t_00" : 0.0061215055,
  "t_03" : -0.5909708,
  "cy" : 386.92462,
  "fy" : 706.2195,
  "t_02" : -0.19063938,
  "t_12" : -0.121131875,
  "t_22" : 0.97415787,
  "t_11" : -0.017335257,
  "t_23" : -1.7994255,
  "t_20" : -0.1222128,
  "blur_score" : 263.2017,
  "timestamp" : 306961120719,
  "cx" : 514.5945,
  "t_21" : 0.18994825,
  "angular_velocity" : 3.4028235e+38
}