{
  "t_11" : 0.008899512,
  "fx" : 706.8294,
  "t_02" : 0.58852965,
  "center_depth" : 7.6202374,
  "height" : 768,
  "t_01" : 0.80612797,
  "t_12" : -0.116090044,
  "angular_velocity" : 3.4028235e+38,
  "t_13" : 0.3797229,
  "t_03" : 1.8970686,
  "t_10" : -0.9931989,
  "timestamp" : 306973616183,
  "t_20" : -0.09882107,
  "manual_keyframe" : false,
  "t_21" : -0.5916742,
  "width" : 1024,
  "t_23" : -2.1368952,
  "t_00" : -0.061567005,
  "fy" : 706.8294,
  "cy" : 387.16275,
  "t_22" : 0.8000975,
  "blur_score" : 261.66348,
  "cx" : 514.3566
}