{
  "blur_score" : 347.91205,
  "height" : 768,
  "fx" : 706.2735,
  "cx" : 514.5139,
  "t_03" : -2.845662,
  "manual_keyframe" : false,
  "angular_velocity" : 3.4028235e+38,
  "t_00" : 0.1232538,
  "t_13" : 0.20163123,
  "width" : 1024,
  "t_10" : -0.98292005,
  "t_02" : -0.0030370725,
  "t_12" : 0.13733855,
  "t_01" : 0.99237055,
  "cy" : 387.44388,
  "t_20" : 0.1366628,
  "t_21" : -0.013942252,
  "t_23" : -5.8175573,
  "center_depth" : 4.8211617,
  "timestamp" : 306984062386,
  "fy" : 706.2735,
  "t_22" : 0.9905196,
  "t_11" : 0.12250035
}