{
  "cy" : 386.70752,
  "fx" : 705.98444,
  "fy" : 705.98444,
  "t_01" : 0.9989402,
  "center_depth" : 4.717716,
  "blur_score" : 367.58405,
  "manual_keyframe" : false,
  "width" : 1024,
  "t_10" : -0.99660015,
  "t_12" : 0.07955868,
  "t_02" : -0.042322375,
  "angular_velocity" : 3.4028235e+38,
  "t_11" : 0.021415398,
  "height" : 768,
  "timestamp" : 306958505001,
  "t_21" : 0.040739533,
  "t_13" : 0.21221805,
  "cx" : 514.5251,
  "t_22" : 0.9959314,
  "t_23" : -0.80554545,
  "t_00" : 0.018087085,
  "t_20" : 0.080380715,
  "t_03" : -0.10272284
}