{
  "center_depth" : 3.4420507,
  "fx" : 706.24023,
  "width" : 1024,
  "t_10" : -0.91786474,
  "manual_keyframe" : false,
  "height" : 768,
  "t_03" : 2.0754793,
  "t_13" : 0.2325801,
  "t_00" : -0.31875172,
  "t_01" : 0.62242335,
  "cy" : 386.71524,
  "fy" : 706.24023,
  "t_02" : -0.71483326,
  "t_12" : 0.3966271,
  "t_22" : 0.5759344,
  "t_11" : -0.014537933,
  "t_23" : -1.9816818,
  "t_20" : 0.23647776,
  "blur_score" : 342.9323,
  "timestamp" : 306968951210,
  "cx" : 514.38885,
  "t_21" : 0.7825457,
  "angular_velocity" : 3.4028235e+38
}