{
  "center_depth" : 2.9006488,
  "fx" : 706.74835,
  "width" : 1024,
  "t_10" : -0.90165114,
  "manual_keyframe" : false,
  "height" : 768,
  "t_00" : 0.10086613,
  "t_03" : -1.7160754,
  "t_01" : 0.9688517,
  "t_13" : 0.3460443,
  "cy" : 387.0815,
  "fy" : 706.74835,
  "t_02" : -0.22616835,
  "t_12" : -0.43240628,
  "t_22" : 0.8728531,
  "t_11" : -0.007070793,
  "t_23" : -4.3278704,
  "t_20" : -0.4205368,
  "blur_score" : 220.25005,
  "timestamp" : 306980663622,
  "cx" : 514.53613,
  "t_21" : 0.2475401,
  "angular_velocity" : 3.4028235e+38
}