{
  "center_depth" : 4.39913,
  "fx" : 706.2703,
  "width" : 1024,
  "t_10" : -0.98223376,
  "manual_keyframe" : false,
  "height" : 768,
  "t_03" : -0.47876447,
  "t_13" : 0.13910733,
  "t_01" : 0.3368615,
  "t_00" : -0.17858794,
  "cy" : 386.87518,
  "t_02" : -0.92446244,
  "fy" : 706.2703,
  "t_12" : 0.18756628,
  "t_22" : 0.3319461,
  "t_11" : -0.0059880354,
  "t_23" : -2.611757,
  "t_20" : 0.057648145,
  "blur_score" : 423.78928,
  "timestamp" : 306963753098,
  "cx" : 514.62915,
  "t_21" : 0.9415352,
  "angular_velocity" : 3.4028235e+38
}