{
  "center_depth" : 3.534099,
  "fx" : 707.3456,
  "width" : 1024,
  "t_10" : -0.98722225,
  "manual_keyframe" : false,
  "height" : 768,
  "t_01" : 0.99834406,
  "t_00" : 0.04039321,
  "t_03" : -2.096881,
  "t_13" : 0.31367058,
  "cy" : 386.8477,
  "fy" : 707.3456,
  "t_02" : -0.04095729,
  "t_12" : -0.15577717,
  "t_22" : 0.98694277,
  "t_11" : 0.033552423,
  "t_23" : -4.79066,
  "t_20" : -0.15414497,
  "blur_score" : 252.89273,
  "timestamp" : 306982013132,
  "cx" : 514.1521,
  "t_21" : 0.046726312,
  "angular_velocity" : 3.4028235e+38
}