{
  "t_01" : 0.9193743,
  "fy" : 705.95105,
  "t_21" : 0.3830507,
  "t_02" : -0.39170188,
  "t_10" : -0.9502312,
  "cy" : 386.44537,
  "t_00" : 0.036339417,
  "timestamp" : 306956922241,
  "fx" : 705.95105,
  "center_depth" : 5.3337073,
  "t_23" : -0.5333012,
  "t_22" : 0.87036324,
  "angular_velocity" : 3.4028235e+38,
  "t_12" : -0.2983918,
  "cx" : 514.60187,
  "t_11" : -0.08957153,
  "t_20" : -0.30941907,
  "blur_score" : 286.38754,
  "t_13" : 0.3293779,
  "width" : 1024,
  "height" : 768,
  "t_03" : 0.041603986,
  "manual_keyframe" : false
}