{
  "t_01" : 0.2008679,
  "fy" : 706.2846,
  "t_21" : 0.9795683,
  "t_00" : -0.3012307,
  "t_10" : -0.95087683,
  "cy" : 387.12857,
  "t_02" : -0.9321546,
  "timestamp" : 306966535421,
  "fx" : 706.2846,
  "center_depth" : 4.2297163,
  "t_23" : -2.3581524,
  "t_22" : 0.18802229,
  "angular_velocity" : 3.4028235e+38,
  "t_12" : 0.30941153,
  "cx" : 514.2615,
  "t_11" : 0.009887309,
  "t_20" : 0.07136735,
  "blur_score" : 509.68604,
  "t_13" : 0.1880807,
  "width" : 1024,
  "height" : 768,
  "t_03" : 0.7410127,
  "manual_keyframe" : false
}