{
  "fy" : 706.5229,
  "t_10" : -0.87161314,
  "t_12" : -0.47760248,
  "center_depth" : 4.073001,
  "t_13" : 0.49768567,
  "fx" : 706.5229,
  "cx" : 514.3703,
  "t_03" : 2.5723448,
  "t_22" : 0.695108,
  "angular_velocity" : 3.4028235e+38,
  "t_01" : 0.8216072,
  "t_02" : -0.53732747,
  "blur_score" : 298.1076,
  "cy" : 386.51154,
  "height" : 768,
  "manual_keyframe" : false,
  "t_20" : -0.45171875,
  "t_23" : -1.8387692,
  "t_21" : 0.55926293,
  "t_11" : -0.110392906,
  "t_00" : 0.19037038,
  "width" : 1024,
  "timestamp" : 306971500285
}