{
  "cy" : 386.82178,
  "fx" : 706.2608,
  "t_01" : 0.8074847,
  "fy" : 706.2608,
  "center_depth" : 4.57895,
  "blur_score" : 280.38358,
  "manual_keyframe" : false,
  "width" : 1024,
  "t_10" : -0.99554867,
  "t_12" : -0.05672657,
  "t_02" : -0.5892485,
  "angular_velocity" : 3.4028235e+38,
  "t_11" : -0.07526654,
  "height" : 768,
  "timestamp" : 306955922603,
  "t_21" : 0.58506703,
  "t_13" : 0.24358703,
  "cx" : 514.66516,
  "t_22" : 0.8059581,
  "t_23" : -0.47012258,
  "t_00" : -0.027472833,
  "t_20" : -0.090156525,
  "t_03" : 0.049222928
}