{
  "center_depth" : 4.243922,
  "fx" : 705.9543,
  "width" : 1024,
  "t_10" : -0.9483728,
  "manual_keyframe" : false,
  "height" : 768,
  "t_00" : 0.06774087,
  "t_13" : 0.14041027,
  "t_01" : 0.99750704,
  "t_03" : -0.20116213,
  "t_02" : -0.019769313,
  "cy" : 387.02823,
  "fy" : 705.9543,
  "t_12" : 0.30921572,
  "t_22" : 0.9507865,
  "t_11" : 0.07053243,
  "t_23" : -0.9718116,
  "t_20" : 0.30983928,
  "blur_score" : 456.0318,
  "timestamp" : 306958921516,
  "cx" : 514.65985,
  "t_21" : -0.0021978638,
  "angular_velocity" : 3.4028235e+38
}