{
  "fy" : 706.3433,
  "t_12" : 0.32699877,
  "t_10" : -0.9435058,
  "center_depth" : 3.8451505,
  "t_03" : -0.8362038,
  "fx" : 706.3433,
  "t_13" : 0.15548046,
  "cx" : 514.48236,
  "t_22" : 0.9324566,
  "angular_velocity" : 3.4028235e+38,
  "t_01" : 0.9821021,
  "t_02" : 0.1536123,
  "blur_score" : 385.53867,
  "cy" : 387.11407,
  "height" : 768,
  "manual_keyframe" : false,
  "t_20" : 0.3129187,
  "t_23" : -3.6379137,
  "t_21" : -0.18057358,
  "t_11" : 0.05356003,
  "t_00" : 0.10898976,
  "width" : 1024,
  "timestamp" : 306978331137
}