{
  "center_depth" : 6.034576,
  "fx" : 706.2354,
  "width" : 1024,
  "t_10" : -0.9986022,
  "manual_keyframe" : false,
  "height" : 768,
  "t_00" : 0.050483443,
  "t_03" : -3.159112,
  "t_13" : 0.25629184,
  "t_01" : 0.994315,
  "cy" : 387.08347,
  "t_02" : 0.09374864,
  "fy" : 706.2354,
  "t_12" : -0.01086459,
  "t_22" : 0.99553657,
  "t_11" : 0.051725466,
  "t_23" : -7.0865936,
  "t_20" : -0.015652018,
  "blur_score" : 391.10953,
  "timestamp" : 306985995017,
  "cx" : 514.4587,
  "t_21" : -0.0930691,
  "angular_velocity" : 3.4028235e+38
}