{
  "fx" : 706.2624,
  "cy" : 386.70392,
  "t_21" : 0.83461374,
  "timestamp" : 306962870085,
  "t_11" : -0.041497763,
  "t_10" : -0.978019,
  "t_03" : -0.5797708,
  "manual_keyframe" : false,
  "t_02" : -0.82234204,
  "center_depth" : 3.9499154,
  "fy" : 706.2624,
  "t_00" : 0.1485124,
  "t_20" : -0.14636594,
  "height" : 768,
  "cx" : 514.4586,
  "width" : 1024,
  "t_01" : 0.5492702,
  "t_12" : -0.20434497,
  "t_22" : 0.53103375,
  "blur_score" : 299.44443,
  "t_23" : -2.4330075,
  "t_13" : 0.24612714,
  "angular_velocity" : 3.4028235e+38
}