{"vertexCount":33339,"xMinusArea":0.4311876893043518,"bboxSize":[8.425394058227539,5.583406448364258,8.583393096923828],"totalArea":110.3863525390625,"yMinusArea":8.7671537399292,"bboxCenter":[0.9110380411148071,0.5530248880386353,-0.11447620391845703],"alignmentTransform":[-0.7408204078674316,0,0.6717031002044678,0,0,1,0,0,-0.6717031002044678,0,-0.7408204078674316,0,-1.6844840049743652,0,0.06492257118225098,1],"georeferenceLatitude":45.64010693360378,"faceCount":196614,"horizontalUpArea":33.51974868774414,"xPlusArea":0.33906903862953186,"georeferenceRotation":1.5877050161361694,"zMinusArea":0.7567030787467957,"georeferenceAltitude":35.63675308227539,"zPlusArea":0.1464167684316635,"georeferenceLongitude":-122.6764563857791,"yAlignmentRotation":-2.4050872325897217}